<?xml version="1.0"?>
<COLLADA xmlns="http://www.collada.org/2005/11/COLLADASchema" version="1.4.1">
	<asset>
		<contributor>
			<author>Assimp</author>
			<authoring_tool>Assimp Exporter</authoring_tool>
		</contributor>
		<created>2026-09-09T17:28:44</created>
		<modified>2026-09-09T17:28:44</modified>
		<unit name="meter" meter="0.010000" />
		<up_axis>Y_UP</up_axis>
	</asset>
	<library_effects>
		<effect id="openPBR_shader1-fx" name="openPBR_shader1">
			<profile_COMMON>
				<technique sid="standard">
					<phong>
						<diffuse>
							<color sid="diffuse">0.400000   0.400000   0.400000   1.000000</color>
						</diffuse>
					</phong>
				</technique>
			</profile_COMMON>
		</effect>
	</library_effects>
	<library_materials>
		<material id="openPBR_shader1" name="openPBR_shader1">
			<instance_effect url="#openPBR_shader1-fx"/>
		</material>
	</library_materials>
	<library_geometries>
		<geometry id="meshId0" name="meshId0_name" >
			<mesh>
				<source id="meshId0-positions" name="meshId0-positions">
					<float_array id="meshId0-positions-array" count="8112"> 
						-20.760946 109.469063 8.457563 -20.806431 109.469063 8.368298 -20.806431 115.623489 8.368298 -20.760946 115.623489 8.457563 -20.877272 109.469063 8.297456 -20.877272 115.623489 8.297456 -20.966536 109.469063 8.251973 -20.966536 115.623489 8.251973 -21.065491 109.469063 8.236300 -21.065491 115.623489 8.236300 -21.164440 109.469063 8.251973 -21.164440 115.623489 8.251973 -21.253708 109.469063 8.297456 -21.253708 115.623489 8.297456 -21.324549 109.469063 8.368298 -21.324549 115.623489 8.368298 -21.370031 109.469063 8.457564 -21.370031 115.623489 8.457564 -21.385706 109.469063 8.556516 -21.385706 115.623489 8.556516 -21.370031 109.469063 8.655467 -21.370031 115.623489 8.655467 -21.324549 109.469063 8.744733 -21.324549 115.623489 8.744733 -21.253708 109.469063 8.815575 -21.253708 115.623489 8.815575 -21.164440 109.469063 8.861058 -21.164440 115.623489 8.861058 -21.065491 109.469063 8.876730 -21.065491 115.623489 8.876730 -20.966536 109.469063 8.861058 -20.966536 115.623489 8.861058 -20.877272 109.469063 8.815575 -20.877272 115.623489 8.815575 -20.877272 109.469063 8.815575 -20.806431 109.469063 8.744733 -20.806431 115.623489 8.744733 -20.877272 115.623489 8.815575 -20.760948 109.469063 8.655467 -20.760948 115.623489 8.655467 -20.745274 109.469063 8.556516 -20.745274 115.623489 8.556516 -20.806431 109.469063 8.368298 -20.760946 109.469063 8.457563 -21.065491 109.469063 8.556516 -20.877272 109.469063 8.297456 -20.966536 109.469063 8.251973 -21.065491 109.469063 8.236300 -21.164440 109.469063 8.251973 -21.253708 109.469063 8.297456 -21.324549 109.469063 8.368298 -21.370031 109.469063 8.457564 -21.385706 109.469063 8.556516 -21.370031 109.469063 8.655467 -21.324549 109.469063 8.744733 -21.253708 109.469063 8.815575 -21.164440 109.469063 8.861058 -21.065491 109.469063 8.876730 -20.966536 109.469063 8.861058 -20.877272 109.469063 8.815575 -20.806431 109.469063 8.744733 -20.760948 109.469063 8.655467 -20.745274 109.469063 8.556516 -20.760946 115.623489 8.457563 
						-20.806431 115.623489 8.368298 -21.065491 115.623489 8.556516 -20.877272 115.623489 8.297456 -20.966536 115.623489 8.251973 -21.065491 115.623489 8.236300 -21.164440 115.623489 8.251973 -21.253708 115.623489 8.297456 -21.324549 115.623489 8.368298 -21.370031 115.623489 8.457564 -21.385706 115.623489 8.556516 -21.370031 115.623489 8.655467 -21.324549 115.623489 8.744733 -21.253708 115.623489 8.815575 -21.164440 115.623489 8.861058 -21.065491 115.623489 8.876730 -20.966536 115.623489 8.861058 -20.877272 115.623489 8.815575 -20.806431 115.623489 8.744733 -20.760948 115.623489 8.655467 -20.745274 115.623489 8.556516 -33.316837 0.574188 -4.513594 -35.391510 0.574188 -8.585366 -35.391518 108.786591 -8.585364 -33.316837 108.786591 -4.513594 -38.622890 0.574188 -11.816743 -38.622894 108.786591 -11.816739 -42.694664 0.574188 -13.891414 -42.694664 108.786591 -13.891415 -47.208252 0.574188 -14.606296 -47.208252 108.786591 -14.606295 -51.721848 0.574188 -13.891412 -51.721848 108.786591 -13.891415 -55.793617 0.574188 -11.816739 -55.793613 108.786591 -11.816735 -55.793617 0.574188 -11.816739 -59.024990 0.574188 -8.585363 -59.024986 108.786591 -8.585361 -55.793613 108.786591 -11.816735 -61.099667 0.574188 -4.513593 -61.099667 108.786591 -4.513593 -61.814545 0.574188 0.000000 -61.814545 108.786591 0.000000 -61.099667 0.574188 4.513593 -61.099667 108.786591 4.513592 -59.024990 0.574188 8.585362 -59.024986 108.786591 8.585361 -55.793613 0.574188 11.816737 -55.793613 108.786591 11.816736 -51.721848 0.574188 13.891408 -51.721848 108.786591 13.891408 -47.208252 0.574188 14.606290 -47.208252 108.786591 14.606289 -42.694664 0.574188 13.891407 -42.694664 108.786591 13.891408 -38.622894 0.574188 11.816737 -38.622894 108.786591 11.816735 -35.391518 0.574188 8.585362 -35.391521 108.786591 8.585361 -33.316849 0.574188 4.513592 -33.316849 108.786591 4.513590 -32.601967 0.574188 0.000000 -32.601967 108.786591 0.000000 -35.391510 0.574188 -8.585366 -33.316837 0.574188 -4.513594 
						-47.208252 0.574188 0.000000 -38.622890 0.574188 -11.816743 -42.694664 0.574188 -13.891414 -47.208252 0.574188 -14.606296 -51.721848 0.574188 -13.891412 -55.793617 0.574188 -11.816739 -59.024990 0.574188 -8.585363 -61.099667 0.574188 -4.513593 -61.814545 0.574188 0.000000 -61.099667 0.574188 4.513593 -59.024990 0.574188 8.585362 -55.793613 0.574188 11.816737 -51.721848 0.574188 13.891408 -47.208252 0.574188 14.606290 -42.694664 0.574188 13.891407 -38.622894 0.574188 11.816737 -35.391518 0.574188 8.585362 -33.316849 0.574188 4.513592 -32.601967 0.574188 0.000000 -33.316837 145.425812 -4.513594 -35.391510 145.425812 -8.585366 -47.208252 145.425812 0.000000 -38.622890 145.425812 -11.816743 -42.694664 145.425812 -13.891414 -47.208252 145.425812 -14.606296 -51.721848 145.425812 -13.891412 -55.793617 145.425812 -11.816739 -59.024990 145.425812 -8.585363 -61.099667 145.425812 -4.513593 -61.814545 145.425812 0.000000 -61.099667 145.425812 4.513593 -59.024990 145.425812 8.585362 -55.793613 145.425812 11.816737 -51.721848 145.425812 13.891408 -47.208252 145.425812 14.606290 -42.694664 145.425812 13.891407 -38.622894 145.425812 11.816737 -35.391518 145.425812 8.585362 -33.316849 145.425812 4.513592 -32.601967 145.425812 0.000000 -32.601967 109.300980 0.000000 -33.316837 109.300980 -4.513594 -33.316837 145.425812 -4.513594 -32.601967 145.425812 0.000000 -33.316849 109.300980 4.513590 -33.316849 145.425812 4.513592 -35.391521 109.300980 8.585361 -35.391518 145.425812 8.585362 -38.622894 109.300980 11.816735 -38.622894 145.425812 11.816737 -42.694664 109.300980 13.891408 -42.694664 145.425812 13.891407 -47.208252 109.300980 14.606289 -47.208252 145.425812 14.606290 -51.721848 109.300980 13.891408 -51.721848 145.425812 13.891408 -55.793613 109.300980 11.816736 -55.793613 145.425812 11.816737 -59.024986 109.300980 8.585361 -59.024990 145.425812 8.585362 -61.099667 109.300980 4.513592 -61.099667 145.425812 4.513593 -61.814545 109.300980 0.000000 -61.814545 145.425812 0.000000 
						-61.099667 109.300980 -4.513593 -61.099667 145.425812 -4.513593 -59.024986 109.300980 -8.585361 -59.024990 145.425812 -8.585363 -55.793613 109.300980 -11.816735 -55.793617 145.425812 -11.816739 -51.721848 109.300980 -13.891415 -51.721848 145.425812 -13.891412 -47.208252 109.300980 -14.606295 -47.208252 145.425812 -14.606296 -42.694664 109.300980 -13.891415 -42.694664 145.425812 -13.891414 -38.622894 109.300980 -11.816739 -38.622890 145.425812 -11.816743 -35.391518 109.300980 -8.585364 -38.622894 109.300980 -11.816739 -38.622890 145.425812 -11.816743 -35.391510 145.425812 -8.585366 -19.289967 108.552185 0.000002 -20.656363 108.552185 -8.627234 -20.656363 109.535385 -8.627234 -19.289967 109.535385 0.000002 -20.656363 108.552185 8.627232 -20.656363 109.535385 8.627232 -24.621885 108.552185 16.409954 -24.621885 109.535385 16.409954 -30.798300 108.552185 22.586369 -30.798300 109.535385 22.586369 -38.581024 108.552185 26.551889 -38.581024 109.535385 26.551889 -47.208252 108.552185 27.918291 -47.208252 109.535385 27.918291 -55.835487 108.552185 26.551889 -55.835487 109.535385 26.551889 -63.618202 108.552185 22.586370 -63.618202 109.535385 22.586370 -69.794632 108.552185 16.409954 -69.794632 109.535385 16.409954 -73.760147 108.552185 8.627234 -73.760147 109.535385 8.627234 -75.126549 108.552185 0.000002 -75.126549 109.535385 0.000002 -73.760147 108.552185 -8.627232 -73.760147 109.535385 -8.627232 -69.794632 108.552185 -16.409956 -69.794632 109.535385 -16.409956 -63.618210 108.552185 -22.586372 -63.618210 109.535385 -22.586372 -55.835487 108.552185 -26.551895 -55.835487 109.535385 -26.551895 -47.208252 108.552185 -27.918299 -47.208252 109.535385 -27.918299 -38.581017 108.552185 -26.551895 -38.581017 109.535385 -26.551895 -30.798292 108.552185 -22.586376 -30.798292 109.535385 -22.586376 -24.621843 108.552185 -16.409956 -30.798292 108.552185 -22.586376 -30.798292 109.535385 -22.586376 -24.621843 109.535385 -16.409956 -32.601967 108.786591 0.000000 -33.316837 108.786591 -4.513594 -20.656363 108.552185 -8.627234 -19.289967 108.552185 0.000002 
						-33.316837 109.300980 -4.513594 -32.601967 109.300980 0.000000 -19.289967 109.535385 0.000002 -20.656363 109.535385 -8.627234 -33.316849 108.786591 4.513590 -32.601967 108.786591 0.000000 -19.289967 108.552185 0.000002 -20.656363 108.552185 8.627232 -32.601967 109.300980 0.000000 -33.316849 109.300980 4.513590 -20.656363 109.535385 8.627232 -19.289967 109.535385 0.000002 -35.391521 108.786591 8.585361 -33.316849 108.786591 4.513590 -20.656363 108.552185 8.627232 -24.621885 108.552185 16.409954 -33.316849 109.300980 4.513590 -35.391521 109.300980 8.585361 -24.621885 109.535385 16.409954 -20.656363 109.535385 8.627232 -38.622894 108.786591 11.816735 -35.391521 108.786591 8.585361 -24.621885 108.552185 16.409954 -30.798300 108.552185 22.586369 -35.391521 109.300980 8.585361 -38.622894 109.300980 11.816735 -30.798300 109.535385 22.586369 -24.621885 109.535385 16.409954 -42.694664 108.786591 13.891408 -38.622894 108.786591 11.816735 -30.798300 108.552185 22.586369 -38.581024 108.552185 26.551889 -38.622894 109.300980 11.816735 -42.694664 109.300980 13.891408 -38.581024 109.535385 26.551889 -30.798300 109.535385 22.586369 -47.208252 108.786591 14.606289 -42.694664 108.786591 13.891408 -38.581024 108.552185 26.551889 -47.208252 108.552185 27.918291 -42.694664 109.300980 13.891408 -47.208252 109.300980 14.606289 -47.208252 109.535385 27.918291 -38.581024 109.535385 26.551889 -51.721848 108.786591 13.891408 -47.208252 108.786591 14.606289 -47.208252 108.552185 27.918291 -55.835487 108.552185 26.551889 -47.208252 109.300980 14.606289 -51.721848 109.300980 13.891408 -55.835487 109.535385 26.551889 -47.208252 109.535385 27.918291 -55.793613 108.786591 11.816736 -51.721848 108.786591 13.891408 -55.835487 108.552185 26.551889 -63.618202 108.552185 22.586370 -51.721848 109.300980 13.891408 -55.793613 109.300980 11.816736 -63.618202 109.535385 22.586370 -55.835487 109.535385 26.551889 -59.024986 108.786591 8.585361 -55.793613 108.786591 11.816736 -63.618202 108.552185 22.586370 -69.794632 108.552185 16.409954 
						-55.793613 109.300980 11.816736 -59.024986 109.300980 8.585361 -69.794632 109.535385 16.409954 -63.618202 109.535385 22.586370 -61.099667 108.786591 4.513592 -59.024986 108.786591 8.585361 -69.794632 108.552185 16.409954 -73.760147 108.552185 8.627234 -59.024986 109.300980 8.585361 -61.099667 109.300980 4.513592 -73.760147 109.535385 8.627234 -69.794632 109.535385 16.409954 -61.814545 108.786591 0.000000 -61.099667 108.786591 4.513592 -73.760147 108.552185 8.627234 -75.126549 108.552185 0.000002 -61.099667 109.300980 4.513592 -61.814545 109.300980 0.000000 -75.126549 109.535385 0.000002 -73.760147 109.535385 8.627234 -61.099667 108.786591 -4.513593 -61.814545 108.786591 0.000000 -75.126549 108.552185 0.000002 -73.760147 108.552185 -8.627232 -61.814545 109.300980 0.000000 -61.099667 109.300980 -4.513593 -73.760147 109.535385 -8.627232 -75.126549 109.535385 0.000002 -59.024986 108.786591 -8.585361 -61.099667 108.786591 -4.513593 -73.760147 108.552185 -8.627232 -69.794632 108.552185 -16.409956 -61.099667 109.300980 -4.513593 -59.024986 109.300980 -8.585361 -69.794632 109.535385 -16.409956 -73.760147 109.535385 -8.627232 -55.793613 108.786591 -11.816735 -59.024986 108.786591 -8.585361 -69.794632 108.552185 -16.409956 -63.618210 108.552185 -22.586372 -59.024986 109.300980 -8.585361 -55.793613 109.300980 -11.816735 -63.618210 109.535385 -22.586372 -69.794632 109.535385 -16.409956 -51.721848 108.786591 -13.891415 -55.793613 108.786591 -11.816735 -63.618210 108.552185 -22.586372 -55.835487 108.552185 -26.551895 -55.793613 109.300980 -11.816735 -51.721848 109.300980 -13.891415 -55.835487 109.535385 -26.551895 -63.618210 109.535385 -22.586372 -47.208252 108.786591 -14.606295 -51.721848 108.786591 -13.891415 -55.835487 108.552185 -26.551895 -47.208252 108.552185 -27.918299 -51.721848 109.300980 -13.891415 -47.208252 109.300980 -14.606295 -47.208252 109.535385 -27.918299 -55.835487 109.535385 -26.551895 -42.694664 108.786591 -13.891415 -47.208252 108.786591 -14.606295 -47.208252 108.552185 -27.918299 -38.581017 108.552185 -26.551895 
						-47.208252 109.300980 -14.606295 -42.694664 109.300980 -13.891415 -38.581017 109.535385 -26.551895 -47.208252 109.535385 -27.918299 -38.622894 108.786591 -11.816739 -42.694664 108.786591 -13.891415 -38.581017 108.552185 -26.551895 -30.798292 108.552185 -22.586376 -42.694664 109.300980 -13.891415 -38.622894 109.300980 -11.816739 -30.798292 109.535385 -22.586376 -38.581017 109.535385 -26.551895 -35.391518 108.786591 -8.585364 -38.622894 108.786591 -11.816739 -30.798292 108.552185 -22.586376 -24.621843 108.552185 -16.409956 -38.622894 109.300980 -11.816739 -35.391518 109.300980 -8.585364 -24.621843 109.535385 -16.409956 -30.798292 109.535385 -22.586376 -33.316837 108.786591 -4.513594 -35.391518 108.786591 -8.585364 -24.621843 108.552185 -16.409956 -20.656363 108.552185 -8.627234 -35.391518 109.300980 -8.585364 -33.316837 109.300980 -4.513594 -20.656363 109.535385 -8.627234 -24.621843 109.535385 -16.409956 -63.123528 109.469063 22.124704 -63.169014 109.469063 22.035437 -63.169014 115.623489 22.035437 -63.123528 115.623489 22.124704 -63.239853 109.469063 21.964596 -63.239853 115.623489 21.964596 -63.329124 109.469063 21.919111 -63.329124 115.623489 21.919111 -63.428070 109.469063 21.903439 -63.428070 115.623489 21.903439 -63.527023 109.469063 21.919113 -63.527023 115.623489 21.919113 -63.616287 109.469063 21.964596 -63.616287 115.623489 21.964596 -63.687138 109.469063 22.035437 -63.687138 115.623489 22.035437 -63.732620 109.469063 22.124704 -63.732620 115.623489 22.124704 -63.748283 109.469063 22.223656 -63.748283 115.623489 22.223656 -63.732620 109.469063 22.322607 -63.732620 115.623489 22.322607 -63.687134 109.469063 22.411873 -63.687134 115.623489 22.411873 -63.616287 109.469063 22.482714 -63.616287 115.623489 22.482714 -63.527023 109.469063 22.528196 -63.527023 115.623489 22.528196 -63.428070 109.469063 22.543871 -63.428070 115.623489 22.543871 -63.329124 109.469063 22.528196 -63.329124 115.623489 22.528196 -63.239853 109.469063 22.482714 -63.239853 115.623489 22.482714 -63.239853 109.469063 22.482714 -63.169018 109.469063 22.411873 
						-63.169018 115.623489 22.411873 -63.239853 115.623489 22.482714 -63.123528 109.469063 22.322607 -63.123528 115.623489 22.322607 -63.107861 109.469063 22.223656 -63.107861 115.623489 22.223656 -63.169014 109.469063 22.035437 -63.123528 109.469063 22.124704 -63.428070 109.469063 22.223656 -63.239853 109.469063 21.964596 -63.329124 109.469063 21.919111 -63.428070 109.469063 21.903439 -63.527023 109.469063 21.919113 -63.616287 109.469063 21.964596 -63.687138 109.469063 22.035437 -63.732620 109.469063 22.124704 -63.748283 109.469063 22.223656 -63.732620 109.469063 22.322607 -63.687134 109.469063 22.411873 -63.616287 109.469063 22.482714 -63.527023 109.469063 22.528196 -63.428070 109.469063 22.543871 -63.329124 109.469063 22.528196 -63.239853 109.469063 22.482714 -63.169018 109.469063 22.411873 -63.123528 109.469063 22.322607 -63.107861 109.469063 22.223656 -63.123528 115.623489 22.124704 -63.169014 115.623489 22.035437 -63.428070 115.623489 22.223656 -63.239853 115.623489 21.964596 -63.329124 115.623489 21.919111 -63.428070 115.623489 21.903439 -63.527023 115.623489 21.919113 -63.616287 115.623489 21.964596 -63.687138 115.623489 22.035437 -63.732620 115.623489 22.124704 -63.748283 115.623489 22.223656 -63.732620 115.623489 22.322607 -63.687134 115.623489 22.411873 -63.616287 115.623489 22.482714 -63.527023 115.623489 22.528196 -63.428070 115.623489 22.543871 -63.329124 115.623489 22.528196 -63.239853 115.623489 22.482714 -63.169018 115.623489 22.411873 -63.123528 115.623489 22.322607 -63.107861 115.623489 22.223656 -69.124893 109.469063 16.182396 -69.170387 109.469063 16.093130 -69.170387 115.623489 16.093130 -69.124893 115.623489 16.182396 -69.241226 109.469063 16.022289 -69.241226 115.623489 16.022289 -69.330498 109.469063 15.976805 -69.330498 115.623489 15.976805 -69.429443 109.469063 15.961133 -69.429443 115.623489 15.961133 -69.528397 109.469063 15.976805 -69.528397 115.623489 15.976805 -69.617661 109.469063 16.022289 -69.617661 115.623489 16.022289 -69.688499 109.469063 16.093130 -69.688499 115.623489 16.093130 
						-69.733978 109.469063 16.182396 -69.733978 115.623489 16.182396 -69.749657 109.469063 16.281347 -69.749657 115.623489 16.281347 -69.733978 109.469063 16.380301 -69.733978 115.623489 16.380301 -69.688499 109.469063 16.469566 -69.688499 115.623489 16.469566 -69.617661 109.469063 16.540407 -69.617661 115.623489 16.540407 -69.528397 109.469063 16.585890 -69.528397 115.623489 16.585890 -69.429443 109.469063 16.601564 -69.429443 115.623489 16.601564 -69.330498 109.469063 16.585890 -69.330498 115.623489 16.585890 -69.241226 109.469063 16.540407 -69.241226 115.623489 16.540407 -69.241226 109.469063 16.540407 -69.170387 109.469063 16.469566 -69.170387 115.623489 16.469566 -69.241226 115.623489 16.540407 -69.124893 109.469063 16.380301 -69.124893 115.623489 16.380301 -69.109230 109.469063 16.281347 -69.109230 115.623489 16.281347 -69.170387 109.469063 16.093130 -69.124893 109.469063 16.182396 -69.429443 109.469063 16.281347 -69.241226 109.469063 16.022289 -69.330498 109.469063 15.976805 -69.429443 109.469063 15.961133 -69.528397 109.469063 15.976805 -69.617661 109.469063 16.022289 -69.688499 109.469063 16.093130 -69.733978 109.469063 16.182396 -69.749657 109.469063 16.281347 -69.733978 109.469063 16.380301 -69.688499 109.469063 16.469566 -69.617661 109.469063 16.540407 -69.528397 109.469063 16.585890 -69.429443 109.469063 16.601564 -69.330498 109.469063 16.585890 -69.241226 109.469063 16.540407 -69.170387 109.469063 16.469566 -69.124893 109.469063 16.380301 -69.109230 109.469063 16.281347 -69.124893 115.623489 16.182396 -69.170387 115.623489 16.093130 -69.429443 115.623489 16.281347 -69.241226 115.623489 16.022289 -69.330498 115.623489 15.976805 -69.429443 115.623489 15.961133 -69.528397 115.623489 15.976805 -69.617661 115.623489 16.022289 -69.688499 115.623489 16.093130 -69.733978 115.623489 16.182396 -69.749657 115.623489 16.281347 -69.733978 115.623489 16.380301 -69.688499 115.623489 16.469566 -69.617661 115.623489 16.540407 -69.528397 115.623489 16.585890 -69.429443 115.623489 16.601564 -69.330498 115.623489 16.585890 
						-69.241226 115.623489 16.540407 -69.170387 115.623489 16.469566 -69.124893 115.623489 16.380301 -69.109230 115.623489 16.281347 -73.095566 109.469063 8.432174 -73.141052 109.469063 8.342908 -73.141052 115.623489 8.342908 -73.095566 115.623489 8.432174 -73.211899 109.469063 8.272066 -73.211899 115.623489 8.272066 -73.301163 109.469063 8.226583 -73.301163 115.623489 8.226583 -73.400108 109.469063 8.210911 -73.400108 115.623489 8.210911 -73.499062 109.469063 8.226583 -73.499062 115.623489 8.226583 -73.588326 109.469063 8.272066 -73.588326 115.623489 8.272066 -73.659172 109.469063 8.342908 -73.659172 115.623489 8.342908 -73.704651 109.469063 8.432174 -73.704651 115.623489 8.432174 -73.720329 109.469063 8.531126 -73.720329 115.623489 8.531126 -73.704651 109.469063 8.630077 -73.704651 115.623489 8.630077 -73.659172 109.469063 8.719343 -73.659172 115.623489 8.719343 -73.588326 109.469063 8.790185 -73.588326 115.623489 8.790185 -73.499062 109.469063 8.835669 -73.499062 115.623489 8.835669 -73.400108 109.469063 8.851340 -73.400108 115.623489 8.851340 -73.301163 109.469063 8.835669 -73.301163 115.623489 8.835669 -73.211899 109.469063 8.790185 -73.211899 115.623489 8.790185 -73.211899 109.469063 8.790185 -73.141052 109.469063 8.719343 -73.141052 115.623489 8.719343 -73.211899 115.623489 8.790185 -73.095566 109.469063 8.630077 -73.095566 115.623489 8.630077 -73.079895 109.469063 8.531126 -73.079895 115.623489 8.531126 -73.141052 109.469063 8.342908 -73.095566 109.469063 8.432174 -73.400108 109.469063 8.531126 -73.211899 109.469063 8.272066 -73.301163 109.469063 8.226583 -73.400108 109.469063 8.210911 -73.499062 109.469063 8.226583 -73.588326 109.469063 8.272066 -73.659172 109.469063 8.342908 -73.704651 109.469063 8.432174 -73.720329 109.469063 8.531126 -73.704651 109.469063 8.630077 -73.659172 109.469063 8.719343 -73.588326 109.469063 8.790185 -73.499062 109.469063 8.835669 -73.400108 109.469063 8.851340 -73.301163 109.469063 8.835669 -73.211899 109.469063 8.790185 
						-73.141052 109.469063 8.719343 -73.095566 109.469063 8.630077 -73.079895 109.469063 8.531126 -73.095566 115.623489 8.432174 -73.141052 115.623489 8.342908 -73.400108 115.623489 8.531126 -73.211899 115.623489 8.272066 -73.301163 115.623489 8.226583 -73.400108 115.623489 8.210911 -73.499062 115.623489 8.226583 -73.588326 115.623489 8.272066 -73.659172 115.623489 8.342908 -73.704651 115.623489 8.432174 -73.720329 115.623489 8.531126 -73.704651 115.623489 8.630077 -73.659172 115.623489 8.719343 -73.588326 115.623489 8.790185 -73.499062 115.623489 8.835669 -73.400108 115.623489 8.851340 -73.301163 115.623489 8.835669 -73.211899 115.623489 8.790185 -73.141052 115.623489 8.719343 -73.095566 115.623489 8.630077 -73.079895 115.623489 8.531126 -55.426838 109.469063 26.112755 -55.472324 109.469063 26.023487 -55.472324 115.623489 26.023487 -55.426838 115.623489 26.112755 -55.543163 109.469063 25.952646 -55.543163 115.623489 25.952646 -55.632431 109.469063 25.907164 -55.632431 115.623489 25.907164 -55.731380 109.469063 25.891491 -55.731380 115.623489 25.891491 -55.830334 109.469063 25.907167 -55.830334 115.623489 25.907167 -55.919598 109.469063 25.952646 -55.919598 115.623489 25.952646 -55.990444 109.469063 26.023487 -55.990444 115.623489 26.023487 -56.035923 109.469063 26.112755 -56.035923 115.623489 26.112755 -56.051598 109.469063 26.211706 -56.051598 115.623489 26.211706 -56.035923 109.469063 26.310659 -56.035923 115.623489 26.310659 -55.990440 109.469063 26.399925 -55.990440 115.623489 26.399925 -55.919598 109.469063 26.470768 -55.919598 115.623489 26.470768 -55.830334 109.469063 26.516249 -55.830334 115.623489 26.516249 -55.731380 109.469063 26.531921 -55.731380 115.623489 26.531921 -55.632431 109.469063 26.516249 -55.632431 115.623489 26.516249 -55.543163 109.469063 26.470768 -55.543163 115.623489 26.470768 -55.543163 109.469063 26.470768 -55.472328 109.469063 26.399925 -55.472328 115.623489 26.399925 -55.543163 115.623489 26.470768 -55.426838 109.469063 26.310659 -55.426838 115.623489 26.310659 
						-55.411171 109.469063 26.211706 -55.411171 115.623489 26.211706 -55.472324 109.469063 26.023487 -55.426838 109.469063 26.112755 -55.731380 109.469063 26.211706 -55.543163 109.469063 25.952646 -55.632431 109.469063 25.907164 -55.731380 109.469063 25.891491 -55.830334 109.469063 25.907167 -55.919598 109.469063 25.952646 -55.990444 109.469063 26.023487 -56.035923 109.469063 26.112755 -56.051598 109.469063 26.211706 -56.035923 109.469063 26.310659 -55.990440 109.469063 26.399925 -55.919598 109.469063 26.470768 -55.830334 109.469063 26.516249 -55.731380 109.469063 26.531921 -55.632431 109.469063 26.516249 -55.543163 109.469063 26.470768 -55.472328 109.469063 26.399925 -55.426838 109.469063 26.310659 -55.411171 109.469063 26.211706 -55.426838 115.623489 26.112755 -55.472324 115.623489 26.023487 -55.731380 115.623489 26.211706 -55.543163 115.623489 25.952646 -55.632431 115.623489 25.907164 -55.731380 115.623489 25.891491 -55.830334 115.623489 25.907167 -55.919598 115.623489 25.952646 -55.990444 115.623489 26.023487 -56.035923 115.623489 26.112755 -56.051598 115.623489 26.211706 -56.035923 115.623489 26.310659 -55.990440 115.623489 26.399925 -55.919598 115.623489 26.470768 -55.830334 115.623489 26.516249 -55.731380 115.623489 26.531921 -55.632431 115.623489 26.516249 -55.543163 115.623489 26.470768 -55.472328 115.623489 26.399925 -55.426838 115.623489 26.310659 -55.411171 115.623489 26.211706 -19.388330 109.469063 -0.124398 -19.433815 109.469063 -0.213664 -19.433815 115.623489 -0.213664 -19.388330 115.623489 -0.124398 -19.504658 109.469063 -0.284506 -19.504658 115.623489 -0.284506 -19.593924 109.469063 -0.329989 -19.593924 115.623489 -0.329989 -19.692875 109.469063 -0.345662 -19.692875 115.623489 -0.345662 -19.791826 109.469063 -0.329989 -19.791826 115.623489 -0.329989 -19.881092 109.469063 -0.284506 -19.881092 115.623489 -0.284506 -19.951933 109.469063 -0.213664 -19.951933 115.623489 -0.213664 -19.997416 109.469063 -0.124398 -19.997416 115.623489 -0.124398 -20.013090 109.469063 -0.025447 -20.013090 115.623489 -0.025447 
						-19.997416 109.469063 0.073505 -19.997416 115.623489 0.073505 -19.951937 109.469063 0.162771 -19.951937 115.623489 0.162771 -19.881094 109.469063 0.233613 -19.881094 115.623489 0.233613 -19.791826 109.469063 0.279096 -19.791826 115.623489 0.279096 -19.692875 109.469063 0.294768 -19.692875 115.623489 0.294768 -19.593924 109.469063 0.279096 -19.593924 115.623489 0.279096 -19.504658 109.469063 0.233613 -19.504658 115.623489 0.233613 -19.504658 109.469063 0.233613 -19.433815 109.469063 0.162771 -19.433815 115.623489 0.162771 -19.504658 115.623489 0.233613 -19.388332 109.469063 0.073505 -19.388332 115.623489 0.073505 -19.372660 109.469063 -0.025447 -19.372660 115.623489 -0.025447 -19.433815 109.469063 -0.213664 -19.388330 109.469063 -0.124398 -19.692875 109.469063 -0.025447 -19.504658 109.469063 -0.284506 -19.593924 109.469063 -0.329989 -19.692875 109.469063 -0.345662 -19.791826 109.469063 -0.329989 -19.881092 109.469063 -0.284506 -19.951933 109.469063 -0.213664 -19.997416 109.469063 -0.124398 -20.013090 109.469063 -0.025447 -19.997416 109.469063 0.073505 -19.951937 109.469063 0.162771 -19.881094 109.469063 0.233613 -19.791826 109.469063 0.279096 -19.692875 109.469063 0.294768 -19.593924 109.469063 0.279096 -19.504658 109.469063 0.233613 -19.433815 109.469063 0.162771 -19.388332 109.469063 0.073505 -19.372660 109.469063 -0.025447 -19.388330 115.623489 -0.124398 -19.433815 115.623489 -0.213664 -19.692875 115.623489 -0.025447 -19.504658 115.623489 -0.284506 -19.593924 115.623489 -0.329989 -19.692875 115.623489 -0.345662 -19.791826 115.623489 -0.329989 -19.881092 115.623489 -0.284506 -19.951933 115.623489 -0.213664 -19.997416 115.623489 -0.124398 -20.013090 115.623489 -0.025447 -19.997416 115.623489 0.073505 -19.951937 115.623489 0.162771 -19.881094 115.623489 0.233613 -19.791826 115.623489 0.279096 -19.692875 115.623489 0.294768 -19.593924 115.623489 0.279096 -19.504658 115.623489 0.233613 -19.433815 115.623489 0.162771 -19.388332 115.623489 0.073505 -19.372660 115.623489 -0.025447 
						-74.463318 109.469063 -0.109849 -74.508804 109.469063 -0.199114 -74.508804 115.623489 -0.199114 -74.463318 115.623489 -0.109849 -74.579643 109.469063 -0.269956 -74.579643 115.623489 -0.269956 -74.668907 109.469063 -0.315439 -74.668907 115.623489 -0.315439 -74.767860 109.469063 -0.331112 -74.767860 115.623489 -0.331112 -74.866806 109.469063 -0.315439 -74.866806 115.623489 -0.315439 -74.956070 109.469063 -0.269956 -74.956070 115.623489 -0.269956 -75.026917 109.469063 -0.199114 -75.026917 115.623489 -0.199114 -75.072403 109.469063 -0.109849 -75.072403 115.623489 -0.109849 -75.088074 109.469063 -0.010897 -75.088074 115.623489 -0.010897 -75.072403 109.469063 0.088055 -75.072403 115.623489 0.088055 -75.026917 109.469063 0.177321 -75.026917 115.623489 0.177321 -74.956070 109.469063 0.248163 -74.956070 115.623489 0.248163 -74.866806 109.469063 0.293646 -74.866806 115.623489 0.293646 -74.767860 109.469063 0.309318 -74.767860 115.623489 0.309318 -74.668907 109.469063 0.293646 -74.668907 115.623489 0.293646 -74.579643 109.469063 0.248163 -74.579643 115.623489 0.248163 -74.579643 109.469063 0.248163 -74.508804 109.469063 0.177321 -74.508804 115.623489 0.177321 -74.579643 115.623489 0.248163 -74.463318 109.469063 0.088055 -74.463318 115.623489 0.088055 -74.447647 109.469063 -0.010897 -74.447647 115.623489 -0.010897 -74.508804 109.469063 -0.199114 -74.463318 109.469063 -0.109849 -74.767860 109.469063 -0.010897 -74.579643 109.469063 -0.269956 -74.668907 109.469063 -0.315439 -74.767860 109.469063 -0.331112 -74.866806 109.469063 -0.315439 -74.956070 109.469063 -0.269956 -75.026917 109.469063 -0.199114 -75.072403 109.469063 -0.109849 -75.088074 109.469063 -0.010897 -75.072403 109.469063 0.088055 -75.026917 109.469063 0.177321 -74.956070 109.469063 0.248163 -74.866806 109.469063 0.293646 -74.767860 109.469063 0.309318 -74.668907 109.469063 0.293646 -74.579643 109.469063 0.248163 -74.508804 109.469063 0.177321 -74.463318 109.469063 0.088055 -74.447647 109.469063 -0.010897 -74.463318 115.623489 -0.109849 
						-74.508804 115.623489 -0.199114 -74.767860 115.623489 -0.010897 -74.579643 115.623489 -0.269956 -74.668907 115.623489 -0.315439 -74.767860 115.623489 -0.331112 -74.866806 115.623489 -0.315439 -74.956070 115.623489 -0.269956 -75.026917 115.623489 -0.199114 -75.072403 115.623489 -0.109849 -75.088074 115.623489 -0.010897 -75.072403 115.623489 0.088055 -75.026917 115.623489 0.177321 -74.956070 115.623489 0.248163 -74.866806 115.623489 0.293646 -74.767860 115.623489 0.309318 -74.668907 115.623489 0.293646 -74.579643 115.623489 0.248163 -74.508804 115.623489 0.177321 -74.463318 115.623489 0.088055 -74.447647 115.623489 -0.010897 -20.717035 109.469063 -8.653346 -20.762520 109.469063 -8.742612 -20.762520 115.623489 -8.742612 -20.717035 115.623489 -8.653346 -20.833359 109.469063 -8.813454 -20.833359 115.623489 -8.813454 -20.922626 109.469063 -8.858935 -20.922626 115.623489 -8.858935 -21.021578 109.469063 -8.874608 -21.021578 115.623489 -8.874608 -21.120533 109.469063 -8.858935 -21.120533 115.623489 -8.858935 -21.209799 109.469063 -8.813454 -21.209799 115.623489 -8.813454 -21.280638 109.469063 -8.742612 -21.280638 115.623489 -8.742612 -21.326120 109.469063 -8.653344 -21.326120 115.623489 -8.653344 -21.341793 109.469063 -8.554393 -21.341793 115.623489 -8.554393 -21.326120 109.469063 -8.455441 -21.326120 115.623489 -8.455441 -21.280638 109.469063 -8.366176 -21.280638 115.623489 -8.366176 -21.209799 109.469063 -8.295334 -21.209799 115.623489 -8.295334 -21.120533 109.469063 -8.249850 -21.120533 115.623489 -8.249850 -21.021578 109.469063 -8.234179 -21.021578 115.623489 -8.234179 -20.922626 109.469063 -8.249850 -20.922626 115.623489 -8.249850 -20.833361 109.469063 -8.295334 -20.833361 115.623489 -8.295334 -20.833361 109.469063 -8.295334 -20.762520 109.469063 -8.366176 -20.762520 115.623489 -8.366176 -20.833361 115.623489 -8.295334 -20.717035 109.469063 -8.455441 -20.717035 115.623489 -8.455441 -20.701365 109.469063 -8.554393 -20.701365 115.623489 -8.554393 -20.762520 109.469063 -8.742612 -20.717035 109.469063 -8.653346 
						-21.021578 109.469063 -8.554393 -20.833359 109.469063 -8.813454 -20.922626 109.469063 -8.858935 -21.021578 109.469063 -8.874608 -21.120533 109.469063 -8.858935 -21.209799 109.469063 -8.813454 -21.280638 109.469063 -8.742612 -21.326120 109.469063 -8.653344 -21.341793 109.469063 -8.554393 -21.326120 109.469063 -8.455441 -21.280638 109.469063 -8.366176 -21.209799 109.469063 -8.295334 -21.120533 109.469063 -8.249850 -21.021578 109.469063 -8.234179 -20.922626 109.469063 -8.249850 -20.833361 109.469063 -8.295334 -20.762520 109.469063 -8.366176 -20.717035 109.469063 -8.455441 -20.701365 109.469063 -8.554393 -20.717035 115.623489 -8.653346 -20.762520 115.623489 -8.742612 -21.021578 115.623489 -8.554393 -20.833359 115.623489 -8.813454 -20.922626 115.623489 -8.858935 -21.021578 115.623489 -8.874608 -21.120533 115.623489 -8.858935 -21.209799 115.623489 -8.813454 -21.280638 115.623489 -8.742612 -21.326120 115.623489 -8.653344 -21.341793 115.623489 -8.554393 -21.326120 115.623489 -8.455441 -21.280638 115.623489 -8.366176 -21.209799 115.623489 -8.295334 -21.120533 115.623489 -8.249850 -21.021578 115.623489 -8.234179 -20.922626 115.623489 -8.249850 -20.833361 115.623489 -8.295334 -20.762520 115.623489 -8.366176 -20.717035 115.623489 -8.455441 -20.701365 115.623489 -8.554393 -24.682562 109.469063 -16.324286 -24.728048 109.469063 -16.413551 -24.728048 115.623489 -16.413551 -24.682562 115.623489 -16.324286 -24.798889 109.469063 -16.484392 -24.798889 115.623489 -16.484392 -24.888153 109.469063 -16.529877 -24.888153 115.623489 -16.529877 -24.987108 109.469063 -16.545547 -24.987108 115.623489 -16.545547 -25.086058 109.469063 -16.529875 -25.086058 115.623489 -16.529875 -25.175323 109.469063 -16.484392 -25.175323 115.623489 -16.484392 -25.246166 109.469063 -16.413551 -25.246166 115.623489 -16.413551 -25.291647 109.469063 -16.324286 -25.291647 115.623489 -16.324286 -25.307323 109.469063 -16.225332 -25.307323 115.623489 -16.225332 -25.291647 109.469063 -16.126381 -25.291647 115.623489 -16.126381 -25.246166 109.469063 -16.037113 -25.246166 115.623489 -16.037113 
						-25.175323 109.469063 -15.966273 -25.175323 115.623489 -15.966273 -25.086058 109.469063 -15.920791 -25.086058 115.623489 -15.920791 -24.987108 109.469063 -15.905118 -24.987108 115.623489 -15.905118 -24.888153 109.469063 -15.920791 -24.888153 115.623489 -15.920791 -24.798889 109.469063 -15.966273 -24.798889 115.623489 -15.966273 -24.798889 109.469063 -15.966273 -24.728048 109.469063 -16.037113 -24.728048 115.623489 -16.037113 -24.798889 115.623489 -15.966273 -24.682566 109.469063 -16.126381 -24.682566 115.623489 -16.126381 -24.666893 109.469063 -16.225332 -24.666893 115.623489 -16.225332 -24.728048 109.469063 -16.413551 -24.682562 109.469063 -16.324286 -24.987108 109.469063 -16.225332 -24.798889 109.469063 -16.484392 -24.888153 109.469063 -16.529877 -24.987108 109.469063 -16.545547 -25.086058 109.469063 -16.529875 -25.175323 109.469063 -16.484392 -25.246166 109.469063 -16.413551 -25.291647 109.469063 -16.324286 -25.307323 109.469063 -16.225332 -25.291647 109.469063 -16.126381 -25.246166 109.469063 -16.037113 -25.175323 109.469063 -15.966273 -25.086058 109.469063 -15.920791 -24.987108 109.469063 -15.905118 -24.888153 109.469063 -15.920791 -24.798889 109.469063 -15.966273 -24.728048 109.469063 -16.037113 -24.682566 109.469063 -16.126381 -24.666893 109.469063 -16.225332 -24.682562 115.623489 -16.324286 -24.728048 115.623489 -16.413551 -24.987108 115.623489 -16.225332 -24.798889 115.623489 -16.484392 -24.888153 115.623489 -16.529877 -24.987108 115.623489 -16.545547 -25.086058 115.623489 -16.529875 -25.175323 115.623489 -16.484392 -25.246166 115.623489 -16.413551 -25.291647 115.623489 -16.324286 -25.307323 115.623489 -16.225332 -25.291647 115.623489 -16.126381 -25.246166 115.623489 -16.037113 -25.175323 115.623489 -15.966273 -25.086058 115.623489 -15.920791 -24.987108 115.623489 -15.905118 -24.888153 115.623489 -15.920791 -24.798889 115.623489 -15.966273 -24.728048 115.623489 -16.037113 -24.682566 115.623489 -16.126381 -24.666893 115.623489 -16.225332 -30.694155 109.469063 -22.290560 -30.739639 109.469063 -22.379826 -30.739639 115.623489 -22.379826 -30.694155 115.623489 -22.290560 
						-30.810480 109.469063 -22.450666 -30.810480 115.623489 -22.450666 -30.899746 109.469063 -22.496153 -30.899746 115.623489 -22.496153 -30.998697 109.469063 -22.511822 -30.998697 115.623489 -22.511822 -31.097652 109.469063 -22.496149 -31.097652 115.623489 -22.496149 -31.186918 109.469063 -22.450666 -31.186918 115.623489 -22.450666 -31.257757 109.469063 -22.379826 -31.257757 115.623489 -22.379826 -31.303240 109.469063 -22.290560 -31.303240 115.623489 -22.290560 -31.318914 109.469063 -22.191607 -31.318914 115.623489 -22.191607 -31.303240 109.469063 -22.092655 -31.303240 115.623489 -22.092655 -31.257757 109.469063 -22.003387 -31.257757 115.623489 -22.003387 -31.186918 109.469063 -21.932547 -31.186918 115.623489 -21.932547 -31.097652 109.469063 -21.887064 -31.097652 115.623489 -21.887064 -30.998697 109.469063 -21.871391 -30.998697 115.623489 -21.871391 -30.899746 109.469063 -21.887064 -30.899746 115.623489 -21.887064 -30.810480 109.469063 -21.932547 -30.810480 115.623489 -21.932547 -30.810480 109.469063 -21.932547 -30.739639 109.469063 -22.003387 -30.739639 115.623489 -22.003387 -30.810480 115.623489 -21.932547 -30.694157 109.469063 -22.092655 -30.694157 115.623489 -22.092655 -30.678484 109.469063 -22.191607 -30.678484 115.623489 -22.191607 -30.739639 109.469063 -22.379826 -30.694155 109.469063 -22.290560 -30.998697 109.469063 -22.191607 -30.810480 109.469063 -22.450666 -30.899746 109.469063 -22.496153 -30.998697 109.469063 -22.511822 -31.097652 109.469063 -22.496149 -31.186918 109.469063 -22.450666 -31.257757 109.469063 -22.379826 -31.303240 109.469063 -22.290560 -31.318914 109.469063 -22.191607 -31.303240 109.469063 -22.092655 -31.257757 109.469063 -22.003387 -31.186918 109.469063 -21.932547 -31.097652 109.469063 -21.887064 -30.998697 109.469063 -21.871391 -30.899746 109.469063 -21.887064 -30.810480 109.469063 -21.932547 -30.739639 109.469063 -22.003387 -30.694157 109.469063 -22.092655 -30.678484 109.469063 -22.191607 -30.694155 115.623489 -22.290560 -30.739639 115.623489 -22.379826 -30.998697 115.623489 -22.191607 -30.810480 115.623489 -22.450666 -30.899746 115.623489 -22.496153 
						-30.998697 115.623489 -22.511822 -31.097652 115.623489 -22.496149 -31.186918 115.623489 -22.450666 -31.257757 115.623489 -22.379826 -31.303240 115.623489 -22.290560 -31.318914 115.623489 -22.191607 -31.303240 115.623489 -22.092655 -31.257757 115.623489 -22.003387 -31.186918 115.623489 -21.932547 -31.097652 115.623489 -21.887064 -30.998697 115.623489 -21.871391 -30.899746 115.623489 -21.887064 -30.810480 115.623489 -21.932547 -30.739639 115.623489 -22.003387 -30.694157 115.623489 -22.092655 -30.678484 115.623489 -22.191607 -69.119339 109.469063 -16.307789 -69.164833 109.469063 -16.397053 -69.164833 115.623489 -16.397053 -69.119339 115.623489 -16.307789 -69.235672 109.469063 -16.467896 -69.235672 115.623489 -16.467896 -69.324944 109.469063 -16.513376 -69.324944 115.623489 -16.513376 -69.423889 109.469063 -16.529049 -69.423889 115.623489 -16.529049 -69.522842 109.469063 -16.513376 -69.522842 115.623489 -16.513376 -69.612106 109.469063 -16.467896 -69.612106 115.623489 -16.467896 -69.682945 109.469063 -16.397053 -69.682945 115.623489 -16.397053 -69.728424 109.469063 -16.307789 -69.728424 115.623489 -16.307789 -69.744102 109.469063 -16.208834 -69.744102 115.623489 -16.208834 -69.728424 109.469063 -16.109882 -69.728424 115.623489 -16.109882 -69.682945 109.469063 -16.020617 -69.682945 115.623489 -16.020617 -69.612106 109.469063 -15.949775 -69.612106 115.623489 -15.949775 -69.522842 109.469063 -15.904291 -69.522842 115.623489 -15.904291 -69.423889 109.469063 -15.888620 -69.423889 115.623489 -15.888620 -69.324944 109.469063 -15.904291 -69.324944 115.623489 -15.904291 -69.235672 109.469063 -15.949775 -69.235672 115.623489 -15.949775 -69.235672 109.469063 -15.949775 -69.164833 109.469063 -16.020617 -69.164833 115.623489 -16.020617 -69.235672 115.623489 -15.949775 -69.119339 109.469063 -16.109882 -69.119339 115.623489 -16.109882 -69.103676 109.469063 -16.208834 -69.103676 115.623489 -16.208834 -69.164833 109.469063 -16.397053 -69.119339 109.469063 -16.307789 -69.423889 109.469063 -16.208834 -69.235672 109.469063 -16.467896 -69.324944 109.469063 -16.513376 -69.423889 109.469063 -16.529049 
						-69.522842 109.469063 -16.513376 -69.612106 109.469063 -16.467896 -69.682945 109.469063 -16.397053 -69.728424 109.469063 -16.307789 -69.744102 109.469063 -16.208834 -69.728424 109.469063 -16.109882 -69.682945 109.469063 -16.020617 -69.612106 109.469063 -15.949775 -69.522842 109.469063 -15.904291 -69.423889 109.469063 -15.888620 -69.324944 109.469063 -15.904291 -69.235672 109.469063 -15.949775 -69.164833 109.469063 -16.020617 -69.119339 109.469063 -16.109882 -69.103676 109.469063 -16.208834 -69.119339 115.623489 -16.307789 -69.164833 115.623489 -16.397053 -69.423889 115.623489 -16.208834 -69.235672 115.623489 -16.467896 -69.324944 115.623489 -16.513376 -69.423889 115.623489 -16.529049 -69.522842 115.623489 -16.513376 -69.612106 115.623489 -16.467896 -69.682945 115.623489 -16.397053 -69.728424 115.623489 -16.307789 -69.744102 115.623489 -16.208834 -69.728424 115.623489 -16.109882 -69.682945 115.623489 -16.020617 -69.612106 115.623489 -15.949775 -69.522842 115.623489 -15.904291 -69.423889 115.623489 -15.888620 -69.324944 115.623489 -15.904291 -69.235672 115.623489 -15.949775 -69.164833 115.623489 -16.020617 -69.119339 115.623489 -16.109882 -69.103676 115.623489 -16.208834 -25.104078 115.496429 -16.171055 -21.210810 115.496429 -8.530086 -21.199667 115.620056 -8.533708 -25.094595 115.620056 -16.177942 -31.167990 115.496429 -22.234964 -31.161098 115.620056 -22.244442 -38.808956 115.496429 -26.128229 -31.167990 115.496429 -22.234964 -31.161098 115.620056 -22.244442 -38.805340 115.620056 -26.139376 -47.279034 115.496429 -27.469757 -47.279034 115.620056 -27.481476 -55.749111 115.496429 -26.128229 -55.752735 115.620056 -26.139376 -63.390083 115.496429 -22.234959 -63.396965 115.620056 -22.244440 -69.453979 115.496429 -16.171051 -63.390083 115.496429 -22.234959 -63.396965 115.620056 -22.244440 -69.463463 115.620056 -16.177938 -73.347252 115.496429 -8.530083 -73.358398 115.620056 -8.533705 -74.688782 115.496429 -0.060007 -74.700500 115.620056 -0.060007 -73.347252 115.496429 8.410069 -73.358398 115.620056 8.413691 -69.453979 115.496429 16.051035 -69.463463 115.620056 16.057922 
						-63.390076 115.496429 22.114939 -63.396965 115.620056 22.124418 -55.749107 115.496429 26.008204 -63.390076 115.496429 22.114939 -63.396965 115.620056 22.124418 -55.752735 115.620056 26.019350 -47.279034 115.496429 27.349730 -47.279034 115.620056 27.361448 -38.808960 115.496429 26.008202 -38.805344 115.620056 26.019346 -31.167995 115.496429 22.114937 -31.161110 115.620056 22.124414 -25.104092 115.496429 16.051033 -31.167995 115.496429 22.114937 -31.161110 115.620056 22.124414 -25.094614 115.620056 16.057920 -21.210823 115.496429 8.410068 -21.199684 115.620056 8.413689 -19.869299 115.496429 -0.060007 -19.857584 115.620056 -0.060007 -21.167322 115.731552 -8.544215 -25.067085 115.731552 -16.197931 -31.141111 115.731552 -22.271955 -31.141111 115.731552 -22.271955 -38.794823 115.731552 -26.171715 -47.279034 115.731552 -27.515482 -55.763241 115.731552 -26.171715 -63.416954 115.731552 -22.271950 -63.416954 115.731552 -22.271950 -69.490982 115.731552 -16.197926 -73.390732 115.731552 -8.544212 -74.734505 115.731552 -0.060007 -73.390732 115.731552 8.424199 -69.490974 115.731552 16.077911 -63.416954 115.731552 22.151928 -63.416954 115.731552 22.151928 -55.763237 115.731552 26.051689 -47.279034 115.731552 27.395454 -38.794827 115.731552 26.051687 -31.141119 115.731552 22.151928 -31.141119 115.731552 22.151928 -25.067101 115.731552 16.077908 -21.167339 115.731552 8.424197 -19.823574 115.731552 -0.060007 -21.116951 115.820045 -8.560582 -25.024235 115.820045 -16.229063 -31.109978 115.820045 -22.314804 -38.794823 115.731552 -26.171715 -31.141111 115.731552 -22.271955 -31.109978 115.820045 -22.314804 -38.778458 115.820045 -26.222088 -47.279034 115.731552 -27.515482 -47.279034 115.820045 -27.568447 -55.763241 115.731552 -26.171715 -55.779610 115.820045 -26.222088 -63.416954 115.731552 -22.271950 -63.448090 115.820045 -22.314798 -63.448090 115.820045 -22.314798 -69.533829 115.820045 -16.229059 -73.441116 115.820045 -8.560579 -74.787468 115.820045 -0.060007 -73.441116 115.820045 8.440566 -69.533829 115.820045 16.109043 -63.448090 115.820045 22.194778 
						-55.763237 115.731552 26.051689 -63.416954 115.731552 22.151928 -63.448090 115.820045 22.194778 -55.779602 115.820045 26.102064 -47.279034 115.731552 27.395454 -47.279034 115.820045 27.448420 -38.794827 115.731552 26.051687 -38.778461 115.820045 26.102062 -31.141119 115.731552 22.151928 -31.109989 115.820045 22.194777 -31.109989 115.820045 22.194777 -25.024252 115.820045 16.109041 -21.116968 115.820045 8.440564 -19.770609 115.820045 -0.060007 -25.024235 115.820045 -16.229063 -21.116951 115.820045 -8.560582 -21.053474 115.876862 -8.581207 -24.970243 115.876862 -16.268291 -31.070753 115.876862 -22.368799 -38.757835 115.876862 -26.285561 -47.279034 115.876862 -27.635189 -55.800232 115.876862 -26.285561 -63.487320 115.876862 -22.368792 -69.533829 115.820045 -16.229059 -69.587822 115.876862 -16.268286 -73.441116 115.820045 -8.560579 -73.504585 115.876862 -8.581203 -74.787468 115.820045 -0.060007 -74.854210 115.876862 -0.060007 -73.441116 115.820045 8.440566 -73.504585 115.876862 8.461189 -69.533829 115.820045 16.109043 -69.587822 115.876862 16.148272 -63.487312 115.876862 22.248772 -55.800232 115.876862 26.165537 -47.279034 115.876862 27.515162 -38.757843 115.876862 26.165533 -31.070759 115.876862 22.248772 -25.024252 115.820045 16.109041 -24.970257 115.876862 16.148270 -21.116968 115.820045 8.440564 -21.053495 115.876862 8.461188 -19.770609 115.820045 -0.060007 -19.703867 115.876862 -0.060007 -20.983114 115.896439 -8.604069 -24.910389 115.896439 -16.311777 -31.027266 115.896439 -22.428652 -38.734974 115.896439 -26.355923 -47.279034 115.896439 -27.709169 -55.823097 115.896439 -26.355923 -63.530800 115.896439 -22.428646 -69.647675 115.896439 -16.311771 -73.574936 115.896439 -8.604066 -74.928192 115.896439 -0.060007 -73.574936 115.896439 8.484052 -69.647675 115.896439 16.191757 -63.530800 115.896439 22.308626 -55.823093 115.896439 26.235899 -47.279034 115.896439 27.589142 -38.734978 115.896439 26.235895 -31.027271 115.896439 22.308626 -24.910404 115.896439 16.191755 -20.983133 115.896439 8.484050 -19.629887 115.896439 -0.060007 
						-20.912756 115.876862 -8.626930 -24.850534 115.876862 -16.355265 -30.983776 115.876862 -22.488506 -38.712112 115.876862 -26.426287 -47.279034 115.876862 -27.783152 -55.845955 115.876862 -26.426287 -63.574287 115.876862 -22.488501 -69.707527 115.876862 -16.355259 -73.645309 115.876862 -8.626926 -75.002167 115.876862 -0.060007 -73.645309 115.876862 8.506913 -69.707520 115.876862 16.235245 -63.574287 115.876862 22.368479 -55.845955 115.876862 26.306259 -47.279034 115.876862 27.663124 -38.712116 115.876862 26.306259 -30.983789 115.876862 22.368479 -24.850550 115.876862 16.235241 -20.912769 115.876862 8.506912 -19.555904 115.876862 -0.060007 -20.849283 115.820045 -8.647553 -24.796539 115.820045 -16.394493 -30.944551 115.820045 -22.542498 -38.691486 115.820045 -26.489759 -47.279034 115.820045 -27.849892 -55.866581 115.820045 -26.489758 -63.613518 115.820045 -22.542494 -69.761520 115.820045 -16.394487 -73.708778 115.820045 -8.647551 -75.068909 115.820045 -0.060007 -73.708778 115.820045 8.527537 -69.761520 115.820045 16.274473 -63.613514 115.820045 22.422476 -55.866577 115.820045 26.369732 -47.279034 115.820045 27.729864 -38.691490 115.820045 26.369732 -30.944559 115.820045 22.422470 -24.796556 115.820045 16.274471 -20.849297 115.820045 8.527536 -19.489162 115.820045 -0.060007 -24.796539 115.820045 -16.394493 -20.849283 115.820045 -8.647553 -20.798908 115.731552 -8.663922 -24.753689 115.731552 -16.425627 -30.944551 115.820045 -22.542498 -30.913416 115.731552 -22.585350 -30.913416 115.731552 -22.585350 -38.675117 115.731552 -26.540131 -47.279034 115.731552 -27.902859 -55.882946 115.731552 -26.540131 -63.644653 115.731552 -22.585344 -69.761520 115.820045 -16.394487 -63.613518 115.820045 -22.542494 -63.644653 115.731552 -22.585344 -69.804367 115.731552 -16.425621 -73.708778 115.820045 -8.647551 -73.759155 115.731552 -8.663918 -75.068909 115.820045 -0.060007 -75.121880 115.731552 -0.060007 -73.708778 115.820045 8.527537 -73.759155 115.731552 8.543905 -69.761520 115.820045 16.274473 -69.804367 115.731552 16.305605 -63.613514 115.820045 22.422476 
						-63.644646 115.731552 22.465322 -63.644646 115.731552 22.465322 -55.882946 115.731552 26.420109 -47.279034 115.731552 27.782831 -38.675125 115.731552 26.420105 -30.913425 115.731552 22.465322 -24.796556 115.820045 16.274471 -30.944559 115.820045 22.422470 -30.913425 115.731552 22.465322 -24.753708 115.731552 16.305603 -20.849297 115.820045 8.527536 -20.798920 115.731552 8.543903 -19.489162 115.820045 -0.060007 -19.436199 115.731552 -0.060007 -20.766563 115.620056 -8.674430 -24.726179 115.620056 -16.445612 -30.893425 115.620056 -22.612860 -38.675117 115.731552 -26.540131 -30.913416 115.731552 -22.585350 -30.893425 115.620056 -22.612860 -38.664616 115.620056 -26.572474 -47.279034 115.731552 -27.902859 -47.279034 115.620056 -27.936863 -55.893456 115.620056 -26.572474 -63.664639 115.620056 -22.612854 -69.831879 115.620056 -16.445606 -73.791496 115.620056 -8.674426 -75.155884 115.620056 -0.060007 -73.791496 115.620056 8.554413 -69.831879 115.620056 16.325594 -63.664635 115.620056 22.492834 -55.882946 115.731552 26.420109 -63.644646 115.731552 22.465322 -63.664635 115.620056 22.492834 -55.893456 115.620056 26.452448 -47.279034 115.731552 27.782831 -47.279034 115.620056 27.816835 -38.664619 115.620056 26.452446 -30.893438 115.620056 22.492832 -30.893438 115.620056 22.492832 -24.726198 115.620056 16.325592 -20.766581 115.620056 8.554411 -19.402191 115.620056 -0.060007 -20.755421 115.496429 -8.678050 -24.716702 115.496429 -16.452499 -30.886539 115.496429 -22.622341 -30.886539 115.496429 -22.622341 -38.660992 115.496429 -26.583618 -47.279034 115.496429 -27.948582 -55.897076 115.496429 -26.583618 -63.671528 115.496429 -22.622335 -69.841362 115.496429 -16.452496 -73.802643 115.496429 -8.678048 -75.167603 115.496429 -0.060007 -73.802643 115.496429 8.558034 -69.841362 115.496429 16.332481 -63.671524 115.496429 22.502314 -63.671524 115.496429 22.502314 -55.897076 115.496429 26.463593 -47.279034 115.496429 27.828554 -38.660995 115.496429 26.463591 -30.886551 115.496429 22.502314 -30.886551 115.496429 22.502314 -24.716717 115.496429 16.332479 
						-20.755438 115.496429 8.558032 -19.390472 115.496429 -0.060007 -20.766563 115.372826 -8.674430 -24.726179 115.372826 -16.445612 -30.893425 115.372826 -22.612860 -30.893425 115.372826 -22.612860 -38.664616 115.372826 -26.572474 -47.279034 115.372826 -27.936863 -55.893456 115.372826 -26.572474 -63.664639 115.372826 -22.612854 -63.664639 115.372826 -22.612854 -69.831879 115.372826 -16.445606 -73.791496 115.372826 -8.674426 -75.155884 115.372826 -0.060007 -73.791496 115.372826 8.554413 -69.831879 115.372826 16.325594 -63.664635 115.372826 22.492834 -63.664635 115.372826 22.492834 -55.893456 115.372826 26.452448 -47.279034 115.372826 27.816835 -38.664619 115.372826 26.452446 -30.893438 115.372826 22.492832 -30.893438 115.372826 22.492832 -24.726198 115.372826 16.325592 -20.766581 115.372826 8.554411 -19.402191 115.372826 -0.060007 -20.798908 115.261330 -8.663922 -24.753689 115.261330 -16.425627 -30.913416 115.261330 -22.585350 -30.913416 115.261330 -22.585350 -38.675117 115.261330 -26.540131 -47.279034 115.261330 -27.902859 -55.882946 115.261330 -26.540131 -63.644653 115.261330 -22.585344 -63.644653 115.261330 -22.585344 -69.804367 115.261330 -16.425621 -73.759155 115.261330 -8.663918 -75.121880 115.261330 -0.060007 -73.759155 115.261330 8.543905 -69.804367 115.261330 16.305605 -63.644646 115.261330 22.465322 -63.644646 115.261330 22.465322 -55.882946 115.261330 26.420109 -47.279034 115.261330 27.782831 -38.675125 115.261330 26.420105 -30.913425 115.261330 22.465322 -30.913425 115.261330 22.465322 -24.753708 115.261330 16.305603 -20.798920 115.261330 8.543903 -19.436199 115.261330 -0.060007 -20.849283 115.172836 -8.647553 -24.796539 115.172836 -16.394493 -30.944551 115.172836 -22.542498 -38.675117 115.261330 -26.540131 -30.913416 115.261330 -22.585350 -30.944551 115.172836 -22.542498 -38.691486 115.172836 -26.489759 -47.279034 115.261330 -27.902859 -47.279034 115.172836 -27.849892 -55.866581 115.172836 -26.489758 -63.613518 115.172836 -22.542494 -63.613518 115.172836 -22.542494 -69.761520 115.172836 -16.394487 -73.708778 115.172836 -8.647551 
						-75.068909 115.172836 -0.060007 -73.708778 115.172836 8.527537 -69.761520 115.172836 16.274473 -63.613514 115.172836 22.422476 -55.882946 115.261330 26.420109 -63.644646 115.261330 22.465322 -63.613514 115.172836 22.422476 -55.866577 115.172836 26.369732 -47.279034 115.261330 27.782831 -47.279034 115.172836 27.729864 -38.675125 115.261330 26.420105 -38.691490 115.172836 26.369732 -30.913425 115.261330 22.465322 -30.944559 115.172836 22.422470 -30.944559 115.172836 22.422470 -24.796556 115.172836 16.274471 -20.849297 115.172836 8.527536 -19.489162 115.172836 -0.060007 -24.796539 115.172836 -16.394493 -20.849283 115.172836 -8.647553 -20.912756 115.116020 -8.626930 -24.850534 115.116020 -16.355265 -30.983776 115.116020 -22.488506 -38.712112 115.116020 -26.426287 -47.279034 115.116020 -27.783152 -55.845955 115.116020 -26.426287 -63.574287 115.116020 -22.488501 -69.761520 115.172836 -16.394487 -69.707527 115.116020 -16.355259 -73.708778 115.172836 -8.647551 -73.645309 115.116020 -8.626926 -75.068909 115.172836 -0.060007 -75.002167 115.116020 -0.060007 -73.708778 115.172836 8.527537 -73.645309 115.116020 8.506913 -69.761520 115.172836 16.274473 -69.707520 115.116020 16.235245 -63.574287 115.116020 22.368479 -55.845955 115.116020 26.306259 -47.279034 115.116020 27.663124 -38.712116 115.116020 26.306259 -30.983789 115.116020 22.368479 -24.796556 115.172836 16.274471 -24.850550 115.116020 16.235241 -20.849297 115.172836 8.527536 -20.912769 115.116020 8.506912 -19.489162 115.172836 -0.060007 -19.555904 115.116020 -0.060007 -20.983114 115.096443 -8.604069 -24.910389 115.096443 -16.311777 -31.027266 115.096443 -22.428652 -38.734974 115.096443 -26.355923 -47.279034 115.096443 -27.709169 -55.823097 115.096443 -26.355923 -63.530800 115.096443 -22.428646 -69.647675 115.096443 -16.311771 -73.574936 115.096443 -8.604066 -74.928192 115.096443 -0.060007 -73.574936 115.096443 8.484052 -69.647675 115.096443 16.191757 -63.530800 115.096443 22.308626 -55.823093 115.096443 26.235899 -47.279034 115.096443 27.589142 -38.734978 115.096443 26.235895 
						-31.027271 115.096443 22.308626 -24.910404 115.096443 16.191755 -20.983133 115.096443 8.484050 -19.629887 115.096443 -0.060007 -21.053474 115.116020 -8.581207 -24.970243 115.116020 -16.268291 -31.070753 115.116020 -22.368799 -38.757835 115.116020 -26.285561 -47.279034 115.116020 -27.635189 -55.800232 115.116020 -26.285561 -63.487320 115.116020 -22.368792 -69.587822 115.116020 -16.268286 -73.504585 115.116020 -8.581203 -74.854210 115.116020 -0.060007 -73.504585 115.116020 8.461189 -69.587822 115.116020 16.148272 -63.487312 115.116020 22.248772 -55.800232 115.116020 26.165537 -47.279034 115.116020 27.515162 -38.757843 115.116020 26.165533 -31.070759 115.116020 22.248772 -24.970257 115.116020 16.148270 -21.053495 115.116020 8.461188 -19.703867 115.116020 -0.060007 -21.116951 115.172836 -8.560582 -25.024235 115.172836 -16.229063 -31.109978 115.172836 -22.314804 -38.778458 115.172836 -26.222088 -47.279034 115.172836 -27.568447 -55.779610 115.172836 -26.222088 -63.448090 115.172836 -22.314798 -69.533829 115.172836 -16.229059 -73.441116 115.172836 -8.560579 -74.787468 115.172836 -0.060007 -73.441116 115.172836 8.440566 -69.533829 115.172836 16.109043 -63.448090 115.172836 22.194778 -55.779602 115.172836 26.102064 -47.279034 115.172836 27.448420 -38.778461 115.172836 26.102062 -31.109989 115.172836 22.194777 -25.024252 115.172836 16.109041 -21.116968 115.172836 8.440564 -19.770609 115.172836 -0.060007 -25.024235 115.172836 -16.229063 -21.116951 115.172836 -8.560582 -21.167322 115.261330 -8.544215 -25.067085 115.261330 -16.197931 -31.109978 115.172836 -22.314804 -31.141111 115.261330 -22.271955 -31.141111 115.261330 -22.271955 -38.794823 115.261330 -26.171715 -47.279034 115.261330 -27.515482 -55.763241 115.261330 -26.171715 -63.416954 115.261330 -22.271950 -69.533829 115.172836 -16.229059 -63.448090 115.172836 -22.314798 -63.416954 115.261330 -22.271950 -69.490982 115.261330 -16.197926 -73.441116 115.172836 -8.560579 -73.390732 115.261330 -8.544212 -74.787468 115.172836 -0.060007 -74.734505 115.261330 -0.060007 -73.441116 115.172836 8.440566 
						-73.390732 115.261330 8.424199 -69.533829 115.172836 16.109043 -69.490974 115.261330 16.077911 -63.448090 115.172836 22.194778 -63.416954 115.261330 22.151928 -63.416954 115.261330 22.151928 -55.763237 115.261330 26.051689 -47.279034 115.261330 27.395454 -38.794827 115.261330 26.051687 -31.141119 115.261330 22.151928 -25.024252 115.172836 16.109041 -31.109989 115.172836 22.194777 -31.141119 115.261330 22.151928 -25.067101 115.261330 16.077908 -21.116968 115.172836 8.440564 -21.167339 115.261330 8.424197 -19.770609 115.172836 -0.060007 -19.823574 115.261330 -0.060007 -21.199667 115.372826 -8.533708 -25.094595 115.372826 -16.177942 -31.161098 115.372826 -22.244442 -38.794823 115.261330 -26.171715 -31.141111 115.261330 -22.271955 -31.161098 115.372826 -22.244442 -38.805340 115.372826 -26.139376 -47.279034 115.261330 -27.515482 -47.279034 115.372826 -27.481476 -55.763241 115.261330 -26.171715 -55.752735 115.372826 -26.139376 -63.416954 115.261330 -22.271950 -63.396965 115.372826 -22.244440 -63.396965 115.372826 -22.244440 -69.463463 115.372826 -16.177938 -73.358398 115.372826 -8.533705 -74.700500 115.372826 -0.060007 -73.358398 115.372826 8.413691 -69.463463 115.372826 16.057922 -63.396965 115.372826 22.124418 -55.763237 115.261330 26.051689 -63.416954 115.261330 22.151928 -63.396965 115.372826 22.124418 -55.752735 115.372826 26.019350 -47.279034 115.261330 27.395454 -47.279034 115.372826 27.361448 -38.794827 115.261330 26.051687 -38.805344 115.372826 26.019346 -31.141119 115.261330 22.151928 -31.161110 115.372826 22.124414 -31.161110 115.372826 22.124414 -25.094614 115.372826 16.057920 -21.199684 115.372826 8.413689 -19.857584 115.372826 -0.060007 -46.840954 109.469063 -27.661764 -46.886440 109.469063 -27.751030 -46.886440 115.623489 -27.751030 -46.840954 115.623489 -27.661764 -46.957283 109.469063 -27.821871 -46.957283 115.623489 -27.821871 -47.046551 109.469063 -27.867355 -47.046551 115.623489 -27.867355 -47.145496 109.469063 -27.883026 -47.145496 115.623489 -27.883026 -47.244446 109.469063 -27.867353 -47.244446 115.623489 -27.867353 
						-47.333714 109.469063 -27.821871 -47.333714 115.623489 -27.821871 -47.404556 109.469063 -27.751030 -47.404556 115.623489 -27.751030 -47.450039 109.469063 -27.661764 -47.450039 115.623489 -27.661764 -47.465714 109.469063 -27.562811 -47.465714 115.623489 -27.562811 -47.450039 109.469063 -27.463860 -47.450039 115.623489 -27.463860 -47.404556 109.469063 -27.374592 -47.404556 115.623489 -27.374592 -47.333714 109.469063 -27.303751 -47.333714 115.623489 -27.303751 -47.244446 109.469063 -27.258268 -47.244446 115.623489 -27.258268 -47.145496 109.469063 -27.242596 -47.145496 115.623489 -27.242596 -47.046551 109.469063 -27.258268 -47.046551 115.623489 -27.258268 -46.957283 109.469063 -27.303751 -46.957283 115.623489 -27.303751 -46.957283 109.469063 -27.303751 -46.886440 109.469063 -27.374592 -46.886440 115.623489 -27.374592 -46.957283 115.623489 -27.303751 -46.840954 109.469063 -27.463860 -46.840954 115.623489 -27.463860 -46.825283 109.469063 -27.562811 -46.825283 115.623489 -27.562811 -46.886440 109.469063 -27.751030 -46.840954 109.469063 -27.661764 -47.145496 109.469063 -27.562811 -46.957283 109.469063 -27.821871 -47.046551 109.469063 -27.867355 -47.145496 109.469063 -27.883026 -47.244446 109.469063 -27.867353 -47.333714 109.469063 -27.821871 -47.404556 109.469063 -27.751030 -47.450039 109.469063 -27.661764 -47.465714 109.469063 -27.562811 -47.450039 109.469063 -27.463860 -47.404556 109.469063 -27.374592 -47.333714 109.469063 -27.303751 -47.244446 109.469063 -27.258268 -47.145496 109.469063 -27.242596 -47.046551 109.469063 -27.258268 -46.957283 109.469063 -27.303751 -46.886440 109.469063 -27.374592 -46.840954 109.469063 -27.463860 -46.825283 109.469063 -27.562811 -46.840954 115.623489 -27.661764 -46.886440 115.623489 -27.751030 -47.145496 115.623489 -27.562811 -46.957283 115.623489 -27.821871 -47.046551 115.623489 -27.867355 -47.145496 115.623489 -27.883026 -47.244446 115.623489 -27.867353 -47.333714 115.623489 -27.821871 -47.404556 115.623489 -27.751030 -47.450039 115.623489 -27.661764 -47.465714 115.623489 -27.562811 -47.450039 115.623489 -27.463860 -47.404556 115.623489 -27.374592 
						-47.333714 115.623489 -27.303751 -47.244446 115.623489 -27.258268 -47.145496 115.623489 -27.242596 -47.046551 115.623489 -27.258268 -46.957283 115.623489 -27.303751 -46.886440 115.623489 -27.374592 -46.840954 115.623489 -27.463860 -46.825283 115.623489 -27.562811 -38.369740 109.469063 26.080437 -38.415218 109.469063 25.991171 -38.415218 115.623489 25.991171 -38.369740 115.623489 26.080437 -38.486065 109.469063 25.920332 -38.486065 115.623489 25.920332 -38.575333 109.469063 25.874847 -38.575333 115.623489 25.874847 -38.674282 109.469063 25.859175 -38.674282 115.623489 25.859175 -38.773232 109.469063 25.874849 -38.773232 115.623489 25.874849 -38.862499 109.469063 25.920332 -38.862499 115.623489 25.920332 -38.862499 109.469063 25.920332 -38.933342 109.469063 25.991171 -38.933342 115.623489 25.991171 -38.862499 115.623489 25.920332 -38.978828 109.469063 26.080437 -38.978828 115.623489 26.080437 -38.994492 109.469063 26.179390 -38.994492 115.623489 26.179390 -38.978828 109.469063 26.278341 -38.978828 115.623489 26.278341 -38.933338 109.469063 26.367607 -38.933338 115.623489 26.367607 -38.862499 109.469063 26.438450 -38.862499 115.623489 26.438450 -38.773232 109.469063 26.483932 -38.773232 115.623489 26.483932 -38.674282 109.469063 26.499607 -38.674282 115.623489 26.499607 -38.575333 109.469063 26.483932 -38.575333 115.623489 26.483932 -38.486065 109.469063 26.438450 -38.486065 115.623489 26.438450 -38.415222 109.469063 26.367607 -38.415222 115.623489 26.367607 -38.369740 109.469063 26.278341 -38.369740 115.623489 26.278341 -38.354065 109.469063 26.179390 -38.354065 115.623489 26.179390 -38.415218 109.469063 25.991171 -38.369740 109.469063 26.080437 -38.674282 109.469063 26.179390 -38.486065 109.469063 25.920332 -38.575333 109.469063 25.874847 -38.674282 109.469063 25.859175 -38.773232 109.469063 25.874849 -38.862499 109.469063 25.920332 -38.933342 109.469063 25.991171 -38.978828 109.469063 26.080437 -38.994492 109.469063 26.179390 -38.978828 109.469063 26.278341 -38.933338 109.469063 26.367607 -38.862499 109.469063 26.438450 
						-38.773232 109.469063 26.483932 -38.674282 109.469063 26.499607 -38.575333 109.469063 26.483932 -38.486065 109.469063 26.438450 -38.415222 109.469063 26.367607 -38.369740 109.469063 26.278341 -38.354065 109.469063 26.179390 -38.369740 115.623489 26.080437 -38.415218 115.623489 25.991171 -38.674282 115.623489 26.179390 -38.486065 115.623489 25.920332 -38.575333 115.623489 25.874847 -38.674282 115.623489 25.859175 -38.773232 115.623489 25.874849 -38.862499 115.623489 25.920332 -38.933342 115.623489 25.991171 -38.978828 115.623489 26.080437 -38.994492 115.623489 26.179390 -38.978828 115.623489 26.278341 -38.933338 115.623489 26.367607 -38.862499 115.623489 26.438450 -38.773232 115.623489 26.483932 -38.674282 115.623489 26.499607 -38.575333 115.623489 26.483932 -38.486065 115.623489 26.438450 -38.415222 115.623489 26.367607 -38.369740 115.623489 26.278341 -38.354065 115.623489 26.179390 -35.277523 143.591766 -1.041053 -35.862251 143.591766 -2.188646 -35.862251 150.748856 -2.188646 -35.277523 150.748856 -1.041053 -36.772987 143.591766 -3.099382 -36.772987 150.748856 -3.099382 -36.772987 143.591766 -3.099382 -37.920578 143.591766 -3.684110 -37.920578 150.748856 -3.684110 -36.772987 150.748856 -3.099382 -39.192699 143.591766 -3.885593 -39.192699 150.748856 -3.885593 -40.464817 143.591766 -3.684109 -40.464817 150.748856 -3.684109 -41.612408 143.591766 -3.099381 -41.612408 150.748856 -3.099381 -42.523140 143.591766 -2.188646 -42.523140 150.748856 -2.188646 -43.107868 143.591766 -1.041052 -43.107868 150.748856 -1.041052 -43.309357 143.591766 0.231065 -43.309357 150.748856 0.231065 -43.107868 143.591766 1.503182 -43.107868 150.748856 1.503182 -42.523140 143.591766 2.650775 -42.523140 150.748856 2.650775 -41.612408 143.591766 3.561510 -41.612408 150.748856 3.561510 -40.464817 143.591766 4.146238 -40.464817 150.748856 4.146238 -39.192699 143.591766 4.347721 -39.192699 150.748856 4.347721 -37.920578 143.591766 4.146237 -37.920578 150.748856 4.146237 -36.772987 143.591766 3.561510 -36.772987 150.748856 3.561510 
						-35.862255 143.591766 2.650774 -35.862255 150.748856 2.650774 -35.277527 143.591766 1.503181 -35.277527 150.748856 1.503181 -35.076042 143.591766 0.231065 -35.076042 150.748856 0.231065 -35.862251 143.591766 -2.188646 -35.277523 143.591766 -1.041053 -39.192699 143.591766 0.231065 -36.772987 143.591766 -3.099382 -37.920578 143.591766 -3.684110 -39.192699 143.591766 -3.885593 -40.464817 143.591766 -3.684109 -41.612408 143.591766 -3.099381 -42.523140 143.591766 -2.188646 -43.107868 143.591766 -1.041052 -43.309357 143.591766 0.231065 -43.107868 143.591766 1.503182 -42.523140 143.591766 2.650775 -41.612408 143.591766 3.561510 -40.464817 143.591766 4.146238 -39.192699 143.591766 4.347721 -37.920578 143.591766 4.146237 -36.772987 143.591766 3.561510 -35.862255 143.591766 2.650774 -35.277527 143.591766 1.503181 -35.076042 143.591766 0.231065 -35.277523 150.748856 -1.041053 -35.862251 150.748856 -2.188646 -39.192699 150.748856 0.231065 -36.772987 150.748856 -3.099382 -37.920578 150.748856 -3.684110 -39.192699 150.748856 -3.885593 -40.464817 150.748856 -3.684109 -41.612408 150.748856 -3.099381 -42.523140 150.748856 -2.188646 -43.107868 150.748856 -1.041052 -43.309357 150.748856 0.231065 -43.107868 150.748856 1.503182 -42.523140 150.748856 2.650775 -41.612408 150.748856 3.561510 -40.464817 150.748856 4.146238 -39.192699 150.748856 4.347721 -37.920578 150.748856 4.146237 -36.772987 150.748856 3.561510 -35.862255 150.748856 2.650774 -35.277527 150.748856 1.503181 -35.076042 150.748856 0.231065 -51.340996 145.188232 -1.041053 -51.925728 145.188232 -2.188646 -51.925728 152.345337 -2.188646 -51.340996 152.345337 -1.041053 -52.836464 145.188232 -3.099382 -52.836464 152.345337 -3.099382 -52.836464 145.188232 -3.099382 -53.984058 145.188232 -3.684110 -53.984058 152.345337 -3.684110 -52.836464 152.345337 -3.099382 -55.256176 145.188232 -3.885593 -55.256176 152.345337 -3.885593 -56.528294 145.188232 -3.684109 -56.528294 152.345337 -3.684109 -57.675884 145.188232 -3.099381 -57.675884 152.345337 -3.099381 
						-58.586617 145.188232 -2.188646 -58.586617 152.345337 -2.188646 -59.171345 145.188232 -1.041052 -59.171345 152.345337 -1.041052 -59.372833 145.188232 0.231065 -59.372833 152.345337 0.231065 -59.171345 145.188232 1.503182 -59.171345 152.345337 1.503182 -58.586617 145.188232 2.650775 -58.586617 152.345337 2.650775 -57.675884 145.188232 3.561510 -57.675884 152.345337 3.561510 -56.528294 145.188232 4.146238 -56.528294 152.345337 4.146238 -55.256176 145.188232 4.347721 -55.256176 152.345337 4.347721 -53.984058 145.188232 4.146237 -53.984058 152.345337 4.146237 -52.836468 145.188232 3.561510 -52.836468 152.345337 3.561510 -51.925732 145.188232 2.650774 -51.925732 152.345337 2.650774 -51.341003 145.188232 1.503181 -51.341003 152.345337 1.503181 -51.139515 145.188232 0.231065 -51.139515 152.345337 0.231065 -51.925728 145.188232 -2.188646 -51.340996 145.188232 -1.041053 -55.256176 145.188232 0.231065 -52.836464 145.188232 -3.099382 -53.984058 145.188232 -3.684110 -55.256176 145.188232 -3.885593 -56.528294 145.188232 -3.684109 -57.675884 145.188232 -3.099381 -58.586617 145.188232 -2.188646 -59.171345 145.188232 -1.041052 -59.372833 145.188232 0.231065 -59.171345 145.188232 1.503182 -58.586617 145.188232 2.650775 -57.675884 145.188232 3.561510 -56.528294 145.188232 4.146238 -55.256176 145.188232 4.347721 -53.984058 145.188232 4.146237 -52.836468 145.188232 3.561510 -51.925732 145.188232 2.650774 -51.341003 145.188232 1.503181 -51.139515 145.188232 0.231065 -51.340996 152.345337 -1.041053 -51.925728 152.345337 -2.188646 -55.256176 152.345337 0.231065 -52.836464 152.345337 -3.099382 -53.984058 152.345337 -3.684110 -55.256176 152.345337 -3.885593 -56.528294 152.345337 -3.684109 -57.675884 152.345337 -3.099381 -58.586617 152.345337 -2.188646 -59.171345 152.345337 -1.041052 -59.372833 152.345337 0.231065 -59.171345 152.345337 1.503182 -58.586617 152.345337 2.650775 -57.675884 152.345337 3.561510 -56.528294 152.345337 4.146238 -55.256176 152.345337 4.347721 -53.984058 152.345337 4.146237 
						-52.836468 152.345337 3.561510 -51.925732 152.345337 2.650774 -51.341003 152.345337 1.503181 -51.139515 152.345337 0.231065 -55.405983 109.469063 -26.297529 -55.451462 109.469063 -26.386793 -55.451462 115.623489 -26.386793 -55.405983 115.623489 -26.297529 -55.522308 109.469063 -26.457634 -55.522308 115.623489 -26.457634 -55.611572 109.469063 -26.503117 -55.611572 115.623489 -26.503117 -55.710526 109.469063 -26.518791 -55.710526 115.623489 -26.518791 -55.809471 109.469063 -26.503117 -55.809471 115.623489 -26.503117 -55.898743 109.469063 -26.457634 -55.898743 115.623489 -26.457634 -55.969589 109.469063 -26.386793 -55.969589 115.623489 -26.386793 -56.015068 109.469063 -26.297529 -56.015068 115.623489 -26.297529 -56.030735 109.469063 -26.198576 -56.030735 115.623489 -26.198576 -56.015068 109.469063 -26.099623 -56.015068 115.623489 -26.099623 -55.969589 109.469063 -26.010357 -55.969589 115.623489 -26.010357 -55.898743 109.469063 -25.939516 -55.898743 115.623489 -25.939516 -55.809471 109.469063 -25.894033 -55.809471 115.623489 -25.894033 -55.710526 109.469063 -25.878359 -55.710526 115.623489 -25.878359 -55.611572 109.469063 -25.894033 -55.611572 115.623489 -25.894033 -55.522308 109.469063 -25.939516 -55.522308 115.623489 -25.939516 -55.522308 109.469063 -25.939516 -55.451466 109.469063 -26.010357 -55.451466 115.623489 -26.010357 -55.522308 115.623489 -25.939516 -55.405983 109.469063 -26.099623 -55.405983 115.623489 -26.099623 -55.390308 109.469063 -26.198576 -55.390308 115.623489 -26.198576 -55.451462 109.469063 -26.386793 -55.405983 109.469063 -26.297529 -55.710526 109.469063 -26.198576 -55.522308 109.469063 -26.457634 -55.611572 109.469063 -26.503117 -55.710526 109.469063 -26.518791 -55.809471 109.469063 -26.503117 -55.898743 109.469063 -26.457634 -55.969589 109.469063 -26.386793 -56.015068 109.469063 -26.297529 -56.030735 109.469063 -26.198576 -56.015068 109.469063 -26.099623 -55.969589 109.469063 -26.010357 -55.898743 109.469063 -25.939516 -55.809471 109.469063 -25.894033 -55.710526 109.469063 -25.878359 -55.611572 109.469063 -25.894033 -55.522308 109.469063 -25.939516 
						-55.451466 109.469063 -26.010357 -55.405983 109.469063 -26.099623 -55.390308 109.469063 -26.198576 -55.405983 115.623489 -26.297529 -55.451462 115.623489 -26.386793 -55.710526 115.623489 -26.198576 -55.522308 115.623489 -26.457634 -55.611572 115.623489 -26.503117 -55.710526 115.623489 -26.518791 -55.809471 115.623489 -26.503117 -55.898743 115.623489 -26.457634 -55.969589 115.623489 -26.386793 -56.015068 115.623489 -26.297529 -56.030735 115.623489 -26.198576 -56.015068 115.623489 -26.099623 -55.969589 115.623489 -26.010357 -55.898743 115.623489 -25.939516 -55.809471 115.623489 -25.894033 -55.710526 115.623489 -25.878359 -55.611572 115.623489 -25.894033 -55.522308 115.623489 -25.939516 -55.451466 115.623489 -26.010357 -55.405983 115.623489 -26.099623 -55.390308 115.623489 -26.198576 -63.070354 109.469063 -22.340887 -63.115833 109.469063 -22.430153 -63.115833 115.623489 -22.430153 -63.070354 115.623489 -22.340887 -63.186680 109.469063 -22.500994 -63.186680 115.623489 -22.500994 -63.275944 109.469063 -22.546478 -63.275944 115.623489 -22.546478 -63.374897 109.469063 -22.562149 -63.374897 115.623489 -22.562149 -63.473846 109.469063 -22.546476 -63.473846 115.623489 -22.546476 -63.563110 109.469063 -22.500994 -63.563110 115.623489 -22.500994 -63.633957 109.469063 -22.430153 -63.633957 115.623489 -22.430153 -63.679440 109.469063 -22.340887 -63.679440 115.623489 -22.340887 -63.695107 109.469063 -22.241934 -63.695107 115.623489 -22.241934 -63.679440 109.469063 -22.142981 -63.679440 115.623489 -22.142981 -63.633957 109.469063 -22.053715 -63.633957 115.623489 -22.053715 -63.563110 109.469063 -21.982874 -63.563110 115.623489 -21.982874 -63.473846 109.469063 -21.937391 -63.473846 115.623489 -21.937391 -63.374897 109.469063 -21.921719 -63.374897 115.623489 -21.921719 -63.275944 109.469063 -21.937391 -63.275944 115.623489 -21.937391 -63.186680 109.469063 -21.982874 -63.186680 115.623489 -21.982874 -63.186680 109.469063 -21.982874 -63.115837 109.469063 -22.053715 -63.115837 115.623489 -22.053715 -63.186680 115.623489 -21.982874 -63.070354 109.469063 -22.142981 -63.070354 115.623489 -22.142981 
						-63.054680 109.469063 -22.241934 -63.054680 115.623489 -22.241934 -63.115833 109.469063 -22.430153 -63.070354 109.469063 -22.340887 -63.374897 109.469063 -22.241934 -63.186680 109.469063 -22.500994 -63.275944 109.469063 -22.546478 -63.374897 109.469063 -22.562149 -63.473846 109.469063 -22.546476 -63.563110 109.469063 -22.500994 -63.633957 109.469063 -22.430153 -63.679440 109.469063 -22.340887 -63.695107 109.469063 -22.241934 -63.679440 109.469063 -22.142981 -63.633957 109.469063 -22.053715 -63.563110 109.469063 -21.982874 -63.473846 109.469063 -21.937391 -63.374897 109.469063 -21.921719 -63.275944 109.469063 -21.937391 -63.186680 109.469063 -21.982874 -63.115837 109.469063 -22.053715 -63.070354 109.469063 -22.142981 -63.054680 109.469063 -22.241934 -63.070354 115.623489 -22.340887 -63.115833 115.623489 -22.430153 -63.374897 115.623489 -22.241934 -63.186680 115.623489 -22.500994 -63.275944 115.623489 -22.546478 -63.374897 115.623489 -22.562149 -63.473846 115.623489 -22.546476 -63.563110 115.623489 -22.500994 -63.633957 115.623489 -22.430153 -63.679440 115.623489 -22.340887 -63.695107 115.623489 -22.241934 -63.679440 115.623489 -22.142981 -63.633957 115.623489 -22.053715 -63.563110 115.623489 -21.982874 -63.473846 115.623489 -21.937391 -63.374897 115.623489 -21.921719 -63.275944 115.623489 -21.937391 -63.186680 115.623489 -21.982874 -63.115837 115.623489 -22.053715 -63.070354 115.623489 -22.142981 -63.054680 115.623489 -22.241934 -73.122406 109.469063 -8.601643 -73.167892 109.469063 -8.690907 -73.167892 115.623489 -8.690907 -73.122406 115.623489 -8.601643 -73.238724 109.469063 -8.761749 -73.238724 115.623489 -8.761749 -73.328003 109.469063 -8.807232 -73.328003 115.623489 -8.807232 -73.426949 109.469063 -8.822905 -73.426949 115.623489 -8.822905 -73.525902 109.469063 -8.807232 -73.525902 115.623489 -8.807232 -73.615166 109.469063 -8.761749 -73.615166 115.623489 -8.761749 -73.686005 109.469063 -8.690907 -73.686005 115.623489 -8.690907 -73.731491 109.469063 -8.601642 -73.731491 115.623489 -8.601642 -73.747162 109.469063 -8.502689 -73.747162 115.623489 -8.502689 
						-73.731491 109.469063 -8.403738 -73.731491 115.623489 -8.403738 -73.686005 109.469063 -8.314471 -73.686005 115.623489 -8.314471 -73.615166 109.469063 -8.243630 -73.615166 115.623489 -8.243630 -73.525902 109.469063 -8.198146 -73.525902 115.623489 -8.198146 -73.426949 109.469063 -8.182474 -73.426949 115.623489 -8.182474 -73.328003 109.469063 -8.198146 -73.328003 115.623489 -8.198146 -73.238724 109.469063 -8.243630 -73.238724 115.623489 -8.243630 -73.238724 109.469063 -8.243630 -73.167892 109.469063 -8.314471 -73.167892 115.623489 -8.314471 -73.238724 115.623489 -8.243630 -73.122406 109.469063 -8.403738 -73.122406 115.623489 -8.403738 -73.106735 109.469063 -8.502689 -73.106735 115.623489 -8.502689 -73.167892 109.469063 -8.690907 -73.122406 109.469063 -8.601643 -73.426949 109.469063 -8.502689 -73.238724 109.469063 -8.761749 -73.328003 109.469063 -8.807232 -73.426949 109.469063 -8.822905 -73.525902 109.469063 -8.807232 -73.615166 109.469063 -8.761749 -73.686005 109.469063 -8.690907 -73.731491 109.469063 -8.601642 -73.747162 109.469063 -8.502689 -73.731491 109.469063 -8.403738 -73.686005 109.469063 -8.314471 -73.615166 109.469063 -8.243630 -73.525902 109.469063 -8.198146 -73.426949 109.469063 -8.182474 -73.328003 109.469063 -8.198146 -73.238724 109.469063 -8.243630 -73.167892 109.469063 -8.314471 -73.122406 109.469063 -8.403738 -73.106735 109.469063 -8.502689 -73.122406 115.623489 -8.601643 -73.167892 115.623489 -8.690907 -73.426949 115.623489 -8.502689 -73.238724 115.623489 -8.761749 -73.328003 115.623489 -8.807232 -73.426949 115.623489 -8.822905 -73.525902 115.623489 -8.807232 -73.615166 115.623489 -8.761749 -73.686005 115.623489 -8.690907 -73.731491 115.623489 -8.601642 -73.747162 115.623489 -8.502689 -73.731491 115.623489 -8.403738 -73.686005 115.623489 -8.314471 -73.615166 115.623489 -8.243630 -73.525902 115.623489 -8.198146 -73.426949 115.623489 -8.182474 -73.328003 115.623489 -8.198146 -73.238724 115.623489 -8.243630 -73.167892 115.623489 -8.314471 -73.122406 115.623489 -8.403738 -73.106735 115.623489 -8.502689 
						-30.728369 109.469063 22.178350 -30.773855 109.469063 22.089085 -30.773855 115.623489 22.089085 -30.728369 115.623489 22.178350 -30.844696 109.469063 22.018246 -30.844696 115.623489 22.018246 -30.844696 109.469063 22.018246 -30.933960 109.469063 21.972763 -30.933960 115.623489 21.972763 -30.844696 115.623489 22.018246 -31.032915 109.469063 21.957088 -31.032915 115.623489 21.957088 -31.131865 109.469063 21.972763 -31.131865 115.623489 21.972763 -31.221130 109.469063 22.018246 -31.221130 115.623489 22.018246 -31.291973 109.469063 22.089085 -31.291973 115.623489 22.089085 -31.337456 109.469063 22.178350 -31.337456 115.623489 22.178350 -31.353130 109.469063 22.277306 -31.353130 115.623489 22.277306 -31.337456 109.469063 22.376255 -31.337456 115.623489 22.376255 -31.291973 109.469063 22.465521 -31.291973 115.623489 22.465521 -31.221130 109.469063 22.536364 -31.221130 115.623489 22.536364 -31.131865 109.469063 22.581846 -31.131865 115.623489 22.581846 -31.032915 109.469063 22.597521 -31.032915 115.623489 22.597521 -30.933960 109.469063 22.581846 -30.933960 115.623489 22.581846 -30.844696 109.469063 22.536364 -30.844696 115.623489 22.536364 -30.773855 109.469063 22.465521 -30.773855 115.623489 22.465521 -30.728373 109.469063 22.376255 -30.728373 115.623489 22.376255 -30.712700 109.469063 22.277306 -30.712700 115.623489 22.277306 -30.773855 109.469063 22.089085 -30.728369 109.469063 22.178350 -31.032915 109.469063 22.277306 -30.844696 109.469063 22.018246 -30.933960 109.469063 21.972763 -31.032915 109.469063 21.957088 -31.131865 109.469063 21.972763 -31.221130 109.469063 22.018246 -31.291973 109.469063 22.089085 -31.337456 109.469063 22.178350 -31.353130 109.469063 22.277306 -31.337456 109.469063 22.376255 -31.291973 109.469063 22.465521 -31.221130 109.469063 22.536364 -31.131865 109.469063 22.581846 -31.032915 109.469063 22.597521 -30.933960 109.469063 22.581846 -30.844696 109.469063 22.536364 -30.773855 109.469063 22.465521 -30.728373 109.469063 22.376255 -30.712700 109.469063 22.277306 -30.728369 115.623489 22.178350 
						-30.773855 115.623489 22.089085 -31.032915 115.623489 22.277306 -30.844696 115.623489 22.018246 -30.933960 115.623489 21.972763 -31.032915 115.623489 21.957088 -31.131865 115.623489 21.972763 -31.221130 115.623489 22.018246 -31.291973 115.623489 22.089085 -31.337456 115.623489 22.178350 -31.353130 115.623489 22.277306 -31.337456 115.623489 22.376255 -31.291973 115.623489 22.465521 -31.221130 115.623489 22.536364 -31.131865 115.623489 22.581846 -31.032915 115.623489 22.597521 -30.933960 115.623489 22.581846 -30.844696 115.623489 22.536364 -30.773855 115.623489 22.465521 -30.728373 115.623489 22.376255 -30.712700 115.623489 22.277306 -24.662527 109.469063 16.127588 -24.708010 109.469063 16.038322 -24.708010 115.623489 16.038322 -24.662527 115.623489 16.127588 -24.778851 109.469063 15.967482 -24.778851 115.623489 15.967482 -24.868120 109.469063 15.921998 -24.868120 115.623489 15.921998 -24.967070 109.469063 15.906324 -24.967070 115.623489 15.906324 -25.066023 109.469063 15.921998 -25.066023 115.623489 15.921998 -25.155289 109.469063 15.967482 -25.155289 115.623489 15.967482 -25.226130 109.469063 16.038322 -25.226130 115.623489 16.038322 -25.271612 109.469063 16.127588 -25.271612 115.623489 16.127588 -25.287285 109.469063 16.226540 -25.287285 115.623489 16.226540 -25.271612 109.469063 16.325493 -25.271612 115.623489 16.325493 -25.226130 109.469063 16.414759 -25.226130 115.623489 16.414759 -25.155289 109.469063 16.485600 -25.155289 115.623489 16.485600 -25.066023 109.469063 16.531082 -25.066023 115.623489 16.531082 -24.967070 109.469063 16.546757 -24.967070 115.623489 16.546757 -24.868120 109.469063 16.531082 -24.868120 115.623489 16.531082 -24.778854 109.469063 16.485600 -24.778854 115.623489 16.485600 -24.778854 109.469063 16.485600 -24.708010 109.469063 16.414759 -24.708010 115.623489 16.414759 -24.778854 115.623489 16.485600 -24.662529 109.469063 16.325493 -24.662529 115.623489 16.325493 -24.646856 109.469063 16.226540 -24.646856 115.623489 16.226540 -24.708010 109.469063 16.038322 -24.662527 109.469063 16.127588 
						-24.967070 109.469063 16.226540 -24.778851 109.469063 15.967482 -24.868120 109.469063 15.921998 -24.967070 109.469063 15.906324 -25.066023 109.469063 15.921998 -25.155289 109.469063 15.967482 -25.226130 109.469063 16.038322 -25.271612 109.469063 16.127588 -25.287285 109.469063 16.226540 -25.271612 109.469063 16.325493 -25.226130 109.469063 16.414759 -25.155289 109.469063 16.485600 -25.066023 109.469063 16.531082 -24.967070 109.469063 16.546757 -24.868120 109.469063 16.531082 -24.778854 109.469063 16.485600 -24.708010 109.469063 16.414759 -24.662529 109.469063 16.325493 -24.646856 109.469063 16.226540 -24.662527 115.623489 16.127588 -24.708010 115.623489 16.038322 -24.967070 115.623489 16.226540 -24.778851 115.623489 15.967482 -24.868120 115.623489 15.921998 -24.967070 115.623489 15.906324 -25.066023 115.623489 15.921998 -25.155289 115.623489 15.967482 -25.226130 115.623489 16.038322 -25.271612 115.623489 16.127588 -25.287285 115.623489 16.226540 -25.271612 115.623489 16.325493 -25.226130 115.623489 16.414759 -25.155289 115.623489 16.485600 -25.066023 115.623489 16.531082 -24.967070 115.623489 16.546757 -24.868120 115.623489 16.531082 -24.778854 115.623489 16.485600 -24.708010 115.623489 16.414759 -24.662529 115.623489 16.325493 -24.646856 115.623489 16.226540 -38.438648 109.469063 -26.293043 -38.484135 109.469063 -26.382311 -38.484135 115.623489 -26.382311 -38.438648 115.623489 -26.293043 -38.554974 109.469063 -26.453150 -38.554974 115.623489 -26.453150 -38.644241 109.469063 -26.498634 -38.644241 115.623489 -26.498634 -38.743191 109.469063 -26.514307 -38.743191 115.623489 -26.514307 -38.842144 109.469063 -26.498634 -38.842144 115.623489 -26.498634 -38.931412 109.469063 -26.453150 -38.931412 115.623489 -26.453150 -39.002254 109.469063 -26.382311 -39.002254 115.623489 -26.382311 -39.047733 109.469063 -26.293043 -39.047733 115.623489 -26.293043 -39.063408 109.469063 -26.194092 -39.063408 115.623489 -26.194092 -39.047733 109.469063 -26.095137 -39.047733 115.623489 -26.095137 -39.002251 109.469063 -26.005871 -39.002251 115.623489 -26.005871 
						-38.931412 109.469063 -25.935030 -38.931412 115.623489 -25.935030 -38.842144 109.469063 -25.889549 -38.842144 115.623489 -25.889549 -38.743191 109.469063 -25.873877 -38.743191 115.623489 -25.873877 -38.644241 109.469063 -25.889549 -38.644241 115.623489 -25.889549 -38.554974 109.469063 -25.935030 -38.554974 115.623489 -25.935030 -38.554974 109.469063 -25.935030 -38.484138 109.469063 -26.005871 -38.484138 115.623489 -26.005871 -38.554974 115.623489 -25.935030 -38.438648 109.469063 -26.095137 -38.438648 115.623489 -26.095137 -38.422981 109.469063 -26.194092 -38.422981 115.623489 -26.194092 -38.484135 109.469063 -26.382311 -38.438648 109.469063 -26.293043 -38.743191 109.469063 -26.194092 -38.554974 109.469063 -26.453150 -38.644241 109.469063 -26.498634 -38.743191 109.469063 -26.514307 -38.842144 109.469063 -26.498634 -38.931412 109.469063 -26.453150 -39.002254 109.469063 -26.382311 -39.047733 109.469063 -26.293043 -39.063408 109.469063 -26.194092 -39.047733 109.469063 -26.095137 -39.002251 109.469063 -26.005871 -38.931412 109.469063 -25.935030 -38.842144 109.469063 -25.889549 -38.743191 109.469063 -25.873877 -38.644241 109.469063 -25.889549 -38.554974 109.469063 -25.935030 -38.484138 109.469063 -26.005871 -38.438648 109.469063 -26.095137 -38.422981 109.469063 -26.194092 -38.438648 115.623489 -26.293043 -38.484135 115.623489 -26.382311 -38.743191 115.623489 -26.194092 -38.554974 115.623489 -26.453150 -38.644241 115.623489 -26.498634 -38.743191 115.623489 -26.514307 -38.842144 115.623489 -26.498634 -38.931412 115.623489 -26.453150 -39.002254 115.623489 -26.382311 -39.047733 115.623489 -26.293043 -39.063408 115.623489 -26.194092 -39.047733 115.623489 -26.095137 -39.002251 115.623489 -26.005871 -38.931412 115.623489 -25.935030 -38.842144 115.623489 -25.889549 -38.743191 115.623489 -25.873877 -38.644241 115.623489 -25.889549 -38.554974 115.623489 -25.935030 -38.484138 115.623489 -26.005871 -38.438648 115.623489 -26.095137 -38.422981 115.623489 -26.194092 -46.826324 109.469063 27.459339 -46.871803 109.469063 27.370075 -46.871803 115.623489 27.370075 -46.826324 115.623489 27.459339 
						-46.942654 109.469063 27.299232 -46.942654 115.623489 27.299232 -47.031918 109.469063 27.253748 -47.031918 115.623489 27.253748 -47.130871 109.469063 27.238077 -47.130871 115.623489 27.238077 -47.229820 109.469063 27.253750 -47.229820 115.623489 27.253750 -47.319088 109.469063 27.299232 -47.319088 115.623489 27.299232 -47.389927 109.469063 27.370075 -47.389927 115.623489 27.370075 -47.435413 109.469063 27.459339 -47.435413 115.623489 27.459339 -47.451080 109.469063 27.558292 -47.451080 115.623489 27.558292 -47.435413 109.469063 27.657246 -47.435413 115.623489 27.657246 -47.389927 109.469063 27.746511 -47.389927 115.623489 27.746511 -47.319088 109.469063 27.817354 -47.319088 115.623489 27.817354 -47.229820 109.469063 27.862835 -47.229820 115.623489 27.862835 -47.130871 109.469063 27.878508 -47.130871 115.623489 27.878508 -47.031918 109.469063 27.862835 -47.031918 115.623489 27.862835 -46.942654 109.469063 27.817354 -46.942654 115.623489 27.817354 -46.942654 109.469063 27.817354 -46.871807 109.469063 27.746511 -46.871807 115.623489 27.746511 -46.942654 115.623489 27.817354 -46.826324 109.469063 27.657246 -46.826324 115.623489 27.657246 -46.810654 109.469063 27.558292 -46.810654 115.623489 27.558292 -46.871803 109.469063 27.370075 -46.826324 109.469063 27.459339 -47.130871 109.469063 27.558292 -46.942654 109.469063 27.299232 -47.031918 109.469063 27.253748 -47.130871 109.469063 27.238077 -47.229820 109.469063 27.253750 -47.319088 109.469063 27.299232 -47.389927 109.469063 27.370075 -47.435413 109.469063 27.459339 -47.451080 109.469063 27.558292 -47.435413 109.469063 27.657246 -47.389927 109.469063 27.746511 -47.319088 109.469063 27.817354 -47.229820 109.469063 27.862835 -47.130871 109.469063 27.878508 -47.031918 109.469063 27.862835 -46.942654 109.469063 27.817354 -46.871807 109.469063 27.746511 -46.826324 109.469063 27.657246 -46.810654 109.469063 27.558292 -46.826324 115.623489 27.459339 -46.871803 115.623489 27.370075 -47.130871 115.623489 27.558292 -46.942654 115.623489 27.299232 -47.031918 115.623489 27.253748 
						-47.130871 115.623489 27.238077 -47.229820 115.623489 27.253750 -47.319088 115.623489 27.299232 -47.389927 115.623489 27.370075 -47.435413 115.623489 27.459339 -47.451080 115.623489 27.558292 -47.435413 115.623489 27.657246 -47.389927 115.623489 27.746511 -47.319088 115.623489 27.817354 -47.229820 115.623489 27.862835 -47.130871 115.623489 27.878508 -47.031918 115.623489 27.862835 -46.942654 115.623489 27.817354 -46.871807 115.623489 27.746511 -46.826324 115.623489 27.657246 -46.810654 115.623489 27.558292 
					</float_array>
					<technique_common>
						<accessor count="2704" offset="0" source="#meshId0-positions-array" stride="3">
							<param name="X" type="float" />
							<param name="Y" type="float" />
							<param name="Z" type="float" />
						</accessor>
					</technique_common>
				</source>
				<source id="meshId0-normals" name="meshId0-normals">
					<float_array id="meshId0-normals-array" count="8112"> 
						0.951054 0.000000 -0.309023 0.809016 0.000000 -0.587786 0.809016 0.000000 -0.587786 0.951054 0.000000 -0.309023 0.587784 0.000000 -0.809018 0.587784 0.000000 -0.809018 0.309014 0.000000 -0.951057 0.309014 0.000000 -0.951057 0.000000 0.000000 -1.000000 0.000000 0.000000 -1.000000 -0.309017 0.000000 -0.951056 -0.309017 0.000000 -0.951056 -0.587784 0.000000 -0.809018 -0.587784 0.000000 -0.809018 -0.809023 0.000000 -0.587777 -0.809023 0.000000 -0.587777 -0.951054 0.000000 -0.309024 -0.951054 0.000000 -0.309024 -1.000000 0.000000 -0.000000 -1.000000 0.000000 -0.000000 -0.951054 0.000000 0.309025 -0.951054 0.000000 0.309025 -0.809021 0.000000 0.587780 -0.809021 0.000000 0.587780 -0.587789 0.000000 0.809015 -0.587789 0.000000 0.809015 -0.309017 0.000000 0.951056 -0.309017 0.000000 0.951056 -0.000000 0.000000 1.000000 -0.000000 0.000000 1.000000 0.309017 0.000000 0.951056 0.309017 0.000000 0.951056 0.587789 0.000000 0.809015 0.587789 0.000000 0.809015 0.587789 0.000000 0.809015 0.809016 0.000000 0.587786 0.809016 0.000000 0.587786 0.587789 0.000000 0.809015 0.951054 0.000000 0.309025 0.951054 0.000000 0.309025 1.000000 0.000000 0.000010 1.000000 0.000000 0.000010 0.000000 -1.000000 -0.000060 0.000000 -1.000000 0.000000 0.000000 -1.000000 -0.000027 0.000000 -1.000000 -0.000030 0.000000 -1.000000 0.000030 0.000000 -1.000000 0.000000 0.000000 -1.000000 0.000000 0.000000 -1.000000 0.000000 0.000000 -1.000000 -0.000120 0.000000 -1.000000 0.000000 0.000000 -1.000000 0.000000 0.000000 -1.000000 -0.000060 0.000000 -1.000000 -0.000000 0.000000 -1.000000 -0.000060 0.000000 -1.000000 0.000000 0.000000 -1.000000 0.000000 0.000000 -1.000000 0.000000 0.000000 -1.000000 0.000000 0.000000 -1.000000 0.000000 0.000000 -1.000000 -0.000120 0.000000 -1.000000 -0.000120 0.000000 1.000000 -0.000000 
						0.000000 1.000000 0.000120 0.000000 1.000000 0.000000 0.000000 1.000000 0.000000 0.000000 1.000000 0.000000 0.000000 1.000000 0.000000 0.000000 1.000000 0.000000 0.000000 1.000000 0.000000 0.000000 1.000000 0.000000 0.000000 1.000000 0.000000 0.000000 1.000000 0.000000 0.000000 1.000000 0.000000 0.000000 1.000000 0.000000 0.000000 1.000000 0.000000 0.000000 1.000000 0.000000 0.000000 1.000000 0.000000 0.000000 1.000000 0.000000 0.000000 1.000000 0.000000 0.000000 1.000000 0.000000 0.000000 1.000000 0.000000 0.000000 1.000000 -0.000120 0.951057 0.000000 -0.309016 0.809017 0.000000 -0.587785 0.809017 0.000000 -0.587785 0.951057 0.000000 -0.309016 0.587785 0.000000 -0.809017 0.587785 0.000000 -0.809017 0.309017 0.000000 -0.951057 0.309017 0.000000 -0.951057 -0.000000 -0.000000 -1.000000 -0.000000 -0.000000 -1.000000 -0.309017 0.000000 -0.951056 -0.309017 0.000000 -0.951056 -0.587786 0.000000 -0.809017 -0.587786 0.000000 -0.809017 -0.587786 0.000000 -0.809017 -0.809017 0.000000 -0.587785 -0.809017 0.000000 -0.587785 -0.587786 0.000000 -0.809017 -0.951056 0.000000 -0.309017 -0.951056 0.000000 -0.309017 -1.000000 -0.000000 0.000000 -1.000000 -0.000000 0.000000 -0.951056 0.000000 0.309017 -0.951056 0.000000 0.309017 -0.809017 0.000000 0.587785 -0.809017 0.000000 0.587785 -0.587785 0.000000 0.809017 -0.587785 0.000000 0.809017 -0.309017 0.000000 0.951056 -0.309017 0.000000 0.951056 0.000000 0.000000 1.000000 0.000000 0.000000 1.000000 0.309017 0.000000 0.951056 0.309017 0.000000 0.951056 0.587785 0.000000 0.809017 0.587785 0.000000 0.809017 0.809017 0.000000 0.587785 0.809017 0.000000 0.587785 0.951056 0.000000 0.309017 0.951056 0.000000 0.309017 1.000000 0.000000 0.000001 1.000000 0.000000 0.000001 0.000000 -1.000000 0.000000 0.000000 -1.000000 0.000000 
						0.000000 -1.000000 -0.000000 0.000000 -1.000000 0.000000 0.000000 -1.000000 0.000000 0.000000 -1.000000 0.000000 0.000000 -1.000000 0.000000 0.000000 -1.000000 0.000000 0.000000 -1.000000 0.000000 0.000000 -1.000000 0.000000 0.000000 -1.000000 0.000000 0.000000 -1.000000 0.000000 0.000000 -1.000000 0.000000 0.000000 -1.000000 0.000000 0.000000 -1.000000 -0.000000 0.000000 -1.000000 0.000000 0.000000 -1.000000 0.000000 0.000000 -1.000000 0.000000 0.000000 -1.000000 0.000000 0.000000 -1.000000 -0.000000 0.000000 -1.000000 -0.000000 0.000000 1.000000 0.000000 0.000000 1.000000 0.000000 0.000000 1.000000 0.000000 0.000000 1.000000 0.000000 0.000000 1.000000 0.000000 0.000000 1.000000 0.000000 0.000000 1.000000 0.000001 0.000000 1.000000 0.000001 0.000000 1.000000 0.000000 0.000000 1.000000 -0.000002 0.000000 1.000000 0.000002 0.000000 1.000000 0.000004 0.000000 1.000000 0.000000 0.000000 1.000000 0.000000 0.000000 1.000000 0.000000 0.000000 1.000000 0.000000 0.000000 1.000000 0.000000 0.000000 1.000000 0.000000 0.000000 1.000000 0.000000 0.000000 1.000000 -0.000002 0.000000 1.000000 -0.000002 1.000000 -0.000000 0.000001 0.951057 -0.000000 -0.309016 0.951057 -0.000000 -0.309016 1.000000 -0.000000 0.000001 0.951056 -0.000000 0.309017 0.951056 -0.000000 0.309017 0.809017 -0.000000 0.587785 0.809017 -0.000000 0.587785 0.587785 -0.000000 0.809017 0.587785 -0.000000 0.809017 0.309017 -0.000000 0.951057 0.309017 -0.000000 0.951057 0.000000 -0.000000 1.000000 0.000000 -0.000000 1.000000 -0.309017 -0.000000 0.951057 -0.309017 -0.000000 0.951057 -0.587785 -0.000000 0.809017 -0.587785 -0.000000 0.809017 -0.809017 -0.000000 0.587785 -0.809017 -0.000000 0.587785 -0.951056 -0.000000 0.309017 -0.951056 -0.000000 0.309017 -1.000000 0.000000 0.000000 -1.000000 0.000000 0.000000 
						-0.951056 -0.000000 -0.309017 -0.951056 -0.000000 -0.309017 -0.809017 -0.000000 -0.587785 -0.809017 -0.000000 -0.587785 -0.587786 -0.000000 -0.809017 -0.587786 -0.000000 -0.809017 -0.309017 -0.000000 -0.951056 -0.309017 -0.000000 -0.951056 -0.000000 0.000000 -1.000000 -0.000000 0.000000 -1.000000 0.309017 -0.000000 -0.951057 0.309017 -0.000000 -0.951057 0.587785 -0.000000 -0.809017 0.587785 -0.000000 -0.809017 0.809017 -0.000000 -0.587785 0.587785 -0.000000 -0.809017 0.587785 -0.000000 -0.809017 0.809017 -0.000000 -0.587785 1.000000 0.000000 0.000000 0.951057 0.000000 -0.309014 0.951057 0.000000 -0.309014 1.000000 0.000000 0.000000 0.951057 0.000000 0.309016 0.951057 0.000000 0.309016 0.809017 0.000000 0.587785 0.809017 0.000000 0.587785 0.587787 0.000000 0.809016 0.587787 0.000000 0.809016 0.309017 0.000000 0.951056 0.309017 0.000000 0.951056 0.000000 0.000000 1.000000 0.000000 0.000000 1.000000 -0.309017 0.000000 0.951056 -0.309017 0.000000 0.951056 -0.587787 0.000000 0.809016 -0.587787 0.000000 0.809016 -0.809017 0.000000 0.587785 -0.809017 0.000000 0.587785 -0.951056 0.000000 0.309017 -0.951056 0.000000 0.309017 -1.000000 0.000000 -0.000000 -1.000000 0.000000 -0.000000 -0.951056 0.000000 -0.309017 -0.951056 0.000000 -0.309017 -0.809015 0.000000 -0.587788 -0.809015 0.000000 -0.587788 -0.587785 0.000000 -0.809017 -0.587785 0.000000 -0.809017 -0.309017 0.000000 -0.951056 -0.309017 0.000000 -0.951056 0.000000 0.000000 -1.000000 0.000000 0.000000 -1.000000 0.309017 0.000000 -0.951056 0.309017 0.000000 -0.951056 0.587787 0.000000 -0.809016 0.587787 0.000000 -0.809016 0.809018 0.000000 -0.587784 0.587787 0.000000 -0.809016 0.587787 0.000000 -0.809016 0.809018 0.000000 -0.587784 -0.017606 -0.999841 0.002787 -0.017606 -0.999841 0.002787 -0.017606 -0.999841 0.002787 -0.017606 -0.999841 0.002787 
						-0.017606 0.999841 0.002788 -0.017606 0.999841 0.002788 -0.017606 0.999841 0.002788 -0.017606 0.999841 0.002788 -0.017606 -0.999841 -0.002788 -0.017606 -0.999841 -0.002788 -0.017606 -0.999841 -0.002788 -0.017606 -0.999841 -0.002788 -0.017606 0.999841 -0.002788 -0.017606 0.999841 -0.002788 -0.017606 0.999841 -0.002788 -0.017606 0.999841 -0.002788 -0.015882 -0.999841 -0.008092 -0.015882 -0.999841 -0.008092 -0.015882 -0.999841 -0.008092 -0.015882 -0.999841 -0.008092 -0.015882 0.999841 -0.008092 -0.015882 0.999841 -0.008092 -0.015882 0.999841 -0.008092 -0.015882 0.999841 -0.008092 -0.012604 -0.999841 -0.012604 -0.012604 -0.999841 -0.012604 -0.012604 -0.999841 -0.012604 -0.012604 -0.999841 -0.012604 -0.012604 0.999841 -0.012605 -0.012604 0.999841 -0.012605 -0.012604 0.999841 -0.012605 -0.012604 0.999841 -0.012605 -0.008093 -0.999841 -0.015883 -0.008093 -0.999841 -0.015883 -0.008093 -0.999841 -0.015883 -0.008093 -0.999841 -0.015883 -0.008093 0.999841 -0.015883 -0.008093 0.999841 -0.015883 -0.008093 0.999841 -0.015883 -0.008093 0.999841 -0.015883 -0.002788 -0.999841 -0.017606 -0.002788 -0.999841 -0.017606 -0.002788 -0.999841 -0.017606 -0.002788 -0.999841 -0.017606 -0.002788 0.999841 -0.017606 -0.002788 0.999841 -0.017606 -0.002788 0.999841 -0.017606 -0.002788 0.999841 -0.017606 0.002788 -0.999841 -0.017606 0.002788 -0.999841 -0.017606 0.002788 -0.999841 -0.017606 0.002788 -0.999841 -0.017606 0.002788 0.999841 -0.017605 0.002788 0.999841 -0.017605 0.002788 0.999841 -0.017605 0.002788 0.999841 -0.017605 0.008093 -0.999841 -0.015883 0.008093 -0.999841 -0.015883 0.008093 -0.999841 -0.015883 0.008093 -0.999841 -0.015883 0.008093 0.999841 -0.015882 0.008093 0.999841 -0.015882 0.008093 0.999841 -0.015882 0.008093 0.999841 -0.015882 0.012604 -0.999841 -0.012605 0.012604 -0.999841 -0.012605 0.012604 -0.999841 -0.012605 0.012604 -0.999841 -0.012605 
						0.012604 0.999841 -0.012603 0.012604 0.999841 -0.012603 0.012604 0.999841 -0.012603 0.012604 0.999841 -0.012603 0.015882 -0.999841 -0.008092 0.015882 -0.999841 -0.008092 0.015882 -0.999841 -0.008092 0.015882 -0.999841 -0.008092 0.015882 0.999841 -0.008093 0.015882 0.999841 -0.008093 0.015882 0.999841 -0.008093 0.015882 0.999841 -0.008093 0.017606 -0.999841 -0.002788 0.017606 -0.999841 -0.002788 0.017606 -0.999841 -0.002788 0.017606 -0.999841 -0.002788 0.017606 0.999841 -0.002788 0.017606 0.999841 -0.002788 0.017606 0.999841 -0.002788 0.017606 0.999841 -0.002788 0.017606 -0.999841 0.002788 0.017606 -0.999841 0.002788 0.017606 -0.999841 0.002788 0.017606 -0.999841 0.002788 0.017606 0.999841 0.002788 0.017606 0.999841 0.002788 0.017606 0.999841 0.002788 0.017606 0.999841 0.002788 0.015882 -0.999841 0.008092 0.015882 -0.999841 0.008092 0.015882 -0.999841 0.008092 0.015882 -0.999841 0.008092 0.015882 0.999841 0.008093 0.015882 0.999841 0.008093 0.015882 0.999841 0.008093 0.015882 0.999841 0.008093 0.012604 -0.999841 0.012605 0.012604 -0.999841 0.012605 0.012604 -0.999841 0.012605 0.012604 -0.999841 0.012605 0.012604 0.999841 0.012605 0.012604 0.999841 0.012605 0.012604 0.999841 0.012605 0.012604 0.999841 0.012605 0.008093 -0.999841 0.015883 0.008093 -0.999841 0.015883 0.008093 -0.999841 0.015883 0.008093 -0.999841 0.015883 0.008093 0.999841 0.015883 0.008093 0.999841 0.015883 0.008093 0.999841 0.015883 0.008093 0.999841 0.015883 0.002788 -0.999841 0.017606 0.002788 -0.999841 0.017606 0.002788 -0.999841 0.017606 0.002788 -0.999841 0.017606 0.002788 0.999841 0.017606 0.002788 0.999841 0.017606 0.002788 0.999841 0.017606 0.002788 0.999841 0.017606 -0.002788 -0.999841 0.017606 -0.002788 -0.999841 0.017606 -0.002788 -0.999841 0.017606 -0.002788 -0.999841 0.017606 
						-0.002788 0.999841 0.017606 -0.002788 0.999841 0.017606 -0.002788 0.999841 0.017606 -0.002788 0.999841 0.017606 -0.008093 -0.999841 0.015882 -0.008093 -0.999841 0.015882 -0.008093 -0.999841 0.015882 -0.008093 -0.999841 0.015882 -0.008093 0.999841 0.015883 -0.008093 0.999841 0.015883 -0.008093 0.999841 0.015883 -0.008093 0.999841 0.015883 -0.012604 -0.999841 0.012605 -0.012604 -0.999841 0.012605 -0.012604 -0.999841 0.012605 -0.012604 -0.999841 0.012605 -0.012604 0.999841 0.012604 -0.012604 0.999841 0.012604 -0.012604 0.999841 0.012604 -0.012604 0.999841 0.012604 -0.015882 -0.999841 0.008093 -0.015882 -0.999841 0.008093 -0.015882 -0.999841 0.008093 -0.015882 -0.999841 0.008093 -0.015882 0.999841 0.008093 -0.015882 0.999841 0.008093 -0.015882 0.999841 0.008093 -0.015882 0.999841 0.008093 0.951060 0.000000 -0.309007 0.809015 0.000000 -0.587788 0.809015 0.000000 -0.587788 0.951060 0.000000 -0.309007 0.587786 0.000000 -0.809017 0.587786 0.000000 -0.809017 0.309026 0.000000 -0.951054 0.309026 0.000000 -0.951054 -0.000013 0.000000 -1.000000 -0.000013 0.000000 -1.000000 -0.309026 0.000000 -0.951054 -0.309026 0.000000 -0.951054 -0.587777 0.000000 -0.809023 -0.587777 0.000000 -0.809023 -0.809006 0.000000 -0.587801 -0.809006 0.000000 -0.587801 -0.951065 0.000000 -0.308990 -0.951065 0.000000 -0.308990 -1.000000 0.000000 0.000000 -1.000000 0.000000 0.000000 -0.951060 0.000000 0.309007 -0.951060 0.000000 0.309007 -0.809006 0.000000 0.587800 -0.809006 0.000000 0.587800 -0.587787 0.000000 0.809016 -0.587787 0.000000 0.809016 -0.309026 0.000000 0.951054 -0.309026 0.000000 0.951054 -0.000000 0.000000 1.000000 -0.000000 0.000000 1.000000 0.309026 0.000000 0.951054 0.309026 0.000000 0.951054 0.587787 0.000000 0.809016 0.587787 0.000000 0.809016 0.587787 0.000000 0.809016 0.809015 0.000000 0.587788 
						0.809015 0.000000 0.587788 0.587787 0.000000 0.809016 0.951054 0.000000 0.309024 0.951054 0.000000 0.309024 1.000000 0.000000 0.000000 1.000000 0.000000 0.000000 0.000000 -1.000000 0.000000 0.000000 -1.000000 0.000000 0.000000 -1.000000 -0.000006 0.000000 -1.000000 0.000000 0.000000 -1.000000 0.000000 0.000000 -1.000000 0.000000 0.000000 -1.000000 0.000000 0.000000 -1.000000 0.000000 0.000000 -1.000000 0.000000 0.000000 -1.000000 0.000000 0.000000 -1.000000 0.000000 0.000000 -1.000000 -0.000060 0.000000 -1.000000 -0.000060 0.000000 -1.000000 0.000000 0.000000 -1.000000 0.000000 0.000000 -1.000000 0.000000 0.000000 -1.000000 0.000000 0.000000 -1.000000 0.000000 0.000000 -1.000000 0.000000 0.000000 -1.000000 0.000000 0.000000 -1.000000 0.000000 0.000000 1.000000 0.000000 0.000000 1.000000 0.000000 0.000000 1.000000 -0.000000 0.000000 1.000000 0.000000 0.000000 1.000000 0.000000 0.000000 1.000000 0.000000 0.000000 1.000000 0.000000 0.000000 1.000000 0.000000 0.000000 1.000000 0.000060 0.000000 1.000000 0.000060 0.000000 1.000000 0.000000 0.000000 1.000000 -0.000120 0.000000 1.000000 -0.000120 0.000000 1.000000 0.000000 0.000000 1.000000 0.000000 0.000000 1.000000 0.000000 0.000000 1.000000 0.000000 0.000000 1.000000 0.000000 0.000000 1.000000 0.000060 0.000000 1.000000 0.000060 0.000000 1.000000 0.000000 0.951054 0.000000 -0.309026 0.809015 0.000000 -0.587788 0.809015 0.000000 -0.587788 0.951054 0.000000 -0.309026 0.587777 0.000000 -0.809023 0.587777 0.000000 -0.809023 0.309020 0.000000 -0.951056 0.309020 0.000000 -0.951056 -0.000000 0.000000 -1.000000 -0.000000 0.000000 -1.000000 -0.309020 0.000000 -0.951056 -0.309020 0.000000 -0.951056 -0.587795 0.000000 -0.809010 -0.587795 0.000000 -0.809010 -0.809015 0.000000 -0.587788 -0.809015 0.000000 -0.587788 
						-0.951054 0.000000 -0.309026 -0.951054 0.000000 -0.309026 -1.000000 0.000000 0.000000 -1.000000 0.000000 0.000000 -0.951055 0.000000 0.309023 -0.951055 0.000000 0.309023 -0.809015 0.000000 0.587788 -0.809015 0.000000 0.587788 -0.587791 0.000000 0.809013 -0.587791 0.000000 0.809013 -0.309026 0.000000 0.951054 -0.309026 0.000000 0.951054 -0.000000 0.000000 1.000000 -0.000000 0.000000 1.000000 0.309026 0.000000 0.951054 0.309026 0.000000 0.951054 0.587773 0.000000 0.809026 0.587773 0.000000 0.809026 0.587773 0.000000 0.809026 0.809015 0.000000 0.587788 0.809015 0.000000 0.587788 0.587773 0.000000 0.809026 0.951055 0.000000 0.309023 0.951055 0.000000 0.309023 1.000000 0.000000 0.000000 1.000000 0.000000 0.000000 0.000000 -1.000000 0.000000 0.000000 -1.000000 0.000000 0.000000 -1.000000 0.000000 0.000000 -1.000000 0.000000 0.000000 -1.000000 0.000000 0.000000 -1.000000 0.000000 0.000000 -1.000000 0.000000 0.000000 -1.000000 0.000000 0.000000 -1.000000 0.000000 0.000000 -1.000000 0.000000 0.000000 -1.000000 0.000000 0.000000 -1.000000 0.000000 0.000000 -1.000000 0.000000 0.000000 -1.000000 0.000000 0.000000 -1.000000 0.000000 0.000000 -1.000000 0.000000 0.000000 -1.000000 0.000000 0.000000 -1.000000 0.000000 0.000000 -1.000000 0.000000 0.000000 -1.000000 0.000000 0.000000 -1.000000 0.000000 0.000000 1.000000 0.000000 0.000000 1.000000 0.000000 0.000000 1.000000 -0.000000 0.000000 1.000000 0.000000 0.000000 1.000000 0.000000 0.000000 1.000000 0.000000 0.000000 1.000000 0.000000 0.000000 1.000000 0.000000 0.000000 1.000000 -0.000060 0.000000 1.000000 -0.000060 0.000000 1.000000 0.000000 0.000000 1.000000 0.000000 0.000000 1.000000 0.000000 0.000000 1.000000 0.000000 0.000000 1.000000 0.000000 0.000000 1.000000 0.000000 0.000000 1.000000 0.000000 
						0.000000 1.000000 0.000000 0.000000 1.000000 0.000060 0.000000 1.000000 0.000060 0.000000 1.000000 0.000000 0.951054 0.000000 -0.309024 0.808998 0.000000 -0.587812 0.808998 0.000000 -0.587812 0.951054 0.000000 -0.309024 0.587779 0.000000 -0.809021 0.587779 0.000000 -0.809021 0.309028 0.000000 -0.951053 0.309028 0.000000 -0.951053 0.000000 0.000000 -1.000000 0.000000 0.000000 -1.000000 -0.309017 0.000000 -0.951056 -0.309017 0.000000 -0.951056 -0.587779 0.000000 -0.809021 -0.587779 0.000000 -0.809021 -0.808998 0.000000 -0.587812 -0.808998 0.000000 -0.587812 -0.951054 0.000000 -0.309024 -0.951054 0.000000 -0.309024 -1.000000 0.000000 0.000000 -1.000000 0.000000 0.000000 -0.951054 0.000000 0.309025 -0.951054 0.000000 0.309025 -0.808998 0.000000 0.587812 -0.808998 0.000000 0.587812 -0.587781 0.000000 0.809020 -0.587781 0.000000 0.809020 -0.309014 0.000000 0.951057 -0.309014 0.000000 0.951057 0.000000 0.000000 1.000000 0.000000 0.000000 1.000000 0.309026 0.000000 0.951054 0.309026 0.000000 0.951054 0.587781 0.000000 0.809020 0.587781 0.000000 0.809020 0.587781 0.000000 0.809020 0.808998 0.000000 0.587812 0.808998 0.000000 0.587812 0.587781 0.000000 0.809020 0.951054 0.000000 0.309025 0.951054 0.000000 0.309025 1.000000 0.000000 0.000000 1.000000 0.000000 0.000000 0.000000 -1.000000 0.000000 0.000000 -1.000000 0.000000 0.000000 -1.000000 0.000000 0.000000 -1.000000 0.000000 0.000000 -1.000000 0.000000 0.000000 -1.000000 0.000000 0.000000 -1.000000 0.000000 0.000000 -1.000000 0.000000 0.000000 -1.000000 0.000000 0.000000 -1.000000 0.000000 0.000000 -1.000000 0.000000 0.000000 -1.000000 0.000000 0.000000 -1.000000 0.000000 0.000000 -1.000000 0.000000 0.000000 -1.000000 0.000000 0.000000 -1.000000 0.000000 0.000000 -1.000000 0.000000 0.000000 -1.000000 0.000000 
						0.000000 -1.000000 0.000000 0.000000 -1.000000 0.000000 0.000000 -1.000000 0.000000 0.000000 1.000000 0.000000 0.000000 1.000000 0.000000 0.000000 1.000000 0.000009 0.000000 1.000000 0.000060 0.000000 1.000000 0.000060 0.000000 1.000000 0.000000 0.000000 1.000000 0.000000 0.000000 1.000000 0.000000 0.000000 1.000000 0.000000 0.000000 1.000000 0.000000 0.000000 1.000000 0.000000 0.000000 1.000000 0.000000 0.000000 1.000000 0.000000 0.000000 1.000000 0.000000 0.000000 1.000000 0.000000 0.000000 1.000000 0.000000 0.000000 1.000000 -0.000030 0.000000 1.000000 -0.000030 0.000000 1.000000 0.000060 0.000000 1.000000 0.000060 0.000000 1.000000 0.000000 0.951061 0.000000 -0.309003 0.809019 0.000000 -0.587782 0.809019 0.000000 -0.587782 0.951061 0.000000 -0.309003 0.587778 0.000000 -0.809022 0.587778 0.000000 -0.809022 0.309014 0.000000 -0.951057 0.309014 0.000000 -0.951057 -0.000013 0.000000 -1.000000 -0.000013 0.000000 -1.000000 -0.309014 0.000000 -0.951057 -0.309014 0.000000 -0.951057 -0.587769 0.000000 -0.809029 -0.587769 0.000000 -0.809029 -0.809019 0.000000 -0.587782 -0.809019 0.000000 -0.587782 -0.951061 0.000000 -0.309003 -0.951061 0.000000 -0.309003 -1.000000 0.000000 0.000000 -1.000000 0.000000 0.000000 -0.951054 0.000000 0.309024 -0.951054 0.000000 0.309024 -0.809015 0.000000 0.587788 -0.809015 0.000000 0.587788 -0.587787 0.000000 0.809016 -0.587787 0.000000 0.809016 -0.309014 0.000000 0.951057 -0.309014 0.000000 0.951057 0.000000 0.000000 1.000000 0.000000 0.000000 1.000000 0.309014 0.000000 0.951057 0.309014 0.000000 0.951057 0.587787 0.000000 0.809016 0.587787 0.000000 0.809016 0.587787 0.000000 0.809016 0.809015 0.000000 0.587788 0.809015 0.000000 0.587788 0.587787 0.000000 0.809016 0.951054 0.000000 0.309024 0.951054 0.000000 0.309024 
						1.000000 0.000000 0.000000 1.000000 0.000000 0.000000 0.000000 -1.000000 0.000000 0.000000 -1.000000 0.000000 0.000000 -1.000000 0.000000 0.000000 -1.000000 0.000000 0.000000 -1.000000 0.000000 0.000000 -1.000000 0.000000 0.000000 -1.000000 0.000000 0.000000 -1.000000 0.000000 0.000000 -1.000000 0.000000 0.000000 -1.000000 0.000000 0.000000 -1.000000 0.000000 0.000000 -1.000000 0.000000 0.000000 -1.000000 0.000000 0.000000 -1.000000 0.000000 0.000000 -1.000000 0.000000 0.000000 -1.000000 0.000000 0.000000 -1.000000 0.000000 0.000000 -1.000000 0.000000 0.000000 -1.000000 0.000000 0.000000 -1.000000 0.000000 0.000000 -1.000000 0.000000 0.000000 1.000000 0.000000 0.000000 1.000000 0.000000 0.000000 1.000000 0.000006 0.000000 1.000000 0.000000 0.000000 1.000000 0.000000 0.000000 1.000000 0.000000 0.000000 1.000000 0.000000 0.000000 1.000000 0.000000 0.000000 1.000000 0.000000 0.000000 1.000000 0.000000 0.000000 1.000000 0.000000 0.000000 1.000000 0.000000 0.000000 1.000000 0.000000 0.000000 1.000000 0.000000 0.000000 1.000000 0.000000 0.000000 1.000000 0.000000 0.000000 1.000000 0.000000 0.000000 1.000000 0.000000 0.000000 1.000000 0.000060 0.000000 1.000000 0.000060 0.000000 1.000000 0.000000 0.951057 0.000000 -0.309015 0.809016 0.000000 -0.587787 0.809016 0.000000 -0.587787 0.951057 0.000000 -0.309015 0.587787 0.000000 -0.809016 0.587787 0.000000 -0.809016 0.309015 0.000000 -0.951057 0.309015 0.000000 -0.951057 -0.000000 0.000000 -1.000000 -0.000000 0.000000 -1.000000 -0.309018 0.000000 -0.951056 -0.309018 0.000000 -0.951056 -0.587787 0.000000 -0.809016 -0.587787 0.000000 -0.809016 -0.809020 0.000000 -0.587780 -0.809020 0.000000 -0.587780 -0.951054 0.000000 -0.309024 -0.951054 0.000000 -0.309024 -1.000000 0.000000 0.000000 -1.000000 0.000000 0.000000 
						-0.951057 0.000000 0.309016 -0.951057 0.000000 0.309016 -0.809025 0.000000 0.587774 -0.809025 0.000000 0.587774 -0.587783 0.000000 0.809019 -0.587783 0.000000 0.809019 -0.309015 0.000000 0.951057 -0.309015 0.000000 0.951057 0.000000 0.000000 1.000000 0.000000 0.000000 1.000000 0.309015 0.000000 0.951057 0.309015 0.000000 0.951057 0.587787 0.000000 0.809016 0.587787 0.000000 0.809016 0.587787 0.000000 0.809016 0.809020 0.000000 0.587781 0.809020 0.000000 0.587781 0.587787 0.000000 0.809016 0.951057 0.000000 0.309016 0.951057 0.000000 0.309016 1.000000 0.000000 0.000010 1.000000 0.000000 0.000010 0.000000 -1.000000 -0.000060 0.000000 -1.000000 0.000000 0.000000 -1.000000 -0.000006 0.000000 -1.000000 -0.000030 0.000000 -1.000000 0.000030 0.000000 -1.000000 0.000000 0.000000 -1.000000 0.000000 0.000000 -1.000000 0.000000 0.000000 -1.000000 -0.000120 0.000000 -1.000000 0.000000 0.000000 -1.000000 0.000000 0.000000 -1.000000 -0.000060 0.000000 -1.000000 0.000120 0.000000 -1.000000 0.000030 0.000000 -1.000000 -0.000030 0.000000 -1.000000 0.000000 0.000000 -1.000000 -0.000060 0.000000 -1.000000 0.000000 0.000000 -1.000000 0.000060 0.000000 -1.000000 0.000000 0.000000 -1.000000 0.000000 0.000000 1.000000 0.000000 0.000000 1.000000 0.000120 0.000000 1.000000 0.000003 0.000000 1.000000 0.000000 0.000000 1.000000 0.000000 0.000000 1.000000 0.000000 0.000000 1.000000 0.000000 0.000000 1.000000 0.000000 0.000000 1.000000 0.000000 0.000000 1.000000 0.000000 0.000000 1.000000 0.000000 0.000000 1.000000 0.000000 0.000000 1.000000 0.000000 0.000000 1.000000 0.000000 0.000000 1.000000 0.000000 0.000000 1.000000 0.000000 0.000000 1.000000 0.000030 0.000000 1.000000 0.000030 0.000000 1.000000 0.000000 0.000000 1.000000 0.000000 0.000000 1.000000 -0.000120 
						0.951054 0.000000 -0.309024 0.809016 0.000000 -0.587787 0.809016 0.000000 -0.587787 0.951054 0.000000 -0.309024 0.587796 0.000000 -0.809009 0.587796 0.000000 -0.809009 0.309018 0.000000 -0.951056 0.309018 0.000000 -0.951056 -0.000000 0.000000 -1.000000 -0.000000 0.000000 -1.000000 -0.309018 0.000000 -0.951056 -0.309018 0.000000 -0.951056 -0.587796 0.000000 -0.809009 -0.587796 0.000000 -0.809009 -0.809016 0.000000 -0.587787 -0.809016 0.000000 -0.587787 -0.951054 0.000000 -0.309024 -0.951054 0.000000 -0.309024 -1.000000 0.000000 0.000000 -1.000000 0.000000 0.000000 -0.951054 0.000000 0.309024 -0.951054 0.000000 0.309024 -0.809016 0.000000 0.587787 -0.809016 0.000000 0.587787 -0.587796 0.000000 0.809009 -0.587796 0.000000 0.809009 -0.309017 0.000000 0.951056 -0.309017 0.000000 0.951056 0.000000 0.000000 1.000000 0.000000 0.000000 1.000000 0.309018 0.000000 0.951056 0.309018 0.000000 0.951056 0.587796 0.000000 0.809009 0.587796 0.000000 0.809009 0.587796 0.000000 0.809009 0.809016 0.000000 0.587787 0.809016 0.000000 0.587787 0.587796 0.000000 0.809009 0.951054 0.000000 0.309024 0.951054 0.000000 0.309024 1.000000 0.000000 -0.000000 1.000000 0.000000 -0.000000 0.000000 -1.000000 0.000000 0.000000 -1.000000 0.000000 0.000000 -1.000000 0.000000 0.000000 -1.000000 0.000000 0.000000 -1.000000 0.000000 0.000000 -1.000000 0.000000 0.000000 -1.000000 0.000000 0.000000 -1.000000 0.000000 0.000000 -1.000000 0.000000 0.000000 -1.000000 0.000000 0.000000 -1.000000 0.000000 0.000000 -1.000000 0.000000 0.000000 -1.000000 0.000000 0.000000 -1.000000 0.000000 0.000000 -1.000000 0.000000 0.000000 -1.000000 0.000000 0.000000 -1.000000 0.000000 0.000000 -1.000000 0.000000 0.000000 -1.000000 0.000000 0.000000 -1.000000 0.000000 0.000000 -1.000000 0.000000 0.000000 1.000000 0.000000 
						0.000000 1.000000 0.000000 0.000000 1.000000 0.000000 0.000000 1.000000 0.000000 0.000000 1.000000 0.000000 0.000000 1.000000 0.000000 0.000000 1.000000 0.000000 0.000000 1.000000 0.000000 0.000000 1.000000 -0.000060 0.000000 1.000000 -0.000060 0.000000 1.000000 0.000000 0.000000 1.000000 0.000000 0.000000 1.000000 0.000000 0.000000 1.000000 0.000000 0.000000 1.000000 0.000000 0.000000 1.000000 0.000000 0.000000 1.000000 0.000000 0.000000 1.000000 0.000000 0.000000 1.000000 0.000060 0.000000 1.000000 0.000060 0.000000 1.000000 0.000000 0.951060 0.000000 -0.309006 0.809021 0.000000 -0.587780 0.809021 0.000000 -0.587780 0.951060 0.000000 -0.309006 0.587780 0.000000 -0.809021 0.587780 0.000000 -0.809021 0.309014 0.000000 -0.951057 0.309014 0.000000 -0.951057 -0.000000 0.000000 -1.000000 -0.000000 0.000000 -1.000000 -0.309014 0.000000 -0.951057 -0.309014 0.000000 -0.951057 -0.587784 0.000000 -0.809018 -0.587784 0.000000 -0.809018 -0.809022 0.000000 -0.587779 -0.809022 0.000000 -0.587779 -0.951057 0.000000 -0.309015 -0.951057 0.000000 -0.309015 -1.000000 0.000000 0.000000 -1.000000 0.000000 0.000000 -0.951057 0.000000 0.309017 -0.951057 0.000000 0.309017 -0.809021 0.000000 0.587780 -0.809021 0.000000 0.587780 -0.587791 0.000000 0.809013 -0.587791 0.000000 0.809013 -0.309012 0.000000 0.951058 -0.309012 0.000000 0.951058 0.000000 0.000000 1.000000 0.000000 0.000000 1.000000 0.309014 0.000000 0.951057 0.309014 0.000000 0.951057 0.587786 0.000000 0.809016 0.587786 0.000000 0.809016 0.587786 0.000000 0.809016 0.809016 0.000000 0.587786 0.809016 0.000000 0.587786 0.587786 0.000000 0.809016 0.951059 0.000000 0.309008 0.951059 0.000000 0.309008 1.000000 0.000000 0.000000 1.000000 0.000000 0.000000 0.000000 -1.000000 -0.000060 0.000000 -1.000000 0.000000 
						0.000000 -1.000000 0.000000 0.000000 -1.000000 -0.000030 0.000000 -1.000000 0.000030 0.000000 -1.000000 0.000000 0.000000 -1.000000 0.000060 0.000000 -1.000000 -0.000000 0.000000 -1.000000 -0.000060 0.000000 -1.000000 0.000000 0.000000 -1.000000 0.000000 0.000000 -1.000000 0.000000 0.000000 -1.000000 0.000060 0.000000 -1.000000 0.000030 0.000000 -1.000000 -0.000030 0.000000 -1.000000 0.000000 0.000000 -1.000000 0.000000 0.000000 -1.000000 0.000000 0.000000 -1.000000 0.000000 0.000000 -1.000000 0.000000 0.000000 -1.000000 0.000000 0.000000 1.000000 0.000000 0.000000 1.000000 0.000000 0.000000 1.000000 -0.000003 0.000000 1.000000 0.000000 0.000000 1.000000 0.000000 0.000000 1.000000 0.000000 0.000000 1.000000 -0.000030 0.000000 1.000000 -0.000030 0.000000 1.000000 0.000000 0.000000 1.000000 0.000000 0.000000 1.000000 0.000000 0.000000 1.000000 0.000000 0.000000 1.000000 0.000000 0.000000 1.000000 0.000000 0.000000 1.000000 0.000000 0.000000 1.000000 0.000000 0.000000 1.000000 0.000000 0.000000 1.000000 0.000000 0.000000 1.000000 0.000000 0.000000 1.000000 0.000000 0.000000 1.000000 0.000000 0.951058 0.000000 -0.309012 0.809015 0.000000 -0.587788 0.809015 0.000000 -0.587788 0.951058 0.000000 -0.309012 0.587787 0.000000 -0.809016 0.587787 0.000000 -0.809016 0.309012 0.000000 -0.951058 0.309012 0.000000 -0.951058 -0.000006 0.000000 -1.000000 -0.000006 0.000000 -1.000000 -0.309014 0.000000 -0.951057 -0.309014 0.000000 -0.951057 -0.587782 0.000000 -0.809019 -0.587782 0.000000 -0.809019 -0.809020 0.000000 -0.587782 -0.809020 0.000000 -0.587782 -0.951055 0.000000 -0.309021 -0.951055 0.000000 -0.309021 -1.000000 0.000000 0.000000 -1.000000 0.000000 0.000000 -0.951054 0.000000 0.309026 -0.951054 0.000000 0.309026 -0.809020 0.000000 0.587782 -0.809020 0.000000 0.587782 
						-0.587787 0.000000 0.809016 -0.587787 0.000000 0.809016 -0.309020 0.000000 0.951056 -0.309020 0.000000 0.951056 0.000000 0.000000 1.000000 0.000000 0.000000 1.000000 0.309017 0.000000 0.951056 0.309017 0.000000 0.951056 0.587787 0.000000 0.809016 0.587787 0.000000 0.809016 0.587787 0.000000 0.809016 0.809020 0.000000 0.587782 0.809020 0.000000 0.587782 0.587787 0.000000 0.809016 0.951056 0.000000 0.309018 0.951056 0.000000 0.309018 1.000000 0.000000 0.000010 1.000000 0.000000 0.000010 0.000000 -1.000000 -0.000060 0.000000 -1.000000 0.000000 0.000000 -1.000000 -0.000015 0.000000 -1.000000 -0.000030 0.000000 -1.000000 0.000030 0.000000 -1.000000 0.000000 0.000000 -1.000000 0.000000 0.000000 -1.000000 0.000000 0.000000 -1.000000 -0.000120 0.000000 -1.000000 0.000000 0.000000 -1.000000 0.000000 0.000000 -1.000000 -0.000060 0.000000 -1.000000 -0.000000 0.000000 -1.000000 -0.000060 0.000000 -1.000000 0.000000 0.000000 -1.000000 0.000000 0.000000 -1.000000 -0.000060 0.000000 -1.000000 0.000000 0.000000 -1.000000 0.000060 0.000000 -1.000000 0.000000 0.000000 -1.000000 0.000000 0.000000 1.000000 -0.000000 0.000000 1.000000 0.000120 0.000000 1.000000 0.000003 0.000000 1.000000 0.000000 0.000000 1.000000 0.000000 0.000000 1.000000 0.000000 0.000000 1.000000 0.000000 0.000000 1.000000 0.000000 0.000000 1.000000 0.000000 0.000000 1.000000 0.000000 0.000000 1.000000 0.000000 0.000000 1.000000 0.000000 0.000000 1.000000 0.000000 0.000000 1.000000 0.000000 0.000000 1.000000 0.000000 0.000000 1.000000 0.000000 0.000000 1.000000 0.000030 0.000000 1.000000 0.000030 0.000000 1.000000 0.000000 0.000000 1.000000 0.000000 0.000000 1.000000 -0.000120 0.951058 0.000000 -0.309012 0.809015 0.000000 -0.587788 0.809015 0.000000 -0.587788 0.951058 0.000000 -0.309012 
						0.587787 0.000000 -0.809016 0.587787 0.000000 -0.809016 0.309014 0.000000 -0.951057 0.309014 0.000000 -0.951057 -0.000013 0.000000 -1.000000 -0.000013 0.000000 -1.000000 -0.309012 0.000000 -0.951058 -0.309012 0.000000 -0.951058 -0.587778 0.000000 -0.809022 -0.587778 0.000000 -0.809022 -0.809020 0.000000 -0.587782 -0.809020 0.000000 -0.587782 -0.951055 0.000000 -0.309021 -0.951055 0.000000 -0.309021 -1.000000 0.000000 0.000000 -1.000000 0.000000 0.000000 -0.951055 0.000000 0.309021 -0.951055 0.000000 0.309021 -0.809020 0.000000 0.587782 -0.809020 0.000000 0.587782 -0.587778 0.000000 0.809022 -0.587778 0.000000 0.809022 -0.309023 0.000000 0.951055 -0.309023 0.000000 0.951055 -0.000000 0.000000 1.000000 -0.000000 0.000000 1.000000 0.309026 0.000000 0.951054 0.309026 0.000000 0.951054 0.587774 0.000000 0.809025 0.587774 0.000000 0.809025 0.587774 0.000000 0.809025 0.809020 0.000000 0.587781 0.809020 0.000000 0.587781 0.587774 0.000000 0.809025 0.951061 0.000000 0.309003 0.951061 0.000000 0.309003 1.000000 0.000000 0.000010 1.000000 0.000000 0.000010 0.000000 -1.000000 0.000000 0.000000 -1.000000 -0.000060 0.000000 -1.000000 0.000003 0.000000 -1.000000 0.000060 0.000000 -1.000000 0.000000 0.000000 -1.000000 0.000000 0.000000 -1.000000 0.000060 0.000000 -1.000000 0.000000 0.000000 -1.000000 -0.000060 0.000000 -1.000000 0.000120 0.000000 -1.000000 0.000000 0.000000 -1.000000 -0.000120 0.000000 -1.000000 0.000060 0.000000 -1.000000 0.000030 0.000000 -1.000000 -0.000030 0.000000 -1.000000 0.000000 0.000000 -1.000000 0.000000 0.000000 -1.000000 0.000000 0.000000 -1.000000 0.000000 0.000000 -1.000000 0.000000 0.000000 -1.000000 0.000000 0.000000 1.000000 0.000000 0.000000 1.000000 0.000000 0.000000 1.000000 -0.000003 0.000000 1.000000 0.000000 0.000000 1.000000 0.000000 
						0.000000 1.000000 0.000000 0.000000 1.000000 -0.000030 0.000000 1.000000 -0.000030 0.000000 1.000000 0.000000 0.000000 1.000000 0.000000 0.000000 1.000000 0.000000 0.000000 1.000000 0.000000 0.000000 1.000000 0.000000 0.000000 1.000000 0.000000 0.000000 1.000000 0.000000 0.000000 1.000000 0.000000 0.000000 1.000000 0.000000 0.000000 1.000000 0.000000 0.000000 1.000000 0.000000 0.000000 1.000000 0.000000 0.000000 1.000000 0.000000 0.951055 0.000000 -0.309023 0.809015 0.000000 -0.587788 0.809015 0.000000 -0.587788 0.951055 0.000000 -0.309023 0.587773 0.000000 -0.809026 0.587773 0.000000 -0.809026 0.309014 0.000000 -0.951057 0.309014 0.000000 -0.951057 -0.000000 0.000000 -1.000000 -0.000000 0.000000 -1.000000 -0.309014 0.000000 -0.951057 -0.309014 0.000000 -0.951057 -0.587791 0.000000 -0.809013 -0.587791 0.000000 -0.809013 -0.809015 0.000000 -0.587788 -0.809015 0.000000 -0.587788 -0.951055 0.000000 -0.309023 -0.951055 0.000000 -0.309023 -1.000000 0.000000 0.000000 -1.000000 0.000000 0.000000 -0.951055 0.000000 0.309023 -0.951055 0.000000 0.309023 -0.809015 0.000000 0.587788 -0.809015 0.000000 0.587788 -0.587795 0.000000 0.809010 -0.587795 0.000000 0.809010 -0.309009 0.000000 0.951059 -0.309009 0.000000 0.951059 0.000000 0.000000 1.000000 0.000000 0.000000 1.000000 0.309009 0.000000 0.951059 0.309009 0.000000 0.951059 0.587777 0.000000 0.809023 0.587777 0.000000 0.809023 0.587777 0.000000 0.809023 0.809015 0.000000 0.587788 0.809015 0.000000 0.587788 0.587777 0.000000 0.809023 0.951055 0.000000 0.309023 0.951055 0.000000 0.309023 1.000000 0.000000 0.000000 1.000000 0.000000 0.000000 0.000000 -1.000000 0.000000 0.000000 -1.000000 0.000000 0.000000 -1.000000 0.000000 0.000000 -1.000000 0.000000 0.000000 -1.000000 0.000000 0.000000 -1.000000 0.000000 
						0.000000 -1.000000 0.000000 0.000000 -1.000000 0.000000 0.000000 -1.000000 0.000000 0.000000 -1.000000 0.000000 0.000000 -1.000000 0.000000 0.000000 -1.000000 0.000000 0.000000 -1.000000 0.000000 0.000000 -1.000000 0.000000 0.000000 -1.000000 0.000000 0.000000 -1.000000 0.000000 0.000000 -1.000000 0.000000 0.000000 -1.000000 0.000000 0.000000 -1.000000 0.000000 0.000000 -1.000000 0.000000 0.000000 -1.000000 0.000000 0.000000 1.000000 0.000000 0.000000 1.000000 0.000000 0.000000 1.000000 0.000000 0.000000 1.000000 0.000000 0.000000 1.000000 0.000000 0.000000 1.000000 0.000000 0.000000 1.000000 0.000000 0.000000 1.000000 0.000000 0.000000 1.000000 -0.000060 0.000000 1.000000 -0.000060 0.000000 1.000000 0.000000 0.000000 1.000000 0.000000 0.000000 1.000000 0.000000 0.000000 1.000000 0.000000 0.000000 1.000000 0.000000 0.000000 1.000000 0.000000 0.000000 1.000000 0.000000 0.000000 1.000000 0.000000 0.000000 1.000000 0.000060 0.000000 1.000000 0.000060 0.000000 1.000000 0.000000 -0.809013 -0.000001 0.587791 -0.951059 0.000000 0.309010 -0.933206 0.192837 0.303216 -0.793829 0.192840 0.576757 -0.587778 -0.000000 0.809022 -0.576750 0.192841 0.793833 -0.309019 0.000000 0.951056 -0.587778 -0.000000 0.809022 -0.576750 0.192841 0.793833 -0.303212 0.192837 0.933208 0.000001 -0.000000 1.000000 -0.000000 0.192832 0.981232 0.309021 0.000001 0.951055 0.303219 0.192831 0.933206 0.587791 0.000001 0.809013 0.576751 0.192832 0.793835 0.809015 -0.000001 0.587787 0.587791 0.000001 0.809013 0.576751 0.192832 0.793835 0.793827 0.192822 0.576765 0.951055 -0.000000 0.309022 0.933209 0.192814 0.303221 1.000000 -0.000000 -0.000001 0.981234 0.192819 0.000002 0.951055 0.000000 -0.309020 0.933207 0.192837 -0.303214 0.809016 -0.000001 -0.587787 0.793831 0.192851 -0.576751 
						0.587789 -0.000001 -0.809014 0.576752 0.192841 -0.793832 0.309016 -0.000000 -0.951057 0.587789 -0.000001 -0.809014 0.576752 0.192841 -0.793832 0.303217 0.192831 -0.933207 -0.000001 -0.000000 -1.000000 -0.000001 0.192830 -0.981232 -0.309017 -0.000000 -0.951057 -0.303212 0.192837 -0.933207 -0.587783 -0.000000 -0.809019 -0.576747 0.192832 -0.793838 -0.809013 -0.000000 -0.587790 -0.587783 -0.000000 -0.809019 -0.576747 0.192832 -0.793838 -0.793828 0.192823 -0.576764 -0.951056 -0.000000 -0.309018 -0.933207 0.192825 -0.303221 -1.000000 0.000000 -0.000007 -0.981232 0.192830 -0.000002 -0.870274 0.403317 0.282768 -0.740302 0.403307 0.537863 -0.537863 0.403317 0.740296 -0.537863 0.403317 0.740296 -0.282770 0.403317 0.870274 -0.000001 0.403304 0.915066 0.282763 0.403307 0.870281 0.537846 0.403323 0.740305 0.537846 0.403323 0.740305 0.740297 0.403316 0.537863 0.870281 0.403297 0.282778 0.915069 0.403297 0.000004 0.870272 0.403318 -0.282772 0.740287 0.403333 -0.537864 0.537858 0.403319 -0.740299 0.537858 0.403319 -0.740299 0.282770 0.403313 -0.870276 -0.000001 0.403311 -0.915063 -0.282769 0.403310 -0.870277 -0.537863 0.403316 -0.740297 -0.537863 0.403316 -0.740297 -0.740299 0.403323 -0.537855 -0.870265 0.403334 -0.282773 -0.915053 0.403333 -0.000003 -0.727661 0.643907 0.236418 -0.618987 0.643908 0.449708 -0.449722 0.643906 0.618979 -0.282770 0.403317 0.870274 -0.537863 0.403317 0.740296 -0.449722 0.643906 0.618979 -0.236427 0.643899 0.727665 -0.000001 0.403304 0.915066 -0.000000 0.643892 0.765116 0.282763 0.403307 0.870281 0.236432 0.643902 0.727661 0.537846 0.403323 0.740305 0.449720 0.643911 0.618975 0.449720 0.643911 0.618975 0.618982 0.643907 0.449717 0.727659 0.643903 0.236434 0.765102 0.643909 0.000004 0.727654 0.643911 -0.236426 0.618983 0.643903 -0.449721 0.449715 0.643898 -0.618992 
						0.282770 0.403313 -0.870276 0.537858 0.403319 -0.740299 0.449715 0.643898 -0.618992 0.236429 0.643909 -0.727655 -0.000001 0.403311 -0.915063 -0.000001 0.643910 -0.765101 -0.282769 0.403310 -0.870277 -0.236437 0.643915 -0.727648 -0.537863 0.403316 -0.740297 -0.449730 0.643913 -0.618965 -0.449730 0.643913 -0.618965 -0.618981 0.643906 -0.449720 -0.727653 0.643908 -0.236440 -0.765105 0.643906 -0.000008 -0.618987 0.643908 0.449708 -0.727661 0.643907 0.236418 -0.437149 0.888104 0.142031 -0.371859 0.888101 0.270179 -0.270169 0.888097 0.371877 -0.142035 0.888095 0.437164 0.000000 0.888102 0.459645 0.142038 0.888113 0.437128 0.270173 0.888102 0.371861 0.618982 0.643907 0.449717 0.371857 0.888099 0.270190 0.727659 0.643903 0.236434 0.437139 0.888107 0.142039 0.765102 0.643909 0.000004 0.459626 0.888112 -0.000003 0.727654 0.643911 -0.236426 0.437142 0.888107 -0.142032 0.618983 0.643903 -0.449721 0.371866 0.888096 -0.270187 0.270173 0.888092 -0.371887 0.142040 0.888103 -0.437147 -0.000001 0.888111 -0.459629 -0.142037 0.888110 -0.437134 -0.270173 0.888107 -0.371851 -0.618981 0.643906 -0.449720 -0.371863 0.888103 -0.270169 -0.727653 0.643908 -0.236440 -0.437150 0.888101 -0.142043 -0.765105 0.643906 -0.000008 -0.459649 0.888101 -0.000004 0.024647 0.999664 -0.007998 0.020966 0.999664 -0.015220 0.015232 0.999664 -0.020957 0.008009 0.999664 -0.024661 -0.000000 0.999664 -0.025939 -0.008009 0.999664 -0.024642 -0.015232 0.999664 -0.020968 -0.020969 0.999664 -0.015241 -0.024652 0.999664 -0.008012 -0.025912 0.999664 -0.000009 -0.024642 0.999664 0.008018 -0.020968 0.999664 0.015234 -0.015234 0.999664 0.020946 -0.008008 0.999665 0.024628 0.000000 0.999665 0.025890 0.008009 0.999665 0.024597 0.015234 0.999665 0.020932 0.020966 0.999664 0.015228 0.024647 0.999664 0.008006 0.025916 0.999664 0.000003 
						0.470226 0.869221 -0.152783 0.399997 0.869220 -0.290618 0.290613 0.869215 -0.400013 0.152779 0.869202 -0.470261 -0.000001 0.869206 -0.494449 -0.152785 0.869226 -0.470216 -0.290612 0.869231 -0.399977 -0.400000 0.869223 -0.290604 -0.470243 0.869210 -0.152788 -0.494446 0.869208 -0.000002 -0.470234 0.869215 0.152794 -0.399990 0.869221 0.290626 -0.290610 0.869220 0.400004 -0.152787 0.869221 0.470224 0.000001 0.869226 0.494414 0.152784 0.869226 0.470215 0.290615 0.869229 0.399980 0.399999 0.869224 0.290603 0.470225 0.869222 0.152780 0.494421 0.869223 -0.000007 0.740447 0.627578 -0.240590 0.629865 0.627583 -0.457613 0.457619 0.627575 -0.629869 0.240578 0.627558 -0.740468 0.000000 0.627571 -0.778560 -0.240590 0.627579 -0.740446 -0.457625 0.627592 -0.629848 -0.629863 0.627592 -0.457603 -0.740441 0.627590 -0.240578 -0.778541 0.627594 0.000004 -0.740442 0.627588 0.240582 -0.629859 0.627586 0.457618 -0.457616 0.627583 0.629863 -0.240582 0.627579 0.740449 -0.000000 0.627583 0.778549 0.240586 0.627578 0.740449 0.457619 0.627578 0.629865 0.629864 0.627580 0.457619 0.740453 0.627573 0.240586 0.778557 0.627574 -0.000002 0.629865 0.627583 -0.457613 0.740447 0.627578 -0.240590 0.874051 0.394184 -0.283996 0.743512 0.394186 -0.540193 0.457619 0.627575 -0.629869 0.540198 0.394182 -0.743509 0.540198 0.394182 -0.743509 0.283999 0.394175 -0.874054 -0.000000 0.394175 -0.919035 -0.284003 0.394177 -0.874052 -0.540198 0.394164 -0.743519 -0.629863 0.627592 -0.457603 -0.457625 0.627592 -0.629848 -0.540198 0.394164 -0.743519 -0.743518 0.394170 -0.540196 -0.740441 0.627590 -0.240578 -0.874048 0.394196 -0.283990 -0.778541 0.627594 0.000004 -0.919024 0.394202 0.000005 -0.740442 0.627588 0.240582 -0.874050 0.394188 0.283994 -0.629859 0.627586 0.457618 -0.743508 0.394177 0.540204 -0.457616 0.627583 0.629863 
						-0.540192 0.394169 0.743521 -0.540192 0.394169 0.743521 -0.283998 0.394170 0.874057 -0.000000 0.394176 0.919035 0.283996 0.394170 0.874057 0.540193 0.394171 0.743519 0.629864 0.627580 0.457619 0.457619 0.627578 0.629865 0.540193 0.394171 0.743519 0.743524 0.394175 0.540184 0.740453 0.627573 0.240586 0.874060 0.394172 0.283986 0.778557 0.627574 -0.000002 0.919034 0.394179 0.000003 0.933928 0.188933 -0.303450 0.794444 0.188930 -0.577205 0.577203 0.188939 -0.794442 0.283999 0.394175 -0.874054 0.540198 0.394182 -0.743509 0.577203 0.188939 -0.794442 0.303453 0.188945 -0.933925 -0.000000 0.394175 -0.919035 -0.000000 0.188940 -0.981989 -0.303448 0.188938 -0.933928 -0.577200 0.188925 -0.794448 -0.794447 0.188917 -0.577204 -0.933931 0.188919 -0.303452 -0.981994 0.188913 0.000002 -0.933928 0.188927 0.303457 -0.794440 0.188930 0.577209 -0.577197 0.188924 0.794450 -0.283998 0.394170 0.874057 -0.540192 0.394169 0.743521 -0.577197 0.188924 0.794450 -0.303450 0.188934 0.933928 -0.000000 0.394176 0.919035 0.000000 0.188935 0.981990 0.303455 0.188936 0.933926 0.577203 0.188933 0.794444 0.577203 0.188933 0.794444 0.794451 0.188925 0.577195 0.933930 0.188932 0.303446 0.981988 0.188941 0.000001 0.951057 0.000000 -0.309014 0.809015 0.000000 -0.587789 0.587776 -0.000000 -0.809024 0.587776 -0.000000 -0.809024 0.309013 -0.000000 -0.951058 0.000001 -0.000000 -1.000000 -0.309018 -0.000001 -0.951056 -0.587785 -0.000001 -0.809017 -0.809023 0.000001 -0.587777 -0.951057 0.000000 -0.309015 -1.000000 0.000000 -0.000001 -0.951056 -0.000000 0.309017 -0.809022 0.000001 0.587778 -0.587782 0.000001 0.809019 -0.587782 0.000001 0.809019 -0.309016 0.000000 0.951057 -0.000000 0.000000 1.000000 0.309015 0.000000 0.951057 0.587788 -0.000000 0.809015 0.587788 -0.000000 0.809015 0.809017 -0.000000 0.587785 
						0.951055 -0.000000 0.309022 1.000000 -0.000000 0.000004 0.933928 -0.188933 -0.303451 0.794445 -0.188930 -0.577203 0.577196 -0.188937 -0.794448 0.577196 -0.188937 -0.794448 0.303448 -0.188941 -0.933927 0.000000 -0.188939 -0.981989 -0.303450 -0.188936 -0.933928 -0.577203 -0.188926 -0.794446 -0.577203 -0.188926 -0.794446 -0.794451 -0.188920 -0.577197 -0.933930 -0.188920 -0.303452 -0.981994 -0.188913 -0.000002 -0.933929 -0.188927 0.303453 -0.794448 -0.188931 0.577198 -0.577196 -0.188926 0.794451 -0.577196 -0.188926 0.794451 -0.303446 -0.188932 0.933930 -0.000000 -0.188935 0.981990 0.303449 -0.188933 0.933929 0.577195 -0.188930 0.794451 0.577195 -0.188930 0.794451 0.794446 -0.188923 0.577203 0.933927 -0.188932 0.303456 0.981988 -0.188941 0.000006 0.874049 -0.394184 -0.284001 0.743513 -0.394188 -0.540189 0.540200 -0.394187 -0.743505 0.540200 -0.394187 -0.743505 0.284004 -0.394180 -0.874050 0.000001 -0.394179 -0.919034 -0.283998 -0.394169 -0.874057 -0.540192 -0.394158 -0.743527 -0.540192 -0.394158 -0.743527 -0.743516 -0.394168 -0.540201 -0.874046 -0.394194 -0.283997 -0.919024 -0.394202 0.000001 -0.874050 -0.394188 0.283992 -0.743508 -0.394177 0.540203 -0.540191 -0.394170 0.743521 -0.540191 -0.394170 0.743521 -0.284004 -0.394176 0.874052 -0.000000 -0.394181 0.919033 0.284000 -0.394177 0.874053 0.540194 -0.394172 0.743518 0.540194 -0.394172 0.743518 0.743514 -0.394169 0.540201 0.874056 -0.394170 0.284001 0.919034 -0.394179 0.000004 0.740446 -0.627578 -0.240594 0.629865 -0.627582 -0.457615 0.457626 -0.627584 -0.629854 0.284004 -0.394180 -0.874050 0.540200 -0.394187 -0.743505 0.457626 -0.627584 -0.629854 0.240591 -0.627588 -0.740438 0.000001 -0.394179 -0.919034 0.000001 -0.627589 -0.778545 -0.240589 -0.627574 -0.740451 -0.457617 -0.627580 -0.629865 -0.457617 -0.627580 -0.629865 -0.629854 -0.627584 -0.457626 -0.740439 -0.627588 -0.240590 
						-0.778541 -0.627594 0.000003 -0.740443 -0.627589 0.240575 -0.629858 -0.627586 0.457617 -0.457613 -0.627576 0.629872 -0.284004 -0.394176 0.874052 -0.540191 -0.394170 0.743521 -0.457613 -0.627576 0.629872 -0.240583 -0.627577 0.740451 -0.000000 -0.394181 0.919033 -0.000001 -0.627584 0.778549 0.284000 -0.394177 0.874053 0.240588 -0.627575 0.740450 0.540194 -0.394172 0.743518 0.457618 -0.627580 0.629864 0.457618 -0.627580 0.629864 0.629867 -0.627584 0.457610 0.740453 -0.627573 0.240586 0.778556 -0.627575 -0.000003 0.629865 -0.627582 -0.457615 0.740446 -0.627578 -0.240594 0.470225 -0.869220 -0.152790 0.400000 -0.869226 -0.290597 0.290618 -0.869232 -0.399972 0.152786 -0.869229 -0.470210 0.000000 -0.869222 -0.494422 -0.152783 -0.869215 -0.470236 -0.290610 -0.869227 -0.399987 -0.629854 -0.627584 -0.457626 -0.399999 -0.869223 -0.290607 -0.740439 -0.627588 -0.240590 -0.470243 -0.869210 -0.152794 -0.778541 -0.627594 0.000003 -0.494446 -0.869208 -0.000001 -0.740443 -0.627589 0.240575 -0.470234 -0.869215 0.152791 -0.629858 -0.627586 0.457617 -0.399993 -0.869225 0.290608 -0.290612 -0.869224 0.399992 -0.152783 -0.869209 0.470248 -0.000001 -0.869209 0.494446 0.152783 -0.869213 0.470240 0.290616 -0.869230 0.399977 0.629867 -0.627584 0.457610 0.400002 -0.869230 0.290580 0.740453 -0.627573 0.240586 0.470225 -0.869223 0.152775 0.778556 -0.627575 -0.000003 0.494421 -0.869223 -0.000008 0.024647 -0.999664 -0.008011 0.020965 -0.999665 -0.015198 0.015232 -0.999665 -0.020942 0.008009 -0.999664 -0.024646 -0.000000 -0.999664 -0.025905 -0.008009 -0.999665 -0.024629 -0.015233 -0.999665 -0.020940 -0.020970 -0.999664 -0.015220 -0.024652 -0.999664 -0.008002 -0.025912 -0.999664 -0.000005 -0.024642 -0.999664 0.008007 -0.020967 -0.999664 0.015238 -0.015234 -0.999664 0.020955 -0.008008 -0.999664 0.024653 0.000000 -0.999663 0.025948 0.008009 -0.999664 0.024668 
						0.015234 -0.999664 0.020970 0.020967 -0.999664 0.015226 0.024647 -0.999664 0.008001 0.025916 -0.999664 -0.000005 -0.437149 -0.888102 0.142039 -0.371859 -0.888103 0.270175 -0.270172 -0.888103 0.371860 -0.142038 -0.888107 0.437139 -0.000001 -0.888102 0.459647 0.142035 -0.888089 0.437178 0.270171 -0.888094 0.371883 0.371859 -0.888100 0.270182 0.437139 -0.888107 0.142043 0.459626 -0.888113 -0.000004 0.437141 -0.888106 -0.142044 0.371866 -0.888095 -0.270191 0.270172 -0.888091 -0.371890 0.142037 -0.888100 -0.437154 0.000000 -0.888102 -0.459646 -0.142035 -0.888104 -0.437147 -0.270173 -0.888106 -0.371852 -0.371862 -0.888100 -0.270181 -0.437150 -0.888101 -0.142045 -0.459649 -0.888101 -0.000000 -0.727659 -0.643905 0.236429 -0.618981 -0.643901 0.449727 -0.449716 -0.643899 0.618991 -0.236430 -0.643907 0.727657 -0.000000 -0.643908 0.765103 0.236435 -0.643908 0.727654 0.449719 -0.643911 0.618976 0.618982 -0.643907 0.449717 0.727660 -0.643904 0.236430 0.765102 -0.643909 0.000003 0.727653 -0.643910 -0.236433 0.618976 -0.643897 -0.449739 0.449715 -0.643894 -0.618997 0.236422 -0.643891 -0.727674 -0.000000 -0.643882 -0.765125 -0.236431 -0.643893 -0.727669 -0.449722 -0.643897 -0.618988 -0.618978 -0.643902 -0.449728 -0.727653 -0.643908 -0.236439 -0.765105 -0.643906 -0.000007 -0.618981 -0.643901 0.449727 -0.727659 -0.643905 0.236429 -0.870276 -0.403318 0.282763 -0.740296 -0.403305 0.537872 -0.449716 -0.643899 0.618991 -0.537852 -0.403309 0.740308 -0.537852 -0.403309 0.740308 -0.282773 -0.403319 0.870272 0.000000 -0.403315 0.915061 0.282769 -0.403316 0.870274 0.537854 -0.403328 0.740297 0.618982 -0.643907 0.449717 0.449719 -0.643911 0.618976 0.537854 -0.403328 0.740297 0.740300 -0.403318 0.537857 0.727660 -0.643904 0.236430 0.870283 -0.403299 0.282767 0.765102 -0.643909 0.000003 0.915069 -0.403297 0.000001 0.727653 -0.643910 -0.236433 
						0.870274 -0.403319 -0.282765 0.618976 -0.643897 -0.449739 0.740292 -0.403336 -0.537855 0.449715 -0.643894 -0.618997 0.537866 -0.403324 -0.740290 0.537866 -0.403324 -0.740290 0.282768 -0.403311 -0.870277 -0.000000 -0.403315 -0.915061 -0.282776 -0.403321 -0.870270 -0.537860 -0.403316 -0.740299 -0.618978 -0.643902 -0.449728 -0.449722 -0.643897 -0.618988 -0.537860 -0.403316 -0.740299 -0.740298 -0.403323 -0.537856 -0.727653 -0.643908 -0.236439 -0.870268 -0.403334 -0.282765 -0.765105 -0.643906 -0.000007 -0.915053 -0.403333 -0.000002 -0.933206 -0.192837 0.303216 -0.793833 -0.192841 0.576751 -0.576761 -0.192845 0.793825 -0.282773 -0.403319 0.870272 -0.537852 -0.403309 0.740308 -0.576761 -0.192845 0.793825 -0.303218 -0.192841 0.933205 0.000000 -0.403315 0.915061 0.000000 -0.192829 0.981232 0.282769 -0.403316 0.870274 0.303211 -0.192828 0.933210 0.537854 -0.403328 0.740297 0.576745 -0.192831 0.793840 0.576745 -0.192831 0.793840 0.793825 -0.192821 0.576769 0.933209 -0.192814 0.303224 0.981234 -0.192819 -0.000002 0.933205 -0.192837 -0.303221 0.793830 -0.192851 -0.576751 0.576760 -0.192841 -0.793826 0.282768 -0.403311 -0.870277 0.537866 -0.403324 -0.740290 0.576760 -0.192841 -0.793826 0.303225 -0.192835 -0.933204 -0.000000 -0.403315 -0.915061 -0.000000 -0.192834 -0.981231 -0.282776 -0.403321 -0.870270 -0.303214 -0.192837 -0.933207 -0.537860 -0.403316 -0.740299 -0.576747 -0.192832 -0.793838 -0.576747 -0.192832 -0.793838 -0.793832 -0.192824 -0.576758 -0.933208 -0.192825 -0.303218 -0.981232 -0.192830 -0.000001 0.951060 0.000000 -0.309007 0.809015 0.000000 -0.587788 0.809015 0.000000 -0.587788 0.951060 0.000000 -0.309007 0.587786 0.000000 -0.809017 0.587786 0.000000 -0.809017 0.309014 0.000000 -0.951057 0.309014 0.000000 -0.951057 -0.000013 0.000000 -1.000000 -0.000013 0.000000 -1.000000 -0.309014 0.000000 -0.951057 -0.309014 0.000000 -0.951057 
						-0.587778 0.000000 -0.809022 -0.587778 0.000000 -0.809022 -0.809015 0.000000 -0.587788 -0.809015 0.000000 -0.587788 -0.951060 0.000000 -0.309007 -0.951060 0.000000 -0.309007 -1.000000 0.000000 0.000000 -1.000000 0.000000 0.000000 -0.951055 0.000000 0.309021 -0.951055 0.000000 0.309021 -0.809019 0.000000 0.587782 -0.809019 0.000000 0.587782 -0.587778 0.000000 0.809022 -0.587778 0.000000 0.809022 -0.309014 0.000000 0.951057 -0.309014 0.000000 0.951057 0.000000 0.000000 1.000000 0.000000 0.000000 1.000000 0.309014 0.000000 0.951057 0.309014 0.000000 0.951057 0.587769 0.000000 0.809029 0.587769 0.000000 0.809029 0.587769 0.000000 0.809029 0.809019 0.000000 0.587782 0.809019 0.000000 0.587782 0.587769 0.000000 0.809029 0.951061 0.000000 0.309003 0.951061 0.000000 0.309003 1.000000 0.000000 0.000000 1.000000 0.000000 0.000000 0.000000 -1.000000 0.000000 0.000000 -1.000000 0.000000 0.000000 -1.000000 0.000000 0.000000 -1.000000 0.000000 0.000000 -1.000000 0.000000 0.000000 -1.000000 0.000000 0.000000 -1.000000 0.000000 0.000000 -1.000000 0.000000 0.000000 -1.000000 0.000000 0.000000 -1.000000 0.000000 0.000000 -1.000000 0.000000 0.000000 -1.000000 0.000000 0.000000 -1.000000 0.000000 0.000000 -1.000000 0.000000 0.000000 -1.000000 0.000000 0.000000 -1.000000 0.000000 0.000000 -1.000000 0.000000 0.000000 -1.000000 0.000000 0.000000 -1.000000 0.000000 0.000000 -1.000000 0.000000 0.000000 -1.000000 0.000000 0.000000 1.000000 0.000000 0.000000 1.000000 0.000000 0.000000 1.000000 0.000000 0.000000 1.000000 0.000000 0.000000 1.000000 0.000000 0.000000 1.000000 0.000000 0.000000 1.000000 0.000000 0.000000 1.000000 0.000000 0.000000 1.000000 0.000000 0.000000 1.000000 0.000000 0.000000 1.000000 0.000000 0.000000 1.000000 0.000000 0.000000 1.000000 0.000000 
						0.000000 1.000000 0.000000 0.000000 1.000000 0.000000 0.000000 1.000000 0.000000 0.000000 1.000000 0.000000 0.000000 1.000000 0.000000 0.000000 1.000000 0.000000 0.000000 1.000000 0.000000 0.000000 1.000000 0.000000 0.951060 0.000000 -0.309007 0.809015 0.000000 -0.587788 0.809015 0.000000 -0.587788 0.951060 0.000000 -0.309007 0.587786 0.000000 -0.809017 0.587786 0.000000 -0.809017 0.309026 0.000000 -0.951054 0.309026 0.000000 -0.951054 -0.000013 0.000000 -1.000000 -0.000013 0.000000 -1.000000 -0.309026 0.000000 -0.951054 -0.309026 0.000000 -0.951054 -0.587777 0.000000 -0.809023 -0.587777 0.000000 -0.809023 -0.587777 0.000000 -0.809023 -0.809006 0.000000 -0.587801 -0.809006 0.000000 -0.587801 -0.587777 0.000000 -0.809023 -0.951065 0.000000 -0.308990 -0.951065 0.000000 -0.308990 -1.000000 0.000000 0.000000 -1.000000 0.000000 0.000000 -0.951060 0.000000 0.309007 -0.951060 0.000000 0.309007 -0.809006 0.000000 0.587800 -0.809006 0.000000 0.587800 -0.587787 0.000000 0.809016 -0.587787 0.000000 0.809016 -0.309026 0.000000 0.951054 -0.309026 0.000000 0.951054 -0.000000 0.000000 1.000000 -0.000000 0.000000 1.000000 0.309026 0.000000 0.951054 0.309026 0.000000 0.951054 0.587787 0.000000 0.809016 0.587787 0.000000 0.809016 0.809015 0.000000 0.587788 0.809015 0.000000 0.587788 0.951054 0.000000 0.309024 0.951054 0.000000 0.309024 1.000000 0.000000 0.000000 1.000000 0.000000 0.000000 0.000000 -1.000000 0.000000 0.000000 -1.000000 0.000000 0.000000 -1.000000 -0.000006 0.000000 -1.000000 0.000000 0.000000 -1.000000 0.000000 0.000000 -1.000000 0.000000 0.000000 -1.000000 0.000000 0.000000 -1.000000 0.000000 0.000000 -1.000000 0.000000 0.000000 -1.000000 0.000000 0.000000 -1.000000 0.000000 0.000000 -1.000000 -0.000060 0.000000 -1.000000 -0.000060 0.000000 -1.000000 0.000000 
						0.000000 -1.000000 0.000000 0.000000 -1.000000 0.000000 0.000000 -1.000000 0.000000 0.000000 -1.000000 0.000000 0.000000 -1.000000 0.000000 0.000000 -1.000000 0.000000 0.000000 -1.000000 0.000000 0.000000 1.000000 0.000000 0.000000 1.000000 0.000000 0.000000 1.000000 -0.000000 0.000000 1.000000 0.000000 0.000000 1.000000 0.000000 0.000000 1.000000 0.000000 0.000000 1.000000 0.000000 0.000000 1.000000 0.000000 0.000000 1.000000 0.000060 0.000000 1.000000 0.000060 0.000000 1.000000 0.000000 0.000000 1.000000 -0.000120 0.000000 1.000000 -0.000120 0.000000 1.000000 0.000000 0.000000 1.000000 0.000000 0.000000 1.000000 0.000000 0.000000 1.000000 0.000000 0.000000 1.000000 0.000000 0.000000 1.000000 0.000060 0.000000 1.000000 0.000060 0.000000 1.000000 0.000000 0.951057 0.000000 -0.309016 0.809017 0.000000 -0.587785 0.809017 0.000000 -0.587785 0.951057 0.000000 -0.309016 0.587785 0.000000 -0.809017 0.587785 0.000000 -0.809017 0.587785 0.000000 -0.809017 0.309016 0.000000 -0.951057 0.309016 0.000000 -0.951057 0.587785 0.000000 -0.809017 -0.000000 0.000000 -1.000000 -0.000000 0.000000 -1.000000 -0.309017 0.000000 -0.951057 -0.309017 0.000000 -0.951057 -0.587785 0.000000 -0.809017 -0.587785 0.000000 -0.809017 -0.809017 0.000000 -0.587785 -0.809017 0.000000 -0.587785 -0.951056 0.000000 -0.309017 -0.951056 0.000000 -0.309017 -1.000000 0.000000 0.000000 -1.000000 0.000000 0.000000 -0.951056 0.000000 0.309017 -0.951056 0.000000 0.309017 -0.809017 0.000000 0.587785 -0.809017 0.000000 0.587785 -0.587785 0.000000 0.809017 -0.587785 0.000000 0.809017 -0.309016 0.000000 0.951057 -0.309016 0.000000 0.951057 0.000000 0.000000 1.000000 0.000000 0.000000 1.000000 0.309017 0.000000 0.951056 0.309017 0.000000 0.951056 0.587785 0.000000 0.809017 0.587785 0.000000 0.809017 
						0.809017 0.000000 0.587786 0.809017 0.000000 0.587786 0.951056 0.000000 0.309017 0.951056 0.000000 0.309017 1.000000 0.000000 0.000001 1.000000 0.000000 0.000001 0.000000 -1.000000 -0.000006 0.000000 -1.000000 0.000006 0.000000 -1.000000 -0.000000 0.000000 -1.000000 0.000000 0.000000 -1.000000 0.000000 0.000000 -1.000000 0.000000 0.000000 -1.000000 0.000000 0.000000 -1.000000 0.000006 0.000000 -1.000000 0.000006 0.000000 -1.000000 0.000012 0.000000 -1.000000 0.000000 0.000000 -1.000000 -0.000006 0.000000 -1.000000 0.000006 0.000000 -1.000000 0.000000 0.000000 -1.000000 0.000000 0.000000 -1.000000 0.000000 0.000000 -1.000000 0.000000 0.000000 -1.000000 -0.000006 0.000000 -1.000000 -0.000006 0.000000 -1.000000 -0.000012 0.000000 -1.000000 0.000000 0.000000 1.000000 0.000000 0.000000 1.000000 0.000000 0.000000 1.000000 0.000001 0.000000 1.000000 0.000000 0.000000 1.000000 0.000000 0.000000 1.000000 0.000000 0.000000 1.000000 0.000000 0.000000 1.000000 0.000006 0.000000 1.000000 0.000006 0.000000 1.000000 0.000000 0.000000 1.000000 0.000000 0.000000 1.000000 0.000000 0.000000 1.000000 0.000000 0.000000 1.000000 0.000000 0.000000 1.000000 0.000000 0.000000 1.000000 0.000000 0.000000 1.000000 0.000000 0.000000 1.000000 0.000000 0.000000 1.000000 0.000000 0.000000 1.000000 0.000000 0.000000 1.000000 0.000000 0.951057 0.000000 -0.309016 0.809017 0.000000 -0.587785 0.809017 0.000000 -0.587785 0.951057 0.000000 -0.309016 0.587785 0.000000 -0.809017 0.587785 0.000000 -0.809017 0.587785 0.000000 -0.809017 0.309016 0.000000 -0.951057 0.309016 0.000000 -0.951057 0.587785 0.000000 -0.809017 -0.000000 0.000000 -1.000000 -0.000000 0.000000 -1.000000 -0.309017 0.000000 -0.951057 -0.309017 0.000000 -0.951057 -0.587786 0.000000 -0.809017 -0.587786 0.000000 -0.809017 
						-0.809018 0.000000 -0.587784 -0.809018 0.000000 -0.587784 -0.951056 0.000000 -0.309017 -0.951056 0.000000 -0.309017 -1.000000 0.000000 0.000000 -1.000000 0.000000 0.000000 -0.951056 0.000000 0.309017 -0.951056 0.000000 0.309017 -0.809018 0.000000 0.587784 -0.809018 0.000000 0.587784 -0.587785 0.000000 0.809017 -0.587785 0.000000 0.809017 -0.309016 0.000000 0.951057 -0.309016 0.000000 0.951057 0.000000 0.000000 1.000000 0.000000 0.000000 1.000000 0.309017 0.000000 0.951056 0.309017 0.000000 0.951056 0.587785 0.000000 0.809017 0.587785 0.000000 0.809017 0.809017 0.000000 0.587786 0.809017 0.000000 0.587786 0.951056 0.000000 0.309017 0.951056 0.000000 0.309017 1.000000 0.000000 0.000002 1.000000 0.000000 0.000002 0.000000 -1.000000 0.000006 0.000000 -1.000000 0.000006 0.000000 -1.000000 0.000000 0.000000 -1.000000 0.000003 0.000000 -1.000000 0.000003 0.000000 -1.000000 0.000000 0.000000 -1.000000 0.000000 0.000000 -1.000000 0.000000 0.000000 -1.000000 0.000000 0.000000 -1.000000 0.000000 0.000000 -1.000000 0.000000 0.000000 -1.000000 -0.000006 0.000000 -1.000000 -0.000006 0.000000 -1.000000 -0.000003 0.000000 -1.000000 -0.000003 0.000000 -1.000000 0.000000 0.000000 -1.000000 0.000000 0.000000 -1.000000 0.000000 0.000000 -1.000000 0.000000 0.000000 -1.000000 0.000000 0.000000 -1.000000 0.000000 0.000000 1.000000 -0.000012 0.000000 1.000000 0.000000 0.000000 1.000000 0.000000 0.000000 1.000000 0.000000 0.000000 1.000000 0.000000 0.000000 1.000000 0.000000 0.000000 1.000000 0.000003 0.000000 1.000000 0.000003 0.000000 1.000000 -0.000006 0.000000 1.000000 -0.000006 0.000000 1.000000 0.000000 0.000000 1.000000 0.000012 0.000000 1.000000 0.000012 0.000000 1.000000 0.000000 0.000000 1.000000 0.000000 0.000000 1.000000 0.000000 0.000000 1.000000 -0.000003 
						0.000000 1.000000 -0.000003 0.000000 1.000000 0.000006 0.000000 1.000000 0.000006 0.000000 1.000000 -0.000012 0.951060 0.000000 -0.309007 0.809011 0.000000 -0.587794 0.809011 0.000000 -0.587794 0.951060 0.000000 -0.309007 0.587769 0.000000 -0.809029 0.587769 0.000000 -0.809029 0.309026 0.000000 -0.951054 0.309026 0.000000 -0.951054 0.000000 0.000000 -1.000000 0.000000 0.000000 -1.000000 -0.309026 0.000000 -0.951054 -0.309026 0.000000 -0.951054 -0.587760 0.000000 -0.809035 -0.587760 0.000000 -0.809035 -0.809010 0.000000 -0.587794 -0.809010 0.000000 -0.587794 -0.951065 0.000000 -0.308990 -0.951065 0.000000 -0.308990 -1.000000 0.000000 0.000000 -1.000000 0.000000 0.000000 -0.951067 0.000000 0.308986 -0.951067 0.000000 0.308986 -0.809010 0.000000 0.587794 -0.809010 0.000000 0.587794 -0.587760 0.000000 0.809035 -0.587760 0.000000 0.809035 -0.309026 0.000000 0.951054 -0.309026 0.000000 0.951054 0.000000 0.000000 1.000000 0.000000 0.000000 1.000000 0.309026 0.000000 0.951054 0.309026 0.000000 0.951054 0.587778 0.000000 0.809022 0.587778 0.000000 0.809022 0.587778 0.000000 0.809022 0.809011 0.000000 0.587794 0.809011 0.000000 0.587794 0.587778 0.000000 0.809022 0.951055 0.000000 0.309021 0.951055 0.000000 0.309021 1.000000 0.000000 0.000000 1.000000 0.000000 0.000000 0.000000 -1.000000 0.000000 0.000000 -1.000000 0.000000 0.000000 -1.000000 0.000000 0.000000 -1.000000 0.000000 0.000000 -1.000000 0.000000 0.000000 -1.000000 0.000000 0.000000 -1.000000 0.000000 0.000000 -1.000000 0.000000 0.000000 -1.000000 0.000000 0.000000 -1.000000 0.000000 0.000000 -1.000000 0.000000 0.000000 -1.000000 0.000000 0.000000 -1.000000 0.000000 0.000000 -1.000000 0.000000 0.000000 -1.000000 0.000000 0.000000 -1.000000 0.000000 0.000000 -1.000000 0.000000 0.000000 -1.000000 0.000000 
						0.000000 -1.000000 0.000000 0.000000 -1.000000 0.000000 0.000000 -1.000000 0.000000 0.000000 1.000000 0.000000 0.000000 1.000000 0.000000 0.000000 1.000000 0.000000 0.000000 1.000000 0.000000 0.000000 1.000000 0.000000 0.000000 1.000000 0.000000 0.000000 1.000000 0.000000 0.000000 1.000000 0.000000 0.000000 1.000000 -0.000060 0.000000 1.000000 -0.000060 0.000000 1.000000 0.000000 0.000000 1.000000 0.000000 0.000000 1.000000 0.000000 0.000000 1.000000 0.000000 0.000000 1.000000 0.000000 0.000000 1.000000 0.000000 0.000000 1.000000 0.000000 0.000000 1.000000 0.000000 0.000000 1.000000 0.000060 0.000000 1.000000 0.000060 0.000000 1.000000 0.000000 0.951060 0.000000 -0.309007 0.809015 0.000000 -0.587788 0.809015 0.000000 -0.587788 0.951060 0.000000 -0.309007 0.587786 0.000000 -0.809017 0.587786 0.000000 -0.809017 0.309014 0.000000 -0.951057 0.309014 0.000000 -0.951057 -0.000013 0.000000 -1.000000 -0.000013 0.000000 -1.000000 -0.309014 0.000000 -0.951057 -0.309014 0.000000 -0.951057 -0.587768 0.000000 -0.809029 -0.587768 0.000000 -0.809029 -0.809015 0.000000 -0.587788 -0.809015 0.000000 -0.587788 -0.951065 0.000000 -0.308990 -0.951065 0.000000 -0.308990 -1.000000 0.000000 0.000000 -1.000000 0.000000 0.000000 -0.951061 0.000000 0.309003 -0.951061 0.000000 0.309003 -0.809015 0.000000 0.587788 -0.809015 0.000000 0.587788 -0.587769 0.000000 0.809029 -0.587769 0.000000 0.809029 -0.309014 0.000000 0.951057 -0.309014 0.000000 0.951057 0.000000 0.000000 1.000000 0.000000 0.000000 1.000000 0.309014 0.000000 0.951057 0.309014 0.000000 0.951057 0.587778 0.000000 0.809022 0.587778 0.000000 0.809022 0.587778 0.000000 0.809022 0.809015 0.000000 0.587788 0.809015 0.000000 0.587788 0.587778 0.000000 0.809022 0.951055 0.000000 0.309021 0.951055 0.000000 0.309021 
						1.000000 0.000000 0.000000 1.000000 0.000000 0.000000 0.000000 -1.000000 0.000000 0.000000 -1.000000 0.000000 0.000000 -1.000000 0.000000 0.000000 -1.000000 0.000000 0.000000 -1.000000 0.000000 0.000000 -1.000000 0.000000 0.000000 -1.000000 0.000000 0.000000 -1.000000 0.000000 0.000000 -1.000000 0.000000 0.000000 -1.000000 0.000000 0.000000 -1.000000 0.000000 0.000000 -1.000000 0.000000 0.000000 -1.000000 0.000000 0.000000 -1.000000 0.000000 0.000000 -1.000000 0.000000 0.000000 -1.000000 0.000000 0.000000 -1.000000 0.000000 0.000000 -1.000000 0.000000 0.000000 -1.000000 0.000000 0.000000 -1.000000 0.000000 0.000000 -1.000000 0.000000 0.000000 1.000000 0.000000 0.000000 1.000000 0.000000 0.000000 1.000000 0.000000 0.000000 1.000000 0.000000 0.000000 1.000000 0.000000 0.000000 1.000000 0.000000 0.000000 1.000000 0.000000 0.000000 1.000000 0.000000 0.000000 1.000000 -0.000060 0.000000 1.000000 -0.000060 0.000000 1.000000 0.000000 0.000000 1.000000 0.000000 0.000000 1.000000 0.000000 0.000000 1.000000 0.000000 0.000000 1.000000 0.000000 0.000000 1.000000 0.000000 0.000000 1.000000 0.000000 0.000000 1.000000 0.000000 0.000000 1.000000 0.000060 0.000000 1.000000 0.000060 0.000000 1.000000 0.000000 0.951054 0.000000 -0.309024 0.809014 0.000000 -0.587790 0.809014 0.000000 -0.587790 0.951054 0.000000 -0.309024 0.587779 0.000000 -0.809021 0.587779 0.000000 -0.809021 0.309017 0.000000 -0.951056 0.309017 0.000000 -0.951056 0.000000 0.000000 -1.000000 0.000000 0.000000 -1.000000 -0.309017 0.000000 -0.951056 -0.309017 0.000000 -0.951056 -0.587797 0.000000 -0.809008 -0.587797 0.000000 -0.809008 -0.809016 0.000000 -0.587787 -0.809016 0.000000 -0.587787 -0.951054 0.000000 -0.309024 -0.951054 0.000000 -0.309024 -1.000000 0.000000 0.000000 -1.000000 0.000000 0.000000 
						-0.951054 0.000000 0.309024 -0.951054 0.000000 0.309024 -0.809016 0.000000 0.587787 -0.809016 0.000000 0.587787 -0.587797 0.000000 0.809008 -0.587797 0.000000 0.809008 -0.309017 0.000000 0.951056 -0.309017 0.000000 0.951056 0.000000 0.000000 1.000000 0.000000 0.000000 1.000000 0.309017 0.000000 0.951056 0.309017 0.000000 0.951056 0.587779 0.000000 0.809021 0.587779 0.000000 0.809021 0.587779 0.000000 0.809021 0.809016 0.000000 0.587787 0.809016 0.000000 0.587787 0.587779 0.000000 0.809021 0.951054 0.000000 0.309024 0.951054 0.000000 0.309024 1.000000 0.000000 0.000000 1.000000 0.000000 0.000000 0.000000 -1.000000 0.000000 0.000000 -1.000000 0.000000 0.000000 -1.000000 0.000000 0.000000 -1.000000 0.000000 0.000000 -1.000000 0.000000 0.000000 -1.000000 0.000000 0.000000 -1.000000 0.000000 0.000000 -1.000000 0.000000 0.000000 -1.000000 0.000000 0.000000 -1.000000 0.000000 0.000000 -1.000000 0.000000 0.000000 -1.000000 0.000000 0.000000 -1.000000 0.000000 0.000000 -1.000000 0.000000 0.000000 -1.000000 0.000000 0.000000 -1.000000 0.000000 0.000000 -1.000000 0.000000 0.000000 -1.000000 0.000000 0.000000 -1.000000 0.000000 0.000000 -1.000000 0.000000 0.000000 -1.000000 0.000000 0.000000 1.000000 0.000000 0.000000 1.000000 0.000000 0.000000 1.000000 0.000000 0.000000 1.000000 0.000000 0.000000 1.000000 0.000000 0.000000 1.000000 0.000000 0.000000 1.000000 0.000000 0.000000 1.000000 0.000000 0.000000 1.000000 -0.000060 0.000000 1.000000 -0.000060 0.000000 1.000000 0.000000 0.000000 1.000000 0.000000 0.000000 1.000000 0.000000 0.000000 1.000000 0.000000 0.000000 1.000000 0.000000 0.000000 1.000000 0.000000 0.000000 1.000000 0.000000 0.000000 1.000000 0.000000 0.000000 1.000000 0.000060 0.000000 1.000000 0.000060 0.000000 1.000000 0.000000 
						0.951057 0.000000 -0.309016 0.809015 0.000000 -0.587788 0.809015 0.000000 -0.587788 0.951057 0.000000 -0.309016 0.587787 0.000000 -0.809016 0.587787 0.000000 -0.809016 0.587787 0.000000 -0.809016 0.309023 0.000000 -0.951055 0.309023 0.000000 -0.951055 0.587787 0.000000 -0.809016 0.000000 0.000000 -1.000000 0.000000 0.000000 -1.000000 -0.309026 0.000000 -0.951054 -0.309026 0.000000 -0.951054 -0.587787 0.000000 -0.809016 -0.587787 0.000000 -0.809016 -0.809020 0.000000 -0.587782 -0.809020 0.000000 -0.587782 -0.951054 0.000000 -0.309025 -0.951054 0.000000 -0.309025 -1.000000 0.000000 0.000000 -1.000000 0.000000 0.000000 -0.951054 0.000000 0.309025 -0.951054 0.000000 0.309025 -0.809020 0.000000 0.587782 -0.809020 0.000000 0.587782 -0.587787 0.000000 0.809016 -0.587787 0.000000 0.809016 -0.309026 0.000000 0.951054 -0.309026 0.000000 0.951054 0.000000 0.000000 1.000000 0.000000 0.000000 1.000000 0.309023 0.000000 0.951055 0.309023 0.000000 0.951055 0.587787 0.000000 0.809016 0.587787 0.000000 0.809016 0.809020 0.000000 0.587782 0.809020 0.000000 0.587782 0.951057 0.000000 0.309016 0.951057 0.000000 0.309016 1.000000 0.000000 0.000010 1.000000 0.000000 0.000010 0.000000 -1.000000 -0.000060 0.000000 -1.000000 0.000000 0.000000 -1.000000 -0.000015 0.000000 -1.000000 -0.000030 0.000000 -1.000000 0.000030 0.000000 -1.000000 0.000000 0.000000 -1.000000 0.000000 0.000000 -1.000000 0.000000 0.000000 -1.000000 -0.000120 0.000000 -1.000000 -0.000000 0.000000 -1.000000 0.000000 0.000000 -1.000000 -0.000060 0.000000 -1.000000 0.000000 0.000000 -1.000000 -0.000060 0.000000 -1.000000 0.000000 0.000000 -1.000000 0.000000 0.000000 -1.000000 -0.000060 0.000000 -1.000000 0.000000 0.000000 -1.000000 0.000060 0.000000 -1.000000 0.000000 0.000000 -1.000000 0.000000 0.000000 1.000000 0.000000 
						0.000000 1.000000 0.000120 0.000000 1.000000 0.000003 0.000000 1.000000 0.000000 0.000000 1.000000 0.000000 0.000000 1.000000 0.000000 0.000000 1.000000 0.000000 0.000000 1.000000 0.000000 0.000000 1.000000 0.000000 0.000000 1.000000 0.000000 0.000000 1.000000 0.000000 0.000000 1.000000 0.000000 0.000000 1.000000 0.000000 0.000000 1.000000 0.000000 0.000000 1.000000 0.000000 0.000000 1.000000 0.000000 0.000000 1.000000 0.000030 0.000000 1.000000 0.000030 0.000000 1.000000 0.000000 0.000000 1.000000 0.000000 0.000000 1.000000 -0.000120 0.951059 0.000000 -0.309009 0.809020 0.000000 -0.587782 0.809020 0.000000 -0.587782 0.951059 0.000000 -0.309009 0.587782 0.000000 -0.809019 0.587782 0.000000 -0.809019 0.309017 0.000000 -0.951056 0.309017 0.000000 -0.951056 -0.000000 0.000000 -1.000000 -0.000000 0.000000 -1.000000 -0.309017 0.000000 -0.951056 -0.309017 0.000000 -0.951056 -0.587787 0.000000 -0.809016 -0.587787 0.000000 -0.809016 -0.809020 0.000000 -0.587782 -0.809020 0.000000 -0.587782 -0.951056 0.000000 -0.309018 -0.951056 0.000000 -0.309018 -1.000000 0.000000 0.000000 -1.000000 0.000000 0.000000 -0.951058 0.000000 0.309012 -0.951058 0.000000 0.309012 -0.809020 0.000000 0.587782 -0.809020 0.000000 0.587782 -0.587782 0.000000 0.809019 -0.587782 0.000000 0.809019 -0.309023 0.000000 0.951055 -0.309023 0.000000 0.951055 -0.000000 0.000000 1.000000 -0.000000 0.000000 1.000000 0.309026 0.000000 0.951054 0.309026 0.000000 0.951054 0.587778 0.000000 0.809022 0.587778 0.000000 0.809022 0.587778 0.000000 0.809022 0.809020 0.000000 0.587781 0.809020 0.000000 0.587781 0.587778 0.000000 0.809022 0.951061 0.000000 0.309003 0.951061 0.000000 0.309003 1.000000 0.000000 0.000010 1.000000 0.000000 0.000010 0.000000 -1.000000 -0.000060 0.000000 -1.000000 0.000000 
						0.000000 -1.000000 0.000000 0.000000 -1.000000 -0.000030 0.000000 -1.000000 0.000030 0.000000 -1.000000 0.000000 0.000000 -1.000000 0.000060 0.000000 -1.000000 -0.000000 0.000000 -1.000000 -0.000060 0.000000 -1.000000 0.000000 0.000000 -1.000000 0.000000 0.000000 -1.000000 0.000000 0.000000 -1.000000 0.000060 0.000000 -1.000000 0.000030 0.000000 -1.000000 -0.000030 0.000000 -1.000000 0.000000 0.000000 -1.000000 0.000000 0.000000 -1.000000 0.000000 0.000000 -1.000000 0.000000 0.000000 -1.000000 0.000000 0.000000 -1.000000 0.000000 0.000000 1.000000 0.000000 0.000000 1.000000 0.000000 0.000000 1.000000 -0.000003 0.000000 1.000000 0.000000 0.000000 1.000000 0.000000 0.000000 1.000000 0.000000 0.000000 1.000000 -0.000030 0.000000 1.000000 -0.000030 0.000000 1.000000 0.000000 0.000000 1.000000 0.000000 0.000000 1.000000 0.000000 0.000000 1.000000 0.000000 0.000000 1.000000 0.000000 0.000000 1.000000 0.000000 0.000000 1.000000 0.000000 0.000000 1.000000 0.000000 0.000000 1.000000 0.000000 0.000000 1.000000 0.000000 0.000000 1.000000 0.000000 0.000000 1.000000 0.000000 0.000000 1.000000 0.000000 0.951060 0.000000 -0.309007 0.809015 0.000000 -0.587788 0.809015 0.000000 -0.587788 0.951060 0.000000 -0.309007 0.587778 0.000000 -0.809022 0.587778 0.000000 -0.809022 0.309014 0.000000 -0.951057 0.309014 0.000000 -0.951057 0.000000 0.000000 -1.000000 0.000000 0.000000 -1.000000 -0.309014 0.000000 -0.951057 -0.309014 0.000000 -0.951057 -0.587778 0.000000 -0.809022 -0.587778 0.000000 -0.809022 -0.809015 0.000000 -0.587788 -0.809015 0.000000 -0.587788 -0.951060 0.000000 -0.309007 -0.951060 0.000000 -0.309007 -1.000000 0.000000 0.000000 -1.000000 0.000000 0.000000 -0.951055 0.000000 0.309021 -0.951055 0.000000 0.309021 -0.809015 0.000000 0.587788 -0.809015 0.000000 0.587788 
						-0.587787 0.000000 0.809016 -0.587787 0.000000 0.809016 -0.309014 0.000000 0.951057 -0.309014 0.000000 0.951057 0.000000 0.000000 1.000000 0.000000 0.000000 1.000000 0.309014 0.000000 0.951057 0.309014 0.000000 0.951057 0.587787 0.000000 0.809016 0.587787 0.000000 0.809016 0.587787 0.000000 0.809016 0.809015 0.000000 0.587788 0.809015 0.000000 0.587788 0.587787 0.000000 0.809016 0.951055 0.000000 0.309021 0.951055 0.000000 0.309021 1.000000 0.000000 0.000000 1.000000 0.000000 0.000000 0.000000 -1.000000 0.000000 0.000000 -1.000000 0.000000 0.000000 -1.000000 0.000000 0.000000 -1.000000 0.000000 0.000000 -1.000000 0.000000 0.000000 -1.000000 0.000000 0.000000 -1.000000 0.000000 0.000000 -1.000000 0.000000 0.000000 -1.000000 0.000000 0.000000 -1.000000 0.000000 0.000000 -1.000000 0.000000 0.000000 -1.000000 0.000000 0.000000 -1.000000 0.000000 0.000000 -1.000000 0.000000 0.000000 -1.000000 0.000000 0.000000 -1.000000 0.000000 0.000000 -1.000000 0.000000 0.000000 -1.000000 0.000000 0.000000 -1.000000 0.000000 0.000000 -1.000000 0.000000 0.000000 -1.000000 0.000000 0.000000 1.000000 0.000000 0.000000 1.000000 0.000000 0.000000 1.000000 0.000006 0.000000 1.000000 0.000000 0.000000 1.000000 0.000000 0.000000 1.000000 0.000000 0.000000 1.000000 0.000000 0.000000 1.000000 0.000000 0.000000 1.000000 0.000000 0.000000 1.000000 0.000000 0.000000 1.000000 0.000000 0.000000 1.000000 0.000000 0.000000 1.000000 0.000000 0.000000 1.000000 0.000000 0.000000 1.000000 0.000000 0.000000 1.000000 0.000000 0.000000 1.000000 0.000000 0.000000 1.000000 0.000000 0.000000 1.000000 0.000060 0.000000 1.000000 0.000060 0.000000 1.000000 0.000000 0.951067 0.000000 -0.308986 0.809006 0.000000 -0.587801 0.809006 0.000000 -0.587801 0.951067 0.000000 -0.308986 
						0.587777 0.000000 -0.809023 0.587777 0.000000 -0.809023 0.309026 0.000000 -0.951054 0.309026 0.000000 -0.951054 -0.000013 0.000000 -1.000000 -0.000013 0.000000 -1.000000 -0.309026 0.000000 -0.951054 -0.309026 0.000000 -0.951054 -0.587769 0.000000 -0.809029 -0.587769 0.000000 -0.809029 -0.809015 0.000000 -0.587788 -0.809015 0.000000 -0.587788 -0.951061 0.000000 -0.309003 -0.951061 0.000000 -0.309003 -1.000000 0.000000 0.000000 -1.000000 0.000000 0.000000 -0.951061 0.000000 0.309003 -0.951061 0.000000 0.309003 -0.809015 0.000000 0.587788 -0.809015 0.000000 0.587788 -0.587769 0.000000 0.809029 -0.587769 0.000000 0.809029 -0.309014 0.000000 0.951057 -0.309014 0.000000 0.951057 -0.000000 0.000000 1.000000 -0.000000 0.000000 1.000000 0.309014 0.000000 0.951057 0.309014 0.000000 0.951057 0.587778 0.000000 0.809022 0.587778 0.000000 0.809022 0.587778 0.000000 0.809022 0.809006 0.000000 0.587800 0.809006 0.000000 0.587800 0.587778 0.000000 0.809022 0.951061 0.000000 0.309003 0.951061 0.000000 0.309003 1.000000 0.000000 0.000000 1.000000 0.000000 0.000000 0.000000 -1.000000 0.000060 0.000000 -1.000000 0.000060 0.000000 -1.000000 0.000006 0.000000 -1.000000 0.000000 0.000000 -1.000000 0.000000 0.000000 -1.000000 0.000000 0.000000 -1.000000 0.000000 0.000000 -1.000000 0.000000 0.000000 -1.000000 0.000000 0.000000 -1.000000 0.000000 0.000000 -1.000000 0.000000 0.000000 -1.000000 0.000000 0.000000 -1.000000 0.000000 0.000000 -1.000000 0.000000 0.000000 -1.000000 0.000000 0.000000 -1.000000 0.000000 0.000000 -1.000000 0.000000 0.000000 -1.000000 0.000000 0.000000 -1.000000 0.000000 0.000000 -1.000000 0.000000 0.000000 -1.000000 0.000000 0.000000 1.000000 0.000000 0.000000 1.000000 0.000000 0.000000 1.000000 -0.000006 0.000000 1.000000 0.000000 0.000000 1.000000 0.000000 
						0.000000 1.000000 0.000000 0.000000 1.000000 0.000000 0.000000 1.000000 0.000000 0.000000 1.000000 0.000000 0.000000 1.000000 0.000000 0.000000 1.000000 0.000000 0.000000 1.000000 0.000000 0.000000 1.000000 0.000000 0.000000 1.000000 0.000000 0.000000 1.000000 0.000000 0.000000 1.000000 0.000000 0.000000 1.000000 0.000000 0.000000 1.000000 0.000000 0.000000 1.000000 -0.000060 0.000000 1.000000 -0.000060 0.000000 1.000000 0.000000 
					</float_array>
					<technique_common>
						<accessor count="2704" offset="0" source="#meshId0-normals-array" stride="3">
							<param name="X" type="float" />
							<param name="Y" type="float" />
							<param name="Z" type="float" />
						</accessor>
					</technique_common>
				</source>
				<source id="meshId0-tangents" name="meshId0-tangents">
					<float_array id="meshId0-tangents-array" count="8112"> 
						-0.309023 -0.000015 -0.951054 -0.587786 0.000003 -0.809016 -0.587786 0.000000 -0.809016 -0.309023 -0.000000 -0.951054 -0.809018 -0.000000 -0.587784 -0.809018 -0.000000 -0.587784 -0.951057 -0.000015 -0.309014 -0.951057 -0.000000 -0.309014 -1.000000 -0.000015 -0.000000 -1.000000 -0.000000 -0.000000 -0.951056 -0.000003 0.309017 -0.951056 0.000000 0.309017 -0.809018 -0.000009 0.587785 -0.809018 -0.000000 0.587785 -0.587777 -0.000018 0.809023 -0.587777 -0.000000 0.809023 -0.309024 0.000006 0.951054 -0.309024 0.000000 0.951054 -0.000000 -0.000003 1.000000 -0.000000 -0.000000 1.000000 0.309024 0.000006 0.951054 0.309025 0.000000 0.951054 0.587780 0.000006 0.809021 0.587780 -0.000000 0.809021 0.809015 -0.000015 0.587789 0.809015 0.000000 0.587789 0.951056 -0.000012 0.309017 0.951056 -0.000000 0.309017 1.000000 0.000006 0.000000 1.000000 0.000000 0.000000 0.951056 0.000015 -0.309017 0.951056 -0.000000 -0.309017 0.809015 -0.000006 -0.587789 0.809015 0.000000 -0.587789 0.809015 -0.000030 -0.587789 0.587786 -0.000018 -0.809016 0.587786 -0.000000 -0.809016 0.809015 -0.000000 -0.587789 0.309025 0.000018 -0.951054 0.309025 0.000000 -0.951054 0.000010 0.000009 -1.000000 0.000010 -0.000000 -1.000000 -0.707108 -0.000043 0.707105 -0.707107 0.000000 0.707107 -0.707106 -0.000019 0.707108 -0.707107 -0.000021 0.707107 -0.707110 0.000021 0.707104 -0.707109 0.000000 0.707105 -0.707106 0.000000 0.707107 -0.707103 0.000000 0.707111 -0.707099 -0.000085 0.707115 -0.707110 0.000000 0.707103 -0.707106 0.000000 0.707108 -0.707099 -0.000043 0.707115 -0.707104 -0.000000 0.707109 -0.707104 -0.000043 0.707109 -0.707104 0.000000 0.707109 -0.707109 0.000000 0.707105 -0.707107 0.000000 0.707107 -0.707102 0.000000 0.707112 -0.707102 0.000000 0.707112 -0.707112 -0.000085 0.707102 -0.707115 -0.000085 0.707099 0.707092 -0.000000 -0.707122 
						0.707089 0.000085 -0.707125 0.707107 0.000000 -0.707106 0.707100 0.000000 -0.707113 0.707105 0.000000 -0.707108 0.707072 0.000000 -0.707141 0.707068 0.000000 -0.707146 0.707100 0.000000 -0.707114 0.707109 0.000000 -0.707104 0.707146 0.000000 -0.707067 0.707145 0.000000 -0.707068 0.707110 0.000000 -0.707104 0.707113 0.000000 -0.707101 0.707124 0.000000 -0.707089 0.707120 0.000000 -0.707094 0.707121 0.000000 -0.707093 0.707107 0.000000 -0.707107 0.707092 0.000000 -0.707121 0.707111 0.000000 -0.707102 0.707112 0.000000 -0.707102 0.707103 -0.000085 -0.707111 -0.309016 -0.000000 -0.951057 -0.587785 -0.000000 -0.809017 -0.587785 0.000000 -0.809017 -0.309016 0.000000 -0.951057 -0.809017 0.000000 -0.587785 -0.809017 -0.000000 -0.587785 -0.951056 0.000000 -0.309017 -0.951056 -0.000000 -0.309017 -1.000000 0.000000 0.000000 -1.000000 0.000000 0.000000 -0.951056 -0.000000 0.309017 -0.951056 0.000000 0.309017 -0.809017 -0.000000 0.587786 -0.809017 -0.000000 0.587786 -0.809017 0.000000 0.587786 -0.587785 0.000000 0.809017 -0.587785 -0.000000 0.809017 -0.809017 0.000000 0.587786 -0.309017 0.000000 0.951056 -0.309017 -0.000000 0.951056 0.000000 -0.000000 1.000000 -0.000000 0.000000 1.000000 0.309017 -0.000000 0.951056 0.309017 0.000000 0.951056 0.587785 0.000000 0.809017 0.587785 0.000000 0.809017 0.809017 0.000000 0.587785 0.809017 -0.000000 0.587785 0.951056 0.000001 0.309017 0.951056 0.000000 0.309017 1.000000 0.000001 -0.000000 1.000000 -0.000000 -0.000000 0.951056 -0.000000 -0.309017 0.951056 0.000000 -0.309017 0.809017 -0.000000 -0.587785 0.809017 0.000000 -0.587785 0.587785 0.000000 -0.809017 0.587785 -0.000000 -0.809017 0.309017 0.000000 -0.951056 0.309017 -0.000000 -0.951056 0.000001 -0.000000 -1.000000 0.000001 -0.000000 -1.000000 -0.891006 0.000000 0.453991 -0.891006 0.000000 0.453991 
						-0.891006 -0.000000 0.453991 -0.891006 0.000000 0.453991 -0.891006 0.000000 0.453991 -0.891006 0.000000 0.453992 -0.891006 0.000000 0.453991 -0.891007 0.000000 0.453990 -0.891006 0.000000 0.453991 -0.891006 0.000000 0.453992 -0.891006 0.000000 0.453991 -0.891006 0.000000 0.453991 -0.891007 0.000000 0.453990 -0.891006 0.000000 0.453991 -0.891007 -0.000000 0.453989 -0.891006 0.000000 0.453991 -0.891006 0.000000 0.453991 -0.891007 0.000000 0.453990 -0.891006 0.000000 0.453991 -0.891006 -0.000000 0.453991 -0.891006 -0.000000 0.453992 -0.707476 0.000000 -0.706737 -0.707392 0.000000 -0.706821 -0.707438 0.000000 -0.706776 -0.707393 0.000000 -0.706821 -0.707478 0.000000 -0.706736 -0.707438 0.000000 -0.706775 -0.707437 0.000001 -0.706776 -0.707438 0.000001 -0.706775 -0.707438 0.000000 -0.706776 -0.707437 -0.000001 -0.706776 -0.707439 0.000001 -0.706774 -0.707438 0.000003 -0.706775 -0.707438 0.000000 -0.706775 -0.707440 0.000000 -0.706774 -0.707437 0.000000 -0.706776 -0.707438 0.000000 -0.706776 -0.707438 0.000000 -0.706775 -0.707439 0.000000 -0.706774 -0.707439 0.000000 -0.706775 -0.707439 -0.000001 -0.706775 -0.707439 -0.000001 -0.706774 0.000001 0.000000 -1.000000 -0.309016 -0.000000 -0.951057 -0.309016 -0.000039 -0.951057 0.000001 0.000000 -1.000000 0.309017 0.000000 -0.951056 0.309017 -0.000000 -0.951056 0.587785 0.000000 -0.809017 0.587785 0.000000 -0.809017 0.809017 -0.000000 -0.587785 0.809017 0.000000 -0.587785 0.951057 -0.000000 -0.309017 0.951057 -0.000000 -0.309017 1.000000 0.000000 -0.000000 1.000000 -0.000000 -0.000000 0.951056 -0.000000 0.309017 0.951056 -0.000000 0.309017 0.809017 0.000000 0.587785 0.809017 -0.000000 0.587785 0.587786 -0.000001 0.809017 0.587785 -0.000000 0.809017 0.309017 -0.000002 0.951056 0.309017 -0.000002 0.951056 0.000000 0.000000 1.000000 0.000000 -0.000001 1.000000 
						-0.309017 -0.000001 0.951056 -0.309017 -0.000000 0.951056 -0.587785 -0.000002 0.809017 -0.587785 -0.000000 0.809017 -0.809017 0.000001 0.587786 -0.809017 0.000000 0.587786 -0.951056 0.000000 0.309017 -0.951056 0.000000 0.309017 -1.000000 -0.000002 0.000000 -1.000000 -0.000000 0.000000 -0.951056 0.000000 -0.309017 -0.951056 -0.000000 -0.309017 -0.809017 -0.000000 -0.587785 -0.809017 -0.000000 -0.587785 -0.587785 -0.000003 -0.809017 -0.809017 0.000013 -0.587785 -0.809017 0.000166 -0.587785 -0.587785 0.000034 -0.809017 0.000000 -0.453987 0.891008 0.278113 -0.435892 0.855950 0.278113 -0.435892 0.855951 0.000000 -0.453987 0.891008 -0.278114 -0.435891 0.855950 -0.278114 -0.435891 0.855950 -0.543579 -0.380475 0.748172 -0.543579 -0.380475 0.748172 -0.748170 -0.380478 0.543579 -0.748170 -0.380478 0.543579 -0.855942 -0.435910 0.278112 -0.855942 -0.435910 0.278112 -0.891006 -0.453992 0.000000 -0.891006 -0.453992 0.000000 -0.855942 -0.435909 -0.278112 -0.855942 -0.435909 -0.278112 -0.748167 -0.380486 -0.543578 -0.748167 -0.380486 -0.543578 -0.543577 -0.380483 -0.748169 -0.543577 -0.380483 -0.748169 -0.278113 -0.435907 -0.855943 -0.278113 -0.435906 -0.855943 0.000000 -0.454000 -0.891002 0.000000 -0.454000 -0.891002 0.278113 -0.435904 -0.855945 0.278113 -0.435904 -0.855944 0.543579 -0.380482 -0.748168 0.543579 -0.380481 -0.748168 0.748170 -0.380481 -0.543577 0.748170 -0.380481 -0.543577 0.855946 -0.435901 -0.278114 0.855946 -0.435901 -0.278114 0.891009 -0.453985 0.000000 0.891009 -0.453985 0.000000 0.855946 -0.435901 0.278114 0.855946 -0.435901 0.278114 0.735083 -0.417638 0.534071 0.735083 -0.417638 0.534071 0.543578 -0.380471 0.748174 0.760030 -0.342686 0.552196 0.760030 -0.342686 0.552196 0.543578 -0.380472 0.748174 0.309035 -0.002791 0.951047 0.309030 -0.002791 0.951048 0.309022 -0.002791 0.951051 0.309025 -0.002791 0.951050 
						0.999845 0.017606 0.000000 0.999845 0.017606 0.000000 0.999845 0.017606 0.000000 0.999845 0.017606 0.000000 0.309015 -0.008093 0.951023 0.309017 -0.008093 0.951022 0.309021 -0.008093 0.951021 0.309020 -0.008093 0.951021 0.999845 0.017606 0.000000 0.999845 0.017606 0.000000 0.999845 0.017606 0.000001 0.999845 0.017606 0.000001 0.309008 -0.012605 0.950976 0.309007 -0.012605 0.950976 0.309007 -0.012605 0.950976 0.309007 -0.012605 0.950976 0.999874 0.015883 -0.000000 0.999874 0.015883 -0.000000 0.999874 0.015883 -0.000000 0.999874 0.015883 -0.000000 0.308991 -0.015883 0.950932 0.308991 -0.015883 0.950932 0.308991 -0.015883 0.950932 0.308991 -0.015883 0.950932 0.999921 0.012605 0.000001 0.999921 0.012605 0.000001 0.999921 0.012605 0.000000 0.999921 0.012605 0.000001 0.308984 -0.017606 0.950904 0.308984 -0.017606 0.950904 0.308983 -0.017606 0.950905 0.308983 -0.017606 0.950905 0.999967 0.008094 -0.000000 0.999967 0.008094 -0.000000 0.999967 0.008094 -0.000000 0.999967 0.008094 -0.000000 0.308982 -0.017606 0.950905 0.308983 -0.017606 0.950905 0.308984 -0.017606 0.950904 0.308983 -0.017606 0.950904 0.999996 0.002789 -0.000002 0.999996 0.002789 -0.000001 0.999996 0.002789 0.000001 0.999996 0.002789 0.000000 0.308989 -0.015883 0.950933 0.308991 -0.015883 0.950932 0.308992 -0.015883 0.950932 0.308992 -0.015883 0.950932 0.999996 -0.002789 0.000002 0.999996 -0.002789 0.000001 0.999996 -0.002789 -0.000001 0.999996 -0.002789 -0.000000 0.309008 -0.012605 0.950976 0.309006 -0.012605 0.950976 0.309004 -0.012605 0.950977 0.309005 -0.012605 0.950977 0.999967 -0.008094 -0.000000 0.999967 -0.008094 -0.000000 0.999967 -0.008094 -0.000000 0.999967 -0.008094 -0.000000 0.309016 -0.008094 0.951023 0.309018 -0.008094 0.951022 0.309021 -0.008094 0.951021 0.309020 -0.008094 0.951021 
						0.999921 -0.012605 -0.000002 0.999921 -0.012605 -0.000001 0.999921 -0.012605 0.000000 0.999921 -0.012605 -0.000000 0.309032 -0.002788 0.951048 0.309030 -0.002788 0.951048 0.309026 -0.002788 0.951049 0.309028 -0.002788 0.951049 0.999874 -0.015883 0.000001 0.999874 -0.015883 0.000001 0.999874 -0.015883 -0.000000 0.999874 -0.015883 0.000000 0.309024 0.002789 0.951050 0.309026 0.002790 0.951050 0.309030 0.002790 0.951048 0.309028 0.002790 0.951049 0.999845 -0.017606 -0.000001 0.999845 -0.017606 -0.000001 0.999845 -0.017606 -0.000000 0.999845 -0.017606 -0.000000 0.309028 0.008093 0.951018 0.309025 0.008093 0.951019 0.309020 0.008093 0.951021 0.309021 0.008093 0.951021 0.999845 -0.017606 -0.000000 0.999845 -0.017606 -0.000000 0.999845 -0.017606 -0.000000 0.999845 -0.017606 -0.000000 0.309002 0.012605 0.950978 0.309003 0.012605 0.950978 0.309004 0.012605 0.950977 0.309004 0.012605 0.950977 0.999874 -0.015883 -0.000001 0.999874 -0.015883 -0.000001 0.999874 -0.015883 -0.000001 0.999874 -0.015883 -0.000001 0.308990 0.015883 0.950933 0.308990 0.015883 0.950933 0.308990 0.015883 0.950933 0.308990 0.015883 0.950933 0.999921 -0.012605 0.000000 0.999921 -0.012605 0.000000 0.999921 -0.012605 -0.000000 0.999921 -0.012605 -0.000000 0.308983 0.017606 0.950905 0.308983 0.017606 0.950905 0.308983 0.017606 0.950905 0.308983 0.017606 0.950905 0.999967 -0.008094 0.000001 0.999967 -0.008094 0.000000 0.999967 -0.008094 -0.000000 0.999967 -0.008094 0.000000 0.308978 0.017606 0.950906 0.308980 0.017606 0.950906 0.308983 0.017606 0.950905 0.308982 0.017606 0.950905 0.999996 -0.002789 0.000001 0.999996 -0.002789 0.000001 0.999996 -0.002789 0.000001 0.999996 -0.002789 0.000001 0.308992 0.015883 0.950932 0.308991 0.015883 0.950932 0.308991 0.015883 0.950932 0.308991 0.015883 0.950932 
						0.999996 0.002789 -0.000001 0.999996 0.002789 -0.000001 0.999996 0.002789 -0.000001 0.999996 0.002789 -0.000001 0.309000 0.012605 0.950979 0.309002 0.012605 0.950978 0.309006 0.012605 0.950977 0.309005 0.012605 0.950977 0.999967 0.008094 -0.000002 0.999967 0.008094 -0.000001 0.999967 0.008094 -0.000000 0.999967 0.008094 -0.000001 0.309021 0.008094 0.951021 0.309017 0.008094 0.951022 0.309010 0.008094 0.951024 0.309012 0.008094 0.951024 0.999921 0.012605 -0.000001 0.999921 0.012605 -0.000000 0.999921 0.012605 0.000001 0.999921 0.012605 0.000001 0.309027 0.002790 0.951049 0.309030 0.002790 0.951048 0.309034 0.002789 0.951047 0.309032 0.002790 0.951047 0.999874 0.015883 0.000003 0.999874 0.015883 0.000002 0.999874 0.015883 0.000000 0.999874 0.015883 0.000001 -0.309007 -0.000015 -0.951060 -0.587788 0.000003 -0.809015 -0.587788 0.000000 -0.809015 -0.309007 -0.000000 -0.951060 -0.809017 -0.000000 -0.587786 -0.809017 -0.000000 -0.587786 -0.951054 -0.000015 -0.309026 -0.951054 -0.000000 -0.309026 -1.000000 -0.000015 0.000013 -1.000000 -0.000000 0.000013 -0.951054 -0.000003 0.309026 -0.951054 0.000000 0.309026 -0.809023 -0.000009 0.587777 -0.809023 -0.000000 0.587777 -0.587801 -0.000018 0.809006 -0.587801 -0.000000 0.809006 -0.308990 0.000006 0.951065 -0.308990 0.000000 0.951065 0.000000 -0.000003 1.000000 0.000000 -0.000000 1.000000 0.309007 0.000006 0.951060 0.309007 0.000000 0.951060 0.587800 0.000006 0.809006 0.587800 -0.000000 0.809006 0.809016 -0.000015 0.587787 0.809016 0.000000 0.587787 0.951054 -0.000012 0.309026 0.951054 -0.000000 0.309026 1.000000 0.000006 0.000000 1.000000 0.000000 0.000000 0.951054 0.000015 -0.309026 0.951054 -0.000000 -0.309026 0.809016 -0.000006 -0.587787 0.809016 0.000000 -0.587786 0.809016 -0.000030 -0.587786 0.587788 -0.000018 -0.809015 
						0.587788 -0.000000 -0.809015 0.809016 -0.000000 -0.587786 0.309024 0.000018 -0.951054 0.309024 0.000000 -0.951054 0.000000 0.000009 -1.000000 0.000000 -0.000000 -1.000000 -0.707103 0.000000 0.707111 -0.707107 0.000000 0.707107 -0.707106 -0.000004 0.707107 -0.707105 0.000000 0.707109 -0.707096 0.000000 0.707117 -0.707094 0.000000 0.707120 -0.707101 0.000000 0.707112 -0.707122 0.000000 0.707091 -0.707120 0.000000 0.707094 -0.707093 0.000000 0.707121 -0.707106 0.000000 0.707108 -0.707116 -0.000043 0.707098 -0.707110 -0.000043 0.707104 -0.707106 0.000000 0.707107 -0.707112 0.000000 0.707101 -0.707100 0.000000 0.707113 -0.707105 0.000000 0.707109 -0.707107 0.000000 0.707107 -0.707106 0.000000 0.707108 -0.707112 0.000000 0.707101 -0.707104 0.000000 0.707109 0.707092 0.000000 -0.707122 0.707084 0.000000 -0.707130 0.707107 -0.000000 -0.707106 0.707098 0.000000 -0.707115 0.707092 0.000000 -0.707121 0.707058 0.000000 -0.707156 0.707062 0.000000 -0.707151 0.707120 0.000000 -0.707094 0.707130 0.000043 -0.707083 0.707129 0.000043 -0.707085 0.707145 0.000000 -0.707068 0.707127 -0.000085 -0.707087 0.707118 -0.000085 -0.707096 0.707126 0.000000 -0.707087 0.707128 0.000000 -0.707086 0.707112 0.000000 -0.707101 0.707105 0.000000 -0.707109 0.707097 0.000000 -0.707116 0.707115 0.000043 -0.707098 0.707112 0.000043 -0.707101 0.707092 0.000000 -0.707121 -0.309026 -0.000006 -0.951054 -0.587788 -0.000015 -0.809015 -0.587788 0.000000 -0.809015 -0.309026 -0.000000 -0.951053 -0.809023 0.000006 -0.587777 -0.809023 0.000000 -0.587777 -0.951056 0.000021 -0.309020 -0.951056 0.000000 -0.309020 -1.000000 0.000003 0.000000 -1.000000 -0.000000 0.000000 -0.951056 -0.000006 0.309020 -0.951056 0.000000 0.309020 -0.809010 -0.000003 0.587795 -0.809010 -0.000000 0.587796 -0.587788 0.000006 0.809015 -0.587788 0.000000 0.809015 
						-0.309026 0.000003 0.951053 -0.309026 -0.000000 0.951054 0.000000 -0.000027 1.000000 0.000000 -0.000000 1.000000 0.309023 0.000006 0.951055 0.309023 0.000000 0.951055 0.587788 0.000009 0.809015 0.587788 -0.000000 0.809015 0.809013 -0.000015 0.587791 0.809013 -0.000000 0.587791 0.951054 -0.000012 0.309026 0.951054 -0.000000 0.309026 1.000000 0.000018 0.000000 1.000000 0.000000 0.000000 0.951054 0.000018 -0.309026 0.951054 -0.000000 -0.309026 0.809026 -0.000012 -0.587773 0.809026 0.000000 -0.587773 0.809026 -0.000030 -0.587773 0.587788 0.000000 -0.809015 0.587788 0.000000 -0.809015 0.809026 -0.000000 -0.587773 0.309023 -0.000003 -0.951055 0.309023 -0.000000 -0.951055 0.000000 -0.000006 -1.000000 0.000000 0.000000 -1.000000 -0.707101 0.000000 0.707113 -0.707111 0.000000 0.707103 -0.707104 0.000000 0.707109 -0.707109 0.000000 0.707104 -0.707098 0.000000 0.707115 -0.707095 0.000000 0.707118 -0.707106 0.000000 0.707108 -0.707102 0.000000 0.707112 -0.707107 0.000000 0.707106 -0.707113 0.000000 0.707100 -0.707106 0.000000 0.707108 -0.707099 0.000000 0.707114 -0.707099 0.000000 0.707114 -0.707100 0.000000 0.707114 -0.707106 0.000000 0.707108 -0.707090 0.000000 0.707123 -0.707112 0.000000 0.707101 -0.707123 0.000000 0.707090 -0.707107 0.000000 0.707107 -0.707101 0.000000 0.707113 -0.707102 0.000000 0.707112 0.891005 0.000000 -0.453994 0.891008 0.000000 -0.453987 0.891007 -0.000000 -0.453989 0.891012 0.000000 -0.453980 0.890999 0.000000 -0.454004 0.891003 0.000000 -0.453997 0.891011 0.000000 -0.453981 0.891019 0.000000 -0.453967 0.891009 -0.000027 -0.453985 0.890997 -0.000027 -0.454009 0.891013 0.000000 -0.453978 0.891013 0.000000 -0.453979 0.891010 0.000000 -0.453984 0.891005 0.000000 -0.453994 0.891004 0.000000 -0.453995 0.891001 0.000000 -0.454001 0.891010 0.000000 -0.453984 
						0.891007 0.000000 -0.453990 0.891006 0.000027 -0.453992 0.891010 0.000027 -0.453983 0.891001 0.000000 -0.454002 -0.309023 0.000012 -0.951054 -0.587812 -0.000006 -0.808998 -0.587812 -0.000000 -0.808998 -0.309024 0.000000 -0.951054 -0.809021 -0.000015 -0.587779 -0.809021 0.000000 -0.587779 -0.951053 0.000009 -0.309028 -0.951053 -0.000000 -0.309028 -1.000000 -0.000009 -0.000000 -1.000000 -0.000000 -0.000000 -0.951056 0.000015 0.309017 -0.951056 0.000000 0.309017 -0.809021 0.000009 0.587779 -0.809021 -0.000000 0.587779 -0.587812 -0.000015 0.808998 -0.587812 -0.000000 0.808998 -0.309024 -0.000015 0.951054 -0.309024 -0.000000 0.951054 0.000000 0.000012 1.000000 0.000000 0.000000 1.000000 0.309025 0.000015 0.951054 0.309025 -0.000000 0.951054 0.587812 0.000003 0.808998 0.587812 0.000000 0.808998 0.809020 -0.000000 0.587781 0.809020 -0.000000 0.587781 0.951057 -0.000012 0.309014 0.951057 0.000000 0.309014 1.000000 0.000003 -0.000000 1.000000 0.000000 -0.000000 0.951054 0.000003 -0.309026 0.951054 0.000000 -0.309026 0.809020 0.000000 -0.587781 0.809020 0.000000 -0.587781 0.809020 -0.000019 -0.587781 0.587812 0.000012 -0.808998 0.587812 0.000000 -0.808998 0.809020 -0.000000 -0.587781 0.309025 0.000012 -0.951054 0.309025 -0.000000 -0.951054 0.000000 -0.000018 -1.000000 0.000000 -0.000000 -1.000000 -0.453978 0.000000 0.891013 -0.453983 0.000000 0.891010 -0.453990 0.000000 0.891007 -0.453974 0.000000 0.891015 -0.453976 0.000000 0.891014 -0.453984 0.000000 0.891010 -0.453984 0.000000 0.891010 -0.453997 0.000000 0.891003 -0.454009 0.000000 0.890997 -0.453995 0.000000 0.891004 -0.453993 0.000000 0.891006 -0.453991 0.000000 0.891006 -0.453984 0.000000 0.891010 -0.453984 0.000000 0.891010 -0.453987 0.000000 0.891008 -0.453982 0.000000 0.891011 -0.453984 0.000000 0.891010 -0.454009 0.000000 0.890997 
						-0.454015 0.000000 0.890994 -0.453996 0.000000 0.891004 -0.453985 0.000000 0.891009 0.891005 0.000000 -0.453993 0.891002 0.000000 -0.453999 0.891008 0.000004 -0.453988 0.891011 0.000027 -0.453982 0.891006 0.000027 -0.453992 0.890992 0.000000 -0.454019 0.890998 0.000000 -0.454007 0.891016 0.000000 -0.453971 0.891024 0.000000 -0.453956 0.891018 0.000000 -0.453969 0.891014 0.000000 -0.453975 0.891010 0.000000 -0.453984 0.891010 0.000000 -0.453984 0.891003 0.000000 -0.453998 0.890997 0.000000 -0.454009 0.891012 0.000000 -0.453979 0.891013 -0.000014 -0.453977 0.890996 -0.000014 -0.454010 0.891003 0.000027 -0.453998 0.891016 0.000027 -0.453971 0.891012 0.000000 -0.453981 -0.309003 -0.000066 -0.951061 -0.587782 -0.000080 -0.809019 -0.587782 -0.000000 -0.809019 -0.309003 -0.000128 -0.951061 -0.809022 -0.000080 -0.587778 -0.809022 -0.000000 -0.587778 -0.951057 -0.000093 -0.309014 -0.951057 -0.000127 -0.309014 -1.000000 -0.000081 0.000013 -1.000000 -0.000128 0.000013 -0.951057 -0.000077 0.309014 -0.951057 -0.000001 0.309014 -0.809029 -0.000086 0.587769 -0.809029 -0.000000 0.587769 -0.587782 -0.000040 0.809019 -0.587782 -0.000126 0.809019 -0.309003 -0.000070 0.951061 -0.309003 -0.000128 0.951061 0.000000 -0.000093 1.000000 0.000000 -0.000000 1.000000 0.309024 -0.000071 0.951054 0.309024 -0.000126 0.951054 0.587788 -0.000075 0.809015 0.587788 -0.000128 0.809015 0.809016 -0.000062 0.587787 0.809016 -0.000000 0.587786 0.951057 -0.000084 0.309014 0.951057 -0.000130 0.309014 1.000000 -0.000082 0.000000 1.000000 -0.000131 -0.000000 0.951057 -0.000056 -0.309014 0.951057 -0.000000 -0.309014 0.809016 -0.000061 -0.587787 0.809016 0.000000 -0.587787 0.809016 -0.000081 -0.587786 0.587788 -0.000075 -0.809015 0.587788 -0.000128 -0.809015 0.809016 -0.000253 -0.587786 0.309024 -0.000062 -0.951054 0.309024 -0.000000 -0.951054 
						0.000000 -0.000056 -1.000000 0.000000 -0.000126 -1.000000 0.987695 0.000000 0.156393 0.987694 0.000000 0.156402 0.987693 0.000000 0.156406 0.987694 0.000000 0.156399 0.987693 0.000000 0.156404 0.987696 0.000000 0.156388 0.987692 0.000000 0.156411 0.987689 0.000000 0.156427 0.987692 0.000000 0.156408 0.987693 0.000000 0.156407 0.987693 0.000000 0.156405 0.987692 0.000000 0.156409 0.987692 0.000000 0.156412 0.987693 0.000000 0.156402 0.987694 0.000000 0.156396 0.987694 0.000000 0.156400 0.987692 0.000000 0.156411 0.987691 0.000000 0.156420 0.987692 0.000000 0.156414 0.987693 0.000000 0.156406 0.987693 0.000000 0.156406 -0.453960 0.000000 -0.891022 -0.454011 0.000000 -0.890996 -0.453989 0.000005 -0.891008 -0.454009 0.000000 -0.890997 -0.453975 0.000000 -0.891014 -0.453974 0.000000 -0.891015 -0.453984 0.000000 -0.891010 -0.453970 0.000000 -0.891017 -0.453964 0.000000 -0.891020 -0.453986 0.000000 -0.891009 -0.454020 0.000000 -0.890992 -0.454017 0.000000 -0.890993 -0.453973 0.000000 -0.891016 -0.453954 0.000000 -0.891025 -0.453998 0.000000 -0.891003 -0.454015 0.000000 -0.890994 -0.453997 0.000000 -0.891003 -0.453998 0.000000 -0.891002 -0.453987 0.000054 -0.891008 -0.454003 0.000054 -0.891000 -0.453976 0.000000 -0.891014 -0.309015 -0.000015 -0.951057 -0.587787 0.000003 -0.809016 -0.587787 0.000000 -0.809016 -0.309015 -0.000000 -0.951057 -0.809016 -0.000000 -0.587787 -0.809016 -0.000000 -0.587787 -0.951057 -0.000015 -0.309015 -0.951057 -0.000000 -0.309015 -1.000000 -0.000015 0.000000 -1.000000 -0.000000 0.000000 -0.951056 0.000003 0.309018 -0.951056 0.000000 0.309018 -0.809016 -0.000003 0.587787 -0.809016 -0.000000 0.587787 -0.587780 -0.000012 0.809020 -0.587780 0.000000 0.809020 -0.309024 -0.000012 0.951054 -0.309024 -0.000000 0.951054 -0.000000 0.000009 1.000000 0.000000 0.000000 1.000000 
						0.309016 0.000018 0.951057 0.309016 -0.000000 0.951057 0.587774 0.000000 0.809025 0.587774 0.000000 0.809025 0.809019 -0.000021 0.587783 0.809019 -0.000000 0.587783 0.951057 -0.000015 0.309015 0.951057 0.000000 0.309015 1.000000 0.000015 -0.000000 1.000000 0.000000 -0.000000 0.951057 -0.000003 -0.309015 0.951057 -0.000000 -0.309015 0.809016 -0.000018 -0.587787 0.809016 0.000000 -0.587787 0.809016 -0.000024 -0.587787 0.587781 -0.000018 -0.809020 0.587780 -0.000000 -0.809020 0.809016 -0.000000 -0.587787 0.309016 0.000015 -0.951057 0.309016 0.000000 -0.951057 0.000010 0.000009 -1.000000 0.000010 -0.000000 -1.000000 -0.453983 -0.000054 0.891010 -0.453990 0.000000 0.891007 -0.453988 -0.000005 0.891008 -0.453990 -0.000027 0.891007 -0.453987 0.000027 0.891008 -0.453980 0.000000 0.891012 -0.453989 0.000000 0.891007 -0.453989 0.000000 0.891007 -0.453979 -0.000107 0.891012 -0.453999 0.000000 0.891002 -0.453991 0.000000 0.891006 -0.453987 -0.000054 0.891008 -0.453996 0.000107 0.891004 -0.453988 0.000027 0.891008 -0.453984 -0.000027 0.891010 -0.453985 0.000000 0.891009 -0.453992 -0.000054 0.891006 -0.453993 0.000000 0.891005 -0.453988 0.000054 0.891008 -0.453985 0.000000 0.891009 -0.453995 0.000000 0.891004 0.707118 0.000000 -0.707096 0.707123 0.000085 -0.707091 0.707107 0.000002 -0.707106 0.707126 0.000000 -0.707087 0.707121 0.000000 -0.707093 0.707099 0.000000 -0.707115 0.707084 0.000000 -0.707129 0.707093 0.000000 -0.707120 0.707117 0.000000 -0.707096 0.707130 0.000000 -0.707084 0.707113 0.000000 -0.707101 0.707092 0.000000 -0.707121 0.707092 0.000000 -0.707122 0.707094 0.000000 -0.707119 0.707098 0.000000 -0.707115 0.707099 0.000000 -0.707114 0.707126 0.000021 -0.707088 0.707131 0.000021 -0.707083 0.707080 0.000000 -0.707133 0.707089 0.000000 -0.707125 0.707117 -0.000085 -0.707096 
						-0.309024 -0.000015 -0.951054 -0.587787 0.000003 -0.809016 -0.587787 0.000000 -0.809016 -0.309024 -0.000000 -0.951054 -0.809009 -0.000000 -0.587796 -0.809009 -0.000000 -0.587796 -0.951056 -0.000015 -0.309018 -0.951056 -0.000000 -0.309018 -1.000000 -0.000015 0.000000 -1.000000 -0.000000 0.000000 -0.951056 -0.000003 0.309018 -0.951056 0.000000 0.309018 -0.809009 -0.000009 0.587796 -0.809009 -0.000000 0.587796 -0.587787 -0.000018 0.809016 -0.587787 -0.000000 0.809016 -0.309024 0.000006 0.951054 -0.309024 0.000000 0.951054 -0.000000 -0.000003 1.000000 0.000000 -0.000000 1.000000 0.309024 0.000006 0.951054 0.309024 0.000000 0.951054 0.587787 0.000006 0.809016 0.587787 -0.000000 0.809016 0.809009 -0.000015 0.587796 0.809009 0.000000 0.587796 0.951056 -0.000012 0.309017 0.951056 -0.000000 0.309017 1.000000 0.000006 -0.000000 1.000000 0.000000 -0.000000 0.951056 0.000015 -0.309018 0.951056 -0.000000 -0.309018 0.809009 -0.000006 -0.587796 0.809009 0.000000 -0.587796 0.809009 -0.000030 -0.587796 0.587787 -0.000018 -0.809016 0.587787 -0.000000 -0.809016 0.809009 -0.000000 -0.587796 0.309024 0.000018 -0.951054 0.309024 0.000000 -0.951054 -0.000000 0.000009 -1.000000 -0.000000 -0.000000 -1.000000 -0.707105 0.000000 0.707109 -0.707104 0.000000 0.707110 -0.707105 0.000000 0.707108 -0.707104 0.000000 0.707110 -0.707104 0.000000 0.707110 -0.707109 0.000000 0.707105 -0.707105 0.000000 0.707109 -0.707097 0.000000 0.707117 -0.707106 0.000000 0.707108 -0.707112 0.000000 0.707101 -0.707104 0.000000 0.707109 -0.707101 0.000000 0.707113 -0.707103 0.000000 0.707111 -0.707103 0.000000 0.707111 -0.707107 0.000000 0.707106 -0.707109 0.000000 0.707105 -0.707103 0.000000 0.707110 -0.707103 0.000000 0.707110 -0.707107 0.000000 0.707106 -0.707111 0.000000 0.707102 -0.707108 0.000000 0.707106 0.707089 0.000000 -0.707125 
						0.707085 0.000000 -0.707128 0.707106 0.000000 -0.707107 0.707097 0.000000 -0.707116 0.707099 0.000000 -0.707114 0.707072 0.000000 -0.707141 0.707066 0.000000 -0.707148 0.707094 0.000000 -0.707120 0.707117 -0.000043 -0.707097 0.707148 -0.000043 -0.707065 0.707144 0.000000 -0.707070 0.707112 0.000000 -0.707102 0.707111 0.000000 -0.707102 0.707123 0.000000 -0.707091 0.707123 0.000000 -0.707091 0.707121 0.000000 -0.707093 0.707103 0.000000 -0.707110 0.707094 0.000000 -0.707119 0.707117 0.000043 -0.707097 0.707111 0.000043 -0.707102 0.707096 0.000000 -0.707118 -0.309006 0.000012 -0.951060 -0.587780 -0.000012 -0.809021 -0.587780 -0.000000 -0.809021 -0.309006 -0.000000 -0.951060 -0.809021 -0.000006 -0.587780 -0.809021 -0.000000 -0.587780 -0.951057 -0.000012 -0.309014 -0.951057 -0.000000 -0.309014 -1.000000 0.000012 0.000000 -1.000000 0.000000 0.000000 -0.951057 0.000006 0.309014 -0.951057 -0.000000 0.309014 -0.809018 -0.000006 0.587784 -0.809018 0.000000 0.587784 -0.587779 0.000003 0.809022 -0.587779 -0.000000 0.809022 -0.309015 0.000009 0.951057 -0.309015 0.000000 0.951057 0.000000 0.000003 1.000000 0.000000 -0.000000 1.000000 0.309017 -0.000025 0.951057 0.309017 -0.000000 0.951057 0.587780 0.000006 0.809021 0.587780 0.000000 0.809021 0.809013 0.000003 0.587791 0.809013 -0.000000 0.587791 0.951058 0.000000 0.309011 0.951058 0.000000 0.309011 1.000000 -0.000003 -0.000000 1.000000 -0.000000 -0.000000 0.951057 0.000000 -0.309014 0.951057 0.000000 -0.309014 0.809016 0.000037 -0.587786 0.809016 0.000000 -0.587786 0.809016 -0.000012 -0.587786 0.587786 -0.000015 -0.809016 0.587786 -0.000000 -0.809016 0.809016 -0.000000 -0.587786 0.309008 -0.000018 -0.951059 0.309008 -0.000000 -0.951059 0.000000 0.000012 -1.000000 0.000000 0.000000 -1.000000 -0.453990 -0.000054 0.891007 -0.453989 0.000000 0.891007 
						-0.453989 0.000000 0.891007 -0.453993 -0.000027 0.891005 -0.453988 0.000027 0.891008 -0.453991 0.000000 0.891006 -0.453992 0.000054 0.891006 -0.453976 -0.000000 0.891014 -0.453970 -0.000054 0.891017 -0.453981 0.000000 0.891011 -0.453986 0.000000 0.891009 -0.453986 0.000000 0.891009 -0.453994 0.000054 0.891005 -0.453999 0.000027 0.891002 -0.453996 -0.000027 0.891004 -0.453990 0.000000 0.891007 -0.453992 0.000000 0.891005 -0.453996 0.000000 0.891004 -0.453997 0.000000 0.891003 -0.453987 0.000000 0.891008 -0.453983 0.000000 0.891010 0.454007 0.000000 -0.890998 0.453999 0.000000 -0.891002 0.453989 -0.000003 -0.891007 0.453993 0.000000 -0.891005 0.453987 0.000000 -0.891008 0.453983 0.000000 -0.891011 0.453980 -0.000027 -0.891012 0.453957 -0.000027 -0.891023 0.453957 0.000000 -0.891023 0.454003 0.000000 -0.891000 0.454015 0.000000 -0.890994 0.453979 0.000000 -0.891012 0.453986 0.000000 -0.891009 0.454007 0.000000 -0.890998 0.454000 0.000000 -0.891002 0.453984 0.000000 -0.891010 0.453975 0.000000 -0.891014 0.454007 0.000000 -0.890998 0.454017 0.000000 -0.890993 0.453967 0.000000 -0.891018 0.453972 0.000000 -0.891016 -0.309012 -0.000015 -0.951058 -0.587788 0.000003 -0.809015 -0.587788 0.000000 -0.809015 -0.309012 -0.000000 -0.951058 -0.809016 -0.000000 -0.587787 -0.809016 -0.000000 -0.587787 -0.951058 -0.000015 -0.309012 -0.951058 -0.000000 -0.309012 -1.000000 -0.000015 0.000006 -1.000000 -0.000000 0.000006 -0.951057 -0.000003 0.309014 -0.951057 0.000000 0.309014 -0.809019 -0.000009 0.587782 -0.809019 -0.000000 0.587782 -0.587782 -0.000018 0.809020 -0.587782 -0.000000 0.809020 -0.309021 0.000006 0.951055 -0.309021 0.000000 0.951055 0.000000 -0.000003 1.000000 0.000000 -0.000000 1.000000 0.309026 0.000006 0.951053 0.309026 0.000000 0.951053 0.587782 0.000006 0.809020 0.587782 -0.000000 0.809020 
						0.809016 -0.000015 0.587786 0.809016 0.000000 0.587787 0.951056 -0.000012 0.309020 0.951056 -0.000000 0.309020 1.000000 0.000006 -0.000000 1.000000 0.000000 -0.000000 0.951056 0.000015 -0.309017 0.951056 -0.000000 -0.309017 0.809016 -0.000006 -0.587787 0.809016 0.000000 -0.587787 0.809016 -0.000030 -0.587786 0.587782 -0.000018 -0.809020 0.587782 -0.000000 -0.809020 0.809016 -0.000000 -0.587786 0.309018 0.000018 -0.951056 0.309018 0.000000 -0.951056 0.000010 0.000009 -1.000000 0.000010 -0.000000 -1.000000 -0.707107 -0.000043 0.707107 -0.707106 0.000000 0.707108 -0.707106 -0.000011 0.707108 -0.707106 -0.000021 0.707107 -0.707106 0.000021 0.707108 -0.707105 0.000000 0.707109 -0.707108 0.000000 0.707106 -0.707106 0.000000 0.707108 -0.707103 -0.000085 0.707110 -0.707109 0.000000 0.707104 -0.707102 0.000000 0.707112 -0.707098 -0.000043 0.707115 -0.707104 -0.000000 0.707110 -0.707106 -0.000043 0.707108 -0.707107 0.000000 0.707107 -0.707110 0.000000 0.707104 -0.707106 -0.000043 0.707107 -0.707106 0.000000 0.707107 -0.707105 0.000043 0.707109 -0.707106 0.000000 0.707108 -0.707109 0.000000 0.707104 0.707090 -0.000000 -0.707123 0.707088 0.000085 -0.707126 0.707107 0.000002 -0.707107 0.707100 0.000000 -0.707114 0.707102 0.000000 -0.707112 0.707068 0.000000 -0.707145 0.707069 0.000000 -0.707144 0.707103 0.000000 -0.707111 0.707114 0.000000 -0.707100 0.707145 0.000000 -0.707068 0.707141 0.000000 -0.707072 0.707109 0.000000 -0.707105 0.707112 0.000000 -0.707101 0.707125 0.000000 -0.707088 0.707122 0.000000 -0.707092 0.707122 0.000000 -0.707092 0.707106 0.000021 -0.707107 0.707097 0.000021 -0.707117 0.707114 0.000000 -0.707099 0.707105 0.000000 -0.707108 0.707097 -0.000085 -0.707116 -0.309012 0.000012 -0.951058 -0.587788 -0.000012 -0.809015 -0.587788 -0.000000 -0.809015 -0.309012 -0.000000 -0.951058 
						-0.809016 -0.000006 -0.587787 -0.809016 -0.000000 -0.587787 -0.951057 -0.000012 -0.309014 -0.951057 -0.000000 -0.309014 -1.000000 0.000012 0.000013 -1.000000 0.000000 0.000013 -0.951058 0.000006 0.309012 -0.951058 -0.000000 0.309012 -0.809022 -0.000006 0.587778 -0.809022 0.000000 0.587778 -0.587782 0.000003 0.809020 -0.587782 -0.000000 0.809020 -0.309021 0.000009 0.951055 -0.309021 0.000000 0.951055 0.000000 0.000003 1.000000 0.000000 -0.000000 1.000000 0.309021 -0.000025 0.951055 0.309021 -0.000000 0.951055 0.587782 0.000006 0.809020 0.587782 0.000000 0.809020 0.809022 0.000003 0.587778 0.809022 -0.000000 0.587778 0.951055 0.000000 0.309023 0.951055 0.000000 0.309023 1.000000 -0.000003 0.000000 1.000000 -0.000000 0.000000 0.951054 0.000000 -0.309026 0.951054 0.000000 -0.309026 0.809025 0.000037 -0.587774 0.809025 0.000000 -0.587774 0.809025 -0.000012 -0.587774 0.587781 -0.000015 -0.809020 0.587781 -0.000000 -0.809020 0.809025 -0.000000 -0.587774 0.309003 -0.000018 -0.951061 0.309003 -0.000000 -0.951061 0.000010 0.000012 -1.000000 0.000010 0.000000 -1.000000 -0.453985 0.000000 0.891009 -0.453988 -0.000054 0.891008 -0.453988 0.000003 0.891008 -0.453987 0.000054 0.891008 -0.453984 0.000000 0.891010 -0.453989 0.000000 0.891007 -0.453992 0.000054 0.891006 -0.453977 0.000000 0.891013 -0.453973 -0.000054 0.891016 -0.453989 0.000107 0.891007 -0.453985 0.000000 0.891009 -0.453976 -0.000107 0.891014 -0.453992 0.000054 0.891005 -0.453998 0.000027 0.891003 -0.453996 -0.000027 0.891004 -0.453989 0.000000 0.891007 -0.453993 0.000000 0.891005 -0.453999 0.000000 0.891002 -0.453988 0.000000 0.891008 -0.453983 0.000000 0.891010 -0.453989 0.000000 0.891007 0.454006 0.000000 -0.890999 0.453994 0.000000 -0.891005 0.453987 -0.000003 -0.891008 0.453986 0.000000 -0.891009 0.453983 0.000000 -0.891010 
						0.453981 0.000000 -0.891012 0.453980 -0.000027 -0.891012 0.453958 -0.000027 -0.891023 0.453959 0.000000 -0.891022 0.454011 0.000000 -0.890996 0.454013 0.000000 -0.890995 0.453969 0.000000 -0.891017 0.453984 0.000000 -0.891010 0.454006 0.000000 -0.890998 0.454000 0.000000 -0.891002 0.453983 0.000000 -0.891011 0.453975 0.000000 -0.891014 0.454010 0.000000 -0.890997 0.454007 0.000000 -0.890998 0.453963 0.000000 -0.891020 0.453978 0.000000 -0.891013 -0.309023 -0.000015 -0.951055 -0.587788 0.000003 -0.809015 -0.587788 0.000000 -0.809015 -0.309023 -0.000000 -0.951055 -0.809026 -0.000000 -0.587773 -0.809026 -0.000000 -0.587773 -0.951057 -0.000015 -0.309014 -0.951057 -0.000000 -0.309014 -1.000000 -0.000015 0.000000 -1.000000 -0.000000 0.000000 -0.951057 0.000003 0.309014 -0.951057 0.000000 0.309014 -0.809013 -0.000003 0.587791 -0.809013 -0.000000 0.587791 -0.587788 -0.000012 0.809015 -0.587788 0.000000 0.809015 -0.309023 -0.000012 0.951055 -0.309023 -0.000000 0.951055 0.000000 0.000009 1.000000 0.000000 0.000000 1.000000 0.309023 0.000018 0.951055 0.309023 -0.000000 0.951055 0.587788 0.000000 0.809015 0.587788 0.000000 0.809015 0.809010 -0.000021 0.587796 0.809010 -0.000000 0.587795 0.951059 -0.000015 0.309009 0.951059 0.000000 0.309009 1.000000 0.000015 -0.000000 1.000000 0.000000 -0.000000 0.951059 -0.000003 -0.309009 0.951059 -0.000000 -0.309009 0.809023 -0.000018 -0.587777 0.809023 0.000000 -0.587777 0.809023 -0.000024 -0.587777 0.587788 -0.000018 -0.809015 0.587788 -0.000000 -0.809015 0.809023 -0.000000 -0.587777 0.309023 0.000015 -0.951055 0.309023 0.000000 -0.951055 0.000000 0.000009 -1.000000 0.000000 -0.000000 -1.000000 -0.453968 0.000000 0.891018 -0.453976 0.000000 0.891014 -0.453984 0.000000 0.891010 -0.453982 0.000000 0.891011 -0.453964 0.000000 0.891020 -0.453968 0.000000 0.891018 
						-0.453986 0.000000 0.891009 -0.453982 0.000000 0.891011 -0.453990 0.000000 0.891007 -0.453998 0.000000 0.891003 -0.453987 0.000000 0.891008 -0.453982 0.000000 0.891011 -0.453981 0.000000 0.891011 -0.453984 0.000000 0.891010 -0.453986 0.000000 0.891009 -0.453974 0.000000 0.891015 -0.454003 0.000000 0.891000 -0.454003 0.000000 0.891000 -0.453999 0.000000 0.891002 -0.453992 0.000000 0.891006 -0.453978 0.000000 0.891013 0.707108 0.000000 -0.707105 0.707111 0.000000 -0.707103 0.707103 0.000000 -0.707110 0.707122 0.000000 -0.707092 0.707105 0.000000 -0.707108 0.707087 0.000000 -0.707127 0.707084 0.000000 -0.707129 0.707090 0.000000 -0.707123 0.707126 -0.000043 -0.707088 0.707130 -0.000043 -0.707083 0.707109 0.000000 -0.707105 0.707091 0.000000 -0.707123 0.707085 0.000000 -0.707129 0.707088 0.000000 -0.707126 0.707095 0.000000 -0.707118 0.707088 0.000000 -0.707125 0.707130 0.000000 -0.707083 0.707137 0.000000 -0.707077 0.707084 0.000043 -0.707129 0.707092 0.000043 -0.707122 0.707104 0.000000 -0.707110 -0.000002 1.000000 -0.000002 -0.000000 1.000000 -0.000001 0.202681 0.979244 0.001021 0.237845 0.971300 0.002605 -0.000004 1.000000 -0.000003 0.285012 0.958180 -0.025693 0.000001 1.000000 0.000000 0.000002 1.000000 0.000002 0.009870 0.973313 -0.229270 -0.001025 0.979244 -0.202682 -0.000000 1.000000 0.000000 0.000000 0.981232 -0.192832 -0.000001 1.000000 -0.000000 0.001031 0.979245 -0.202679 -0.000002 1.000000 0.000000 -0.009866 0.973315 -0.229262 0.000002 1.000000 -0.000002 0.000003 1.000000 -0.000003 -0.285016 0.958179 -0.025678 -0.237829 0.971304 0.002611 0.000001 1.000000 -0.000001 -0.202665 0.979248 0.001041 0.000000 1.000000 0.000000 -0.192819 0.981234 -0.000000 0.000000 1.000000 0.000001 -0.202684 0.979244 -0.001028 0.000002 1.000000 0.000002 -0.237825 0.971305 -0.002560 
						0.000004 1.000000 0.000001 -0.285014 0.958179 0.025690 0.000001 -1.000000 0.000001 0.000001 -1.000000 0.000002 0.009860 -0.973311 -0.229277 -0.001062 -0.979243 -0.202688 0.000000 -1.000000 0.000000 0.000000 -0.981232 -0.192830 -0.000001 -1.000000 0.000001 0.001077 -0.979240 -0.202699 -0.000002 -1.000000 0.000001 -0.009904 -0.973321 -0.229236 -0.000002 1.000000 0.000002 -0.000003 1.000000 0.000002 0.285022 0.958177 0.025675 0.237792 0.971313 -0.002556 -0.000001 1.000000 0.000001 0.202678 0.979245 -0.001047 0.000000 1.000000 -0.000000 0.192830 0.981232 -0.000000 0.421061 0.907030 0.002184 0.480836 0.876800 0.004358 0.559678 0.827530 -0.044207 0.078775 0.898338 -0.432185 0.033563 0.910908 -0.411242 0.000000 0.915066 -0.403304 -0.033453 0.910903 -0.411263 -0.078850 0.898352 -0.432141 -0.559698 0.827517 -0.044204 -0.480870 0.876781 0.004401 -0.421040 0.907039 0.002182 -0.403297 0.915069 -0.000000 -0.421067 0.907027 -0.002200 -0.480859 0.876787 -0.004344 -0.559654 0.827545 0.044238 0.078786 -0.898340 -0.432179 0.033515 -0.910905 -0.411252 -0.000000 -0.915063 -0.403311 -0.033436 -0.910899 -0.411272 -0.078879 -0.898360 -0.432120 0.559683 0.827527 0.044202 0.480840 0.876798 -0.004336 0.421069 0.907026 -0.002147 0.403333 0.915053 0.000000 0.655369 0.754378 -0.037484 0.695695 0.715248 -0.066550 0.749854 0.648702 -0.130016 0.879034 0.472048 0.066852 0.707446 0.693528 0.136158 0.838498 0.543106 0.044237 0.939290 0.343122 0.001564 1.000000 0.000002 -0.000000 1.000000 0.000000 0.000000 0.879040 -0.472036 -0.066858 0.939289 -0.343123 -0.001568 0.707492 -0.693474 -0.136198 0.838498 -0.543107 -0.044229 -0.749865 0.648692 -0.130006 -0.695714 0.715234 -0.066509 -0.655369 0.754378 -0.037479 -0.643909 0.765102 -0.000001 -0.655383 0.754368 0.037449 -0.695712 0.715236 0.066504 -0.749849 0.648707 0.130023 
						0.879025 -0.472066 0.066843 0.707484 -0.693480 0.136206 0.838516 -0.543074 0.044280 0.939292 -0.343115 0.001568 1.000000 0.000001 -0.000001 1.000000 0.000001 -0.000001 0.879026 0.472065 -0.066843 0.939285 0.343136 -0.001554 0.707476 0.693489 -0.136201 0.838511 0.543082 -0.044277 0.749858 0.648699 0.130010 0.695714 0.715234 0.066508 0.655360 0.754383 0.037552 0.643906 0.765105 0.000001 0.742155 0.666910 0.066612 0.669194 0.742087 0.038540 0.897318 0.441380 0.001905 0.922620 0.385706 0.001993 0.956764 0.290866 0.000458 0.987401 0.158238 -0.000651 1.000000 -0.000000 0.000000 0.987401 -0.158238 0.000651 0.956756 -0.290891 -0.000400 0.742184 -0.666868 -0.066702 0.922618 -0.385711 -0.001971 0.669194 -0.742087 -0.038544 0.897318 -0.441381 -0.001821 0.643909 -0.765102 -0.000001 0.888113 -0.459626 0.000000 0.669207 -0.742074 0.038581 0.897321 -0.441376 0.001883 0.742167 -0.666893 0.066651 0.922617 -0.385712 0.002000 0.956762 -0.290872 0.000457 0.987400 -0.158240 -0.000649 1.000000 0.000001 -0.000000 0.987400 0.158243 0.000664 0.956759 0.290881 -0.000422 0.742188 0.666863 -0.066715 0.922618 0.385709 -0.001991 0.669203 0.742079 -0.038559 0.897319 0.441379 -0.001927 0.643906 0.765105 -0.000001 0.888101 0.459649 0.000000 0.999696 -0.024648 0.000037 0.999780 -0.020968 -0.000003 0.999884 -0.015235 0.000013 0.999968 -0.008011 -0.000014 1.000000 0.000000 0.000000 0.999968 0.008012 0.000014 0.999884 0.015236 0.000022 0.999780 0.020972 0.000006 0.999696 0.024652 -0.000000 0.999664 0.025912 0.000000 0.999696 0.024643 -0.000020 0.999780 0.020970 -0.000001 0.999884 0.015239 -0.000032 0.999968 0.008011 0.000002 1.000000 -0.000000 0.000000 0.999968 -0.008012 0.000013 0.999884 -0.015238 0.000025 0.999780 -0.020969 -0.000014 0.999696 -0.024648 -0.000022 0.999664 -0.025916 -0.000000 
						0.879710 -0.475505 0.002247 0.908738 -0.417361 0.002459 0.948493 -0.316798 0.000697 0.984851 -0.173401 -0.000543 1.000000 0.000001 -0.000000 0.984849 0.173410 0.000558 0.948504 0.316764 -0.000765 0.908737 0.417363 -0.002456 0.879702 0.475520 -0.002271 0.869208 0.494446 -0.000000 0.879703 0.475519 0.002211 0.908742 0.417351 0.002470 0.948499 0.316780 0.000731 0.984849 0.173413 -0.000557 1.000000 -0.000001 -0.000000 0.984851 -0.173401 0.000542 0.948504 -0.316764 -0.000773 0.908742 -0.417350 -0.002494 0.879708 -0.475509 -0.002209 0.869223 -0.494421 0.000000 0.654276 -0.754956 0.044316 0.731115 -0.677944 0.076566 0.829850 -0.555821 0.049114 0.934604 -0.355684 0.002205 1.000000 -0.000001 -0.000000 0.934604 0.355683 -0.002211 0.829881 0.555769 -0.049183 0.731097 0.677973 -0.076485 0.654281 0.754953 -0.044291 0.627594 0.778541 0.000001 0.654277 0.754958 0.044272 0.731124 0.677933 0.076579 0.829859 0.555807 0.049123 0.934591 0.355717 0.002169 1.000000 0.000000 0.000000 0.934595 -0.355707 -0.002183 0.829859 -0.555805 -0.049136 0.731108 -0.677954 -0.076545 0.654265 -0.754968 -0.044285 0.627574 -0.778557 0.000001 0.495197 -0.778376 -0.385890 0.536364 -0.767456 -0.351177 0.296969 -0.896116 -0.329826 0.240772 -0.911420 -0.333681 0.476237 -0.771215 -0.422405 0.215587 -0.918851 -0.330507 0.704005 -0.695721 0.142650 0.877867 -0.473506 0.071699 1.000000 0.000000 0.000000 0.833711 0.551761 -0.022064 0.718701 0.675714 -0.163949 0.774994 0.468717 -0.423898 0.888483 0.350100 -0.296694 0.818460 0.451574 -0.355252 0.660145 0.561567 -0.498850 0.642874 0.556860 -0.525946 0.483957 0.655011 -0.580298 0.497077 0.616636 -0.610471 0.305968 0.713325 -0.630516 0.334120 0.654278 -0.678442 0.122279 0.744218 -0.656649 0.141091 0.671820 -0.727153 -0.082582 0.747505 -0.659102 -0.006121 0.706147 -0.708039 
						-0.239610 0.774910 -0.584894 0.703927 0.695822 0.142544 0.877855 0.473532 0.071685 1.000000 -0.000001 0.000001 0.833788 -0.551641 -0.022141 0.728463 -0.661388 -0.178625 0.761387 -0.615332 -0.204101 0.852986 -0.509832 -0.111744 0.723879 -0.668229 -0.171668 0.600855 -0.748356 -0.280955 0.672084 -0.694438 -0.257019 0.472442 -0.825873 -0.307786 0.597364 -0.741079 -0.306528 0.373170 -0.870049 -0.322116 0.076495 -0.934874 -0.346639 -0.029942 -0.937045 -0.347923 -0.115038 -0.944350 -0.308172 0.675661 0.564526 0.474123 0.561073 0.489784 0.667315 0.605364 0.553936 0.571568 0.712211 0.606142 0.354044 0.749874 0.608016 0.260778 0.755523 0.643322 0.123779 0.756483 0.643722 -0.115565 0.706201 0.603972 -0.369456 0.551132 0.623543 -0.554479 0.344484 0.702289 -0.622994 0.142511 0.740799 -0.656436 -0.064041 0.746754 -0.662010 -0.291644 0.714968 -0.635424 -0.480274 0.708283 -0.517370 0.675568 -0.564628 0.474134 0.561019 -0.489869 0.667297 0.605362 -0.553955 0.571551 0.712203 -0.606158 0.354033 0.749725 -0.608171 0.260846 0.755483 -0.643369 0.123784 0.756367 -0.643869 -0.115505 0.668573 -0.667941 -0.326903 0.581319 -0.778316 -0.237260 0.431148 -0.844793 -0.316917 0.289975 -0.896830 -0.334082 0.177516 -0.922603 -0.342479 -0.112546 -0.931317 -0.346385 -0.246624 -0.907719 -0.339446 -0.369882 -0.889366 -0.268729 0.641243 0.609724 0.465879 0.739286 0.629093 0.240205 0.761351 0.648340 0.000000 0.739309 0.629061 -0.240218 0.635074 0.619502 -0.461409 0.434900 0.672710 -0.598601 0.210792 0.731221 -0.648755 0.000001 0.748335 -0.663321 -0.210796 0.731212 -0.648764 -0.434894 0.672721 -0.598593 -0.628250 0.630046 -0.456447 0.641274 -0.609669 0.465910 0.739352 -0.629005 0.240230 0.761438 -0.648238 0.000001 0.739322 -0.629046 -0.240219 0.631352 -0.625285 -0.458708 0.379399 -0.883217 -0.275652 0.246708 -0.907651 -0.339565 
						0.112553 -0.931312 -0.346396 0.000001 -0.937443 -0.348138 -0.289973 -0.896838 -0.334062 -0.431130 -0.844821 -0.316868 -0.569535 -0.790336 -0.225829 0.675522 0.657089 0.334521 0.756457 0.643756 0.115548 0.755518 0.643329 -0.123779 0.712221 0.606135 -0.354036 0.603653 0.556469 -0.570916 0.482870 0.705595 -0.518625 0.291683 0.714916 -0.635466 0.064034 0.746771 -0.661992 -0.142513 0.740806 -0.656427 -0.344487 0.702311 -0.622967 -0.551149 0.623506 -0.554505 -0.733917 0.546598 -0.403231 0.675522 -0.657084 0.334531 0.756440 -0.643776 0.115543 0.755493 -0.643358 -0.123782 0.712226 -0.606131 -0.354034 0.612710 -0.542952 -0.574274 0.096316 -0.950327 -0.295975 0.029777 -0.937128 -0.347714 -0.076499 -0.934881 -0.346621 -0.177514 -0.922608 -0.342468 -0.472454 -0.825882 -0.307743 -0.600870 -0.748347 -0.280948 -0.731765 -0.656335 -0.183699 0.735100 0.651113 0.188891 0.785853 0.617972 -0.023348 0.749839 0.608052 -0.260796 0.578486 0.656550 -0.484042 0.513174 0.545956 -0.662257 0.239560 0.774950 -0.584862 0.082476 0.747595 -0.659014 -0.122268 0.744201 -0.656670 -0.305975 0.713331 -0.630506 -0.483953 0.655021 -0.580290 -0.660153 0.561581 -0.498824 -0.817857 0.454038 -0.353495 0.735070 -0.651160 0.188845 0.785749 -0.618102 -0.023437 0.749667 -0.608230 -0.260875 0.675591 -0.564599 -0.474136 0.561043 -0.489834 -0.667303 -0.215636 -0.918857 -0.330460 -0.240743 -0.911425 -0.333688 -0.296971 -0.896132 -0.329782 -0.373168 -0.870049 -0.322119 -0.672090 -0.694480 -0.256891 -0.761398 -0.615296 -0.204167 -0.852982 -0.509838 -0.111742 0.278219 0.906245 -0.318298 0.231761 0.919030 -0.318857 0.368847 0.778549 -0.507753 0.382953 0.762338 -0.521717 0.354684 0.859284 -0.368551 0.419800 0.706621 -0.569610 0.479279 0.586559 -0.652871 0.531344 0.374973 -0.759651 0.006072 0.706168 -0.708018 -0.141270 0.671920 -0.727026 -0.334042 0.654228 -0.678529 
						-0.497066 0.616615 -0.610500 -0.642855 0.556813 -0.526020 -0.775000 0.468740 -0.423860 -0.888488 0.350105 -0.296673 0.278271 -0.906238 -0.318273 0.231643 -0.919037 -0.318923 0.368898 -0.778555 -0.507707 0.382923 -0.762350 -0.521721 0.354685 -0.859283 -0.368554 0.419800 -0.706624 -0.569605 0.461259 -0.743008 -0.484953 0.479349 -0.586516 -0.652858 0.458208 -0.603302 -0.652743 0.531344 -0.374971 -0.759651 -0.476240 -0.771211 -0.422409 -0.495085 -0.778372 -0.386041 -0.536411 -0.767476 -0.351062 -0.597344 -0.741052 -0.306630 0.348649 0.754933 -0.555446 0.367933 0.678043 -0.636304 0.532197 0.417381 -0.736586 0.515240 0.475487 -0.713050 0.510882 0.494405 -0.703252 0.518892 0.475493 -0.710392 0.536141 0.417356 -0.733735 0.558125 0.316785 -0.766905 0.578446 0.173395 -0.797079 0.587789 0.000007 -0.809014 0.587780 -0.000005 -0.809021 0.514347 -0.298655 -0.803898 0.579333 -0.173419 -0.796429 0.427906 -0.530828 -0.731518 0.556922 -0.316802 -0.767772 0.367838 -0.677955 -0.636452 0.532161 -0.417375 -0.736615 0.348749 -0.754957 -0.555351 0.515232 -0.475490 -0.713054 0.510910 -0.494418 -0.703222 0.518860 -0.475528 -0.710393 0.536141 -0.417376 -0.733723 0.558079 -0.316810 -0.766929 0.578417 -0.173400 -0.797099 0.587774 0.000003 -0.809025 0.587770 0.000025 -0.809028 0.514340 0.298670 -0.803897 0.579326 0.173417 -0.796435 0.427888 0.530833 -0.731525 0.556927 0.316792 -0.767773 0.587641 0.020970 -0.808850 0.587640 0.024620 -0.808748 0.587612 0.025896 -0.808728 0.587615 0.024648 -0.808765 0.587660 0.020960 -0.808836 0.587677 0.015222 -0.808952 0.587757 0.007990 -0.808998 0.587783 -0.000012 -0.809019 0.587770 -0.008019 -0.808989 0.587694 -0.015229 -0.808940 0.587667 -0.020965 -0.808831 0.587504 -0.024652 -0.808846 0.587575 -0.025907 -0.808755 0.587668 -0.024652 -0.808726 0.587690 -0.020994 -0.808814 0.587668 -0.015254 -0.808958 
						0.587773 -0.008013 -0.808986 0.587783 0.000006 -0.809019 0.587747 0.008016 -0.809005 0.587700 0.015240 -0.808935 0.540656 -0.385697 -0.747615 0.525857 -0.441375 -0.727092 0.522008 -0.459644 -0.718495 0.529013 -0.441366 -0.724804 0.543860 -0.385725 -0.745274 0.562732 -0.290900 -0.773764 0.579863 -0.158255 -0.799196 0.587787 -0.000009 -0.809016 0.580899 0.158223 -0.798450 0.561992 0.290852 -0.774319 0.540658 0.385695 -0.747615 0.525897 0.441400 -0.727048 0.522000 0.459669 -0.718485 0.528968 0.441385 -0.724826 0.543895 0.385713 -0.745254 0.562707 0.290883 -0.773787 0.579844 0.158237 -0.799213 0.587786 0.000007 -0.809017 0.580906 -0.158235 -0.798442 0.562025 -0.290883 -0.774284 0.382179 -0.666802 -0.639776 0.362000 -0.742049 -0.564198 0.378456 -0.765111 -0.520938 0.392299 -0.748397 -0.534793 0.428228 -0.691401 -0.581881 0.485586 -0.570357 -0.662495 0.539041 -0.356904 -0.762925 0.587783 -0.000005 -0.809019 0.520908 0.294474 -0.801212 0.439938 0.522738 -0.730205 0.382255 0.666849 -0.639682 0.362204 0.742111 -0.563986 0.378416 0.765115 -0.520961 0.392275 0.748411 -0.534791 0.428195 0.691433 -0.581867 0.485639 0.570341 -0.662469 0.539051 0.356909 -0.762916 0.587790 0.000011 -0.809014 0.520939 -0.294502 -0.801181 0.439998 -0.522808 -0.730119 -0.695692 0.715250 0.066552 -0.655369 0.754378 0.037486 -0.421061 0.907030 -0.002184 -0.480836 0.876800 -0.004358 -0.749852 0.648704 0.130017 -0.559677 0.827531 0.044208 0.237088 -0.915064 -0.326263 0.280770 -0.902365 -0.326963 0.354258 -0.855718 -0.377159 0.458148 -0.740325 -0.491955 0.454706 -0.600658 -0.657611 0.695713 0.715234 0.066509 0.749865 0.648692 0.130007 0.559699 0.827516 0.044203 0.480870 0.876781 -0.004401 0.655369 0.754378 0.037478 0.421041 0.907039 -0.002182 0.643909 0.765102 0.000001 0.403297 0.915069 -0.000000 0.655382 0.754368 -0.037451 
						0.421067 0.907027 0.002200 0.695710 0.715237 -0.066506 0.480859 0.876787 0.004344 0.749847 0.648710 -0.130021 0.559655 0.827544 -0.044238 0.237099 0.915057 -0.326274 0.280897 0.902347 -0.326904 0.354186 0.855742 -0.377170 0.458441 0.740133 -0.491971 0.454788 0.600584 -0.657622 -0.695712 0.715235 -0.066509 -0.749852 0.648706 -0.130010 -0.559683 0.827527 -0.044203 -0.480840 0.876798 0.004336 -0.655360 0.754383 -0.037552 -0.421068 0.907026 0.002147 -0.643906 0.765105 -0.000001 -0.403333 0.915053 -0.000000 -0.202682 0.979244 -0.001022 -0.237845 0.971300 -0.002607 -0.285015 0.958179 0.025691 -0.033565 0.910907 0.411244 -0.078768 0.898342 0.432177 -0.009871 0.973311 0.229276 0.001025 0.979243 0.202687 -0.000000 0.915061 0.403315 0.000000 0.981232 0.192829 0.033457 0.910898 0.411272 -0.001034 0.979245 0.202677 0.078856 0.898349 0.432146 0.009861 0.973315 0.229262 0.285019 0.958178 0.025676 0.237830 0.971303 -0.002614 0.202665 0.979248 -0.001042 0.192819 0.981234 -0.000000 0.202685 0.979244 0.001029 0.237827 0.971304 0.002562 0.285017 0.958178 -0.025686 -0.033514 -0.910906 0.411250 -0.078791 -0.898337 0.432184 -0.009859 -0.973311 0.229280 0.001062 -0.979242 0.202693 -0.000000 -0.915061 0.403315 -0.000000 -0.981231 0.192834 0.033441 -0.910894 0.411282 -0.001078 -0.979240 0.202700 0.078878 -0.898360 0.432119 0.009900 -0.973320 0.229237 -0.285026 0.958176 -0.025672 -0.237793 0.971312 0.002559 -0.202678 0.979245 0.001048 -0.192830 0.981232 0.000000 -0.309007 0.000012 -0.951060 -0.587788 -0.000012 -0.809015 -0.587788 -0.000000 -0.809015 -0.309007 -0.000000 -0.951060 -0.809017 -0.000006 -0.587786 -0.809017 -0.000000 -0.587786 -0.951057 -0.000012 -0.309014 -0.951057 -0.000000 -0.309014 -1.000000 0.000012 0.000013 -1.000000 0.000000 0.000013 -0.951057 0.000006 0.309014 -0.951057 -0.000000 0.309014 
						-0.809022 -0.000006 0.587778 -0.809022 0.000000 0.587778 -0.587788 0.000003 0.809015 -0.587788 -0.000000 0.809015 -0.309007 0.000009 0.951060 -0.309007 0.000000 0.951060 0.000000 0.000003 1.000000 0.000000 -0.000000 1.000000 0.309021 -0.000025 0.951055 0.309021 -0.000000 0.951055 0.587782 0.000006 0.809019 0.587782 0.000000 0.809019 0.809022 0.000003 0.587778 0.809022 -0.000000 0.587778 0.951057 0.000000 0.309014 0.951057 0.000000 0.309014 1.000000 -0.000003 0.000000 1.000000 -0.000000 -0.000000 0.951057 0.000000 -0.309014 0.951057 0.000000 -0.309014 0.809029 0.000037 -0.587769 0.809029 0.000000 -0.587769 0.809029 -0.000012 -0.587769 0.587782 -0.000015 -0.809019 0.587782 -0.000000 -0.809019 0.809029 -0.000000 -0.587769 0.309003 -0.000018 -0.951061 0.309003 -0.000000 -0.951061 0.000000 0.000012 -1.000000 0.000000 0.000000 -1.000000 -0.453985 0.000000 0.891009 -0.453982 0.000000 0.891011 -0.453986 0.000000 0.891009 -0.453985 0.000000 0.891009 -0.453978 0.000000 0.891013 -0.453973 0.000000 0.891016 -0.453991 0.000000 0.891007 -0.453999 0.000000 0.891002 -0.453992 0.000000 0.891006 -0.453989 0.000000 0.891007 -0.453982 0.000000 0.891011 -0.453976 0.000000 0.891014 -0.453979 0.000000 0.891012 -0.453984 0.000000 0.891010 -0.453976 0.000000 0.891014 -0.453973 0.000000 0.891016 -0.453996 0.000000 0.891003 -0.454007 0.000000 0.890998 -0.453997 0.000000 0.891003 -0.453993 0.000000 0.891005 -0.453983 0.000000 0.891010 0.454000 0.000000 -0.891002 0.453994 0.000000 -0.891005 0.453986 0.000000 -0.891009 0.453985 0.000000 -0.891009 0.453978 0.000000 -0.891013 0.453964 0.000000 -0.891020 0.453979 0.000000 -0.891012 0.453980 0.000000 -0.891012 0.453978 0.000000 -0.891013 0.454011 0.000000 -0.890996 0.454011 0.000000 -0.890996 0.453969 0.000000 -0.891017 0.453971 0.000000 -0.891017 
						0.453992 0.000000 -0.891005 0.453980 0.000000 -0.891012 0.453966 0.000000 -0.891019 0.453979 0.000000 -0.891012 0.454018 0.000000 -0.890993 0.454016 0.000000 -0.890993 0.453973 0.000000 -0.891015 0.453972 0.000000 -0.891016 -0.309007 0.000000 -0.951060 -0.587788 0.000018 -0.809015 -0.587788 0.000000 -0.809015 -0.309007 0.000000 -0.951060 -0.809017 0.000006 -0.587786 -0.809017 -0.000000 -0.587786 -0.951054 -0.000006 -0.309026 -0.951054 0.000000 -0.309026 -1.000000 0.000012 0.000013 -1.000000 0.000000 0.000013 -0.951054 -0.000024 0.309026 -0.951054 -0.000000 0.309026 -0.809023 -0.000060 0.587777 -0.809023 0.000000 0.587777 -0.809023 0.000006 0.587777 -0.587801 -0.000000 0.809006 -0.587801 -0.000000 0.809006 -0.809023 0.000000 0.587777 -0.308990 -0.000003 0.951065 -0.308990 0.000000 0.951065 0.000000 0.000000 1.000000 0.000000 0.000000 1.000000 0.309007 0.000000 0.951060 0.309007 0.000000 0.951060 0.587800 0.000000 0.809006 0.587800 0.000000 0.809006 0.809016 0.000000 0.587787 0.809016 0.000000 0.587787 0.951054 0.000000 0.309026 0.951054 0.000000 0.309026 1.000000 0.000000 0.000000 1.000000 0.000000 0.000000 0.951054 0.000018 -0.309026 0.951054 0.000000 -0.309026 0.809016 -0.000000 -0.587787 0.809016 -0.000000 -0.587787 0.587788 -0.000018 -0.809015 0.587788 0.000000 -0.809015 0.309024 0.000000 -0.951054 0.309024 0.000000 -0.951054 0.000000 0.000000 -1.000000 0.000000 0.000000 -1.000000 -0.707112 0.000000 0.707102 -0.707107 0.000000 0.707107 -0.707107 -0.000004 0.707106 -0.707112 0.000000 0.707102 -0.707102 0.000000 0.707111 -0.707096 0.000000 0.707117 -0.707106 0.000000 0.707108 -0.707126 0.000000 0.707087 -0.707132 0.000000 0.707082 -0.707095 0.000000 0.707118 -0.707098 0.000000 0.707115 -0.707110 -0.000043 0.707103 -0.707098 -0.000043 0.707115 -0.707101 0.000000 0.707112 
						-0.707109 0.000000 0.707104 -0.707098 0.000000 0.707116 -0.707103 0.000000 0.707111 -0.707117 0.000000 0.707096 -0.707107 0.000000 0.707106 -0.707109 0.000000 0.707105 -0.707105 0.000000 0.707108 -0.707134 0.000000 0.707080 -0.707149 0.000000 0.707064 -0.707138 0.000000 0.707075 -0.707154 0.000000 0.707060 -0.707141 0.000000 0.707072 -0.707127 0.000000 0.707087 -0.707150 0.000000 0.707063 -0.707156 0.000000 0.707058 -0.707135 -0.000043 0.707079 -0.707129 -0.000043 0.707085 -0.707136 0.000000 0.707077 -0.707140 0.000085 0.707074 -0.707133 0.000085 0.707081 -0.707121 0.000000 0.707092 -0.707129 0.000000 0.707085 -0.707158 0.000000 0.707056 -0.707140 0.000000 0.707073 -0.707108 0.000000 0.707105 -0.707158 -0.000043 0.707056 -0.707158 -0.000043 0.707056 -0.707112 0.000000 0.707102 -0.309016 0.000000 -0.951057 -0.587785 0.000000 -0.809017 -0.587785 0.000000 -0.809017 -0.309016 0.000000 -0.951057 -0.809017 0.000000 -0.587785 -0.809017 0.000000 -0.587785 -0.809017 0.000000 -0.587785 -0.951057 -0.000003 -0.309016 -0.951057 -0.000000 -0.309016 -0.809017 0.000000 -0.587785 -1.000000 -0.000002 0.000000 -1.000000 0.000000 0.000000 -0.951057 0.000000 0.309017 -0.951057 -0.000005 0.309017 -0.809017 -0.000003 0.587785 -0.809017 -0.000006 0.587785 -0.587785 -0.000002 0.809017 -0.587785 0.000000 0.809017 -0.309017 0.000000 0.951056 -0.309017 0.000000 0.951056 0.000000 -0.000003 1.000000 0.000000 -0.000000 1.000000 0.309017 -0.000002 0.951056 0.309017 0.000000 0.951056 0.587785 0.000000 0.809017 0.587785 0.000000 0.809017 0.809017 0.000000 0.587785 0.809017 0.000000 0.587785 0.951057 0.000000 0.309016 0.951057 0.000000 0.309016 1.000000 0.000000 -0.000000 1.000000 -0.000005 -0.000000 0.951056 -0.000003 -0.309017 0.951057 -0.000006 -0.309017 0.809017 -0.000002 -0.587785 0.809017 0.000000 -0.587785 
						0.587786 0.000000 -0.809017 0.587785 0.000000 -0.809017 0.309017 0.000000 -0.951056 0.309017 0.000000 -0.951056 0.000001 0.000000 -1.000000 0.000001 0.000000 -1.000000 -0.891007 0.000003 -0.453990 -0.891008 -0.000003 -0.453988 -0.891007 0.000000 -0.453990 -0.891006 0.000000 -0.453991 -0.891007 0.000000 -0.453989 -0.891008 0.000000 -0.453987 -0.891007 0.000000 -0.453990 -0.891006 -0.000003 -0.453991 -0.891007 -0.000003 -0.453990 -0.891007 -0.000005 -0.453990 -0.891007 0.000000 -0.453989 -0.891007 0.000003 -0.453989 -0.891006 -0.000003 -0.453991 -0.891006 0.000000 -0.453991 -0.891007 0.000000 -0.453990 -0.891007 0.000000 -0.453989 -0.891008 0.000000 -0.453988 -0.891007 0.000003 -0.453989 -0.891007 0.000003 -0.453989 -0.891007 0.000005 -0.453989 -0.891007 -0.000000 -0.453989 -0.891008 0.000000 -0.453987 -0.891009 0.000000 -0.453985 -0.891008 0.000000 -0.453988 -0.891007 0.000000 -0.453989 -0.891009 0.000000 -0.453986 -0.891008 0.000000 -0.453988 -0.891006 0.000000 -0.453992 -0.891007 0.000003 -0.453989 -0.891007 0.000003 -0.453989 -0.891007 0.000000 -0.453989 -0.891007 0.000000 -0.453990 -0.891008 0.000000 -0.453987 -0.891009 0.000000 -0.453986 -0.891007 0.000000 -0.453990 -0.891009 0.000000 -0.453986 -0.891008 0.000000 -0.453988 -0.891008 0.000000 -0.453987 -0.891009 0.000000 -0.453985 -0.891007 0.000000 -0.453989 -0.891007 0.000000 -0.453989 -0.891007 0.000000 -0.453990 -0.309016 0.000000 -0.951057 -0.587785 0.000000 -0.809017 -0.587785 0.000000 -0.809017 -0.309016 0.000000 -0.951057 -0.809017 0.000000 -0.587785 -0.809017 0.000000 -0.587785 -0.809017 0.000000 -0.587785 -0.951057 -0.000003 -0.309016 -0.951057 -0.000000 -0.309016 -0.809017 0.000000 -0.587785 -1.000000 -0.000002 0.000000 -1.000000 0.000000 0.000000 -0.951057 0.000000 0.309017 -0.951057 -0.000005 0.309017 -0.809017 -0.000003 0.587786 -0.809017 -0.000006 0.587786 
						-0.587784 -0.000002 0.809018 -0.587784 0.000000 0.809018 -0.309017 0.000000 0.951056 -0.309017 0.000000 0.951056 0.000000 -0.000003 1.000000 0.000000 -0.000000 1.000000 0.309017 -0.000002 0.951056 0.309017 0.000000 0.951056 0.587785 0.000000 0.809018 0.587785 0.000000 0.809018 0.809017 0.000000 0.587785 0.809017 0.000000 0.587785 0.951057 0.000000 0.309016 0.951057 0.000000 0.309016 1.000000 0.000000 -0.000000 1.000000 -0.000005 -0.000000 0.951056 -0.000003 -0.309017 0.951056 -0.000006 -0.309017 0.809017 -0.000002 -0.587785 0.809017 0.000000 -0.587785 0.587786 0.000000 -0.809017 0.587786 0.000000 -0.809017 0.309017 0.000000 -0.951056 0.309017 0.000000 -0.951056 0.000002 0.000000 -1.000000 0.000002 0.000000 -1.000000 -0.891007 -0.000003 -0.453990 -0.891008 -0.000003 -0.453988 -0.891007 -0.000000 -0.453989 -0.891006 -0.000001 -0.453991 -0.891007 -0.000001 -0.453989 -0.891008 0.000000 -0.453988 -0.891007 0.000000 -0.453990 -0.891006 0.000000 -0.453991 -0.891007 0.000000 -0.453990 -0.891007 0.000000 -0.453990 -0.891007 0.000000 -0.453989 -0.891007 0.000003 -0.453989 -0.891006 0.000003 -0.453991 -0.891006 0.000001 -0.453991 -0.891007 0.000001 -0.453990 -0.891007 0.000000 -0.453989 -0.891008 0.000000 -0.453988 -0.891007 0.000000 -0.453989 -0.891007 0.000000 -0.453989 -0.891007 0.000000 -0.453989 -0.891008 0.000000 -0.453988 -0.891008 -0.000005 -0.453987 -0.891009 0.000000 -0.453985 -0.891008 0.000000 -0.453988 -0.891007 0.000000 -0.453989 -0.891009 0.000000 -0.453986 -0.891007 0.000000 -0.453989 -0.891006 0.000001 -0.453992 -0.891007 0.000001 -0.453989 -0.891007 -0.000003 -0.453989 -0.891007 -0.000003 -0.453989 -0.891007 0.000000 -0.453990 -0.891008 0.000005 -0.453987 -0.891009 0.000005 -0.453986 -0.891007 0.000000 -0.453990 -0.891009 0.000000 -0.453986 -0.891008 0.000000 -0.453988 -0.891008 -0.000001 -0.453988 
						-0.891009 -0.000001 -0.453985 -0.891007 0.000003 -0.453989 -0.891007 0.000003 -0.453989 -0.891007 -0.000005 -0.453990 -0.309007 -0.000015 -0.951060 -0.587794 0.000003 -0.809011 -0.587794 0.000000 -0.809011 -0.309007 -0.000000 -0.951060 -0.809029 -0.000000 -0.587769 -0.809029 -0.000000 -0.587769 -0.951054 -0.000015 -0.309026 -0.951054 -0.000000 -0.309026 -1.000000 -0.000015 -0.000000 -1.000000 -0.000000 0.000000 -0.951054 0.000003 0.309026 -0.951054 0.000000 0.309026 -0.809035 -0.000003 0.587760 -0.809035 -0.000000 0.587760 -0.587794 -0.000012 0.809011 -0.587794 0.000000 0.809010 -0.308990 -0.000012 0.951065 -0.308990 -0.000000 0.951065 0.000000 0.000009 1.000000 0.000000 0.000000 1.000000 0.308986 0.000018 0.951067 0.308986 -0.000000 0.951067 0.587794 0.000000 0.809010 0.587794 0.000000 0.809010 0.809035 -0.000021 0.587760 0.809035 -0.000000 0.587760 0.951054 -0.000015 0.309026 0.951054 0.000000 0.309026 1.000000 0.000015 0.000000 1.000000 0.000000 -0.000000 0.951054 -0.000003 -0.309026 0.951054 -0.000000 -0.309026 0.809022 -0.000018 -0.587778 0.809022 0.000000 -0.587778 0.809022 -0.000024 -0.587778 0.587794 -0.000018 -0.809011 0.587794 -0.000000 -0.809011 0.809022 -0.000000 -0.587778 0.309021 0.000015 -0.951055 0.309021 0.000000 -0.951055 0.000000 0.000009 -1.000000 0.000000 -0.000000 -1.000000 -0.453991 0.000000 0.891006 -0.453993 0.000000 0.891005 -0.453988 0.000000 0.891008 -0.453985 0.000000 0.891009 -0.453989 0.000000 0.891007 -0.453976 0.000000 0.891014 -0.453993 0.000000 0.891006 -0.454016 0.000000 0.890994 -0.453991 0.000000 0.891006 -0.453966 0.000000 0.891019 -0.453984 0.000000 0.891010 -0.454007 0.000000 0.890998 -0.453992 0.000000 0.891006 -0.453979 0.000000 0.891013 -0.453977 0.000000 0.891013 -0.453979 0.000000 0.891013 -0.453983 0.000000 0.891010 -0.453989 0.000000 0.891007 
						-0.453997 0.000000 0.891003 -0.453992 0.000000 0.891006 -0.453985 0.000000 0.891009 0.707118 0.000000 -0.707096 0.707129 0.000000 -0.707085 0.707107 0.000000 -0.707106 0.707125 0.000000 -0.707088 0.707123 0.000000 -0.707090 0.707095 0.000000 -0.707119 0.707084 0.000000 -0.707130 0.707114 0.000000 -0.707100 0.707129 -0.000043 -0.707084 0.707114 -0.000043 -0.707099 0.707106 0.000000 -0.707108 0.707101 0.000000 -0.707112 0.707092 0.000000 -0.707122 0.707091 0.000000 -0.707123 0.707095 0.000000 -0.707119 0.707092 0.000000 -0.707121 0.707117 0.000000 -0.707097 0.707128 0.000000 -0.707085 0.707085 0.000043 -0.707128 0.707092 0.000043 -0.707122 0.707111 0.000000 -0.707103 -0.309007 -0.000006 -0.951060 -0.587788 -0.000015 -0.809015 -0.587788 0.000000 -0.809015 -0.309007 -0.000000 -0.951060 -0.809017 0.000006 -0.587786 -0.809017 0.000000 -0.587786 -0.951057 0.000021 -0.309014 -0.951057 0.000000 -0.309014 -1.000000 0.000003 0.000013 -1.000000 -0.000000 0.000013 -0.951057 -0.000006 0.309014 -0.951057 0.000000 0.309014 -0.809030 -0.000003 0.587768 -0.809029 -0.000000 0.587768 -0.587788 0.000006 0.809015 -0.587788 0.000000 0.809015 -0.308990 0.000003 0.951065 -0.308990 -0.000000 0.951065 0.000000 -0.000027 1.000000 0.000000 -0.000000 1.000000 0.309003 0.000006 0.951061 0.309003 0.000000 0.951061 0.587788 0.000021 0.809015 0.587788 0.000000 0.809015 0.809029 -0.000024 0.587769 0.809029 -0.000000 0.587769 0.951057 -0.000006 0.309014 0.951057 0.000000 0.309014 1.000000 0.000012 0.000000 1.000000 -0.000000 -0.000000 0.951057 -0.000021 -0.309014 0.951057 -0.000000 -0.309014 0.809022 -0.000024 -0.587778 0.809022 0.000000 -0.587778 0.809022 -0.000030 -0.587778 0.587788 0.000000 -0.809015 0.587788 0.000000 -0.809015 0.809022 -0.000000 -0.587778 0.309021 -0.000003 -0.951055 0.309021 -0.000000 -0.951055 
						0.000000 -0.000006 -1.000000 0.000000 0.000000 -1.000000 -0.707111 0.000000 0.707102 -0.707110 0.000000 0.707103 -0.707105 0.000000 0.707108 -0.707106 0.000000 0.707107 -0.707105 0.000000 0.707109 -0.707098 0.000000 0.707116 -0.707110 0.000000 0.707103 -0.707126 0.000000 0.707087 -0.707108 0.000000 0.707105 -0.707089 0.000000 0.707124 -0.707099 0.000000 0.707114 -0.707107 0.000000 0.707106 -0.707101 0.000000 0.707113 -0.707102 0.000000 0.707111 -0.707097 0.000000 0.707117 -0.707101 0.000000 0.707113 -0.707111 0.000000 0.707102 -0.707109 0.000000 0.707105 -0.707105 0.000000 0.707109 -0.707102 0.000000 0.707111 -0.707105 0.000000 0.707109 0.891008 0.000000 0.453988 0.891006 0.000000 0.453992 0.891004 -0.000000 0.453996 0.891000 0.000000 0.454003 0.890992 0.000000 0.454020 0.891005 0.000000 0.453994 0.891014 0.000000 0.453976 0.891000 0.000000 0.454002 0.890998 0.000027 0.454008 0.890999 0.000027 0.454005 0.891000 0.000000 0.454004 0.891008 0.000000 0.453988 0.891004 0.000000 0.453995 0.891005 0.000000 0.453994 0.891014 0.000000 0.453976 0.891007 0.000000 0.453990 0.891001 0.000000 0.454002 0.891006 0.000000 0.453992 0.891008 -0.000027 0.453987 0.891001 -0.000027 0.454001 0.891002 0.000000 0.453999 -0.309024 -0.000015 -0.951054 -0.587790 0.000003 -0.809014 -0.587790 0.000000 -0.809014 -0.309024 -0.000000 -0.951054 -0.809021 -0.000000 -0.587779 -0.809021 -0.000000 -0.587779 -0.951056 -0.000015 -0.309017 -0.951056 -0.000000 -0.309017 -1.000000 -0.000015 -0.000000 -1.000000 -0.000000 -0.000000 -0.951056 -0.000003 0.309017 -0.951056 0.000000 0.309017 -0.809008 -0.000009 0.587797 -0.809008 -0.000000 0.587797 -0.587787 -0.000018 0.809016 -0.587787 -0.000000 0.809016 -0.309024 0.000006 0.951054 -0.309024 0.000000 0.951054 0.000000 -0.000003 1.000000 0.000000 -0.000000 1.000000 
						0.309024 0.000006 0.951054 0.309024 0.000000 0.951054 0.587787 0.000006 0.809016 0.587787 -0.000000 0.809016 0.809008 -0.000015 0.587797 0.809008 0.000000 0.587797 0.951056 -0.000012 0.309017 0.951056 -0.000000 0.309017 1.000000 0.000006 -0.000000 1.000000 0.000000 -0.000000 0.951056 0.000015 -0.309017 0.951056 -0.000000 -0.309017 0.809021 -0.000006 -0.587779 0.809021 0.000000 -0.587779 0.809021 -0.000030 -0.587779 0.587787 -0.000018 -0.809016 0.587787 -0.000000 -0.809016 0.809021 -0.000000 -0.587779 0.309023 0.000018 -0.951054 0.309023 0.000000 -0.951054 0.000000 0.000009 -1.000000 0.000000 -0.000000 -1.000000 -0.707108 0.000000 0.707106 -0.707103 0.000000 0.707110 -0.707104 0.000000 0.707110 -0.707113 0.000000 0.707100 -0.707103 0.000000 0.707111 -0.707101 0.000000 0.707112 -0.707105 0.000000 0.707109 -0.707085 0.000000 0.707129 -0.707105 0.000000 0.707109 -0.707113 0.000000 0.707101 -0.707100 0.000000 0.707114 -0.707100 0.000000 0.707114 -0.707095 0.000000 0.707119 -0.707101 0.000000 0.707113 -0.707106 0.000000 0.707108 -0.707100 0.000000 0.707113 -0.707116 0.000000 0.707097 -0.707112 0.000000 0.707101 -0.707096 0.000000 0.707118 -0.707110 0.000000 0.707104 -0.707106 0.000000 0.707107 0.707088 0.000000 -0.707125 0.707089 0.000000 -0.707125 0.707105 0.000000 -0.707109 0.707107 0.000000 -0.707107 0.707099 0.000000 -0.707115 0.707065 0.000000 -0.707149 0.707066 0.000000 -0.707147 0.707082 0.000000 -0.707132 0.707115 -0.000043 -0.707098 0.707149 -0.000043 -0.707064 0.707139 0.000000 -0.707074 0.707111 0.000000 -0.707103 0.707103 0.000000 -0.707110 0.707121 0.000000 -0.707093 0.707121 0.000000 -0.707092 0.707112 0.000000 -0.707101 0.707116 0.000000 -0.707098 0.707103 0.000000 -0.707111 0.707105 0.000043 -0.707108 0.707110 0.000043 -0.707104 0.707094 0.000000 -0.707119 
						-0.309016 0.000003 -0.951057 -0.587788 -0.000000 -0.809015 -0.587788 -0.000000 -0.809015 -0.309016 0.000000 -0.951057 -0.809016 -0.000006 -0.587786 -0.809016 0.000000 -0.587786 -0.809016 -0.000036 -0.587786 -0.951055 0.000000 -0.309023 -0.951055 0.000000 -0.309023 -0.809016 -0.000000 -0.587786 -1.000000 -0.000000 -0.000000 -1.000000 -0.000000 -0.000000 -0.951054 -0.000006 0.309026 -0.951054 0.000000 0.309026 -0.809016 0.000012 0.587787 -0.809016 0.000000 0.587787 -0.587782 0.000000 0.809020 -0.587782 0.000000 0.809020 -0.309025 0.000000 0.951054 -0.309025 0.000000 0.951054 0.000000 0.000000 1.000000 0.000000 0.000000 1.000000 0.309025 0.000000 0.951054 0.309025 0.000000 0.951054 0.587782 0.000000 0.809020 0.587782 0.000000 0.809020 0.809016 0.000000 0.587787 0.809016 0.000000 0.587787 0.951054 0.000003 0.309026 0.951054 0.000000 0.309026 1.000000 0.000003 -0.000000 1.000000 0.000000 -0.000000 0.951055 -0.000015 -0.309023 0.951055 -0.000000 -0.309023 0.809016 0.000000 -0.587786 0.809016 0.000000 -0.587787 0.587782 0.000015 -0.809020 0.587782 0.000000 -0.809020 0.309016 0.000003 -0.951057 0.309016 0.000000 -0.951057 0.000010 0.000003 -1.000000 0.000010 0.000000 -1.000000 -0.707119 0.000043 -0.707095 -0.707096 0.000000 -0.707118 -0.707106 0.000011 -0.707107 -0.707113 0.000021 -0.707101 -0.707107 -0.000021 -0.707106 -0.707109 0.000000 -0.707104 -0.707107 0.000000 -0.707106 -0.707104 0.000000 -0.707109 -0.707102 0.000085 -0.707112 -0.707093 0.000000 -0.707121 -0.707105 -0.000000 -0.707108 -0.707111 0.000043 -0.707103 -0.707101 -0.000000 -0.707112 -0.707112 0.000043 -0.707101 -0.707103 0.000000 -0.707111 -0.707108 0.000000 -0.707105 -0.707118 0.000043 -0.707095 -0.707108 -0.000000 -0.707105 -0.707108 -0.000043 -0.707105 -0.707110 0.000000 -0.707104 -0.707093 0.000000 -0.707121 -0.707102 0.000000 -0.707112 
						-0.707123 0.000085 -0.707090 -0.707109 0.000002 -0.707105 -0.707102 0.000000 -0.707112 -0.707103 0.000000 -0.707110 -0.707118 0.000000 -0.707096 -0.707122 0.000000 -0.707092 -0.707121 0.000000 -0.707092 -0.707108 0.000000 -0.707106 -0.707120 0.000000 -0.707094 -0.707123 0.000000 -0.707091 -0.707111 0.000000 -0.707103 -0.707110 0.000000 -0.707103 -0.707103 0.000000 -0.707110 -0.707103 0.000000 -0.707111 -0.707120 0.000000 -0.707093 -0.707115 0.000021 -0.707099 -0.707096 0.000021 -0.707117 -0.707092 0.000000 -0.707122 -0.707095 0.000000 -0.707119 -0.707089 -0.000085 -0.707124 -0.309009 -0.000006 -0.951059 -0.587782 -0.000015 -0.809020 -0.587782 0.000000 -0.809020 -0.309009 -0.000000 -0.951059 -0.809019 0.000006 -0.587782 -0.809019 0.000000 -0.587782 -0.951056 0.000021 -0.309017 -0.951056 0.000000 -0.309017 -1.000000 0.000003 0.000000 -1.000000 -0.000000 0.000000 -0.951056 -0.000006 0.309017 -0.951056 0.000000 0.309017 -0.809016 -0.000003 0.587787 -0.809016 -0.000000 0.587787 -0.587782 0.000006 0.809020 -0.587782 0.000000 0.809020 -0.309018 0.000003 0.951056 -0.309018 -0.000000 0.951056 0.000000 -0.000027 1.000000 0.000000 -0.000000 1.000000 0.309012 0.000006 0.951058 0.309012 0.000124 0.951058 0.587782 0.000010 0.809020 0.587782 0.000001 0.809020 0.809019 -0.000016 0.587782 0.809019 -0.000125 0.587782 0.951055 -0.000012 0.309023 0.951055 -0.000000 0.309023 1.000000 0.000018 0.000000 1.000000 0.000000 0.000000 0.951054 0.000018 -0.309026 0.951054 -0.000000 -0.309026 0.809022 -0.000012 -0.587778 0.809022 0.000000 -0.587778 0.809022 -0.000030 -0.587778 0.587781 0.000000 -0.809020 0.587781 0.000000 -0.809020 0.809022 -0.000000 -0.587778 0.309003 -0.000003 -0.951061 0.309003 -0.000000 -0.951061 0.000010 -0.000006 -1.000000 0.000010 0.000000 -1.000000 -0.707111 -0.000043 0.707103 -0.707113 0.000000 0.707100 
						-0.707107 0.000000 0.707106 -0.707112 -0.000021 0.707101 -0.707112 0.000021 0.707102 -0.707106 0.000000 0.707107 -0.707108 0.000043 0.707105 -0.707109 -0.000000 0.707104 -0.707105 -0.000043 0.707108 -0.707106 0.000000 0.707107 -0.707106 0.000000 0.707108 -0.707105 0.000000 0.707109 -0.707106 0.000043 0.707108 -0.707107 0.000021 0.707107 -0.707108 -0.000021 0.707105 -0.707104 0.000000 0.707110 -0.707108 0.000000 0.707106 -0.707120 0.000000 0.707093 -0.707102 0.000000 0.707111 -0.707091 0.000000 0.707123 -0.707108 0.000000 0.707105 0.454053 0.000000 0.890974 0.454084 0.000000 0.890959 0.454093 0.000003 0.890954 0.454132 0.000000 0.890934 0.454102 0.000000 0.890949 0.454065 0.000000 0.890969 0.454087 0.000027 0.890957 0.454092 0.000027 0.890955 0.454079 0.000000 0.890962 0.454086 0.000000 0.890958 0.454121 0.000000 0.890940 0.454098 0.000000 0.890952 0.454088 0.000000 0.890957 0.454098 0.000000 0.890952 0.454097 0.000000 0.890952 0.454106 0.000000 0.890948 0.454098 0.000000 0.890952 0.454083 0.000000 0.890959 0.454101 0.000000 0.890950 0.454116 0.000000 0.890942 0.454073 0.000000 0.890965 -0.309007 0.000012 -0.951060 -0.587788 -0.000012 -0.809015 -0.587788 -0.000000 -0.809015 -0.309007 -0.000000 -0.951060 -0.809022 -0.000006 -0.587778 -0.809023 -0.000000 -0.587778 -0.951057 -0.000012 -0.309014 -0.951057 -0.000000 -0.309014 -1.000000 0.000012 -0.000000 -1.000000 0.000000 0.000000 -0.951057 0.000006 0.309014 -0.951057 -0.000000 0.309014 -0.809023 -0.000006 0.587778 -0.809022 0.000000 0.587778 -0.587788 0.000003 0.809015 -0.587788 -0.000000 0.809015 -0.309007 0.000009 0.951060 -0.309007 0.000000 0.951060 0.000000 0.000003 1.000000 0.000000 -0.000000 1.000000 0.309021 -0.000025 0.951055 0.309021 -0.000000 0.951055 0.587788 0.000006 0.809015 0.587788 0.000000 0.809015 
						0.809016 0.000003 0.587786 0.809016 -0.000000 0.587787 0.951057 0.000000 0.309014 0.951057 0.000000 0.309014 1.000000 -0.000003 0.000000 1.000000 -0.000000 -0.000000 0.951057 0.000000 -0.309014 0.951057 0.000000 -0.309014 0.809016 0.000037 -0.587787 0.809016 0.000000 -0.587786 0.809016 -0.000012 -0.587786 0.587788 -0.000015 -0.809015 0.587788 -0.000000 -0.809015 0.809016 -0.000000 -0.587786 0.309021 -0.000018 -0.951055 0.309021 -0.000000 -0.951055 0.000000 0.000012 -1.000000 0.000000 0.000000 -1.000000 -0.453987 0.000000 0.891008 -0.453995 0.000000 0.891004 -0.453987 0.000000 0.891008 -0.453989 0.000000 0.891008 -0.453981 0.000000 0.891011 -0.453983 0.000000 0.891010 -0.453992 0.000000 0.891006 -0.453995 0.000000 0.891004 -0.453976 0.000000 0.891014 -0.453971 0.000000 0.891016 -0.453978 0.000000 0.891013 -0.453971 0.000000 0.891017 -0.453987 0.000000 0.891008 -0.453998 0.000000 0.891002 -0.453990 0.000000 0.891007 -0.453981 0.000000 0.891011 -0.453996 0.000000 0.891003 -0.453995 0.000000 0.891004 -0.454003 0.000000 0.891000 -0.453989 0.000000 0.891007 -0.453974 0.000000 0.891015 0.454012 0.000000 -0.890995 0.453996 0.000000 -0.891004 0.453986 0.000005 -0.891009 0.453989 0.000000 -0.891008 0.453981 0.000000 -0.891011 0.453974 0.000000 -0.891015 0.453981 0.000000 -0.891012 0.453976 0.000000 -0.891014 0.453963 0.000000 -0.891021 0.453993 0.000000 -0.891005 0.454006 0.000000 -0.890998 0.453964 0.000000 -0.891020 0.453978 0.000000 -0.891013 0.454007 0.000000 -0.890998 0.453994 0.000000 -0.891005 0.453974 0.000000 -0.891015 0.453979 0.000000 -0.891012 0.454006 0.000000 -0.890999 0.454022 0.000054 -0.890990 0.453969 0.000054 -0.891017 0.453963 0.000000 -0.891021 -0.308986 -0.000019 -0.951067 -0.587801 -0.000003 -0.809006 -0.587801 0.000000 -0.809006 -0.308986 -0.000000 -0.951067 
						-0.809023 0.000018 -0.587777 -0.809023 0.000128 -0.587777 -0.951054 -0.000020 -0.309026 -0.951054 0.000129 -0.309026 -1.000000 -0.000006 0.000013 -1.000000 0.000000 0.000013 -0.951054 0.000015 0.309026 -0.951054 0.000000 0.309026 -0.809029 -0.000000 0.587769 -0.809029 -0.000000 0.587769 -0.587788 0.000006 0.809015 -0.587788 0.000000 0.809015 -0.309003 0.000015 0.951061 -0.309003 0.000000 0.951061 0.000000 -0.000015 1.000000 0.000000 -0.000000 1.000000 0.309003 -0.000015 0.951061 0.309003 0.000000 0.951061 0.587788 0.000012 0.809015 0.587788 0.000000 0.809015 0.809029 -0.000009 0.587769 0.809029 -0.000000 0.587769 0.951057 0.000003 0.309014 0.951057 0.000000 0.309014 1.000000 0.000009 0.000000 1.000000 -0.000125 0.000000 0.951057 -0.000001 -0.309014 0.951057 0.000002 -0.309014 0.809022 0.000021 -0.587778 0.809022 0.000259 -0.587778 0.809022 0.000006 -0.587778 0.587800 0.000012 -0.809006 0.587800 0.000000 -0.809006 0.809022 0.000000 -0.587778 0.309003 0.000018 -0.951061 0.309003 0.000000 -0.951061 0.000000 0.000015 -1.000000 0.000000 0.000000 -1.000000 0.891010 -0.000027 -0.453984 0.891006 -0.000027 -0.453991 0.891006 -0.000003 -0.453992 0.891008 0.000000 -0.453987 0.891004 0.000000 -0.453996 0.891002 0.000000 -0.454000 0.891008 0.000000 -0.453987 0.891010 0.000000 -0.453983 0.891009 0.000000 -0.453985 0.891005 0.000000 -0.453994 0.891000 0.000000 -0.454003 0.891004 0.000000 -0.453996 0.891003 0.000000 -0.453998 0.891002 0.000000 -0.453999 0.891002 0.000000 -0.454000 0.891003 0.000000 -0.453998 0.891007 0.000000 -0.453990 0.891012 0.000000 -0.453980 0.891012 0.000000 -0.453980 0.891005 0.000000 -0.453993 0.891003 0.000000 -0.453997 0.890980 0.000000 -0.454043 0.890980 0.000000 -0.454043 0.890983 -0.000003 -0.454037 0.890982 0.000000 -0.454039 0.890985 0.000000 -0.454032 
						0.890982 0.000000 -0.454039 0.890975 0.000000 -0.454052 0.890977 0.000000 -0.454049 0.890997 0.000000 -0.454008 0.890989 0.000000 -0.454026 0.890972 0.000000 -0.454058 0.890982 0.000000 -0.454038 0.890988 0.000000 -0.454028 0.890988 0.000000 -0.454027 0.890985 0.000000 -0.454032 0.890986 0.000000 -0.454031 0.890975 0.000000 -0.454053 0.890977 0.000000 -0.454049 0.890999 -0.000027 -0.454006 0.890989 -0.000027 -0.454026 0.890975 0.000000 -0.454053 
					</float_array>
					<technique_common>
						<accessor count="2704" offset="0" source="#meshId0-tangents-array" stride="3">
							<param name="X" type="float" />
							<param name="Y" type="float" />
							<param name="Z" type="float" />
						</accessor>
					</technique_common>
				</source>
				<source id="meshId0-bitangents" name="meshId0-bitangents">
					<float_array id="meshId0-bitangents-array" count="8112"> 
						-0.000005 1.000000 -0.000014 0.000002 1.000000 0.000002 0.000000 1.000000 0.000000 -0.000000 1.000000 -0.000000 -0.000000 1.000000 -0.000000 -0.000000 1.000000 -0.000000 -0.000014 1.000000 -0.000005 -0.000000 1.000000 -0.000000 -0.000015 1.000000 -0.000000 -0.000000 1.000000 -0.000000 -0.000003 1.000000 0.000001 0.000000 1.000000 -0.000000 -0.000007 1.000000 0.000005 -0.000000 1.000000 0.000000 -0.000011 1.000000 0.000015 -0.000000 1.000000 0.000000 0.000002 1.000000 -0.000006 0.000000 1.000000 -0.000000 -0.000000 1.000000 0.000003 -0.000000 1.000000 0.000000 -0.000002 1.000000 -0.000006 -0.000000 1.000000 -0.000000 -0.000003 1.000000 -0.000005 0.000000 1.000000 0.000000 0.000012 1.000000 0.000009 0.000000 1.000000 0.000000 0.000011 1.000000 0.000004 0.000000 1.000000 0.000000 -0.000006 1.000000 -0.000000 -0.000000 1.000000 -0.000000 -0.000014 1.000000 0.000005 0.000000 1.000000 -0.000000 0.000005 1.000000 -0.000004 0.000000 1.000000 0.000000 0.000024 1.000000 -0.000018 0.000011 1.000000 -0.000015 0.000000 1.000000 -0.000000 0.000000 1.000000 -0.000000 -0.000006 1.000000 0.000017 -0.000000 1.000000 0.000000 -0.000000 1.000000 0.000009 0.000000 1.000000 -0.000000 -0.707105 0.000043 -0.707108 -0.707107 -0.000000 -0.707107 -0.707108 0.000019 -0.707106 -0.707107 0.000021 -0.707107 -0.707104 -0.000021 -0.707110 -0.707105 -0.000000 -0.707109 -0.707107 -0.000000 -0.707106 -0.707111 -0.000000 -0.707103 -0.707115 0.000085 -0.707099 -0.707103 -0.000000 -0.707110 -0.707108 -0.000000 -0.707106 -0.707115 0.000043 -0.707099 -0.707109 0.000000 -0.707104 -0.707109 0.000043 -0.707104 -0.707109 -0.000000 -0.707104 -0.707105 -0.000000 -0.707109 -0.707107 -0.000000 -0.707107 -0.707112 -0.000000 -0.707102 -0.707112 -0.000000 -0.707102 -0.707102 0.000085 -0.707112 -0.707099 0.000085 -0.707115 -0.707122 -0.000000 -0.707092 
						-0.707125 0.000085 -0.707089 -0.707106 0.000000 -0.707107 -0.707113 0.000000 -0.707100 -0.707108 0.000000 -0.707105 -0.707141 0.000000 -0.707072 -0.707146 0.000000 -0.707068 -0.707114 0.000000 -0.707100 -0.707104 0.000000 -0.707109 -0.707067 0.000000 -0.707146 -0.707068 0.000000 -0.707145 -0.707104 0.000000 -0.707110 -0.707101 0.000000 -0.707113 -0.707089 0.000000 -0.707124 -0.707094 0.000000 -0.707120 -0.707093 0.000000 -0.707121 -0.707107 0.000000 -0.707107 -0.707121 0.000000 -0.707092 -0.707102 0.000000 -0.707111 -0.707102 0.000000 -0.707112 -0.707111 -0.000085 -0.707103 -0.000000 1.000000 0.000000 -0.000000 1.000000 0.000000 -0.000000 1.000000 0.000000 -0.000000 1.000000 0.000000 -0.000000 1.000000 0.000000 -0.000000 1.000000 0.000000 -0.000000 1.000000 0.000000 -0.000000 1.000000 0.000000 -0.000000 1.000000 -0.000000 0.000000 1.000000 -0.000000 0.000000 1.000000 0.000000 0.000000 1.000000 0.000000 0.000000 1.000000 0.000000 0.000000 1.000000 0.000000 0.000000 1.000000 0.000000 0.000000 1.000000 0.000000 0.000000 1.000000 0.000000 0.000000 1.000000 0.000000 0.000000 1.000000 0.000000 0.000000 1.000000 0.000000 -0.000000 1.000000 0.000000 -0.000000 1.000000 -0.000000 0.000000 1.000000 -0.000000 0.000000 1.000000 -0.000000 0.000000 1.000000 -0.000000 0.000000 1.000000 -0.000000 0.000000 1.000000 -0.000000 0.000000 1.000000 -0.000000 -0.000001 1.000000 -0.000000 -0.000000 1.000000 -0.000000 -0.000001 1.000000 -0.000000 -0.000000 1.000000 -0.000000 -0.000000 1.000000 -0.000000 -0.000000 1.000000 -0.000000 -0.000000 1.000000 -0.000000 -0.000000 1.000000 -0.000000 -0.000000 1.000000 -0.000000 -0.000000 1.000000 -0.000000 -0.000000 1.000000 -0.000000 -0.000000 1.000000 -0.000000 -0.000000 1.000000 -0.000000 -0.000000 1.000000 -0.000000 -0.453991 -0.000000 -0.891006 -0.453991 -0.000000 -0.891006 
						-0.453991 0.000000 -0.891006 -0.453991 -0.000000 -0.891006 -0.453991 -0.000000 -0.891006 -0.453992 -0.000000 -0.891006 -0.453991 -0.000000 -0.891006 -0.453990 -0.000000 -0.891007 -0.453991 -0.000000 -0.891006 -0.453992 -0.000000 -0.891006 -0.453991 -0.000000 -0.891006 -0.453991 -0.000000 -0.891006 -0.453990 -0.000000 -0.891007 -0.453991 -0.000000 -0.891006 -0.453989 0.000000 -0.891007 -0.453991 -0.000000 -0.891006 -0.453991 -0.000000 -0.891006 -0.453990 -0.000000 -0.891007 -0.453991 -0.000000 -0.891006 -0.453991 0.000000 -0.891006 -0.453992 0.000000 -0.891006 -0.706737 0.000000 0.707476 -0.706821 0.000000 0.707392 -0.706776 -0.000000 0.707438 -0.706821 0.000000 0.707393 -0.706736 0.000000 0.707478 -0.706775 0.000000 0.707438 -0.706776 -0.000001 0.707437 -0.706775 -0.000001 0.707438 -0.706776 0.000000 0.707438 -0.706776 0.000001 0.707437 -0.706774 -0.000001 0.707439 -0.706775 -0.000003 0.707438 -0.706775 0.000000 0.707438 -0.706774 0.000000 0.707440 -0.706776 0.000000 0.707437 -0.706776 0.000000 0.707438 -0.706775 0.000000 0.707438 -0.706774 0.000000 0.707439 -0.706775 0.000000 0.707439 -0.706775 0.000001 0.707439 -0.706774 0.000001 0.707439 0.000000 1.000000 0.000000 0.000000 1.000000 -0.000000 -0.000012 1.000000 -0.000037 0.000000 1.000000 0.000000 0.000000 1.000000 0.000000 0.000000 1.000000 0.000000 0.000000 1.000000 0.000000 0.000000 1.000000 0.000000 0.000000 1.000000 0.000000 0.000000 1.000000 0.000000 0.000000 1.000000 0.000000 0.000000 1.000000 0.000000 0.000000 1.000000 0.000000 0.000000 1.000000 0.000000 -0.000000 1.000000 0.000000 -0.000000 1.000000 0.000000 -0.000000 1.000000 0.000000 -0.000000 1.000000 0.000000 0.000001 1.000000 0.000001 -0.000000 1.000000 0.000000 0.000000 1.000000 0.000002 0.000000 1.000000 0.000002 0.000000 1.000000 -0.000000 0.000000 1.000000 0.000001 
						-0.000001 1.000000 0.000001 -0.000000 1.000000 -0.000000 -0.000001 1.000000 0.000001 -0.000000 1.000000 -0.000000 0.000001 1.000000 -0.000001 -0.000000 1.000000 -0.000000 0.000000 1.000000 -0.000000 0.000000 1.000000 -0.000000 -0.000002 1.000000 0.000000 -0.000000 1.000000 0.000000 0.000000 1.000000 -0.000000 0.000000 1.000000 -0.000000 0.000000 1.000000 -0.000000 0.000000 1.000000 -0.000000 -0.000002 1.000000 -0.000003 0.000011 1.000000 0.000008 0.000134 1.000000 0.000097 0.000020 1.000000 0.000028 0.000000 -0.891008 -0.453987 -0.134697 -0.899999 -0.414559 -0.134697 -0.899999 -0.414558 0.000000 -0.891008 -0.453987 0.134697 -0.899999 -0.414557 0.134697 -0.899999 -0.414557 0.223638 -0.924791 -0.307811 0.223637 -0.924791 -0.307810 0.307813 -0.924790 -0.223640 0.307813 -0.924790 -0.223640 0.414575 -0.899990 -0.134704 0.414575 -0.899990 -0.134704 0.453992 -0.891006 0.000000 0.453992 -0.891006 0.000000 0.414574 -0.899991 0.134703 0.414574 -0.899991 0.134703 0.307819 -0.924787 0.223645 0.307819 -0.924787 0.223645 0.223642 -0.924788 0.307817 0.223643 -0.924788 0.307818 0.134703 -0.899992 0.414572 0.134702 -0.899992 0.414572 -0.000000 -0.891002 0.454000 -0.000000 -0.891002 0.454000 -0.134702 -0.899993 0.414569 -0.134702 -0.899993 0.414569 -0.223642 -0.924788 0.307815 -0.223642 -0.924789 0.307815 -0.307816 -0.924789 0.223641 -0.307816 -0.924789 0.223641 -0.414566 -0.899995 0.134701 -0.414566 -0.899995 0.134701 -0.453985 -0.891009 -0.000000 -0.453985 -0.891009 -0.000000 -0.414566 -0.899995 -0.134701 -0.414566 -0.899995 -0.134701 -0.337876 -0.908613 -0.245482 -0.337876 -0.908613 -0.245482 -0.223635 -0.924793 -0.307808 -0.277238 -0.939450 -0.201426 -0.277239 -0.939450 -0.201427 -0.223635 -0.924793 -0.307808 -0.950888 0.017605 0.309035 -0.950889 0.017605 0.309030 -0.950892 0.017605 0.309022 -0.950891 0.017605 0.309025 
						-0.000049 0.002788 -0.999996 -0.000049 0.002788 -0.999996 -0.000049 0.002788 -0.999996 -0.000049 0.002788 -0.999996 -0.950894 0.015882 0.309109 -0.950893 0.015882 0.309111 -0.950892 0.015882 0.309114 -0.950893 0.015882 0.309113 0.000049 -0.002788 -0.999996 0.000049 -0.002788 -0.999996 0.000050 -0.002788 -0.999996 0.000050 -0.002788 -0.999996 -0.950927 0.012603 0.309159 -0.950927 0.012603 0.309159 -0.950927 0.012603 0.309158 -0.950927 0.012603 0.309158 0.000128 -0.008091 -0.999967 0.000128 -0.008091 -0.999967 0.000128 -0.008091 -0.999967 0.000128 -0.008091 -0.999967 -0.950981 0.008091 0.309142 -0.950981 0.008091 0.309142 -0.950981 0.008091 0.309142 -0.950981 0.008091 0.309142 0.000160 -0.012604 -0.999921 0.000160 -0.012604 -0.999921 0.000159 -0.012604 -0.999921 0.000160 -0.012604 -0.999921 -0.951033 0.002788 0.309077 -0.951033 0.002788 0.309077 -0.951033 0.002788 0.309076 -0.951033 0.002788 0.309077 0.000128 -0.015882 -0.999874 0.000128 -0.015882 -0.999874 0.000128 -0.015882 -0.999874 0.000128 -0.015882 -0.999874 -0.951064 -0.002788 0.308982 -0.951064 -0.002788 0.308983 -0.951063 -0.002788 0.308984 -0.951063 -0.002788 0.308983 0.000047 -0.017606 -0.999845 0.000048 -0.017606 -0.999845 0.000050 -0.017606 -0.999845 0.000049 -0.017606 -0.999845 -0.951061 -0.008092 0.308896 -0.951061 -0.008092 0.308897 -0.951061 -0.008092 0.308899 -0.951061 -0.008092 0.308898 -0.000047 -0.017605 -0.999845 -0.000048 -0.017605 -0.999845 -0.000050 -0.017605 -0.999845 -0.000049 -0.017605 -0.999845 -0.951025 -0.012604 0.308856 -0.951026 -0.012604 0.308855 -0.951026 -0.012604 0.308853 -0.951026 -0.012604 0.308854 -0.000129 -0.015881 -0.999874 -0.000129 -0.015881 -0.999874 -0.000129 -0.015881 -0.999874 -0.000129 -0.015881 -0.999874 -0.950973 -0.015882 0.308864 -0.950973 -0.015882 0.308867 -0.950972 -0.015882 0.308870 -0.950972 -0.015882 0.308869 
						-0.000161 -0.012602 -0.999921 -0.000160 -0.012602 -0.999921 -0.000159 -0.012602 -0.999921 -0.000159 -0.012602 -0.999921 -0.950919 -0.017606 0.308938 -0.950920 -0.017606 0.308936 -0.950921 -0.017606 0.308933 -0.950921 -0.017606 0.308934 -0.000128 -0.008092 -0.999967 -0.000128 -0.008092 -0.999967 -0.000129 -0.008092 -0.999967 -0.000128 -0.008092 -0.999967 -0.950891 -0.017606 0.309024 -0.950891 -0.017606 0.309026 -0.950889 -0.017606 0.309030 -0.950890 -0.017606 0.309028 -0.000050 -0.002788 -0.999996 -0.000050 -0.002788 -0.999996 -0.000049 -0.002788 -0.999996 -0.000049 -0.002788 -0.999996 -0.950890 -0.015882 0.309122 -0.950891 -0.015882 0.309119 -0.950893 -0.015882 0.309113 -0.950892 -0.015882 0.309115 0.000049 0.002788 -0.999996 0.000049 0.002788 -0.999996 0.000049 0.002788 -0.999996 0.000049 0.002788 -0.999996 -0.950929 -0.012603 0.309153 -0.950928 -0.012603 0.309154 -0.950928 -0.012603 0.309155 -0.950928 -0.012603 0.309155 0.000128 0.008092 -0.999967 0.000128 0.008092 -0.999967 0.000128 0.008092 -0.999967 0.000128 0.008092 -0.999967 -0.950982 -0.008091 0.309141 -0.950982 -0.008091 0.309141 -0.950982 -0.008091 0.309141 -0.950982 -0.008091 0.309141 0.000159 0.012604 -0.999921 0.000159 0.012604 -0.999921 0.000159 0.012604 -0.999921 0.000159 0.012604 -0.999921 -0.951033 -0.002788 0.309076 -0.951033 -0.002788 0.309076 -0.951033 -0.002788 0.309076 -0.951033 -0.002788 0.309076 0.000129 0.015882 -0.999874 0.000129 0.015882 -0.999874 0.000128 0.015882 -0.999874 0.000129 0.015882 -0.999874 -0.951065 0.002788 0.308978 -0.951065 0.002788 0.308980 -0.951064 0.002788 0.308983 -0.951064 0.002788 0.308982 0.000050 0.017606 -0.999845 0.000050 0.017606 -0.999845 0.000050 0.017606 -0.999845 0.000050 0.017606 -0.999845 -0.951061 0.008092 0.308899 -0.951061 0.008092 0.308898 -0.951061 0.008092 0.308897 -0.951061 0.008092 0.308898 
						-0.000050 0.017606 -0.999845 -0.000050 0.017606 -0.999845 -0.000050 0.017606 -0.999845 -0.000050 0.017606 -0.999845 -0.951028 0.012603 0.308849 -0.951027 0.012603 0.308851 -0.951026 0.012603 0.308855 -0.951026 0.012603 0.308853 -0.000130 0.015883 -0.999874 -0.000130 0.015883 -0.999874 -0.000129 0.015883 -0.999874 -0.000129 0.015883 -0.999874 -0.950972 0.015882 0.308870 -0.950973 0.015882 0.308866 -0.950975 0.015882 0.308858 -0.950975 0.015882 0.308861 -0.000160 0.012603 -0.999921 -0.000159 0.012603 -0.999921 -0.000158 0.012603 -0.999921 -0.000158 0.012603 -0.999921 -0.950921 0.017606 0.308934 -0.950920 0.017606 0.308936 -0.950918 0.017606 0.308941 -0.950919 0.017606 0.308939 -0.000126 0.008092 -0.999967 -0.000127 0.008092 -0.999967 -0.000128 0.008092 -0.999967 -0.000128 0.008092 -0.999967 -0.000005 1.000000 -0.000014 0.000002 1.000000 0.000002 0.000000 1.000000 0.000000 -0.000000 1.000000 -0.000000 -0.000000 1.000000 -0.000000 -0.000000 1.000000 -0.000000 -0.000014 1.000000 -0.000005 -0.000000 1.000000 -0.000000 -0.000015 1.000000 0.000000 -0.000000 1.000000 0.000000 -0.000003 1.000000 0.000001 0.000000 1.000000 -0.000000 -0.000007 1.000000 0.000005 -0.000000 1.000000 0.000000 -0.000011 1.000000 0.000015 -0.000000 1.000000 0.000000 0.000002 1.000000 -0.000006 0.000000 1.000000 -0.000000 0.000000 1.000000 0.000003 0.000000 1.000000 0.000000 -0.000002 1.000000 -0.000006 -0.000000 1.000000 -0.000000 -0.000003 1.000000 -0.000005 0.000000 1.000000 0.000000 0.000012 1.000000 0.000009 0.000000 1.000000 0.000000 0.000011 1.000000 0.000004 0.000000 1.000000 0.000000 -0.000006 1.000000 -0.000000 -0.000000 1.000000 -0.000000 -0.000014 1.000000 0.000005 0.000000 1.000000 -0.000000 0.000005 1.000000 -0.000004 0.000000 1.000000 0.000000 0.000024 1.000000 -0.000018 0.000011 1.000000 -0.000015 
						0.000000 1.000000 -0.000000 0.000000 1.000000 -0.000000 -0.000006 1.000000 0.000017 -0.000000 1.000000 0.000000 0.000000 1.000000 0.000009 0.000000 1.000000 -0.000000 -0.707111 -0.000000 -0.707103 -0.707107 -0.000000 -0.707107 -0.707107 0.000004 -0.707106 -0.707109 -0.000000 -0.707105 -0.707117 -0.000000 -0.707096 -0.707120 -0.000000 -0.707094 -0.707112 -0.000000 -0.707101 -0.707091 -0.000000 -0.707122 -0.707094 -0.000000 -0.707120 -0.707121 -0.000000 -0.707093 -0.707108 -0.000000 -0.707106 -0.707098 0.000043 -0.707116 -0.707104 0.000043 -0.707110 -0.707107 -0.000000 -0.707106 -0.707101 -0.000000 -0.707112 -0.707113 -0.000000 -0.707100 -0.707109 -0.000000 -0.707105 -0.707107 -0.000000 -0.707107 -0.707108 -0.000000 -0.707106 -0.707101 -0.000000 -0.707112 -0.707109 -0.000000 -0.707104 -0.707122 0.000000 -0.707092 -0.707130 0.000000 -0.707084 -0.707106 -0.000000 -0.707107 -0.707115 0.000000 -0.707098 -0.707121 0.000000 -0.707092 -0.707156 0.000000 -0.707058 -0.707151 0.000000 -0.707062 -0.707094 0.000000 -0.707120 -0.707083 0.000043 -0.707130 -0.707085 0.000043 -0.707129 -0.707068 0.000000 -0.707145 -0.707087 -0.000085 -0.707127 -0.707096 -0.000085 -0.707118 -0.707087 0.000000 -0.707126 -0.707086 0.000000 -0.707128 -0.707101 0.000000 -0.707112 -0.707109 0.000000 -0.707105 -0.707116 0.000000 -0.707097 -0.707098 0.000043 -0.707115 -0.707101 0.000043 -0.707112 -0.707121 0.000000 -0.707092 -0.000002 1.000000 -0.000006 -0.000009 1.000000 -0.000012 0.000000 1.000000 0.000000 -0.000000 1.000000 -0.000000 0.000005 1.000000 0.000004 0.000000 1.000000 0.000000 0.000020 1.000000 0.000007 0.000000 1.000000 0.000000 0.000003 1.000000 -0.000000 -0.000000 1.000000 0.000000 -0.000006 1.000000 0.000002 0.000000 1.000000 -0.000000 -0.000003 1.000000 0.000002 -0.000000 1.000000 0.000000 0.000004 1.000000 -0.000005 0.000000 1.000000 -0.000000 
						0.000001 1.000000 -0.000003 -0.000000 1.000000 0.000000 0.000000 1.000000 0.000027 0.000000 1.000000 0.000000 -0.000002 1.000000 -0.000006 -0.000000 1.000000 -0.000000 -0.000005 1.000000 -0.000007 0.000000 1.000000 0.000000 0.000012 1.000000 0.000009 0.000000 1.000000 0.000000 0.000012 1.000000 0.000004 0.000000 1.000000 0.000000 -0.000018 1.000000 -0.000000 -0.000000 1.000000 -0.000000 -0.000017 1.000000 0.000006 0.000000 1.000000 -0.000000 0.000010 1.000000 -0.000007 0.000000 1.000000 0.000000 0.000025 1.000000 -0.000018 -0.000000 1.000000 0.000000 -0.000000 1.000000 0.000000 0.000000 1.000000 -0.000000 0.000001 1.000000 -0.000003 0.000000 1.000000 -0.000000 0.000000 1.000000 -0.000006 0.000000 1.000000 0.000000 -0.707113 -0.000000 -0.707101 -0.707103 -0.000000 -0.707111 -0.707109 -0.000000 -0.707104 -0.707104 -0.000000 -0.707109 -0.707115 -0.000000 -0.707098 -0.707118 -0.000000 -0.707095 -0.707108 -0.000000 -0.707106 -0.707112 -0.000000 -0.707102 -0.707106 -0.000000 -0.707107 -0.707100 -0.000000 -0.707113 -0.707108 -0.000000 -0.707106 -0.707114 -0.000000 -0.707099 -0.707114 -0.000000 -0.707099 -0.707114 -0.000000 -0.707100 -0.707108 -0.000000 -0.707106 -0.707123 -0.000000 -0.707090 -0.707101 -0.000000 -0.707112 -0.707090 -0.000000 -0.707123 -0.707107 -0.000000 -0.707107 -0.707113 -0.000000 -0.707101 -0.707112 -0.000000 -0.707102 -0.453994 0.000000 -0.891005 -0.453987 0.000000 -0.891008 -0.453989 -0.000000 -0.891007 -0.453980 0.000000 -0.891012 -0.454004 0.000000 -0.890999 -0.453997 0.000000 -0.891003 -0.453981 0.000000 -0.891011 -0.453967 0.000000 -0.891019 -0.453985 -0.000054 -0.891009 -0.454009 -0.000054 -0.890997 -0.453978 0.000000 -0.891013 -0.453979 0.000000 -0.891013 -0.453984 0.000000 -0.891010 -0.453994 0.000000 -0.891005 -0.453995 0.000000 -0.891004 -0.454001 0.000000 -0.891001 -0.453984 0.000000 -0.891010 
						-0.453990 0.000000 -0.891007 -0.453992 0.000054 -0.891006 -0.453983 0.000054 -0.891010 -0.454002 0.000000 -0.891001 0.000004 1.000000 0.000012 -0.000004 1.000000 -0.000005 -0.000000 1.000000 -0.000000 0.000000 1.000000 0.000000 -0.000012 1.000000 -0.000009 0.000000 1.000000 0.000000 0.000009 1.000000 0.000003 -0.000000 1.000000 -0.000000 -0.000009 1.000000 -0.000000 -0.000000 1.000000 -0.000000 0.000015 1.000000 -0.000005 0.000000 1.000000 -0.000000 0.000007 1.000000 -0.000005 -0.000000 1.000000 0.000000 -0.000009 1.000000 0.000012 -0.000000 1.000000 0.000000 -0.000005 1.000000 0.000015 -0.000000 1.000000 0.000000 0.000000 1.000000 -0.000012 0.000000 1.000000 -0.000000 -0.000005 1.000000 -0.000014 0.000000 1.000000 0.000000 -0.000002 1.000000 -0.000003 -0.000000 1.000000 -0.000000 0.000000 1.000000 0.000000 0.000000 1.000000 0.000000 0.000012 1.000000 0.000004 0.000000 1.000000 0.000000 -0.000003 1.000000 0.000000 -0.000000 1.000000 0.000000 -0.000003 1.000000 0.000001 0.000000 1.000000 0.000000 0.000000 1.000000 0.000000 0.000000 1.000000 0.000000 0.000015 1.000000 -0.000011 -0.000007 1.000000 0.000010 -0.000000 1.000000 0.000000 0.000000 1.000000 -0.000000 -0.000004 1.000000 0.000012 0.000000 1.000000 -0.000000 0.000000 1.000000 -0.000018 0.000000 1.000000 -0.000000 -0.891013 -0.000000 -0.453978 -0.891010 -0.000000 -0.453983 -0.891007 -0.000000 -0.453990 -0.891015 -0.000000 -0.453974 -0.891014 -0.000000 -0.453976 -0.891010 -0.000000 -0.453984 -0.891010 -0.000000 -0.453984 -0.891003 -0.000000 -0.453997 -0.890997 -0.000000 -0.454009 -0.891004 -0.000000 -0.453995 -0.891006 -0.000000 -0.453993 -0.891006 -0.000000 -0.453991 -0.891010 -0.000000 -0.453984 -0.891010 -0.000000 -0.453984 -0.891008 -0.000000 -0.453987 -0.891011 -0.000000 -0.453982 -0.891010 -0.000000 -0.453984 -0.890997 -0.000000 -0.454009 
						-0.890994 -0.000000 -0.454015 -0.891004 -0.000000 -0.453996 -0.891009 -0.000000 -0.453985 -0.453993 0.000000 -0.891005 -0.453999 0.000000 -0.891002 -0.453988 0.000008 -0.891008 -0.453982 0.000054 -0.891011 -0.453992 0.000054 -0.891006 -0.454019 0.000000 -0.890992 -0.454007 0.000000 -0.890998 -0.453971 0.000000 -0.891016 -0.453956 0.000000 -0.891024 -0.453969 0.000000 -0.891018 -0.453975 0.000000 -0.891014 -0.453984 0.000000 -0.891010 -0.453984 0.000000 -0.891010 -0.453998 0.000000 -0.891003 -0.454009 0.000000 -0.890997 -0.453979 0.000000 -0.891012 -0.453977 -0.000027 -0.891013 -0.454010 -0.000027 -0.890996 -0.453998 0.000054 -0.891003 -0.453971 0.000054 -0.891016 -0.453981 0.000000 -0.891012 -0.000020 1.000000 -0.000063 -0.000047 1.000000 -0.000065 -0.000000 1.000000 -0.000000 -0.000039 1.000000 -0.000121 -0.000065 1.000000 -0.000047 -0.000000 1.000000 -0.000000 -0.000088 1.000000 -0.000029 -0.000120 1.000000 -0.000039 -0.000081 1.000000 0.000000 -0.000128 1.000000 0.000000 -0.000074 1.000000 0.000024 -0.000001 1.000000 0.000000 -0.000070 1.000000 0.000051 -0.000000 1.000000 0.000000 -0.000024 1.000000 0.000032 -0.000074 1.000000 0.000102 -0.000021 1.000000 0.000066 -0.000040 1.000000 0.000122 0.000000 1.000000 0.000093 0.000000 1.000000 0.000000 0.000022 1.000000 0.000068 0.000039 1.000000 0.000120 0.000044 1.000000 0.000061 0.000075 1.000000 0.000103 0.000050 1.000000 0.000036 0.000000 1.000000 0.000000 0.000079 1.000000 0.000026 0.000123 1.000000 0.000040 0.000082 1.000000 0.000000 0.000131 1.000000 0.000000 0.000053 1.000000 -0.000017 0.000000 1.000000 -0.000000 0.000050 1.000000 -0.000036 0.000000 1.000000 0.000000 0.000065 1.000000 -0.000047 0.000044 1.000000 -0.000061 0.000075 1.000000 -0.000103 0.000205 1.000000 -0.000149 0.000019 1.000000 -0.000059 0.000000 1.000000 -0.000000 
						0.000000 1.000000 -0.000056 0.000000 1.000000 -0.000126 -0.156393 0.000000 0.987695 -0.156402 0.000000 0.987694 -0.156406 0.000000 0.987693 -0.156399 0.000000 0.987694 -0.156404 0.000000 0.987693 -0.156388 0.000000 0.987696 -0.156411 0.000000 0.987692 -0.156427 0.000000 0.987689 -0.156408 0.000000 0.987692 -0.156407 0.000000 0.987693 -0.156405 0.000000 0.987693 -0.156409 0.000000 0.987692 -0.156412 0.000000 0.987692 -0.156402 0.000000 0.987693 -0.156396 0.000000 0.987694 -0.156400 0.000000 0.987694 -0.156411 0.000000 0.987692 -0.156420 0.000000 0.987691 -0.156414 0.000000 0.987692 -0.156406 0.000000 0.987693 -0.156406 0.000000 0.987693 -0.891022 0.000000 0.453960 -0.890996 0.000000 0.454011 -0.891008 -0.000003 0.453989 -0.890997 0.000000 0.454009 -0.891014 0.000000 0.453975 -0.891015 0.000000 0.453974 -0.891010 0.000000 0.453984 -0.891017 0.000000 0.453970 -0.891020 0.000000 0.453964 -0.891009 0.000000 0.453986 -0.890992 0.000000 0.454020 -0.890993 0.000000 0.454017 -0.891016 0.000000 0.453973 -0.891025 0.000000 0.453954 -0.891003 0.000000 0.453998 -0.890994 0.000000 0.454015 -0.891003 0.000000 0.453997 -0.891002 0.000000 0.453998 -0.891008 -0.000027 0.453987 -0.891000 -0.000027 0.454003 -0.891014 0.000000 0.453976 -0.000005 1.000000 -0.000014 0.000002 1.000000 0.000002 0.000000 1.000000 0.000000 -0.000000 1.000000 -0.000000 -0.000000 1.000000 -0.000000 -0.000000 1.000000 -0.000000 -0.000014 1.000000 -0.000005 -0.000000 1.000000 -0.000000 -0.000015 1.000000 0.000000 -0.000000 1.000000 0.000000 0.000003 1.000000 -0.000001 0.000000 1.000000 -0.000000 -0.000003 1.000000 0.000002 -0.000000 1.000000 0.000000 -0.000007 1.000000 0.000010 0.000000 1.000000 0.000000 -0.000004 1.000000 0.000012 -0.000000 1.000000 0.000000 0.000000 1.000000 -0.000009 0.000000 1.000000 -0.000000 
						-0.000006 1.000000 -0.000017 0.000000 1.000000 0.000000 -0.000000 1.000000 -0.000000 -0.000000 1.000000 -0.000000 0.000017 1.000000 0.000013 0.000000 1.000000 0.000000 0.000014 1.000000 0.000005 -0.000000 1.000000 -0.000000 -0.000015 1.000000 0.000000 -0.000000 1.000000 0.000000 0.000003 1.000000 -0.000001 0.000000 1.000000 -0.000000 0.000015 1.000000 -0.000011 0.000000 1.000000 0.000000 0.000020 1.000000 -0.000014 0.000011 1.000000 -0.000015 0.000000 1.000000 -0.000000 0.000000 1.000000 -0.000000 -0.000005 1.000000 0.000015 -0.000000 1.000000 0.000000 -0.000000 1.000000 0.000009 0.000000 1.000000 -0.000000 -0.891010 0.000027 -0.453983 -0.891007 -0.000000 -0.453990 -0.891008 0.000003 -0.453988 -0.891007 0.000014 -0.453990 -0.891008 -0.000014 -0.453987 -0.891012 -0.000000 -0.453980 -0.891007 -0.000000 -0.453989 -0.891007 -0.000000 -0.453989 -0.891012 0.000055 -0.453979 -0.891002 -0.000000 -0.453999 -0.891006 -0.000000 -0.453991 -0.891008 0.000027 -0.453987 -0.891004 -0.000055 -0.453996 -0.891008 -0.000014 -0.453988 -0.891010 0.000014 -0.453984 -0.891009 -0.000000 -0.453985 -0.891006 0.000027 -0.453992 -0.891005 -0.000000 -0.453993 -0.891008 -0.000027 -0.453988 -0.891009 -0.000000 -0.453985 -0.891004 -0.000000 -0.453995 -0.707096 0.000000 -0.707118 -0.707091 0.000085 -0.707123 -0.707106 0.000002 -0.707107 -0.707088 0.000000 -0.707126 -0.707093 0.000000 -0.707121 -0.707115 0.000000 -0.707099 -0.707129 0.000000 -0.707084 -0.707120 0.000000 -0.707093 -0.707096 0.000000 -0.707117 -0.707084 0.000000 -0.707130 -0.707101 0.000000 -0.707113 -0.707121 0.000000 -0.707092 -0.707122 0.000000 -0.707092 -0.707119 0.000000 -0.707094 -0.707115 0.000000 -0.707098 -0.707114 0.000000 -0.707099 -0.707088 0.000021 -0.707126 -0.707083 0.000021 -0.707131 -0.707133 0.000000 -0.707080 -0.707125 0.000000 -0.707089 -0.707096 -0.000085 -0.707117 
						-0.000005 1.000000 -0.000014 0.000002 1.000000 0.000002 0.000000 1.000000 0.000000 -0.000000 1.000000 -0.000000 -0.000000 1.000000 -0.000000 -0.000000 1.000000 -0.000000 -0.000014 1.000000 -0.000005 -0.000000 1.000000 -0.000000 -0.000015 1.000000 0.000000 -0.000000 1.000000 0.000000 -0.000003 1.000000 0.000001 0.000000 1.000000 -0.000000 -0.000007 1.000000 0.000005 -0.000000 1.000000 0.000000 -0.000011 1.000000 0.000015 -0.000000 1.000000 0.000000 0.000002 1.000000 -0.000006 0.000000 1.000000 -0.000000 0.000000 1.000000 0.000003 0.000000 1.000000 0.000000 -0.000002 1.000000 -0.000006 -0.000000 1.000000 -0.000000 -0.000003 1.000000 -0.000005 0.000000 1.000000 0.000000 0.000012 1.000000 0.000009 0.000000 1.000000 0.000000 0.000011 1.000000 0.000004 0.000000 1.000000 0.000000 -0.000006 1.000000 0.000000 -0.000000 1.000000 0.000000 -0.000014 1.000000 0.000005 0.000000 1.000000 -0.000000 0.000005 1.000000 -0.000004 0.000000 1.000000 0.000000 0.000024 1.000000 -0.000018 0.000011 1.000000 -0.000015 0.000000 1.000000 -0.000000 0.000000 1.000000 -0.000000 -0.000006 1.000000 0.000017 -0.000000 1.000000 0.000000 0.000000 1.000000 0.000009 -0.000000 1.000000 -0.000000 -0.707109 -0.000000 -0.707105 -0.707110 -0.000000 -0.707104 -0.707108 -0.000000 -0.707105 -0.707110 -0.000000 -0.707104 -0.707110 -0.000000 -0.707104 -0.707105 -0.000000 -0.707109 -0.707109 -0.000000 -0.707105 -0.707117 -0.000000 -0.707097 -0.707108 -0.000000 -0.707106 -0.707101 -0.000000 -0.707112 -0.707109 -0.000000 -0.707104 -0.707113 -0.000000 -0.707101 -0.707111 -0.000000 -0.707103 -0.707111 -0.000000 -0.707103 -0.707106 -0.000000 -0.707107 -0.707105 -0.000000 -0.707109 -0.707110 -0.000000 -0.707103 -0.707110 -0.000000 -0.707103 -0.707106 -0.000000 -0.707107 -0.707102 -0.000000 -0.707111 -0.707106 -0.000000 -0.707108 -0.707125 0.000000 -0.707089 
						-0.707128 0.000000 -0.707085 -0.707107 0.000000 -0.707106 -0.707116 0.000000 -0.707097 -0.707114 0.000000 -0.707099 -0.707141 0.000000 -0.707072 -0.707148 0.000000 -0.707066 -0.707120 0.000000 -0.707094 -0.707097 -0.000043 -0.707117 -0.707065 -0.000043 -0.707148 -0.707070 0.000000 -0.707144 -0.707102 0.000000 -0.707112 -0.707102 0.000000 -0.707111 -0.707091 0.000000 -0.707123 -0.707091 0.000000 -0.707123 -0.707093 0.000000 -0.707121 -0.707110 0.000000 -0.707103 -0.707119 0.000000 -0.707094 -0.707097 0.000043 -0.707117 -0.707102 0.000043 -0.707111 -0.707118 0.000000 -0.707096 0.000004 1.000000 0.000012 -0.000007 1.000000 -0.000010 -0.000000 1.000000 -0.000000 -0.000000 1.000000 -0.000000 -0.000005 1.000000 -0.000004 -0.000000 1.000000 -0.000000 -0.000012 1.000000 -0.000004 -0.000000 1.000000 -0.000000 0.000012 1.000000 -0.000000 0.000000 1.000000 -0.000000 0.000006 1.000000 -0.000002 -0.000000 1.000000 0.000000 -0.000005 1.000000 0.000004 0.000000 1.000000 -0.000000 0.000002 1.000000 -0.000002 -0.000000 1.000000 0.000000 0.000003 1.000000 -0.000009 0.000000 1.000000 -0.000000 0.000000 1.000000 -0.000003 0.000000 1.000000 0.000000 0.000008 1.000000 0.000023 0.000000 1.000000 0.000000 -0.000004 1.000000 -0.000005 -0.000000 1.000000 -0.000000 -0.000002 1.000000 -0.000002 0.000000 1.000000 0.000000 -0.000000 1.000000 -0.000000 -0.000000 1.000000 -0.000000 0.000003 1.000000 -0.000000 0.000000 1.000000 -0.000000 -0.000000 1.000000 0.000000 -0.000000 1.000000 0.000000 -0.000030 1.000000 0.000022 0.000000 1.000000 0.000000 0.000010 1.000000 -0.000007 0.000009 1.000000 -0.000012 0.000000 1.000000 -0.000000 0.000000 1.000000 -0.000000 0.000006 1.000000 -0.000018 0.000000 1.000000 -0.000000 0.000000 1.000000 0.000012 0.000000 1.000000 0.000000 -0.891007 0.000027 -0.453990 -0.891007 -0.000000 -0.453989 
						-0.891007 -0.000000 -0.453989 -0.891005 0.000014 -0.453993 -0.891008 -0.000014 -0.453988 -0.891006 -0.000000 -0.453991 -0.891006 -0.000027 -0.453992 -0.891014 0.000000 -0.453976 -0.891017 0.000027 -0.453970 -0.891011 -0.000000 -0.453981 -0.891009 -0.000000 -0.453986 -0.891009 -0.000000 -0.453986 -0.891005 -0.000027 -0.453994 -0.891002 -0.000014 -0.453999 -0.891004 0.000014 -0.453996 -0.891007 -0.000000 -0.453990 -0.891005 -0.000000 -0.453992 -0.891004 -0.000000 -0.453996 -0.891003 -0.000000 -0.453997 -0.891008 -0.000000 -0.453987 -0.891010 -0.000000 -0.453983 -0.890998 0.000000 -0.454007 -0.891002 0.000000 -0.453999 -0.891007 -0.000001 -0.453989 -0.891005 0.000000 -0.453993 -0.891008 0.000000 -0.453987 -0.891011 0.000000 -0.453983 -0.891012 -0.000014 -0.453980 -0.891023 -0.000014 -0.453957 -0.891023 0.000000 -0.453957 -0.891000 0.000000 -0.454003 -0.890994 0.000000 -0.454015 -0.891012 0.000000 -0.453979 -0.891009 0.000000 -0.453986 -0.890998 0.000000 -0.454007 -0.891002 0.000000 -0.454000 -0.891010 0.000000 -0.453984 -0.891014 0.000000 -0.453975 -0.890998 0.000000 -0.454007 -0.890993 0.000000 -0.454017 -0.891018 0.000000 -0.453967 -0.891016 0.000000 -0.453972 -0.000005 1.000000 -0.000014 0.000002 1.000000 0.000002 0.000000 1.000000 0.000000 -0.000000 1.000000 -0.000000 -0.000000 1.000000 -0.000000 -0.000000 1.000000 -0.000000 -0.000014 1.000000 -0.000005 -0.000000 1.000000 -0.000000 -0.000015 1.000000 0.000000 -0.000000 1.000000 0.000000 -0.000003 1.000000 0.000001 0.000000 1.000000 -0.000000 -0.000007 1.000000 0.000005 -0.000000 1.000000 0.000000 -0.000011 1.000000 0.000015 -0.000000 1.000000 0.000000 0.000002 1.000000 -0.000006 0.000000 1.000000 -0.000000 0.000000 1.000000 0.000003 0.000000 1.000000 0.000000 -0.000002 1.000000 -0.000006 -0.000000 1.000000 -0.000000 -0.000003 1.000000 -0.000005 0.000000 1.000000 0.000000 
						0.000012 1.000000 0.000009 0.000000 1.000000 0.000000 0.000011 1.000000 0.000004 0.000000 1.000000 0.000000 -0.000006 1.000000 0.000000 -0.000000 1.000000 0.000000 -0.000014 1.000000 0.000005 0.000000 1.000000 -0.000000 0.000005 1.000000 -0.000004 0.000000 1.000000 0.000000 0.000024 1.000000 -0.000018 0.000011 1.000000 -0.000015 0.000000 1.000000 -0.000000 0.000000 1.000000 -0.000000 -0.000006 1.000000 0.000017 -0.000000 1.000000 0.000000 -0.000000 1.000000 0.000009 0.000000 1.000000 -0.000000 -0.707107 0.000043 -0.707107 -0.707108 -0.000000 -0.707106 -0.707108 0.000011 -0.707106 -0.707107 0.000021 -0.707106 -0.707108 -0.000021 -0.707106 -0.707109 -0.000000 -0.707105 -0.707106 -0.000000 -0.707108 -0.707108 -0.000000 -0.707106 -0.707110 0.000085 -0.707103 -0.707104 -0.000000 -0.707109 -0.707112 -0.000000 -0.707102 -0.707115 0.000043 -0.707098 -0.707110 0.000000 -0.707104 -0.707108 0.000043 -0.707106 -0.707107 -0.000000 -0.707107 -0.707104 -0.000000 -0.707110 -0.707107 0.000043 -0.707106 -0.707107 -0.000000 -0.707106 -0.707109 -0.000043 -0.707105 -0.707108 -0.000000 -0.707106 -0.707104 -0.000000 -0.707109 -0.707123 -0.000000 -0.707090 -0.707126 0.000085 -0.707088 -0.707107 0.000002 -0.707107 -0.707114 0.000000 -0.707100 -0.707112 0.000000 -0.707102 -0.707145 0.000000 -0.707068 -0.707144 0.000000 -0.707069 -0.707111 0.000000 -0.707103 -0.707100 0.000000 -0.707114 -0.707068 0.000000 -0.707145 -0.707072 0.000000 -0.707141 -0.707105 0.000000 -0.707109 -0.707101 0.000000 -0.707112 -0.707088 0.000000 -0.707125 -0.707092 0.000000 -0.707122 -0.707092 0.000000 -0.707122 -0.707107 0.000021 -0.707106 -0.707117 0.000021 -0.707097 -0.707099 0.000000 -0.707114 -0.707108 0.000000 -0.707105 -0.707116 -0.000085 -0.707097 0.000004 1.000000 0.000012 -0.000007 1.000000 -0.000010 -0.000000 1.000000 -0.000000 -0.000000 1.000000 -0.000000 
						-0.000005 1.000000 -0.000004 -0.000000 1.000000 -0.000000 -0.000012 1.000000 -0.000004 -0.000000 1.000000 -0.000000 0.000012 1.000000 -0.000000 0.000000 1.000000 -0.000000 0.000006 1.000000 -0.000002 -0.000000 1.000000 0.000000 -0.000005 1.000000 0.000004 0.000000 1.000000 -0.000000 0.000002 1.000000 -0.000002 -0.000000 1.000000 0.000000 0.000003 1.000000 -0.000009 0.000000 1.000000 -0.000000 0.000000 1.000000 -0.000003 0.000000 1.000000 0.000000 0.000008 1.000000 0.000023 0.000000 1.000000 0.000000 -0.000004 1.000000 -0.000005 -0.000000 1.000000 -0.000000 -0.000002 1.000000 -0.000002 0.000000 1.000000 0.000000 -0.000000 1.000000 -0.000000 -0.000000 1.000000 -0.000000 0.000003 1.000000 0.000000 0.000000 1.000000 0.000000 -0.000000 1.000000 0.000000 -0.000000 1.000000 0.000000 -0.000030 1.000000 0.000022 0.000000 1.000000 0.000000 0.000010 1.000000 -0.000007 0.000009 1.000000 -0.000012 0.000000 1.000000 -0.000000 0.000000 1.000000 -0.000000 0.000006 1.000000 -0.000018 0.000000 1.000000 -0.000000 -0.000000 1.000000 0.000012 -0.000000 1.000000 0.000000 -0.891009 -0.000000 -0.453985 -0.891008 0.000027 -0.453988 -0.891008 -0.000001 -0.453988 -0.891008 -0.000027 -0.453987 -0.891010 -0.000000 -0.453984 -0.891007 -0.000000 -0.453989 -0.891006 -0.000027 -0.453992 -0.891013 -0.000000 -0.453977 -0.891016 0.000027 -0.453973 -0.891007 -0.000055 -0.453989 -0.891009 -0.000000 -0.453985 -0.891014 0.000055 -0.453976 -0.891006 -0.000027 -0.453992 -0.891003 -0.000014 -0.453998 -0.891004 0.000014 -0.453996 -0.891007 -0.000000 -0.453989 -0.891006 -0.000000 -0.453993 -0.891002 -0.000000 -0.453999 -0.891008 -0.000000 -0.453988 -0.891010 -0.000000 -0.453983 -0.891007 -0.000000 -0.453989 -0.890999 0.000000 -0.454006 -0.891005 0.000000 -0.453994 -0.891008 -0.000001 -0.453987 -0.891009 0.000000 -0.453986 -0.891010 0.000000 -0.453983 
						-0.891012 0.000000 -0.453981 -0.891012 -0.000014 -0.453980 -0.891023 -0.000014 -0.453958 -0.891022 0.000000 -0.453959 -0.890996 0.000000 -0.454011 -0.890995 0.000000 -0.454013 -0.891017 0.000000 -0.453969 -0.891010 0.000000 -0.453984 -0.890998 0.000000 -0.454006 -0.891002 0.000000 -0.454000 -0.891011 0.000000 -0.453983 -0.891014 0.000000 -0.453975 -0.890997 0.000000 -0.454010 -0.890998 0.000000 -0.454007 -0.891020 0.000000 -0.453963 -0.891013 0.000000 -0.453978 -0.000005 1.000000 -0.000014 0.000002 1.000000 0.000002 0.000000 1.000000 0.000000 -0.000000 1.000000 -0.000000 -0.000000 1.000000 -0.000000 -0.000000 1.000000 -0.000000 -0.000014 1.000000 -0.000005 -0.000000 1.000000 -0.000000 -0.000015 1.000000 0.000000 -0.000000 1.000000 0.000000 0.000003 1.000000 -0.000001 0.000000 1.000000 -0.000000 -0.000003 1.000000 0.000002 -0.000000 1.000000 0.000000 -0.000007 1.000000 0.000010 0.000000 1.000000 0.000000 -0.000004 1.000000 0.000012 -0.000000 1.000000 0.000000 0.000000 1.000000 -0.000009 0.000000 1.000000 -0.000000 -0.000006 1.000000 -0.000017 0.000000 1.000000 0.000000 -0.000000 1.000000 -0.000000 -0.000000 1.000000 -0.000000 0.000017 1.000000 0.000013 0.000000 1.000000 0.000000 0.000014 1.000000 0.000005 -0.000000 1.000000 -0.000000 -0.000015 1.000000 0.000000 -0.000000 1.000000 0.000000 0.000003 1.000000 -0.000001 0.000000 1.000000 -0.000000 0.000015 1.000000 -0.000011 0.000000 1.000000 0.000000 0.000020 1.000000 -0.000014 0.000011 1.000000 -0.000015 0.000000 1.000000 -0.000000 0.000000 1.000000 -0.000000 -0.000005 1.000000 0.000015 -0.000000 1.000000 0.000000 0.000000 1.000000 0.000009 0.000000 1.000000 -0.000000 -0.891018 -0.000000 -0.453968 -0.891014 -0.000000 -0.453976 -0.891010 -0.000000 -0.453984 -0.891011 -0.000000 -0.453982 -0.891020 -0.000000 -0.453964 -0.891018 -0.000000 -0.453968 
						-0.891009 -0.000000 -0.453986 -0.891011 -0.000000 -0.453982 -0.891007 -0.000000 -0.453990 -0.891003 -0.000000 -0.453998 -0.891008 -0.000000 -0.453987 -0.891011 -0.000000 -0.453982 -0.891011 -0.000000 -0.453981 -0.891010 -0.000000 -0.453984 -0.891009 -0.000000 -0.453986 -0.891015 -0.000000 -0.453974 -0.891000 -0.000000 -0.454003 -0.891000 -0.000000 -0.454003 -0.891002 -0.000000 -0.453999 -0.891006 -0.000000 -0.453992 -0.891013 -0.000000 -0.453978 -0.707105 0.000000 -0.707108 -0.707103 0.000000 -0.707111 -0.707110 0.000000 -0.707103 -0.707092 0.000000 -0.707122 -0.707108 0.000000 -0.707105 -0.707127 0.000000 -0.707087 -0.707129 0.000000 -0.707084 -0.707123 0.000000 -0.707090 -0.707088 -0.000043 -0.707126 -0.707083 -0.000043 -0.707130 -0.707105 0.000000 -0.707109 -0.707123 0.000000 -0.707091 -0.707129 0.000000 -0.707085 -0.707126 0.000000 -0.707088 -0.707118 0.000000 -0.707095 -0.707125 0.000000 -0.707088 -0.707083 0.000000 -0.707130 -0.707077 0.000000 -0.707137 -0.707129 0.000043 -0.707084 -0.707122 0.000043 -0.707092 -0.707110 0.000000 -0.707104 -0.587791 -0.000002 -0.809013 -0.309010 -0.000001 -0.951059 -0.296726 0.062409 -0.952921 -0.559702 0.139246 -0.816912 -0.809022 -0.000005 -0.587778 -0.765589 0.211434 -0.607593 -0.951056 0.000001 -0.309019 -0.809022 0.000002 -0.587778 -0.816861 -0.124396 -0.563262 -0.952923 -0.062412 -0.296720 -1.000000 -0.000000 0.000001 -1.000000 0.000000 -0.000000 -0.951055 -0.000001 0.309021 -0.952920 0.062419 0.296727 -0.809013 -0.000001 0.587791 -0.816861 0.124395 0.563262 -0.587787 0.000002 0.809015 -0.809013 0.000004 0.587791 -0.765588 -0.211446 0.607590 -0.559710 -0.139244 0.816906 -0.309022 0.000001 0.951055 -0.296728 -0.062424 0.952920 0.000001 -0.000000 1.000000 -0.000002 -0.000000 1.000000 0.309020 -0.000001 0.951055 0.296722 0.062416 0.952922 0.587787 -0.000002 0.809016 0.559707 0.139198 0.816916 
						0.809014 -0.000004 0.587789 0.765588 0.211437 0.607594 -0.951057 -0.000001 -0.309016 -0.809014 -0.000002 -0.587789 -0.816860 0.124409 -0.563260 -0.952921 0.062450 -0.296719 -1.000000 -0.000000 0.000001 -1.000000 -0.000000 0.000001 -0.951057 0.000001 0.309017 -0.952922 -0.062466 0.296710 -0.809019 0.000002 0.587783 -0.816863 -0.124349 0.563269 0.587790 0.000003 -0.809013 0.809019 0.000004 -0.587783 0.765588 -0.211453 -0.607587 0.559725 -0.139180 -0.816907 0.309018 0.000001 -0.951056 0.296725 -0.062433 -0.952920 0.000007 -0.000000 -1.000000 0.000002 -0.000000 -1.000000 -0.255598 0.120964 -0.959186 -0.469841 0.261850 -0.843021 -0.630447 0.390550 -0.670826 -0.839343 -0.174140 -0.514954 -0.958601 -0.087078 -0.271114 -1.000000 0.000000 -0.000001 -0.958606 0.087177 0.271062 -0.839347 0.174052 0.514978 -0.630444 -0.390572 0.670816 -0.469812 -0.261900 0.843021 -0.255610 -0.120960 0.959183 -0.000004 -0.000002 1.000000 0.255595 0.120980 0.959184 0.469840 0.261853 0.843021 0.630472 0.390518 0.670821 -0.839346 0.174126 -0.514955 -0.958602 0.087122 -0.271094 -1.000000 -0.000000 0.000001 -0.958605 -0.087196 0.271059 -0.839334 -0.174028 0.515007 0.630443 -0.390557 -0.670825 0.469841 -0.261832 -0.843026 0.255617 -0.120935 -0.959184 0.000003 -0.000001 -1.000000 -0.202485 0.127665 -0.970928 -0.364505 0.271666 -0.890693 -0.485251 0.405673 -0.774571 -0.383849 0.783905 -0.488010 -0.458501 0.596954 -0.658348 -0.307687 0.538907 -0.784161 -0.248671 0.683858 -0.685931 -0.000002 0.915066 -0.403304 -0.000000 0.765116 -0.643892 0.383840 0.783917 -0.487998 0.248668 0.683854 -0.685935 0.458450 0.597013 -0.658330 0.307691 0.538900 -0.784164 -0.485237 -0.405681 0.774576 -0.364478 -0.271706 0.890692 -0.202494 -0.127680 0.970924 -0.000003 -0.000002 1.000000 0.202466 0.127699 0.970927 0.364479 0.271712 0.890690 0.485266 0.405677 0.774560 
						-0.383869 -0.783896 -0.488009 -0.458448 -0.597009 -0.658335 -0.307647 -0.538948 -0.784148 -0.248660 -0.683851 -0.685941 0.000001 -0.915063 -0.403311 0.000000 -0.765101 -0.643910 0.383869 -0.783897 -0.488006 0.248681 -0.683836 -0.685949 0.458455 -0.597000 -0.658338 0.307638 -0.538922 -0.784169 0.485237 -0.405667 -0.774583 0.364480 -0.271709 -0.890690 0.202546 -0.127628 -0.970920 0.000007 -0.000004 -1.000000 -0.257023 0.374984 -0.890688 -0.150627 0.186254 -0.970887 -0.060998 0.128280 -0.989860 -0.102439 0.250014 -0.962808 -0.107760 0.355922 -0.928282 -0.069754 0.431564 -0.899382 0.000000 0.459645 -0.888102 0.069749 0.431528 -0.899399 0.107816 0.355888 -0.928288 0.256952 0.375060 -0.890677 0.102465 0.250015 -0.962805 0.150636 0.186267 -0.970883 0.061076 0.128250 -0.989859 0.000002 0.000003 -1.000000 -0.000001 -0.000003 -1.000000 -0.150603 -0.186292 -0.970883 -0.061017 -0.128271 -0.989860 -0.256999 -0.375024 -0.890679 -0.102438 -0.250023 -0.962806 -0.107766 -0.355931 -0.928278 -0.069750 -0.431547 -0.899390 0.000000 -0.459629 -0.888111 0.069763 -0.431532 -0.899396 0.107790 -0.355886 -0.928292 0.256943 -0.375072 -0.890675 0.102439 -0.250003 -0.962811 0.150629 -0.186284 -0.970881 0.060984 -0.128301 -0.989859 0.000005 -0.000006 -1.000000 0.000002 -0.000003 -1.000000 -0.000160 -0.007997 -0.999968 -0.000322 -0.015217 -0.999884 -0.000307 -0.020955 -0.999780 -0.000212 -0.024660 -0.999696 0.000000 -0.025939 -0.999664 0.000212 -0.024641 -0.999696 0.000341 -0.020965 -0.999780 0.000326 -0.015238 -0.999884 0.000197 -0.008010 -0.999968 0.000000 -0.000009 -1.000000 -0.000218 0.008015 -0.999968 -0.000320 0.015231 -0.999884 -0.000351 0.020943 -0.999781 -0.000195 0.024627 -0.999697 0.000000 0.025890 -0.999665 0.000210 0.024596 -0.999698 0.000344 0.020930 -0.999781 0.000305 0.015225 -0.999884 0.000175 0.008004 -0.999968 -0.000000 0.000003 -1.000000 
						-0.070696 -0.135462 -0.988257 -0.119155 -0.265080 -0.956836 -0.126117 -0.379612 -0.916509 -0.082016 -0.463054 -0.882527 -0.000000 -0.494449 -0.869206 0.082025 -0.463006 -0.882551 0.126033 -0.379602 -0.916525 0.119152 -0.265065 -0.956840 0.070680 -0.135476 -0.988256 0.000001 -0.000002 -1.000000 -0.070734 0.135453 -0.988256 -0.119146 0.265092 -0.956834 -0.126078 0.379616 -0.916513 -0.082027 0.463015 -0.882547 0.000000 0.494414 -0.869226 0.082007 0.463009 -0.882551 0.126028 0.379607 -0.916524 0.119115 0.265081 -0.956840 0.070729 0.135441 -0.988258 -0.000003 -0.000006 -1.000000 -0.153823 -0.190226 -0.969615 -0.262184 -0.382794 -0.885849 -0.319271 -0.545172 -0.775147 -0.261989 -0.692575 -0.672088 -0.000001 -0.778560 -0.627571 0.261976 -0.692556 -0.672112 0.319183 -0.545206 -0.775160 0.262241 -0.382727 -0.885861 0.153828 -0.190201 -0.969619 -0.000002 0.000003 -1.000000 -0.153845 0.190188 -0.969619 -0.262174 0.382809 -0.885845 -0.319253 0.545177 -0.775151 -0.262029 0.692539 -0.672109 0.000000 0.778549 -0.627583 0.262013 0.692545 -0.672109 0.319246 0.545185 -0.775149 0.262207 0.382782 -0.885847 0.153843 0.190198 -0.969617 -0.000001 -0.000002 -1.000000 -0.598373 0.016450 -0.801049 -0.405033 0.130984 -0.904871 -0.384506 0.203947 -0.900312 -0.623875 0.118033 -0.772560 -0.750855 -0.106667 -0.651797 -0.813454 0.018249 -0.581342 -0.461045 -0.600494 -0.653334 -0.385608 -0.787666 -0.480509 0.000000 -0.919035 -0.394175 0.473570 -0.734973 -0.485331 0.437783 -0.622933 -0.648305 -0.051549 -0.621637 -0.781607 0.034307 -0.695384 -0.717819 0.195726 -0.800447 -0.566547 0.106725 -0.727511 -0.677744 -0.196111 -0.544093 -0.815784 -0.042735 -0.644647 -0.763285 -0.383130 -0.475275 -0.792039 -0.248554 -0.579458 -0.776176 -0.583189 -0.421964 -0.694145 -0.470196 -0.539218 -0.698684 -0.763788 -0.393438 -0.511699 -0.663608 -0.534659 -0.523225 -0.889129 -0.327865 -0.319303 
						-0.806709 -0.494110 -0.324154 -0.461171 0.600386 -0.653344 -0.385638 0.787653 -0.480506 0.000001 0.919035 -0.394176 0.473439 0.735066 -0.485318 0.421346 0.638118 -0.644416 0.153498 0.476981 -0.865406 0.250997 0.588403 -0.768624 0.429175 0.630952 -0.646304 0.293504 0.533469 -0.793263 0.005774 0.352004 -0.935981 0.113216 0.403190 -0.908086 -0.192371 0.238648 -0.951862 -0.126969 0.296037 -0.946700 -0.349180 0.300524 -0.887558 -0.606599 0.293688 -0.738772 -0.808457 0.269269 -0.523347 0.680314 -0.725215 -0.106004 0.627203 -0.777645 0.043416 0.548061 -0.810838 0.205357 0.632986 -0.772588 0.049367 0.661580 -0.689161 -0.295582 0.655122 -0.741915 -0.142748 0.579355 -0.741569 -0.338265 0.410025 -0.774290 -0.482031 0.255161 -0.758620 -0.599491 0.095415 -0.686368 -0.720968 -0.124011 -0.644616 -0.754382 -0.351679 -0.637704 -0.685315 -0.532737 -0.673146 -0.512900 -0.660440 -0.680178 -0.318084 0.680406 0.725138 -0.105936 0.627255 0.777599 0.043487 0.548070 0.810828 0.205374 0.632997 0.772578 0.049379 0.661749 0.689024 -0.295523 0.655169 0.741876 -0.142737 0.579503 0.741442 -0.338291 0.468878 0.719833 -0.511853 0.573502 0.598772 -0.559077 0.427737 0.500632 -0.752601 0.209021 0.400001 -0.892362 -0.064707 0.336310 -0.939526 -0.287790 0.364210 -0.885736 -0.533547 0.419579 -0.734358 -0.719518 0.457196 -0.522748 0.493281 -0.792614 0.358381 0.598304 -0.777330 0.194398 0.648340 -0.761351 0.000001 0.598273 -0.777356 -0.194390 0.501188 -0.784995 -0.364134 0.395403 -0.739906 -0.544238 0.225958 -0.682141 -0.695433 0.000001 -0.663321 -0.748335 -0.225957 -0.682151 -0.695424 -0.395411 -0.739896 -0.544246 -0.509720 -0.776558 -0.370329 0.493234 0.792656 0.358351 0.598220 0.777401 0.194373 0.648238 0.761438 0.000000 0.598258 0.777368 -0.194385 0.505865 0.780397 -0.367535 0.714536 0.468964 -0.519144 0.533504 0.419725 -0.734306 
						0.287796 0.364223 -0.885729 0.000004 0.348138 -0.937443 -0.209031 0.399982 -0.892368 -0.427767 0.500583 -0.752617 -0.585214 0.582813 -0.563785 0.458820 -0.729751 0.506900 0.579390 -0.741538 0.338273 0.655128 -0.741910 0.142747 0.632977 -0.772595 -0.049368 0.549946 -0.809104 -0.207150 0.658539 -0.682966 -0.316045 0.532699 -0.673205 -0.512861 0.351673 -0.637686 -0.685334 0.124009 -0.644607 -0.754389 -0.095423 -0.686343 -0.720991 -0.255123 -0.758647 -0.599472 -0.358065 -0.815805 -0.454150 0.458819 0.729759 0.506890 0.579412 0.741523 0.338267 0.655157 0.741886 0.142739 0.632972 0.772599 -0.049367 0.539846 0.818235 -0.197630 0.810907 0.247354 -0.530327 0.606604 0.293427 -0.738872 0.349183 0.300505 -0.887563 0.064712 0.336298 -0.939530 -0.113244 0.403160 -0.908095 -0.293502 0.533472 -0.793262 -0.415577 0.643305 -0.643004 0.409648 -0.648590 0.641498 0.549342 -0.680244 0.485274 0.661621 -0.689127 0.295571 0.764656 -0.643096 0.041562 0.666967 -0.739305 -0.092649 0.806724 -0.494057 -0.324197 0.663613 -0.534540 -0.523339 0.470206 -0.539236 -0.698664 0.248546 -0.579450 -0.776184 0.042723 -0.644642 -0.763290 -0.106743 -0.727497 -0.677757 -0.198250 -0.799049 -0.567642 0.409714 0.648552 0.641494 0.549492 0.680129 0.485266 0.661815 0.688968 0.295505 0.680382 0.725157 0.105956 0.627233 0.777619 -0.043458 0.813444 0.018183 -0.581359 0.623882 0.118052 -0.772551 0.384492 0.203908 -0.900326 0.126976 0.296037 -0.946699 -0.005868 0.351915 -0.936014 -0.153437 0.477025 -0.865393 -0.250996 0.588390 -0.768634 0.917571 -0.152779 0.367046 0.808994 -0.000068 0.587818 0.809030 0.000041 0.587767 0.891887 -0.158032 0.423748 0.934986 -0.325966 0.139810 0.907617 -0.326832 0.263463 0.844043 -0.511956 0.159663 0.712924 -0.682304 0.161867 0.889129 -0.327826 -0.319343 0.763758 -0.393272 -0.511870 0.583238 -0.422042 -0.694056 
						0.383144 -0.475301 -0.792016 0.196169 -0.544142 -0.815737 0.051505 -0.621625 -0.781620 -0.034337 -0.695395 -0.717807 0.917555 0.152833 0.367063 0.809033 -0.000048 0.587763 0.809015 0.000026 0.587789 0.891902 0.158018 0.423722 0.934986 0.325967 0.139810 0.907617 0.326834 0.263461 0.840586 0.540891 -0.029197 0.844004 0.512004 0.159719 0.705858 0.693293 -0.145287 0.712923 0.682305 0.161868 0.750853 -0.106665 -0.651799 0.598463 0.016599 -0.800978 0.404961 0.130892 -0.904917 0.192431 0.238730 -0.951829 0.694056 0.190309 0.694312 0.562463 0.382627 0.732961 0.704027 0.265047 0.658859 0.757976 0.135493 0.638054 0.809037 0.000040 0.587758 0.841075 -0.135450 0.523685 0.844128 -0.265080 0.466026 0.815570 -0.379620 0.436731 0.762198 -0.463010 0.452410 0.507728 -0.778549 0.368882 0.703218 -0.494421 0.510914 0.432663 -0.718984 0.543934 0.665766 -0.463034 0.585111 0.459098 -0.569515 0.681822 0.667354 -0.379623 0.640723 0.562529 -0.382764 0.732839 0.704049 -0.265072 0.658827 0.694012 -0.190199 0.694386 0.757985 -0.135486 0.638045 0.809021 -0.000005 0.587779 0.841096 0.135456 0.523650 0.844128 0.265092 0.466019 0.815601 0.379605 0.436686 0.762218 0.463004 0.452384 0.507729 0.778549 0.368880 0.703224 0.494407 0.510918 0.432649 0.718991 0.543937 0.665785 0.463011 0.585108 0.459088 0.569532 0.681815 0.667368 0.379598 0.640723 0.808746 0.015228 0.587961 0.808851 0.008025 0.587959 0.808999 0.000013 0.587810 0.809101 -0.008005 0.587615 0.809108 -0.015224 0.587463 0.809056 -0.020953 0.587358 0.808894 -0.024631 0.587438 0.808747 -0.025911 0.587586 0.808653 -0.024646 0.587770 0.808668 -0.020964 0.587891 0.808727 -0.015226 0.587987 0.808950 -0.008007 0.587823 0.809026 -0.000008 0.587772 0.809062 0.008011 0.587668 0.809087 0.015249 0.587492 0.809063 0.020976 0.587348 
						0.808883 0.024650 0.587453 0.808747 0.025912 0.587586 0.808669 0.024643 0.587747 0.808664 0.020962 0.587898 0.718743 -0.250024 0.648765 0.764981 -0.128302 0.631144 0.809021 -0.000003 0.587780 0.836642 0.128302 0.532511 0.839176 0.249983 0.483003 0.814346 0.355915 0.458438 0.768613 0.431561 0.472217 0.718490 0.459649 0.522011 0.686634 0.431546 0.585066 0.687684 0.355895 0.632795 0.718747 0.250016 0.648764 0.764950 0.128272 0.631188 0.809026 -0.000012 0.587772 0.836671 -0.128288 0.532470 0.839153 -0.249999 0.483035 0.814363 -0.355891 0.458427 0.768627 -0.431542 0.472212 0.718489 -0.459651 0.522010 0.686621 -0.431554 0.585076 0.687642 -0.355899 0.632839 0.569607 -0.375181 0.731292 0.697007 -0.186427 0.692406 0.809028 -0.000013 0.587770 0.888933 0.159018 0.429548 0.903671 0.327638 0.275739 0.841608 0.509976 0.177820 0.712171 0.676755 0.186588 0.520935 0.765104 0.378475 0.446280 0.706168 0.549691 0.470184 0.558683 0.683228 0.569563 0.375089 0.731373 0.696905 0.186196 0.692571 0.809048 0.000045 0.587743 0.888946 -0.159012 0.429523 0.903686 -0.327623 0.275707 0.841579 -0.510013 0.177853 0.712162 -0.676766 0.186584 0.520931 -0.765108 0.378472 0.446255 -0.706152 0.549733 0.470124 -0.558620 0.683320 -0.364520 -0.271677 -0.890683 -0.202494 -0.127671 -0.970925 -0.255593 -0.120961 -0.959187 -0.469849 -0.261855 -0.843015 -0.485260 -0.405681 -0.774561 -0.630457 -0.390556 -0.670812 0.809014 0.000037 0.587789 0.917174 0.151891 0.368404 0.935148 0.324168 0.142877 0.842699 0.537824 -0.024563 0.709898 0.690316 -0.139671 -0.364479 0.271706 0.890691 -0.485237 0.405682 0.774576 -0.630436 0.390569 0.670825 -0.469808 0.261897 0.843025 -0.202490 0.127678 0.970925 -0.255601 0.120955 0.959186 -0.000003 0.000001 1.000000 -0.000001 0.000001 1.000000 0.202473 -0.127703 0.970926 
						0.255588 -0.120977 0.959187 0.364493 -0.271723 0.890680 0.469832 -0.261848 0.843026 0.485269 -0.405681 0.774556 0.630465 -0.390513 0.670830 0.809002 -0.000030 0.587806 0.917136 -0.152021 0.368444 0.935175 -0.324102 0.142848 0.842538 -0.538085 -0.024393 0.709841 -0.690388 -0.139607 0.364487 0.271714 -0.890686 0.485254 0.405681 -0.774565 0.630446 0.390558 -0.670823 0.469842 0.261833 -0.843025 0.202546 0.127628 -0.970920 0.255609 0.120932 -0.959187 0.000006 0.000003 -1.000000 0.000002 0.000001 -1.000000 -0.296726 -0.062410 -0.952921 -0.559695 -0.139247 -0.816916 -0.765580 -0.211435 -0.607603 -0.958600 0.087078 -0.271117 -0.839351 0.174135 -0.514943 -0.816854 0.124401 -0.563271 -0.952921 0.062415 -0.296726 -1.000000 -0.000000 0.000000 -1.000000 0.000000 0.000000 -0.958604 -0.087178 0.271068 -0.952923 -0.062419 0.296719 -0.839342 -0.174055 0.514986 -0.816864 -0.124397 0.563256 -0.765591 0.211451 0.607585 -0.559713 0.139248 0.816903 -0.296730 0.062426 0.952919 0.000002 -0.000000 1.000000 0.296728 -0.062418 0.952920 0.559707 -0.139201 0.816916 0.765580 -0.211439 0.607602 -0.958603 -0.087121 -0.271092 -0.839340 -0.174129 -0.514963 -0.816854 -0.124413 -0.563268 -0.952918 -0.062452 -0.296726 -1.000000 0.000000 0.000000 -1.000000 0.000000 0.000000 -0.958603 0.087198 0.271067 -0.952922 0.062468 0.296712 -0.839336 0.174026 0.515005 -0.816863 0.124352 0.563268 0.765587 0.211458 -0.607587 0.559719 0.139180 -0.816911 0.296723 0.062433 -0.952921 0.000001 0.000000 -1.000000 0.000004 1.000000 0.000012 -0.000007 1.000000 -0.000010 -0.000000 1.000000 -0.000000 -0.000000 1.000000 -0.000000 -0.000005 1.000000 -0.000004 -0.000000 1.000000 -0.000000 -0.000012 1.000000 -0.000004 -0.000000 1.000000 -0.000000 0.000012 1.000000 -0.000000 0.000000 1.000000 -0.000000 0.000006 1.000000 -0.000002 -0.000000 1.000000 0.000000 
						-0.000005 1.000000 0.000004 0.000000 1.000000 -0.000000 0.000002 1.000000 -0.000002 -0.000000 1.000000 0.000000 0.000003 1.000000 -0.000009 0.000000 1.000000 -0.000000 0.000000 1.000000 -0.000003 0.000000 1.000000 0.000000 0.000008 1.000000 0.000023 0.000000 1.000000 0.000000 -0.000004 1.000000 -0.000005 -0.000000 1.000000 -0.000000 -0.000002 1.000000 -0.000002 0.000000 1.000000 0.000000 -0.000000 1.000000 -0.000000 -0.000000 1.000000 -0.000000 0.000003 1.000000 0.000000 0.000000 1.000000 0.000000 -0.000000 1.000000 0.000000 -0.000000 1.000000 0.000000 -0.000030 1.000000 0.000022 0.000000 1.000000 0.000000 0.000010 1.000000 -0.000007 0.000009 1.000000 -0.000012 0.000000 1.000000 -0.000000 0.000000 1.000000 -0.000000 0.000006 1.000000 -0.000018 0.000000 1.000000 -0.000000 0.000000 1.000000 0.000012 0.000000 1.000000 0.000000 -0.891009 -0.000000 -0.453985 -0.891011 -0.000000 -0.453982 -0.891009 -0.000000 -0.453986 -0.891009 -0.000000 -0.453985 -0.891013 -0.000000 -0.453978 -0.891016 -0.000000 -0.453973 -0.891007 -0.000000 -0.453991 -0.891002 -0.000000 -0.453999 -0.891006 -0.000000 -0.453992 -0.891007 -0.000000 -0.453989 -0.891011 -0.000000 -0.453982 -0.891014 -0.000000 -0.453976 -0.891012 -0.000000 -0.453979 -0.891010 -0.000000 -0.453984 -0.891014 -0.000000 -0.453976 -0.891016 -0.000000 -0.453973 -0.891003 -0.000000 -0.453996 -0.890998 -0.000000 -0.454007 -0.891003 -0.000000 -0.453997 -0.891005 -0.000000 -0.453993 -0.891010 -0.000000 -0.453983 -0.891002 0.000000 -0.454000 -0.891005 0.000000 -0.453994 -0.891009 0.000000 -0.453986 -0.891009 0.000000 -0.453985 -0.891013 0.000000 -0.453978 -0.891020 0.000000 -0.453964 -0.891012 0.000000 -0.453979 -0.891012 0.000000 -0.453980 -0.891013 0.000000 -0.453978 -0.890996 0.000000 -0.454011 -0.890996 0.000000 -0.454011 -0.891017 0.000000 -0.453969 -0.891017 0.000000 -0.453971 
						-0.891006 0.000000 -0.453992 -0.891012 0.000000 -0.453980 -0.891019 0.000000 -0.453966 -0.891012 0.000000 -0.453979 -0.890993 0.000000 -0.454018 -0.890993 0.000000 -0.454016 -0.891015 0.000000 -0.453973 -0.891016 0.000000 -0.453972 0.000000 1.000000 0.000000 0.000011 1.000000 0.000015 0.000000 1.000000 0.000000 0.000000 1.000000 0.000000 0.000005 1.000000 0.000003 -0.000000 1.000000 -0.000000 -0.000006 1.000000 -0.000002 0.000000 1.000000 0.000000 0.000012 1.000000 -0.000000 0.000000 1.000000 -0.000000 -0.000023 1.000000 0.000007 -0.000000 1.000000 0.000000 -0.000048 1.000000 0.000035 0.000000 1.000000 0.000000 0.000005 1.000000 -0.000004 -0.000000 1.000000 0.000000 -0.000000 1.000000 0.000000 0.000000 1.000000 -0.000000 -0.000001 1.000000 0.000003 0.000000 1.000000 0.000000 0.000000 1.000000 0.000000 0.000000 1.000000 0.000000 0.000000 1.000000 0.000000 0.000000 1.000000 0.000000 0.000000 1.000000 0.000000 0.000000 1.000000 0.000000 0.000000 1.000000 0.000000 0.000000 1.000000 0.000000 0.000000 1.000000 0.000000 0.000000 1.000000 0.000000 0.000000 1.000000 0.000000 0.000000 1.000000 0.000000 -0.000017 1.000000 0.000006 -0.000000 1.000000 0.000000 0.000000 1.000000 -0.000000 0.000000 1.000000 -0.000000 0.000011 1.000000 -0.000014 0.000000 1.000000 0.000000 0.000000 1.000000 0.000000 0.000000 1.000000 0.000000 0.000000 1.000000 0.000000 0.000000 1.000000 0.000000 -0.707102 -0.000000 -0.707112 -0.707107 -0.000000 -0.707107 -0.707106 0.000004 -0.707107 -0.707102 -0.000000 -0.707112 -0.707111 -0.000000 -0.707102 -0.707117 -0.000000 -0.707096 -0.707108 -0.000000 -0.707106 -0.707087 -0.000000 -0.707126 -0.707082 -0.000000 -0.707132 -0.707118 -0.000000 -0.707095 -0.707115 -0.000000 -0.707098 -0.707103 0.000043 -0.707110 -0.707115 0.000043 -0.707098 -0.707112 -0.000000 -0.707101 
						-0.707104 -0.000000 -0.707109 -0.707116 -0.000000 -0.707098 -0.707111 -0.000000 -0.707103 -0.707096 -0.000000 -0.707117 -0.707106 -0.000000 -0.707107 -0.707105 -0.000000 -0.707109 -0.707108 -0.000000 -0.707105 0.707080 0.000000 0.707134 0.707064 0.000000 0.707149 0.707075 0.000000 0.707138 0.707060 0.000000 0.707154 0.707072 0.000000 0.707141 0.707087 0.000000 0.707127 0.707063 0.000000 0.707150 0.707058 0.000000 0.707156 0.707079 -0.000043 0.707135 0.707085 -0.000043 0.707129 0.707077 0.000000 0.707136 0.707074 0.000085 0.707140 0.707081 0.000085 0.707133 0.707092 0.000000 0.707121 0.707085 0.000000 0.707129 0.707056 0.000000 0.707158 0.707073 0.000000 0.707140 0.707105 0.000000 0.707108 0.707056 -0.000043 0.707158 0.707056 -0.000043 0.707158 0.707102 0.000000 0.707112 0.000000 1.000000 0.000000 0.000000 1.000000 0.000000 0.000000 1.000000 0.000000 0.000000 1.000000 0.000000 0.000000 1.000000 0.000000 0.000000 1.000000 0.000000 0.000000 1.000000 0.000000 -0.000003 1.000000 -0.000001 -0.000000 1.000000 -0.000000 0.000000 1.000000 0.000000 -0.000002 1.000000 0.000000 0.000000 1.000000 0.000000 0.000000 1.000000 0.000000 -0.000005 1.000000 0.000001 -0.000003 1.000000 0.000002 -0.000005 1.000000 0.000003 -0.000001 1.000000 0.000002 0.000000 1.000000 0.000000 0.000000 1.000000 0.000000 0.000000 1.000000 0.000000 0.000000 1.000000 0.000003 0.000000 1.000000 0.000000 0.000001 1.000000 0.000002 0.000000 1.000000 0.000000 0.000000 1.000000 0.000000 0.000000 1.000000 0.000000 0.000000 1.000000 0.000000 0.000000 1.000000 0.000000 0.000000 1.000000 0.000000 0.000000 1.000000 0.000000 0.000000 1.000000 0.000000 0.000005 1.000000 -0.000000 0.000003 1.000000 -0.000001 0.000005 1.000000 -0.000002 0.000002 1.000000 -0.000001 0.000000 1.000000 0.000000 
						0.000000 1.000000 0.000000 0.000000 1.000000 0.000000 0.000000 1.000000 0.000000 0.000000 1.000000 0.000000 0.000000 1.000000 0.000000 0.000000 1.000000 0.000000 0.453990 0.000005 -0.891007 0.453988 -0.000005 -0.891008 0.453990 0.000000 -0.891007 0.453991 0.000000 -0.891006 0.453989 0.000000 -0.891007 0.453987 0.000000 -0.891008 0.453990 0.000000 -0.891007 0.453991 -0.000005 -0.891006 0.453990 -0.000005 -0.891007 0.453990 -0.000010 -0.891007 0.453989 0.000000 -0.891007 0.453989 0.000005 -0.891007 0.453991 -0.000005 -0.891006 0.453991 0.000000 -0.891006 0.453990 0.000000 -0.891007 0.453989 0.000000 -0.891007 0.453988 0.000000 -0.891008 0.453989 0.000005 -0.891007 0.453989 0.000005 -0.891007 0.453989 0.000010 -0.891007 0.453989 -0.000000 -0.891007 -0.453987 0.000000 0.891008 -0.453985 0.000000 0.891009 -0.453988 -0.000001 0.891008 -0.453989 0.000000 0.891007 -0.453986 0.000000 0.891009 -0.453988 0.000000 0.891008 -0.453992 0.000000 0.891006 -0.453989 -0.000005 0.891007 -0.453989 -0.000005 0.891007 -0.453989 0.000000 0.891007 -0.453990 0.000000 0.891007 -0.453987 0.000000 0.891008 -0.453986 0.000000 0.891009 -0.453990 0.000000 0.891007 -0.453986 0.000000 0.891009 -0.453988 0.000000 0.891008 -0.453987 0.000000 0.891008 -0.453985 0.000000 0.891009 -0.453989 0.000000 0.891007 -0.453989 0.000000 0.891007 -0.453990 0.000000 0.891007 0.000000 1.000000 0.000000 0.000000 1.000000 0.000000 0.000000 1.000000 0.000000 0.000000 1.000000 0.000000 0.000000 1.000000 0.000000 0.000000 1.000000 0.000000 0.000000 1.000000 0.000000 -0.000003 1.000000 -0.000001 -0.000000 1.000000 -0.000000 0.000000 1.000000 0.000000 -0.000002 1.000000 0.000000 0.000000 1.000000 0.000000 0.000000 1.000000 0.000000 -0.000005 1.000000 0.000001 -0.000003 1.000000 0.000002 -0.000005 1.000000 0.000003 
						-0.000001 1.000000 0.000002 0.000000 1.000000 0.000000 0.000000 1.000000 0.000000 0.000000 1.000000 0.000000 0.000000 1.000000 0.000003 0.000000 1.000000 0.000000 0.000001 1.000000 0.000002 0.000000 1.000000 0.000000 0.000000 1.000000 0.000000 0.000000 1.000000 0.000000 0.000000 1.000000 0.000000 0.000000 1.000000 0.000000 0.000000 1.000000 0.000000 0.000000 1.000000 0.000000 0.000000 1.000000 0.000000 0.000005 1.000000 -0.000000 0.000003 1.000000 -0.000001 0.000005 1.000000 -0.000002 0.000002 1.000000 -0.000001 0.000000 1.000000 0.000000 0.000000 1.000000 0.000000 0.000000 1.000000 0.000000 0.000000 1.000000 0.000000 0.000000 1.000000 0.000000 0.000000 1.000000 0.000000 0.000000 1.000000 0.000000 0.453990 -0.000005 -0.891007 0.453988 -0.000005 -0.891008 0.453989 -0.000000 -0.891007 0.453991 -0.000003 -0.891006 0.453989 -0.000003 -0.891007 0.453988 0.000000 -0.891008 0.453990 0.000000 -0.891007 0.453991 0.000000 -0.891006 0.453990 0.000000 -0.891007 0.453990 0.000000 -0.891007 0.453989 0.000000 -0.891007 0.453989 0.000005 -0.891007 0.453991 0.000005 -0.891006 0.453991 0.000003 -0.891006 0.453990 0.000003 -0.891007 0.453989 0.000000 -0.891007 0.453988 0.000000 -0.891008 0.453989 0.000000 -0.891007 0.453989 0.000000 -0.891007 0.453989 0.000000 -0.891007 0.453988 0.000000 -0.891008 -0.453987 0.000010 0.891008 -0.453985 0.000000 0.891009 -0.453988 -0.000000 0.891008 -0.453989 0.000000 0.891007 -0.453986 0.000000 0.891009 -0.453989 0.000000 0.891007 -0.453992 -0.000003 0.891006 -0.453989 -0.000003 0.891007 -0.453989 0.000005 0.891007 -0.453989 0.000005 0.891007 -0.453990 0.000000 0.891007 -0.453987 -0.000010 0.891008 -0.453986 -0.000010 0.891009 -0.453990 0.000000 0.891007 -0.453986 0.000000 0.891009 -0.453988 0.000000 0.891008 -0.453988 0.000003 0.891008 
						-0.453985 0.000003 0.891009 -0.453989 -0.000005 0.891007 -0.453989 -0.000005 0.891007 -0.453990 0.000010 0.891007 -0.000005 1.000000 -0.000014 0.000002 1.000000 0.000002 0.000000 1.000000 0.000000 -0.000000 1.000000 -0.000000 -0.000000 1.000000 -0.000000 -0.000000 1.000000 -0.000000 -0.000014 1.000000 -0.000005 -0.000000 1.000000 -0.000000 -0.000015 1.000000 0.000000 -0.000000 1.000000 0.000000 0.000003 1.000000 -0.000001 0.000000 1.000000 -0.000000 -0.000003 1.000000 0.000002 -0.000000 1.000000 0.000000 -0.000007 1.000000 0.000010 0.000000 1.000000 0.000000 -0.000004 1.000000 0.000012 -0.000000 1.000000 0.000000 0.000000 1.000000 -0.000009 0.000000 1.000000 -0.000000 -0.000006 1.000000 -0.000017 0.000000 1.000000 0.000000 -0.000000 1.000000 -0.000000 -0.000000 1.000000 -0.000000 0.000017 1.000000 0.000013 0.000000 1.000000 0.000000 0.000014 1.000000 0.000005 -0.000000 1.000000 -0.000000 -0.000015 1.000000 0.000000 -0.000000 1.000000 0.000000 0.000003 1.000000 -0.000001 0.000000 1.000000 -0.000000 0.000015 1.000000 -0.000011 0.000000 1.000000 0.000000 0.000020 1.000000 -0.000014 0.000011 1.000000 -0.000015 0.000000 1.000000 -0.000000 0.000000 1.000000 -0.000000 -0.000005 1.000000 0.000015 -0.000000 1.000000 0.000000 0.000000 1.000000 0.000009 0.000000 1.000000 -0.000000 -0.891006 -0.000000 -0.453991 -0.891005 -0.000000 -0.453993 -0.891008 -0.000000 -0.453988 -0.891009 -0.000000 -0.453985 -0.891007 -0.000000 -0.453989 -0.891014 -0.000000 -0.453976 -0.891006 -0.000000 -0.453993 -0.890994 -0.000000 -0.454016 -0.891006 -0.000000 -0.453991 -0.891019 -0.000000 -0.453966 -0.891010 -0.000000 -0.453984 -0.890998 -0.000000 -0.454007 -0.891006 -0.000000 -0.453992 -0.891013 -0.000000 -0.453979 -0.891013 -0.000000 -0.453977 -0.891013 -0.000000 -0.453979 -0.891010 -0.000000 -0.453983 -0.891007 -0.000000 -0.453989 
						-0.891003 -0.000000 -0.453997 -0.891006 -0.000000 -0.453992 -0.891009 -0.000000 -0.453985 -0.707096 0.000000 -0.707118 -0.707085 0.000000 -0.707129 -0.707106 0.000000 -0.707107 -0.707088 0.000000 -0.707125 -0.707090 0.000000 -0.707123 -0.707119 0.000000 -0.707095 -0.707130 0.000000 -0.707084 -0.707100 0.000000 -0.707114 -0.707084 -0.000043 -0.707129 -0.707099 -0.000043 -0.707114 -0.707108 0.000000 -0.707106 -0.707112 0.000000 -0.707101 -0.707122 0.000000 -0.707092 -0.707123 0.000000 -0.707091 -0.707119 0.000000 -0.707095 -0.707121 0.000000 -0.707092 -0.707097 0.000000 -0.707117 -0.707085 0.000000 -0.707128 -0.707128 0.000043 -0.707085 -0.707122 0.000043 -0.707092 -0.707103 0.000000 -0.707111 -0.000002 1.000000 -0.000006 -0.000009 1.000000 -0.000012 0.000000 1.000000 0.000000 -0.000000 1.000000 -0.000000 0.000005 1.000000 0.000004 0.000000 1.000000 0.000000 0.000020 1.000000 0.000007 0.000000 1.000000 0.000000 0.000003 1.000000 -0.000000 -0.000000 1.000000 0.000000 -0.000006 1.000000 0.000002 0.000000 1.000000 -0.000000 -0.000003 1.000000 0.000002 -0.000000 1.000000 0.000000 0.000004 1.000000 -0.000005 0.000000 1.000000 -0.000000 0.000001 1.000000 -0.000003 -0.000000 1.000000 0.000000 0.000000 1.000000 0.000027 0.000000 1.000000 0.000000 -0.000002 1.000000 -0.000006 -0.000000 1.000000 -0.000000 -0.000012 1.000000 -0.000017 -0.000000 1.000000 -0.000000 0.000020 1.000000 0.000014 0.000000 1.000000 0.000000 0.000006 1.000000 0.000002 -0.000000 1.000000 -0.000000 -0.000012 1.000000 0.000000 0.000000 1.000000 0.000000 0.000020 1.000000 -0.000007 0.000000 1.000000 -0.000000 0.000020 1.000000 -0.000014 0.000000 1.000000 0.000000 0.000025 1.000000 -0.000018 -0.000000 1.000000 0.000000 -0.000000 1.000000 0.000000 0.000000 1.000000 -0.000000 0.000001 1.000000 -0.000003 0.000000 1.000000 -0.000000 
						0.000000 1.000000 -0.000006 0.000000 1.000000 0.000000 -0.707102 -0.000000 -0.707111 -0.707103 -0.000000 -0.707110 -0.707108 -0.000000 -0.707105 -0.707107 -0.000000 -0.707106 -0.707109 -0.000000 -0.707105 -0.707116 -0.000000 -0.707098 -0.707103 -0.000000 -0.707110 -0.707087 -0.000000 -0.707126 -0.707105 -0.000000 -0.707108 -0.707124 -0.000000 -0.707089 -0.707114 -0.000000 -0.707099 -0.707106 -0.000000 -0.707107 -0.707113 -0.000000 -0.707101 -0.707111 -0.000000 -0.707102 -0.707117 -0.000000 -0.707097 -0.707113 -0.000000 -0.707101 -0.707102 -0.000000 -0.707111 -0.707105 -0.000000 -0.707109 -0.707109 -0.000000 -0.707105 -0.707111 -0.000000 -0.707102 -0.707109 -0.000000 -0.707105 0.453988 0.000000 -0.891008 0.453992 0.000000 -0.891006 0.453996 0.000000 -0.891004 0.454003 0.000000 -0.891000 0.454020 0.000000 -0.890992 0.453994 0.000000 -0.891005 0.453976 0.000000 -0.891014 0.454002 0.000000 -0.891000 0.454008 -0.000054 -0.890998 0.454005 -0.000054 -0.890999 0.454004 0.000000 -0.891000 0.453988 0.000000 -0.891008 0.453995 0.000000 -0.891004 0.453994 0.000000 -0.891005 0.453976 0.000000 -0.891014 0.453990 0.000000 -0.891007 0.454002 0.000000 -0.891001 0.453992 0.000000 -0.891006 0.453987 0.000054 -0.891008 0.454001 0.000054 -0.891001 0.453999 0.000000 -0.891002 -0.000005 1.000000 -0.000014 0.000002 1.000000 0.000002 0.000000 1.000000 0.000000 -0.000000 1.000000 -0.000000 -0.000000 1.000000 -0.000000 -0.000000 1.000000 -0.000000 -0.000014 1.000000 -0.000005 -0.000000 1.000000 -0.000000 -0.000015 1.000000 -0.000000 -0.000000 1.000000 -0.000000 -0.000003 1.000000 0.000001 0.000000 1.000000 -0.000000 -0.000007 1.000000 0.000005 -0.000000 1.000000 0.000000 -0.000011 1.000000 0.000015 -0.000000 1.000000 0.000000 0.000002 1.000000 -0.000006 0.000000 1.000000 -0.000000 0.000000 1.000000 0.000003 0.000000 1.000000 0.000000 
						-0.000002 1.000000 -0.000006 -0.000000 1.000000 -0.000000 -0.000003 1.000000 -0.000005 0.000000 1.000000 0.000000 0.000012 1.000000 0.000009 0.000000 1.000000 0.000000 0.000011 1.000000 0.000004 0.000000 1.000000 0.000000 -0.000006 1.000000 0.000000 -0.000000 1.000000 0.000000 -0.000014 1.000000 0.000005 0.000000 1.000000 -0.000000 0.000005 1.000000 -0.000004 0.000000 1.000000 0.000000 0.000024 1.000000 -0.000018 0.000011 1.000000 -0.000015 0.000000 1.000000 -0.000000 0.000000 1.000000 -0.000000 -0.000006 1.000000 0.000017 -0.000000 1.000000 0.000000 0.000000 1.000000 0.000009 0.000000 1.000000 -0.000000 -0.707106 -0.000000 -0.707108 -0.707110 -0.000000 -0.707103 -0.707110 -0.000000 -0.707104 -0.707100 -0.000000 -0.707113 -0.707111 -0.000000 -0.707103 -0.707112 -0.000000 -0.707101 -0.707109 -0.000000 -0.707105 -0.707129 -0.000000 -0.707085 -0.707109 -0.000000 -0.707104 -0.707101 -0.000000 -0.707113 -0.707114 -0.000000 -0.707100 -0.707114 -0.000000 -0.707100 -0.707119 -0.000000 -0.707095 -0.707113 -0.000000 -0.707101 -0.707108 -0.000000 -0.707106 -0.707113 -0.000000 -0.707100 -0.707097 -0.000000 -0.707116 -0.707101 -0.000000 -0.707112 -0.707118 -0.000000 -0.707096 -0.707104 -0.000000 -0.707110 -0.707107 -0.000000 -0.707106 -0.707125 0.000000 -0.707088 -0.707125 0.000000 -0.707089 -0.707109 0.000000 -0.707105 -0.707107 0.000000 -0.707107 -0.707115 0.000000 -0.707099 -0.707149 0.000000 -0.707065 -0.707147 0.000000 -0.707066 -0.707132 0.000000 -0.707082 -0.707098 -0.000043 -0.707115 -0.707064 -0.000043 -0.707149 -0.707074 0.000000 -0.707139 -0.707103 0.000000 -0.707111 -0.707110 0.000000 -0.707103 -0.707093 0.000000 -0.707121 -0.707092 0.000000 -0.707121 -0.707101 0.000000 -0.707112 -0.707097 0.000000 -0.707116 -0.707111 0.000000 -0.707103 -0.707108 0.000043 -0.707105 -0.707104 0.000043 -0.707110 -0.707119 0.000000 -0.707094 
						0.000001 1.000000 0.000003 -0.000000 1.000000 -0.000000 -0.000000 1.000000 -0.000000 0.000000 1.000000 0.000000 -0.000005 1.000000 -0.000004 0.000000 1.000000 0.000000 -0.000029 1.000000 -0.000021 0.000000 1.000000 0.000000 0.000000 1.000000 0.000000 -0.000000 1.000000 -0.000000 -0.000000 1.000000 -0.000000 -0.000000 1.000000 -0.000000 -0.000006 1.000000 0.000002 0.000000 1.000000 -0.000000 0.000010 1.000000 -0.000007 0.000000 1.000000 0.000000 0.000000 1.000000 0.000000 0.000000 1.000000 0.000000 0.000000 1.000000 0.000000 0.000000 1.000000 0.000000 0.000000 1.000000 0.000000 0.000000 1.000000 0.000000 0.000000 1.000000 0.000000 0.000000 1.000000 0.000000 0.000000 1.000000 0.000000 0.000000 1.000000 0.000000 0.000000 1.000000 0.000000 0.000000 1.000000 0.000000 -0.000003 1.000000 -0.000001 -0.000000 1.000000 -0.000000 -0.000003 1.000000 0.000000 0.000000 1.000000 0.000000 0.000014 1.000000 -0.000005 0.000000 1.000000 -0.000000 -0.000000 1.000000 0.000000 -0.000000 1.000000 0.000000 -0.000009 1.000000 0.000012 0.000000 1.000000 0.000000 -0.000001 1.000000 0.000003 -0.000000 1.000000 0.000000 -0.000000 1.000000 0.000003 0.000000 1.000000 0.000000 0.707095 0.000043 -0.707119 0.707118 0.000000 -0.707096 0.707107 0.000011 -0.707106 0.707101 0.000021 -0.707113 0.707106 -0.000021 -0.707107 0.707104 0.000000 -0.707109 0.707106 0.000000 -0.707107 0.707109 0.000000 -0.707104 0.707112 0.000085 -0.707102 0.707121 0.000000 -0.707093 0.707108 -0.000000 -0.707105 0.707103 0.000043 -0.707111 0.707112 -0.000000 -0.707101 0.707101 0.000043 -0.707112 0.707111 0.000000 -0.707103 0.707105 0.000000 -0.707108 0.707095 0.000043 -0.707118 0.707105 -0.000000 -0.707108 0.707105 -0.000043 -0.707108 0.707104 0.000000 -0.707110 0.707121 0.000000 -0.707093 -0.707112 -0.000000 0.707102 
						-0.707090 -0.000085 0.707123 -0.707105 -0.000002 0.707109 -0.707112 0.000000 0.707102 -0.707110 0.000000 0.707103 -0.707096 0.000000 0.707118 -0.707092 0.000000 0.707122 -0.707092 0.000000 0.707121 -0.707106 0.000000 0.707108 -0.707094 0.000000 0.707120 -0.707091 0.000000 0.707123 -0.707103 0.000000 0.707111 -0.707103 0.000000 0.707110 -0.707110 0.000000 0.707103 -0.707111 0.000000 0.707103 -0.707093 0.000000 0.707120 -0.707099 -0.000021 0.707115 -0.707117 -0.000021 0.707096 -0.707122 0.000000 0.707092 -0.707119 0.000000 0.707095 -0.707124 0.000085 0.707089 -0.000002 1.000000 -0.000006 -0.000009 1.000000 -0.000012 0.000000 1.000000 0.000000 -0.000000 1.000000 -0.000000 0.000005 1.000000 0.000004 0.000000 1.000000 0.000000 0.000020 1.000000 0.000007 0.000000 1.000000 0.000000 0.000003 1.000000 -0.000000 -0.000000 1.000000 0.000000 -0.000006 1.000000 0.000002 0.000000 1.000000 -0.000000 -0.000003 1.000000 0.000002 -0.000000 1.000000 0.000000 0.000004 1.000000 -0.000005 0.000000 1.000000 -0.000000 0.000001 1.000000 -0.000003 -0.000000 1.000000 0.000000 0.000000 1.000000 0.000027 0.000000 1.000000 0.000000 -0.000002 1.000000 -0.000006 -0.000038 1.000000 -0.000118 -0.000006 1.000000 -0.000008 -0.000001 1.000000 -0.000001 0.000013 1.000000 0.000010 0.000101 1.000000 0.000074 0.000012 1.000000 0.000004 0.000000 1.000000 0.000000 -0.000018 1.000000 -0.000000 -0.000000 1.000000 -0.000000 -0.000017 1.000000 0.000006 0.000000 1.000000 -0.000000 0.000010 1.000000 -0.000007 0.000000 1.000000 0.000000 0.000025 1.000000 -0.000018 -0.000000 1.000000 0.000000 -0.000000 1.000000 0.000000 0.000000 1.000000 -0.000000 0.000001 1.000000 -0.000003 0.000000 1.000000 -0.000000 0.000000 1.000000 -0.000006 -0.000000 1.000000 0.000000 -0.707103 0.000043 -0.707111 -0.707100 -0.000000 -0.707113 
						-0.707106 -0.000000 -0.707107 -0.707101 0.000021 -0.707112 -0.707102 -0.000021 -0.707112 -0.707107 -0.000000 -0.707106 -0.707105 -0.000043 -0.707108 -0.707104 0.000000 -0.707110 -0.707108 0.000043 -0.707105 -0.707107 -0.000000 -0.707106 -0.707108 -0.000000 -0.707106 -0.707109 -0.000000 -0.707105 -0.707108 -0.000043 -0.707106 -0.707107 -0.000021 -0.707107 -0.707105 0.000021 -0.707108 -0.707110 -0.000000 -0.707104 -0.707106 -0.000000 -0.707108 -0.707093 -0.000000 -0.707120 -0.707111 -0.000000 -0.707102 -0.707123 -0.000000 -0.707091 -0.707105 -0.000000 -0.707108 0.890974 0.000000 -0.454053 0.890959 0.000000 -0.454084 0.890954 -0.000001 -0.454093 0.890934 0.000000 -0.454132 0.890949 0.000000 -0.454102 0.890969 0.000000 -0.454065 0.890957 -0.000014 -0.454087 0.890955 -0.000014 -0.454092 0.890962 0.000000 -0.454079 0.890958 0.000000 -0.454086 0.890940 0.000000 -0.454121 0.890952 0.000000 -0.454098 0.890957 0.000000 -0.454088 0.890952 0.000000 -0.454098 0.890952 0.000000 -0.454097 0.890948 0.000000 -0.454106 0.890952 0.000000 -0.454098 0.890959 0.000000 -0.454083 0.890950 0.000000 -0.454101 0.890942 0.000000 -0.454116 0.890965 0.000000 -0.454073 0.000004 1.000000 0.000012 -0.000007 1.000000 -0.000010 -0.000000 1.000000 -0.000000 -0.000000 1.000000 -0.000000 -0.000005 1.000000 -0.000004 -0.000000 1.000000 -0.000000 -0.000012 1.000000 -0.000004 -0.000000 1.000000 -0.000000 0.000012 1.000000 0.000000 0.000000 1.000000 0.000000 0.000006 1.000000 -0.000002 -0.000000 1.000000 0.000000 -0.000005 1.000000 0.000004 0.000000 1.000000 -0.000000 0.000002 1.000000 -0.000002 -0.000000 1.000000 0.000000 0.000003 1.000000 -0.000009 0.000000 1.000000 -0.000000 0.000000 1.000000 -0.000003 0.000000 1.000000 0.000000 0.000008 1.000000 0.000023 0.000000 1.000000 0.000000 -0.000004 1.000000 -0.000005 -0.000000 1.000000 -0.000000 
						-0.000002 1.000000 -0.000002 0.000000 1.000000 0.000000 -0.000000 1.000000 -0.000000 -0.000000 1.000000 -0.000000 0.000003 1.000000 0.000000 0.000000 1.000000 0.000000 -0.000000 1.000000 0.000000 -0.000000 1.000000 0.000000 -0.000030 1.000000 0.000022 0.000000 1.000000 0.000000 0.000010 1.000000 -0.000007 0.000009 1.000000 -0.000012 0.000000 1.000000 -0.000000 0.000000 1.000000 -0.000000 0.000006 1.000000 -0.000018 0.000000 1.000000 -0.000000 0.000000 1.000000 0.000012 0.000000 1.000000 0.000000 -0.891008 -0.000000 -0.453987 -0.891004 -0.000000 -0.453995 -0.891008 -0.000000 -0.453987 -0.891008 -0.000000 -0.453989 -0.891011 -0.000000 -0.453981 -0.891010 -0.000000 -0.453983 -0.891006 -0.000000 -0.453992 -0.891004 -0.000000 -0.453995 -0.891014 -0.000000 -0.453976 -0.891016 -0.000000 -0.453971 -0.891013 -0.000000 -0.453978 -0.891017 -0.000000 -0.453971 -0.891008 -0.000000 -0.453987 -0.891002 -0.000000 -0.453998 -0.891007 -0.000000 -0.453990 -0.891011 -0.000000 -0.453981 -0.891003 -0.000000 -0.453996 -0.891004 -0.000000 -0.453995 -0.891000 -0.000000 -0.454003 -0.891007 -0.000000 -0.453989 -0.891015 -0.000000 -0.453974 -0.890995 0.000000 -0.454012 -0.891004 0.000000 -0.453996 -0.891009 0.000003 -0.453986 -0.891008 0.000000 -0.453989 -0.891011 0.000000 -0.453981 -0.891015 0.000000 -0.453974 -0.891012 0.000000 -0.453981 -0.891014 0.000000 -0.453976 -0.891021 0.000000 -0.453963 -0.891005 0.000000 -0.453993 -0.890998 0.000000 -0.454006 -0.891020 0.000000 -0.453964 -0.891013 0.000000 -0.453978 -0.890998 0.000000 -0.454007 -0.891005 0.000000 -0.453994 -0.891015 0.000000 -0.453974 -0.891012 0.000000 -0.453979 -0.890999 0.000000 -0.454006 -0.890990 0.000027 -0.454022 -0.891017 0.000027 -0.453969 -0.891021 0.000000 -0.453963 -0.000006 1.000000 -0.000018 -0.000002 1.000000 -0.000002 0.000000 1.000000 0.000000 -0.000000 1.000000 -0.000000 
						0.000015 1.000000 0.000011 0.000104 1.000000 0.000075 -0.000019 1.000000 -0.000006 0.000123 1.000000 0.000040 -0.000006 1.000000 0.000000 0.000000 1.000000 -0.000000 0.000015 1.000000 -0.000005 0.000000 1.000000 -0.000000 -0.000000 1.000000 0.000000 -0.000000 1.000000 0.000000 0.000004 1.000000 -0.000005 0.000000 1.000000 -0.000000 0.000005 1.000000 -0.000015 0.000000 1.000000 -0.000000 0.000000 1.000000 0.000015 0.000000 1.000000 0.000000 0.000005 1.000000 0.000014 -0.000000 1.000000 -0.000000 -0.000007 1.000000 -0.000010 -0.000000 1.000000 -0.000000 0.000008 1.000000 0.000005 0.000000 1.000000 0.000000 -0.000003 1.000000 -0.000001 -0.000000 1.000000 -0.000000 -0.000009 1.000000 -0.000000 0.000125 1.000000 0.000000 0.000001 1.000000 -0.000000 -0.000002 1.000000 0.000001 -0.000017 1.000000 0.000012 -0.000210 1.000000 0.000152 -0.000005 1.000000 0.000004 -0.000007 1.000000 0.000010 -0.000000 1.000000 0.000000 -0.000000 1.000000 0.000000 -0.000006 1.000000 0.000018 -0.000000 1.000000 0.000000 0.000000 1.000000 0.000015 0.000000 1.000000 0.000000 0.453984 0.000054 0.891010 0.453991 0.000054 0.891006 0.453992 0.000005 0.891006 0.453987 0.000000 0.891008 0.453996 0.000000 0.891004 0.454000 0.000000 0.891002 0.453987 0.000000 0.891008 0.453983 0.000000 0.891010 0.453985 0.000000 0.891009 0.453994 0.000000 0.891005 0.454003 0.000000 0.891000 0.453996 0.000000 0.891004 0.453998 0.000000 0.891003 0.453999 0.000000 0.891002 0.454000 0.000000 0.891002 0.453998 0.000000 0.891003 0.453990 0.000000 0.891007 0.453980 0.000000 0.891012 0.453980 0.000000 0.891012 0.453993 0.000000 0.891005 0.453997 0.000000 0.891003 -0.454043 0.000000 -0.890980 -0.454043 0.000000 -0.890980 -0.454037 -0.000005 -0.890983 -0.454039 0.000000 -0.890982 -0.454032 0.000000 -0.890985 
						-0.454039 0.000000 -0.890982 -0.454052 0.000000 -0.890975 -0.454049 0.000000 -0.890977 -0.454008 0.000000 -0.890997 -0.454026 0.000000 -0.890989 -0.454058 0.000000 -0.890972 -0.454038 0.000000 -0.890982 -0.454028 0.000000 -0.890988 -0.454027 0.000000 -0.890988 -0.454032 0.000000 -0.890985 -0.454031 0.000000 -0.890986 -0.454053 0.000000 -0.890975 -0.454049 0.000000 -0.890977 -0.454006 -0.000054 -0.890999 -0.454026 -0.000054 -0.890989 -0.454053 0.000000 -0.890975 
					</float_array>
					<technique_common>
						<accessor count="2704" offset="0" source="#meshId0-bitangents-array" stride="3">
							<param name="X" type="float" />
							<param name="Y" type="float" />
							<param name="Z" type="float" />
						</accessor>
					</technique_common>
				</source>
				<source id="meshId0-tex0" name="meshId0-tex0">
					<float_array id="meshId0-tex0-array" count="5408"> 
						0.259865 0.003245 0.260507 0.003245 0.260507 0.018051 0.259865 0.018051 0.261016 0.003245 0.261016 0.018051 0.261657 0.003245 0.261657 0.018051 0.262369 0.003245 0.262369 0.018051 0.263080 0.003245 0.263080 0.018051 0.263721 0.003245 0.263721 0.018051 0.264231 0.003245 0.264231 0.018051 0.264872 0.003245 0.264872 0.018051 0.265583 0.003245 0.265583 0.018051 0.266295 0.003245 0.266295 0.018051 0.266936 0.003245 0.266936 0.018051 0.267445 0.003245 0.267445 0.018051 0.268087 0.003245 0.268087 0.018051 0.268798 0.003245 0.268798 0.018051 0.269509 0.003245 0.269509 0.018051 0.270151 0.003245 0.270151 0.018051 0.257292 0.003245 0.257801 0.003245 0.257801 0.018051 0.257292 0.018051 0.258442 0.003245 0.258442 0.018051 0.259154 0.003245 0.259154 0.018051 0.262369 0.001383 0.262526 0.000899 0.263976 0.001638 0.262369 0.001893 0.262526 0.002377 0.262825 0.002789 0.263237 0.003088 0.263721 0.003245 0.264231 0.003245 0.264715 0.003088 0.265127 0.002789 0.265426 0.002377 0.265583 0.001893 0.265583 0.001383 0.265426 0.000899 0.265127 0.000487 0.264715 0.000188 0.264231 0.000031 0.263721 0.000031 0.263237 0.000188 0.262825 0.000487 0.258996 0.018920 
						0.259154 0.019404 0.257546 0.019659 0.259154 0.019913 0.258996 0.020398 0.258697 0.020810 0.258285 0.021109 0.257801 0.021266 0.257292 0.021266 0.256807 0.021109 0.256396 0.020810 0.256096 0.020398 0.255939 0.019913 0.255939 0.019404 0.256096 0.018920 0.256396 0.018508 0.256807 0.018209 0.257292 0.018051 0.257801 0.018051 0.258285 0.018209 0.258697 0.018508 0.623794 0.401732 0.641061 0.401732 0.641061 0.860646 0.623794 0.860646 0.654765 0.401732 0.654765 0.860646 0.672033 0.401732 0.672033 0.860646 0.691175 0.401732 0.691175 0.860646 0.710316 0.401732 0.710316 0.860646 0.727584 0.401732 0.727584 0.860646 0.381494 0.401732 0.395198 0.401732 0.395198 0.860646 0.381494 0.860646 0.412465 0.401732 0.412466 0.860646 0.431607 0.401732 0.431607 0.860646 0.450749 0.401732 0.450749 0.860646 0.468016 0.401732 0.468016 0.860646 0.481720 0.401732 0.481720 0.860646 0.498988 0.401732 0.498988 0.860646 0.518130 0.401732 0.518130 0.860646 0.537271 0.401732 0.537271 0.860646 0.554539 0.401732 0.554539 0.860646 0.568243 0.401732 0.568243 0.860646 0.585511 0.401732 0.585511 0.860646 0.604652 0.401732 0.604652 0.860646 0.664438 0.355853 0.664438 0.338585 
						0.718950 0.347219 0.669774 0.372276 0.679924 0.386246 0.693894 0.396396 0.710316 0.401732 0.727584 0.401732 0.744007 0.396396 0.757977 0.386246 0.768127 0.372276 0.773463 0.355853 0.773463 0.338585 0.768127 0.322163 0.757977 0.308193 0.744007 0.298043 0.727584 0.292707 0.710316 0.292707 0.693894 0.298043 0.679924 0.308193 0.669774 0.322163 0.330583 0.914825 0.344072 0.910434 0.351186 0.955214 0.358257 0.910430 0.371751 0.914806 0.383231 0.923139 0.391575 0.934611 0.395965 0.948101 0.395971 0.962286 0.391594 0.975780 0.383261 0.987260 0.371789 0.995603 0.358299 0.999993 0.344114 1.000000 0.330621 0.995623 0.319140 0.987290 0.310797 0.975817 0.306407 0.962328 0.306400 0.948143 0.310777 0.934649 0.319110 0.923169 0.306382 0.751846 0.326197 0.751846 0.326197 0.910432 0.306382 0.910432 0.286568 0.751846 0.286568 0.910432 0.268693 0.751846 0.268693 0.910432 0.254507 0.751846 0.254507 0.910432 0.236633 0.751846 0.236633 0.910432 0.216818 0.751846 0.216818 0.910432 0.197004 0.751846 0.197004 0.910432 0.179129 0.751846 0.179129 0.910432 0.164943 0.751846 0.164943 0.910432 0.147068 0.751846 0.147068 0.910432 0.127254 0.751846 0.127254 0.910432 
						0.107439 0.751846 0.107439 0.910432 0.089564 0.751845 0.089564 0.910432 0.075379 0.751845 0.075379 0.910432 0.057504 0.751846 0.057504 0.910432 0.037689 0.751845 0.037689 0.910432 0.017875 0.751845 0.017875 0.910432 0.000000 0.751845 0.000000 0.910432 0.344072 0.751846 0.358258 0.751846 0.358257 0.910430 0.344072 0.910434 0.139418 0.525096 0.101499 0.544417 0.099297 0.540095 0.137216 0.520774 0.177338 0.505775 0.175136 0.501453 0.211545 0.488345 0.209343 0.484023 0.238693 0.474512 0.236491 0.470191 0.272901 0.457082 0.270699 0.452761 0.310821 0.437761 0.308619 0.433439 0.348742 0.418439 0.346540 0.414118 0.382950 0.401009 0.380748 0.396687 0.410098 0.387176 0.407896 0.382855 0.444306 0.369746 0.442104 0.365424 0.482227 0.350425 0.480025 0.346103 0.520147 0.331103 0.517945 0.326781 0.554355 0.313673 0.552153 0.309351 0.581503 0.299840 0.579301 0.295519 0.615711 0.282410 0.613509 0.278089 0.653630 0.263089 0.651428 0.258768 0.691550 0.243768 0.689348 0.239446 0.725758 0.226338 0.723556 0.222016 0.067291 0.561847 0.040144 0.575679 0.037942 0.571357 0.065089 0.557525 0.113128 0.606009 0.097384 0.603515 0.097384 0.557081 0.127477 0.561848 
						0.712486 0.142580 0.715628 0.122741 0.774139 0.122741 0.768133 0.160661 0.127330 0.613246 0.113128 0.606009 0.127477 0.561848 0.154624 0.575680 0.715628 0.122741 0.712486 0.102902 0.768133 0.084821 0.774139 0.122741 0.138602 0.624518 0.127330 0.613246 0.154624 0.575680 0.176168 0.597225 0.712486 0.102902 0.703367 0.085006 0.750703 0.050614 0.768133 0.084821 0.145838 0.638721 0.138602 0.624518 0.176168 0.597225 0.190000 0.624372 0.703367 0.085006 0.689164 0.070802 0.723556 0.023466 0.750703 0.050614 0.148332 0.654465 0.145838 0.638721 0.190000 0.624372 0.194766 0.654465 0.689164 0.070802 0.671267 0.061684 0.689348 0.006036 0.723556 0.023466 0.145838 0.670209 0.148332 0.654465 0.194766 0.654465 0.189999 0.684558 0.671267 0.061684 0.651428 0.058541 0.651428 0.000030 0.689348 0.006036 0.138601 0.684411 0.145838 0.670209 0.189999 0.684558 0.176167 0.711705 0.651428 0.058541 0.631589 0.061684 0.613508 0.006036 0.651428 0.000030 0.127329 0.695683 0.138601 0.684411 0.176167 0.711705 0.154622 0.733249 0.631589 0.061684 0.613692 0.070802 0.579300 0.023466 0.613508 0.006036 0.113126 0.702919 0.127329 0.695683 0.154622 0.733249 0.127475 0.747081 
						0.613692 0.070802 0.599489 0.085006 0.552153 0.050614 0.579300 0.023466 0.097382 0.705413 0.113126 0.702919 0.127475 0.747081 0.097382 0.751847 0.599489 0.085006 0.590370 0.102902 0.534723 0.084821 0.552153 0.050614 0.081638 0.702919 0.097382 0.705413 0.097382 0.751847 0.067289 0.747080 0.590370 0.102902 0.587228 0.122741 0.528717 0.122741 0.534723 0.084821 0.067435 0.695682 0.081638 0.702919 0.067289 0.747080 0.040142 0.733248 0.587228 0.122741 0.590370 0.142580 0.534723 0.160661 0.528717 0.122741 0.056164 0.684410 0.067435 0.695682 0.040142 0.733248 0.018598 0.711703 0.590370 0.142580 0.599489 0.160477 0.552153 0.194869 0.534723 0.160661 0.048928 0.670207 0.056164 0.684410 0.018598 0.711703 0.004766 0.684556 0.599489 0.160477 0.613692 0.174680 0.579300 0.222016 0.552153 0.194869 0.046434 0.654463 0.048928 0.670207 0.004766 0.684556 0.000000 0.654463 0.613692 0.174680 0.631589 0.183799 0.613508 0.239446 0.579300 0.222016 0.048928 0.638719 0.046434 0.654463 0.000000 0.654463 0.004767 0.624370 0.631589 0.183799 0.651428 0.186941 0.651428 0.245452 0.613508 0.239446 0.056165 0.624516 0.048928 0.638719 0.004767 0.624370 0.018599 0.597223 
						0.651428 0.186941 0.671267 0.183799 0.689348 0.239446 0.651428 0.245452 0.067437 0.613245 0.056165 0.624516 0.018599 0.597223 0.040144 0.575679 0.671267 0.183799 0.689164 0.174680 0.723556 0.222016 0.689348 0.239446 0.081640 0.606008 0.067437 0.613245 0.040144 0.575679 0.067291 0.561847 0.689164 0.174680 0.703367 0.160477 0.750704 0.194869 0.723556 0.222016 0.097384 0.603515 0.081640 0.606008 0.067291 0.561847 0.097384 0.557081 0.703367 0.160477 0.712486 0.142580 0.768133 0.160661 0.750704 0.194869 0.370933 0.003245 0.371574 0.003245 0.371574 0.018051 0.370933 0.018051 0.372084 0.003245 0.372084 0.018051 0.372725 0.003245 0.372725 0.018051 0.373436 0.003245 0.373436 0.018051 0.374148 0.003245 0.374148 0.018051 0.374789 0.003245 0.374789 0.018051 0.375298 0.003245 0.375298 0.018051 0.375940 0.003245 0.375940 0.018051 0.376651 0.003245 0.376651 0.018051 0.377362 0.003245 0.377362 0.018051 0.378004 0.003245 0.378004 0.018051 0.378513 0.003245 0.378513 0.018051 0.379155 0.003245 0.379155 0.018051 0.379866 0.003245 0.379866 0.018051 0.380577 0.003245 0.380577 0.018051 0.381219 0.003245 0.381219 0.018051 0.368360 0.003245 0.368869 0.003245 
						0.368869 0.018051 0.368360 0.018051 0.369510 0.003245 0.369510 0.018051 0.370222 0.003245 0.370222 0.018051 0.373436 0.001383 0.373594 0.000899 0.375044 0.001638 0.373436 0.001893 0.373594 0.002377 0.373893 0.002789 0.374305 0.003088 0.374789 0.003245 0.375298 0.003245 0.375783 0.003088 0.376195 0.002789 0.376494 0.002377 0.376651 0.001893 0.376651 0.001383 0.376494 0.000899 0.376195 0.000487 0.375783 0.000188 0.375298 0.000031 0.374789 0.000031 0.374305 0.000188 0.373893 0.000487 0.370064 0.018920 0.370222 0.019404 0.368614 0.019659 0.370222 0.019913 0.370064 0.020398 0.369765 0.020810 0.369353 0.021109 0.368869 0.021266 0.368360 0.021266 0.367875 0.021109 0.367463 0.020810 0.367164 0.020398 0.367007 0.019913 0.367007 0.019404 0.367164 0.018920 0.367463 0.018508 0.367875 0.018209 0.368360 0.018051 0.368869 0.018051 0.369353 0.018209 0.369765 0.018508 0.065321 0.003209 0.065956 0.003209 0.065956 0.017845 0.065321 0.017845 0.066459 0.003209 0.066459 0.017845 0.067093 0.003209 0.067093 0.017845 0.067796 0.003209 0.067796 0.017845 0.068499 0.003209 0.068499 0.017845 0.069134 0.003209 0.069134 0.017845 0.069637 0.003209 0.069637 0.017845 
						0.070271 0.003209 0.070271 0.017845 0.070974 0.003209 0.070974 0.017845 0.071677 0.003209 0.071677 0.017845 0.072312 0.003209 0.072312 0.017845 0.072815 0.003209 0.072815 0.017845 0.073449 0.003209 0.073449 0.017845 0.074152 0.003209 0.074152 0.017845 0.074855 0.003209 0.074855 0.017845 0.075490 0.003209 0.075490 0.017845 0.062777 0.003209 0.063281 0.003209 0.063281 0.017845 0.062777 0.017845 0.063915 0.003209 0.063915 0.017845 0.064618 0.003209 0.064618 0.017845 0.067796 0.001368 0.067952 0.000889 0.069385 0.001620 0.067796 0.001871 0.067952 0.002350 0.068248 0.002757 0.068655 0.003053 0.069134 0.003209 0.069637 0.003209 0.070116 0.003053 0.070523 0.002757 0.070819 0.002350 0.070974 0.001871 0.070974 0.001368 0.070819 0.000889 0.070523 0.000482 0.070116 0.000186 0.069637 0.000031 0.069134 0.000031 0.068655 0.000186 0.068248 0.000482 0.077175 0.019531 0.077175 0.020165 0.075173 0.019848 0.076979 0.020768 0.076606 0.021281 0.076093 0.021654 0.075490 0.021850 0.074855 0.021850 0.074252 0.021654 0.073739 0.021281 0.073366 0.020768 0.073170 0.020165 0.073170 0.019531 0.073366 0.018927 0.073739 0.018414 0.074252 0.018041 0.074855 0.017845 
						0.075490 0.017845 0.076093 0.018041 0.076606 0.018414 0.076979 0.018927 0.050806 0.003990 0.051433 0.003990 0.051433 0.018464 0.050806 0.018464 0.051931 0.003990 0.051931 0.018464 0.052558 0.003990 0.052558 0.018464 0.053253 0.003990 0.053253 0.018464 0.053948 0.003990 0.053948 0.018464 0.054575 0.003990 0.054575 0.018464 0.055073 0.003990 0.055073 0.018464 0.055700 0.003990 0.055700 0.018464 0.056396 0.003990 0.056396 0.018464 0.057091 0.003990 0.057091 0.018464 0.057718 0.003990 0.057718 0.018464 0.058216 0.003990 0.058216 0.018464 0.058843 0.003990 0.058843 0.018464 0.059538 0.003990 0.059538 0.018464 0.060233 0.003990 0.060233 0.018464 0.060861 0.003990 0.060861 0.018464 0.048290 0.003990 0.048788 0.003990 0.048788 0.018464 0.048290 0.018464 0.049415 0.003990 0.049415 0.018464 0.050110 0.003990 0.050110 0.018464 0.053601 0.001100 0.053969 0.000593 0.055387 0.002010 0.053407 0.001697 0.053407 0.002324 0.053601 0.002921 0.053969 0.003428 0.054477 0.003797 0.055073 0.003990 0.055700 0.003990 0.056297 0.003797 0.056804 0.003428 0.057173 0.002921 0.057367 0.002324 0.057367 0.001697 0.057173 0.001100 0.056804 0.000593 0.056297 0.000224 
						0.055700 0.000031 0.055073 0.000031 0.054477 0.000224 0.062527 0.020130 0.062527 0.020757 0.060547 0.020443 0.062333 0.021354 0.061964 0.021861 0.061457 0.022230 0.060861 0.022423 0.060233 0.022423 0.059637 0.022230 0.059129 0.021861 0.058761 0.021353 0.058567 0.020757 0.058567 0.020130 0.058761 0.019533 0.059129 0.019026 0.059637 0.018657 0.060233 0.018464 0.060861 0.018464 0.061457 0.018657 0.061964 0.019026 0.062333 0.019533 0.398480 0.004390 0.399102 0.004390 0.399102 0.018765 0.398479 0.018765 0.399597 0.004390 0.399596 0.018765 0.400220 0.004390 0.400219 0.018765 0.400910 0.004390 0.400910 0.018765 0.401601 0.004390 0.401600 0.018765 0.402224 0.004390 0.402223 0.018765 0.402718 0.004390 0.402718 0.018765 0.403341 0.004390 0.403340 0.018765 0.404031 0.004390 0.404031 0.018765 0.404722 0.004390 0.404721 0.018765 0.405345 0.004390 0.405344 0.018765 0.405839 0.004390 0.405839 0.018765 0.406462 0.004390 0.406462 0.018765 0.407153 0.004390 0.407152 0.018765 0.407843 0.004390 0.407843 0.018765 0.408466 0.004390 0.408466 0.018765 0.395981 0.004390 0.396476 0.004390 0.396475 0.018765 0.395981 0.018765 0.397099 0.004390 0.397098 0.018765 
						0.397789 0.004390 0.397789 0.018765 0.408368 0.000650 0.408774 0.001208 0.406807 0.002210 0.407809 0.000244 0.407153 0.000031 0.406462 0.000031 0.405805 0.000244 0.405247 0.000650 0.404841 0.001208 0.404628 0.001865 0.404628 0.002556 0.404841 0.003212 0.405247 0.003771 0.405805 0.004177 0.406462 0.004390 0.407153 0.004390 0.407809 0.004177 0.408368 0.003771 0.408774 0.003212 0.408987 0.002556 0.408987 0.001865 0.398479 0.018765 0.399102 0.018765 0.398791 0.020731 0.399695 0.018957 0.400198 0.019323 0.400565 0.019827 0.400757 0.020420 0.400757 0.021043 0.400565 0.021635 0.400198 0.022139 0.399695 0.022505 0.399102 0.022698 0.398479 0.022698 0.397887 0.022505 0.397383 0.022139 0.397017 0.021635 0.396824 0.021043 0.396824 0.020420 0.397017 0.019827 0.397383 0.019323 0.397887 0.018957 0.139094 0.004035 0.139728 0.004035 0.139728 0.018672 0.139094 0.018672 0.140232 0.004035 0.140232 0.018672 0.140866 0.004035 0.140866 0.018672 0.141569 0.004035 0.141569 0.018672 0.142272 0.004035 0.142272 0.018672 0.142907 0.004035 0.142906 0.018672 0.143410 0.004035 0.143410 0.018672 0.144044 0.004035 0.144044 0.018672 0.144747 0.004035 0.144747 0.018672 
						0.145450 0.004035 0.145450 0.018672 0.146085 0.004035 0.146085 0.018672 0.146588 0.004035 0.146588 0.018672 0.147222 0.004035 0.147222 0.018672 0.147925 0.004035 0.147925 0.018672 0.148628 0.004035 0.148628 0.018672 0.149263 0.004035 0.149263 0.018672 0.136550 0.004035 0.137054 0.004035 0.137054 0.018672 0.136550 0.018672 0.137688 0.004035 0.137688 0.018672 0.138391 0.004035 0.138391 0.018672 0.141921 0.001112 0.142294 0.000599 0.143727 0.002033 0.141725 0.001716 0.141725 0.002350 0.141921 0.002953 0.142293 0.003466 0.142807 0.003839 0.143410 0.004035 0.144044 0.004035 0.144647 0.003839 0.145160 0.003466 0.145533 0.002953 0.145729 0.002350 0.145729 0.001716 0.145533 0.001112 0.145160 0.000599 0.144647 0.000227 0.144044 0.000031 0.143410 0.000031 0.142807 0.000227 0.138236 0.019531 0.138391 0.020009 0.136802 0.020261 0.138391 0.020513 0.138236 0.020991 0.137940 0.021399 0.137532 0.021694 0.137054 0.021850 0.136550 0.021850 0.136072 0.021694 0.135664 0.021399 0.135369 0.020991 0.135213 0.020513 0.135213 0.020009 0.135369 0.019531 0.135664 0.019123 0.136072 0.018827 0.136550 0.018672 0.137054 0.018672 0.137532 0.018827 0.137940 0.019123 
						0.245378 0.003245 0.246019 0.003245 0.246019 0.018051 0.245378 0.018051 0.246529 0.003245 0.246529 0.018051 0.247170 0.003245 0.247170 0.018051 0.247881 0.003245 0.247881 0.018051 0.248593 0.003245 0.248593 0.018051 0.249234 0.003245 0.249234 0.018051 0.249743 0.003245 0.249743 0.018051 0.250385 0.003245 0.250385 0.018051 0.251096 0.003245 0.251096 0.018051 0.251807 0.003245 0.251807 0.018051 0.252449 0.003245 0.252449 0.018051 0.252958 0.003245 0.252958 0.018051 0.253600 0.003245 0.253600 0.018051 0.254311 0.003245 0.254311 0.018051 0.255022 0.003245 0.255022 0.018051 0.255664 0.003245 0.255664 0.018051 0.242805 0.003245 0.243314 0.003245 0.243314 0.018051 0.242805 0.018051 0.243955 0.003245 0.243955 0.018051 0.244667 0.003245 0.244667 0.018051 0.247881 0.001383 0.248039 0.000899 0.249489 0.001638 0.247881 0.001893 0.248039 0.002377 0.248338 0.002789 0.248750 0.003088 0.249234 0.003245 0.249743 0.003245 0.250228 0.003088 0.250640 0.002789 0.250939 0.002377 0.251096 0.001893 0.251096 0.001383 0.250939 0.000899 0.250640 0.000487 0.250228 0.000188 0.249743 0.000031 0.249234 0.000031 0.248750 0.000188 0.248338 0.000487 0.244509 0.018920 
						0.244667 0.019404 0.243059 0.019659 0.244667 0.019913 0.244509 0.020398 0.244210 0.020810 0.243798 0.021109 0.243314 0.021266 0.242805 0.021266 0.242320 0.021109 0.241908 0.020810 0.241609 0.020398 0.241452 0.019913 0.241452 0.019404 0.241609 0.018920 0.241908 0.018508 0.242320 0.018209 0.242805 0.018051 0.243314 0.018051 0.243798 0.018209 0.244210 0.018508 0.080949 0.003990 0.081576 0.003990 0.081576 0.018464 0.080949 0.018464 0.082073 0.003990 0.082073 0.018464 0.082701 0.003990 0.082701 0.018464 0.083396 0.003990 0.083396 0.018464 0.084091 0.003990 0.084091 0.018464 0.084718 0.003990 0.084718 0.018464 0.085216 0.003990 0.085216 0.018464 0.085843 0.003990 0.085843 0.018464 0.086538 0.003990 0.086538 0.018464 0.087234 0.003990 0.087234 0.018464 0.087861 0.003990 0.087861 0.018464 0.088359 0.003990 0.088359 0.018464 0.088986 0.003990 0.088986 0.018464 0.089681 0.003990 0.089681 0.018464 0.090376 0.003990 0.090376 0.018464 0.091003 0.003990 0.091003 0.018464 0.078433 0.003990 0.078931 0.003990 0.078931 0.018464 0.078433 0.018464 0.079558 0.003990 0.079558 0.018464 0.080253 0.003990 0.080253 0.018464 0.083743 0.001100 0.084112 0.000593 
						0.085530 0.002010 0.083550 0.001697 0.083550 0.002324 0.083743 0.002921 0.084112 0.003428 0.084619 0.003797 0.085216 0.003990 0.085843 0.003990 0.086440 0.003797 0.086947 0.003428 0.087316 0.002921 0.087509 0.002324 0.087509 0.001697 0.087316 0.001100 0.086947 0.000593 0.086440 0.000224 0.085843 0.000031 0.085216 0.000031 0.084619 0.000224 0.080662 0.019026 0.081031 0.019533 0.079244 0.020443 0.081224 0.020130 0.081224 0.020757 0.081031 0.021353 0.080662 0.021861 0.080155 0.022230 0.079558 0.022423 0.078931 0.022423 0.078334 0.022230 0.077827 0.021861 0.077458 0.021354 0.077265 0.020757 0.077265 0.020130 0.077458 0.019533 0.077827 0.019026 0.078334 0.018657 0.078931 0.018464 0.079558 0.018464 0.080155 0.018657 0.312984 0.003245 0.313626 0.003245 0.313626 0.018051 0.312984 0.018051 0.314135 0.003245 0.314135 0.018051 0.314777 0.003245 0.314777 0.018051 0.315488 0.003245 0.315488 0.018051 0.316199 0.003245 0.316199 0.018051 0.316841 0.003245 0.316841 0.018051 0.317350 0.003245 0.317350 0.018051 0.317992 0.003245 0.317992 0.018051 0.318703 0.003245 0.318703 0.018051 0.319414 0.003245 0.319414 0.018051 0.320056 0.003245 0.320056 0.018051 
						0.320565 0.003245 0.320565 0.018051 0.321206 0.003245 0.321206 0.018051 0.321918 0.003245 0.321918 0.018051 0.322629 0.003245 0.322629 0.018051 0.323270 0.003245 0.323270 0.018051 0.310411 0.003245 0.310920 0.003245 0.310920 0.018051 0.310411 0.018051 0.311562 0.003245 0.311562 0.018051 0.312273 0.003245 0.312273 0.018051 0.315488 0.001383 0.315645 0.000899 0.317095 0.001638 0.315488 0.001893 0.315645 0.002377 0.315945 0.002789 0.316357 0.003088 0.316841 0.003245 0.317350 0.003245 0.317834 0.003088 0.318246 0.002789 0.318545 0.002377 0.318703 0.001893 0.318703 0.001383 0.318545 0.000899 0.318246 0.000487 0.317834 0.000188 0.317350 0.000031 0.316841 0.000031 0.316357 0.000188 0.315945 0.000487 0.312116 0.018920 0.312273 0.019404 0.310666 0.019659 0.312273 0.019913 0.312116 0.020398 0.311816 0.020810 0.311405 0.021109 0.310920 0.021266 0.310411 0.021266 0.309927 0.021109 0.309515 0.020810 0.309216 0.020398 0.309058 0.019913 0.309058 0.019404 0.309216 0.018920 0.309515 0.018508 0.309927 0.018209 0.310411 0.018051 0.310920 0.018051 0.311405 0.018209 0.311816 0.018508 0.095436 0.003990 0.096063 0.003990 0.096063 0.018464 0.095436 0.018464 
						0.096561 0.003990 0.096561 0.018464 0.097188 0.003990 0.097188 0.018464 0.097883 0.003990 0.097883 0.018464 0.098578 0.003990 0.098578 0.018464 0.099205 0.003990 0.099205 0.018464 0.099703 0.003990 0.099703 0.018464 0.100330 0.003990 0.100330 0.018464 0.101025 0.003990 0.101025 0.018464 0.101721 0.003990 0.101721 0.018464 0.102348 0.003990 0.102348 0.018464 0.102846 0.003990 0.102846 0.018464 0.103473 0.003990 0.103473 0.018464 0.104168 0.003990 0.104168 0.018464 0.104863 0.003990 0.104863 0.018464 0.105490 0.003990 0.105490 0.018464 0.092920 0.003990 0.093418 0.003990 0.093418 0.018464 0.092920 0.018464 0.094045 0.003990 0.094045 0.018464 0.094740 0.003990 0.094740 0.018464 0.098231 0.001100 0.098599 0.000593 0.100017 0.002010 0.098037 0.001697 0.098037 0.002324 0.098231 0.002921 0.098599 0.003428 0.099107 0.003797 0.099703 0.003990 0.100330 0.003990 0.100927 0.003797 0.101434 0.003428 0.101803 0.002921 0.101997 0.002324 0.101997 0.001697 0.101803 0.001100 0.101434 0.000593 0.100927 0.000224 0.100330 0.000031 0.099703 0.000031 0.099107 0.000224 0.095149 0.019026 0.095518 0.019533 0.093732 0.020443 0.095712 0.020130 0.095712 0.020757 
						0.095518 0.021353 0.095149 0.021861 0.094642 0.022230 0.094045 0.022423 0.093418 0.022423 0.092822 0.022230 0.092314 0.021861 0.091945 0.021354 0.091752 0.020757 0.091752 0.020130 0.091945 0.019533 0.092314 0.019026 0.092822 0.018657 0.093418 0.018464 0.094045 0.018464 0.094642 0.018657 0.153581 0.004035 0.154216 0.004035 0.154216 0.018672 0.153581 0.018672 0.154719 0.004035 0.154719 0.018672 0.155353 0.004035 0.155353 0.018672 0.156056 0.004035 0.156056 0.018672 0.156759 0.004035 0.156759 0.018672 0.157394 0.004035 0.157394 0.018672 0.157897 0.004035 0.157897 0.018672 0.158531 0.004035 0.158531 0.018672 0.159234 0.004035 0.159234 0.018672 0.159937 0.004035 0.159937 0.018672 0.160572 0.004035 0.160572 0.018672 0.161075 0.004035 0.161075 0.018672 0.161709 0.004035 0.161709 0.018672 0.162412 0.004035 0.162412 0.018672 0.163115 0.004035 0.163115 0.018672 0.163750 0.004035 0.163750 0.018672 0.151037 0.004035 0.151541 0.004035 0.151541 0.018672 0.151037 0.018672 0.152175 0.004035 0.152175 0.018672 0.152878 0.004035 0.152878 0.018672 0.156408 0.001112 0.156781 0.000599 0.158214 0.002033 0.156212 0.001716 0.156212 0.002350 0.156408 0.002953 
						0.156781 0.003466 0.157294 0.003839 0.157897 0.004035 0.158531 0.004035 0.159134 0.003839 0.159648 0.003466 0.160020 0.002953 0.160216 0.002350 0.160216 0.001716 0.160020 0.001112 0.159648 0.000599 0.159134 0.000227 0.158531 0.000031 0.157897 0.000031 0.157294 0.000227 0.152723 0.019531 0.152878 0.020009 0.151289 0.020261 0.152878 0.020513 0.152723 0.020991 0.152427 0.021399 0.152020 0.021694 0.151541 0.021850 0.151037 0.021850 0.150559 0.021694 0.150152 0.021399 0.149856 0.020991 0.149700 0.020513 0.149700 0.020009 0.149856 0.019531 0.150152 0.019123 0.150559 0.018827 0.151037 0.018672 0.151541 0.018672 0.152020 0.018827 0.152427 0.019123 0.455039 0.219744 0.455039 0.175980 0.455462 0.176000 0.455462 0.219784 0.455039 0.254476 0.455462 0.254530 0.459517 0.041331 0.459517 0.000164 0.459915 0.000127 0.459915 0.041312 0.459517 0.086966 0.459915 0.086966 0.459517 0.132600 0.459915 0.132620 0.459517 0.173768 0.459915 0.173805 0.450210 0.035189 0.450210 0.000457 0.450633 0.000403 0.450633 0.035150 0.450210 0.078953 0.450633 0.078933 0.450210 0.127467 0.450633 0.127467 0.450210 0.175980 0.450633 0.176001 0.450210 0.219744 0.450633 0.219784 
						0.450210 0.254476 0.450633 0.254530 0.464346 0.132600 0.464346 0.173767 0.463947 0.173805 0.463947 0.132620 0.464346 0.086966 0.463947 0.086966 0.464346 0.041331 0.463947 0.041312 0.464346 0.000164 0.463947 0.000127 0.455039 0.035189 0.455039 0.000457 0.455462 0.000403 0.455462 0.035149 0.455039 0.078953 0.455462 0.078933 0.455039 0.127466 0.455462 0.127466 0.455845 0.176061 0.455845 0.219898 0.455845 0.254688 0.460275 0.000019 0.460275 0.041255 0.460275 0.086966 0.460275 0.132676 0.460275 0.173912 0.451016 0.000245 0.451016 0.035035 0.451016 0.078873 0.451016 0.127467 0.451016 0.176061 0.451016 0.219898 0.451016 0.254688 0.463587 0.173912 0.463587 0.132676 0.463587 0.086966 0.463587 0.041255 0.463587 0.000019 0.455845 0.000245 0.455845 0.035035 0.455845 0.078872 0.455845 0.127466 0.456148 0.176154 0.456148 0.220076 0.456148 0.254933 0.268362 0.263516 0.299106 0.247851 0.299231 0.248023 0.268427 0.263718 0.234282 0.268914 0.234282 0.269126 0.200201 0.263516 0.200136 0.263718 0.169457 0.247851 0.169332 0.248023 0.451319 0.000000 0.451319 0.034857 0.451319 0.078779 0.451319 0.127467 0.451319 0.176155 0.451319 0.220077 0.451319 0.254933 
						0.200201 0.053741 0.169457 0.069406 0.169332 0.069234 0.200136 0.053538 0.234282 0.048343 0.234282 0.048130 0.268362 0.053741 0.268427 0.053538 0.299106 0.069406 0.299231 0.069234 0.456148 -0.000000 0.456148 0.034857 0.456148 0.078779 0.456148 0.127466 0.323676 0.223577 0.339371 0.192774 0.339626 0.192857 0.323893 0.223735 0.299388 0.248240 0.268510 0.263973 0.234282 0.269394 0.200053 0.263973 0.169175 0.248240 0.144887 0.223577 0.144670 0.223735 0.129192 0.192774 0.128937 0.192857 0.123783 0.158628 0.123515 0.158628 0.129192 0.124483 0.128937 0.124400 0.144887 0.093679 0.144670 0.093522 0.169175 0.069017 0.200053 0.053283 0.234282 0.047862 0.268510 0.053283 0.299388 0.069017 0.323676 0.093679 0.323893 0.093522 0.339371 0.124483 0.339626 0.124400 0.344780 0.158628 0.345048 0.158628 0.339909 0.192949 0.324134 0.223910 0.299563 0.248480 0.268602 0.264256 0.234282 0.269692 0.199961 0.264256 0.169000 0.248480 0.144429 0.223910 0.128654 0.192949 0.123218 0.158628 0.128654 0.124308 0.144429 0.093347 0.169000 0.068776 0.199961 0.053001 0.234282 0.047565 0.268602 0.053001 0.299563 0.068776 0.324134 0.093347 0.339909 0.124308 0.345345 0.158628 
						0.340192 0.193041 0.324374 0.224084 0.299738 0.248721 0.268694 0.264538 0.234282 0.269989 0.199869 0.264538 0.168825 0.248721 0.144189 0.224084 0.128371 0.193041 0.122921 0.158628 0.128371 0.124216 0.144189 0.093172 0.168825 0.068536 0.199869 0.052718 0.234282 0.047268 0.268694 0.052718 0.299738 0.068536 0.324374 0.093172 0.340192 0.124216 0.345642 0.158628 0.340447 0.193123 0.324591 0.224242 0.299895 0.248938 0.268777 0.264793 0.234282 0.270257 0.199786 0.264793 0.168668 0.248938 0.143972 0.224242 0.128116 0.193123 0.122653 0.158628 0.128116 0.124133 0.143972 0.093015 0.168668 0.068319 0.199786 0.052463 0.234282 0.047000 0.268777 0.052463 0.299895 0.068319 0.324591 0.093015 0.340447 0.124133 0.345910 0.158628 0.392474 0.190145 0.369079 0.152445 0.369387 0.152364 0.392825 0.190136 0.411039 0.220063 0.411426 0.220112 0.300020 0.249110 0.268842 0.264996 0.234282 0.270470 0.199721 0.264996 0.168543 0.249110 0.145469 0.233257 0.168351 0.248707 0.168377 0.249012 0.145452 0.233532 0.116636 0.213789 0.116564 0.214028 0.084675 0.192209 0.084542 0.192406 0.052714 0.170629 0.052520 0.170785 0.023881 0.151161 0.023632 0.151280 0.001000 0.135712 
						0.000707 0.135801 0.168543 0.068147 0.199721 0.052261 0.234282 0.046787 0.268842 0.052261 0.300020 0.068147 0.293821 0.031163 0.275255 0.001244 0.275383 0.000876 0.293984 0.030852 0.317215 0.068863 0.317423 0.068624 0.343147 0.110654 0.343405 0.110494 0.369743 0.152214 0.393210 0.190032 0.411834 0.220044 0.268843 0.300215 0.300020 0.316101 0.299964 0.316410 0.268748 0.300505 0.234282 0.282606 0.234145 0.282874 0.199542 0.265242 0.168319 0.249333 0.145358 0.233831 0.116436 0.214302 0.084374 0.192655 0.052313 0.171007 0.023390 0.151478 0.000437 0.135980 0.199721 0.017041 0.168543 0.001156 0.168599 0.000847 0.199815 0.016752 0.234281 0.034651 0.234418 0.034383 0.269021 0.052014 0.300217 0.067902 0.275651 0.000563 0.294249 0.030553 0.317716 0.068371 0.343730 0.110292 0.370114 0.152008 0.393591 0.189842 0.412223 0.219867 0.299840 0.316722 0.268611 0.300810 0.233994 0.283171 0.199376 0.265532 0.168154 0.249624 0.145198 0.234124 0.116263 0.214587 0.084188 0.192930 0.052114 0.171273 0.023179 0.151736 0.000216 0.136232 0.168723 0.000535 0.199952 0.016447 0.234569 0.034086 0.269187 0.051724 0.300436 0.067654 0.275931 0.000248 0.294588 0.030296 
						0.318065 0.068130 0.344090 0.110069 0.370463 0.151767 0.393930 0.189585 0.412554 0.219598 0.299661 0.317005 0.268445 0.301099 0.233842 0.283468 0.199239 0.265837 0.168023 0.249931 0.167940 0.249880 0.144987 0.234382 0.116064 0.214853 0.084003 0.193205 0.051941 0.171558 0.023019 0.152029 0.000065 0.136531 0.168902 0.000252 0.200118 0.016158 0.234721 0.033789 0.269324 0.051420 0.300540 0.067325 0.276345 0.000094 0.294969 0.030106 0.318436 0.067924 0.344450 0.109846 0.370756 0.151514 0.394195 0.189286 0.412796 0.219262 0.299444 0.317232 0.268267 0.301346 0.233706 0.283736 0.199145 0.266126 0.167967 0.250240 0.167670 0.250059 0.144744 0.234580 0.115857 0.215075 0.083835 0.193454 0.051813 0.171832 0.022925 0.152328 0.000000 0.136849 0.169119 0.000025 0.200297 0.015911 0.234857 0.033521 0.269418 0.051130 0.300596 0.067016 0.276753 0.000026 0.295354 0.030002 0.318792 0.067774 0.344774 0.109644 0.370965 0.151275 0.394359 0.188975 0.412924 0.218894 0.239773 0.322047 0.245247 0.356608 0.245034 0.356608 0.239571 0.322113 0.223887 0.290869 0.223715 0.290994 0.199020 0.266299 0.167901 0.250443 0.167377 0.250148 0.144495 0.234699 0.115663 0.215231 
						0.083702 0.193651 0.051741 0.172071 0.022908 0.152603 0.000026 0.137153 0.027038 0.391168 0.021564 0.356608 0.021777 0.356608 0.027240 0.391103 0.042924 0.422346 0.043096 0.422221 0.067667 0.447089 0.067792 0.446917 0.098844 0.462975 0.098910 0.462773 0.277140 0.000075 0.295706 0.029994 0.319100 0.067693 0.345032 0.109484 0.239571 0.391103 0.223715 0.422222 0.223498 0.422064 0.239316 0.391020 0.244766 0.356608 0.239316 0.322196 0.223498 0.291152 0.198862 0.266515 0.167818 0.250698 0.133406 0.244979 0.133406 0.245247 0.098911 0.250443 0.098994 0.250698 0.067792 0.266298 0.067950 0.266515 0.043096 0.290994 0.043313 0.291151 0.027241 0.322112 0.027496 0.322195 0.022045 0.356608 0.027495 0.391020 0.043313 0.422064 0.067949 0.446700 0.098993 0.462518 0.133405 0.468236 0.133405 0.467968 0.167900 0.462773 0.167818 0.462518 0.199019 0.446917 0.198861 0.446701 0.223258 0.421890 0.239033 0.390929 0.244469 0.356608 0.239033 0.322288 0.223258 0.291327 0.198687 0.266756 0.167726 0.250980 0.133406 0.245544 0.099085 0.250980 0.068124 0.266755 0.043554 0.291326 0.027778 0.322287 0.022342 0.356608 0.027778 0.390928 0.043553 0.421889 0.068124 0.446460 
						0.099085 0.462235 0.133405 0.467671 0.167726 0.462235 0.198687 0.446460 0.223017 0.421715 0.238750 0.390837 0.244172 0.356608 0.238751 0.322379 0.223018 0.291501 0.198513 0.266996 0.167635 0.251263 0.133406 0.245842 0.099177 0.251263 0.068299 0.266996 0.043794 0.291501 0.028061 0.322379 0.022639 0.356608 0.028061 0.390836 0.043794 0.421714 0.068299 0.446219 0.099177 0.461953 0.133405 0.467374 0.167634 0.461953 0.198512 0.446220 0.222800 0.421557 0.238495 0.390754 0.243904 0.356608 0.238496 0.322462 0.222801 0.291659 0.198355 0.267213 0.167552 0.251518 0.133406 0.246110 0.099260 0.251518 0.068457 0.267213 0.044011 0.291658 0.028316 0.322462 0.022908 0.356608 0.028316 0.390753 0.044011 0.421557 0.068456 0.446003 0.099260 0.461698 0.133405 0.467106 0.167551 0.461698 0.198355 0.446003 0.453929 0.220076 0.453929 0.176154 0.454233 0.176061 0.454233 0.219898 0.453929 0.254933 0.454233 0.254688 0.243691 0.356608 0.238293 0.322528 0.222629 0.291784 0.198230 0.267385 0.167486 0.251720 0.449100 0.034857 0.449100 0.000000 0.449404 0.000245 0.449404 0.035035 0.449100 0.078779 0.449404 0.078873 0.449100 0.127467 0.449404 0.127467 0.449100 0.176155 
						0.449404 0.176061 0.449100 0.220077 0.449404 0.219898 0.449100 0.254933 0.449404 0.254688 0.023120 0.356608 0.028518 0.390688 0.044183 0.421432 0.068581 0.445830 0.099325 0.461495 0.453929 0.034857 0.453929 -0.000000 0.454233 0.000245 0.454233 0.035035 0.453929 0.078779 0.454233 0.078872 0.453929 0.127466 0.454233 0.127466 0.454615 0.176000 0.454615 0.219784 0.454615 0.254530 0.458758 0.041255 0.458758 0.000019 0.459118 0.000127 0.459118 0.041312 0.458758 0.086966 0.459118 0.086966 0.458758 0.132676 0.459118 0.132620 0.458758 0.173912 0.459118 0.173805 0.449786 0.000403 0.449786 0.035150 0.449786 0.078933 0.449786 0.127467 0.449786 0.176001 0.449786 0.219784 0.449786 0.254530 0.465104 0.132676 0.465104 0.173912 0.464744 0.173805 0.464744 0.132620 0.465104 0.086966 0.464744 0.086966 0.465104 0.041255 0.464744 0.041312 0.465104 0.000019 0.464744 0.000127 0.454615 0.000403 0.454615 0.035149 0.454615 0.078933 0.454615 0.127466 0.109923 0.003990 0.110550 0.003990 0.110550 0.018464 0.109923 0.018464 0.111048 0.003990 0.111048 0.018464 0.111675 0.003990 0.111675 0.018464 0.112370 0.003990 0.112370 0.018464 0.113065 0.003990 0.113065 0.018464 
						0.113692 0.003990 0.113692 0.018464 0.114190 0.003990 0.114190 0.018464 0.114817 0.003990 0.114817 0.018464 0.115513 0.003990 0.115513 0.018464 0.116208 0.003990 0.116208 0.018464 0.116835 0.003990 0.116835 0.018464 0.117333 0.003990 0.117333 0.018464 0.117960 0.003990 0.117960 0.018464 0.118655 0.003990 0.118655 0.018464 0.119350 0.003990 0.119350 0.018464 0.119978 0.003990 0.119978 0.018464 0.107407 0.003990 0.107905 0.003990 0.107905 0.018464 0.107407 0.018464 0.108532 0.003990 0.108532 0.018464 0.109228 0.003990 0.109228 0.018464 0.112718 0.001100 0.113086 0.000593 0.114504 0.002010 0.112524 0.001697 0.112524 0.002324 0.112718 0.002921 0.113086 0.003428 0.113594 0.003797 0.114190 0.003990 0.114817 0.003990 0.115414 0.003797 0.115921 0.003428 0.116290 0.002921 0.116484 0.002324 0.116484 0.001697 0.116290 0.001100 0.115921 0.000593 0.115414 0.000224 0.114817 0.000031 0.114190 0.000031 0.113594 0.000224 0.109636 0.019026 0.110005 0.019533 0.108219 0.020443 0.110199 0.020130 0.110199 0.020757 0.110005 0.021353 0.109636 0.021861 0.109129 0.022230 0.108532 0.022423 0.107905 0.022423 0.107309 0.022230 0.106801 0.021861 0.106433 0.021354 
						0.106239 0.020757 0.106239 0.020130 0.106433 0.019533 0.106801 0.019026 0.107309 0.018657 0.107905 0.018464 0.108532 0.018464 0.109129 0.018657 0.237320 0.003245 0.237962 0.003245 0.237962 0.018051 0.237320 0.018051 0.238471 0.003245 0.238471 0.018051 0.239113 0.003245 0.239113 0.018051 0.239824 0.003245 0.239824 0.018051 0.240535 0.003245 0.240535 0.018051 0.241177 0.003245 0.241177 0.018051 0.228318 0.003245 0.228827 0.003245 0.228827 0.018051 0.228318 0.018051 0.229468 0.003245 0.229468 0.018051 0.230180 0.003245 0.230180 0.018051 0.230891 0.003245 0.230891 0.018051 0.231532 0.003245 0.231532 0.018051 0.232042 0.003245 0.232042 0.018051 0.232683 0.003245 0.232683 0.018051 0.233394 0.003245 0.233394 0.018051 0.234106 0.003245 0.234106 0.018051 0.234747 0.003245 0.234747 0.018051 0.235256 0.003245 0.235256 0.018051 0.235898 0.003245 0.235898 0.018051 0.236609 0.003245 0.236609 0.018051 0.226965 0.001383 0.227122 0.000899 0.228572 0.001638 0.226965 0.001893 0.227122 0.002377 0.227421 0.002789 0.227833 0.003088 0.228318 0.003245 0.228827 0.003245 0.229311 0.003088 0.229723 0.002789 0.230022 0.002377 0.230180 0.001893 0.230180 0.001383 
						0.230022 0.000899 0.229723 0.000487 0.229311 0.000188 0.228827 0.000031 0.228318 0.000031 0.227833 0.000188 0.227421 0.000487 0.227122 0.020398 0.226965 0.019913 0.228572 0.019659 0.226965 0.019404 0.227122 0.018920 0.227421 0.018508 0.227833 0.018209 0.228318 0.018051 0.228827 0.018051 0.229311 0.018209 0.229723 0.018508 0.230022 0.018920 0.230180 0.019404 0.230180 0.019913 0.230022 0.020398 0.229723 0.020810 0.229311 0.021109 0.228827 0.021266 0.228317 0.021266 0.227833 0.021109 0.227421 0.020810 0.103491 0.031286 0.108441 0.031286 0.108441 0.062159 0.103491 0.062159 0.112370 0.031286 0.112370 0.062159 0.013152 0.031286 0.018103 0.031286 0.018103 0.062159 0.013152 0.062159 0.023590 0.031286 0.023590 0.062159 0.029078 0.031286 0.029078 0.062159 0.034028 0.031286 0.034028 0.062159 0.037957 0.031286 0.037957 0.062159 0.042907 0.031286 0.042907 0.062159 0.048395 0.031286 0.048395 0.062159 0.053882 0.031286 0.053882 0.062159 0.058832 0.031286 0.058832 0.062159 0.062761 0.031286 0.062761 0.062159 0.067711 0.031286 0.067711 0.062159 0.073199 0.031286 0.073199 0.062159 0.078686 0.031286 0.078686 0.062159 0.083637 0.031286 0.083637 0.062159 
						0.087565 0.031286 0.087565 0.062159 0.092516 0.031286 0.092516 0.062159 0.098003 0.031286 0.098003 0.062159 0.008444 0.029756 0.004440 0.026846 0.015628 0.015658 0.013152 0.031286 0.018103 0.031286 0.022811 0.029756 0.026816 0.026846 0.029726 0.022841 0.031255 0.018133 0.031255 0.013183 0.029726 0.008475 0.026816 0.004470 0.022811 0.001560 0.018103 0.000031 0.013153 0.000031 0.008444 0.001560 0.004440 0.004470 0.001530 0.008475 0.000000 0.013183 0.000000 0.018133 0.001530 0.022841 0.004439 0.066599 0.008444 0.063689 0.015628 0.077787 0.013152 0.062159 0.018103 0.062159 0.022811 0.063689 0.026816 0.066599 0.029725 0.070604 0.031255 0.075312 0.031255 0.080262 0.029726 0.084970 0.026816 0.088975 0.022811 0.091885 0.018103 0.093414 0.013153 0.093414 0.008444 0.091885 0.004440 0.088975 0.001530 0.084970 0.000000 0.080262 0.000000 0.075312 0.001530 0.070604 0.436694 0.031286 0.441645 0.031286 0.441645 0.062159 0.436694 0.062159 0.445573 0.031286 0.445573 0.062159 0.346356 0.031286 0.351306 0.031286 0.351306 0.062159 0.346356 0.062159 0.356794 0.031286 0.356794 0.062159 0.362281 0.031286 0.362281 0.062159 0.367232 0.031286 0.367232 0.062159 
						0.371160 0.031286 0.371160 0.062159 0.376111 0.031286 0.376111 0.062159 0.381598 0.031286 0.381598 0.062159 0.387086 0.031286 0.387086 0.062159 0.392036 0.031286 0.392036 0.062159 0.395965 0.031286 0.395965 0.062159 0.400915 0.031286 0.400915 0.062159 0.406402 0.031286 0.406402 0.062159 0.411890 0.031286 0.411890 0.062159 0.416840 0.031286 0.416840 0.062159 0.420769 0.031286 0.420769 0.062159 0.425719 0.031286 0.425719 0.062159 0.431207 0.031286 0.431207 0.062159 0.341648 0.029756 0.337643 0.026846 0.348831 0.015658 0.346356 0.031286 0.351306 0.031286 0.356014 0.029756 0.360019 0.026846 0.362929 0.022841 0.364459 0.018133 0.364459 0.013183 0.362929 0.008475 0.360019 0.004470 0.356014 0.001560 0.351306 0.000031 0.346356 0.000031 0.341648 0.001560 0.337643 0.004470 0.334733 0.008475 0.333203 0.013183 0.333203 0.018133 0.334733 0.022841 0.337643 0.066599 0.341648 0.063689 0.348831 0.077787 0.346356 0.062159 0.351306 0.062159 0.356014 0.063689 0.360019 0.066599 0.362929 0.070604 0.364459 0.075312 0.364459 0.080262 0.362929 0.084970 0.360019 0.088975 0.356014 0.091885 0.351306 0.093414 0.346356 0.093414 0.341648 0.091885 0.337643 0.088975 
						0.334733 0.084970 0.333203 0.080262 0.333203 0.075312 0.334733 0.070604 0.216359 0.004035 0.216993 0.004035 0.216993 0.018672 0.216359 0.018672 0.217496 0.004035 0.217496 0.018672 0.218131 0.004035 0.218131 0.018672 0.218834 0.004035 0.218834 0.018672 0.219537 0.004035 0.219537 0.018672 0.220171 0.004035 0.220171 0.018672 0.220674 0.004035 0.220674 0.018672 0.221309 0.004035 0.221309 0.018672 0.222012 0.004035 0.222012 0.018672 0.222715 0.004035 0.222715 0.018672 0.223349 0.004035 0.223349 0.018672 0.223852 0.004035 0.223852 0.018672 0.224487 0.004035 0.224487 0.018672 0.225190 0.004035 0.225190 0.018672 0.225893 0.004035 0.225893 0.018672 0.226527 0.004035 0.226527 0.018672 0.213815 0.004035 0.214318 0.004035 0.214318 0.018672 0.213815 0.018672 0.214953 0.004035 0.214953 0.018672 0.215656 0.004035 0.215656 0.018672 0.219185 0.001112 0.219558 0.000599 0.220992 0.002033 0.218989 0.001716 0.218989 0.002350 0.219185 0.002953 0.219558 0.003466 0.220071 0.003839 0.220674 0.004035 0.221309 0.004035 0.221912 0.003839 0.222425 0.003466 0.222798 0.002953 0.222994 0.002350 0.222994 0.001716 0.222798 0.001112 0.222425 0.000599 0.221912 0.000227 
						0.221309 0.000031 0.220674 0.000031 0.220071 0.000227 0.215500 0.019531 0.215656 0.020009 0.214067 0.020261 0.215656 0.020513 0.215500 0.020991 0.215204 0.021399 0.214797 0.021694 0.214318 0.021850 0.213815 0.021850 0.213336 0.021694 0.212929 0.021399 0.212633 0.020991 0.212478 0.020513 0.212478 0.020009 0.212633 0.019531 0.212929 0.019123 0.213336 0.018827 0.213815 0.018672 0.214318 0.018672 0.214797 0.018827 0.215204 0.019123 0.427499 0.003209 0.428133 0.003209 0.428133 0.017845 0.427499 0.017845 0.428637 0.003209 0.428637 0.017845 0.429271 0.003209 0.429271 0.017845 0.429974 0.003209 0.429974 0.017845 0.430677 0.003209 0.430677 0.017845 0.431311 0.003209 0.431311 0.017845 0.431815 0.003209 0.431815 0.017845 0.432449 0.003209 0.432449 0.017845 0.433152 0.003209 0.433152 0.017845 0.433855 0.003209 0.433855 0.017845 0.434489 0.003209 0.434489 0.017845 0.434993 0.003209 0.434993 0.017845 0.435627 0.003209 0.435627 0.017845 0.436330 0.003209 0.436330 0.017845 0.437033 0.003209 0.437033 0.017845 0.437667 0.003209 0.437667 0.017845 0.424955 0.003209 0.425458 0.003209 0.425458 0.017845 0.424955 0.017845 0.426093 0.003209 0.426093 0.017845 
						0.426796 0.003209 0.426796 0.017845 0.429974 0.001368 0.430129 0.000889 0.431563 0.001620 0.429974 0.001871 0.430129 0.002350 0.430425 0.002757 0.430833 0.003053 0.431311 0.003209 0.431815 0.003209 0.432293 0.003053 0.432701 0.002757 0.432996 0.002350 0.433152 0.001871 0.433152 0.001368 0.432996 0.000889 0.432701 0.000482 0.432293 0.000186 0.431815 0.000031 0.431311 0.000031 0.430833 0.000186 0.430425 0.000482 0.436743 0.021281 0.436230 0.021654 0.435310 0.019848 0.435627 0.021850 0.434993 0.021850 0.434389 0.021654 0.433876 0.021281 0.433503 0.020768 0.433307 0.020165 0.433307 0.019531 0.433503 0.018927 0.433876 0.018414 0.434389 0.018041 0.434993 0.017845 0.435627 0.017845 0.436230 0.018041 0.436743 0.018414 0.437116 0.018927 0.437312 0.019531 0.437312 0.020165 0.437116 0.020768 0.298497 0.003245 0.299139 0.003245 0.299139 0.018051 0.298497 0.018051 0.299648 0.003245 0.299648 0.018051 0.300290 0.003245 0.300290 0.018051 0.301001 0.003245 0.301001 0.018051 0.301712 0.003245 0.301712 0.018051 0.302354 0.003245 0.302354 0.018051 0.302863 0.003245 0.302863 0.018051 0.303504 0.003245 0.303504 0.018051 0.304216 0.003245 0.304216 0.018051 
						0.304927 0.003245 0.304927 0.018051 0.305568 0.003245 0.305568 0.018051 0.306078 0.003245 0.306078 0.018051 0.306719 0.003245 0.306719 0.018051 0.307430 0.003245 0.307430 0.018051 0.308142 0.003245 0.308142 0.018051 0.308783 0.003245 0.308783 0.018051 0.295924 0.003245 0.296433 0.003245 0.296433 0.018051 0.295924 0.018051 0.297075 0.003245 0.297075 0.018051 0.297786 0.003245 0.297786 0.018051 0.301001 0.001383 0.301158 0.000899 0.302608 0.001638 0.301001 0.001893 0.301158 0.002377 0.301457 0.002789 0.301869 0.003088 0.302354 0.003245 0.302863 0.003245 0.303347 0.003088 0.303759 0.002789 0.304058 0.002377 0.304216 0.001893 0.304216 0.001383 0.304058 0.000899 0.303759 0.000487 0.303347 0.000188 0.302863 0.000031 0.302354 0.000031 0.301869 0.000188 0.301457 0.000487 0.297629 0.018920 0.297786 0.019404 0.296179 0.019659 0.297786 0.019913 0.297629 0.020398 0.297329 0.020810 0.296917 0.021109 0.296433 0.021266 0.295924 0.021266 0.295440 0.021109 0.295028 0.020810 0.294729 0.020398 0.294571 0.019913 0.294571 0.019404 0.294729 0.018920 0.295028 0.018508 0.295440 0.018209 0.295924 0.018051 0.296433 0.018051 0.296917 0.018209 0.297329 0.018508 
						0.393202 0.003245 0.393844 0.003245 0.393844 0.018051 0.393202 0.018051 0.394353 0.003245 0.394353 0.018051 0.381494 0.003245 0.382135 0.003245 0.382135 0.018051 0.381494 0.018051 0.382847 0.003245 0.382847 0.018051 0.383558 0.003245 0.383558 0.018051 0.384199 0.003245 0.384199 0.018051 0.384709 0.003245 0.384709 0.018051 0.385350 0.003245 0.385350 0.018051 0.386061 0.003245 0.386061 0.018051 0.386773 0.003245 0.386773 0.018051 0.387414 0.003245 0.387414 0.018051 0.387923 0.003245 0.387923 0.018051 0.388565 0.003245 0.388565 0.018051 0.389276 0.003245 0.389276 0.018051 0.389987 0.003245 0.389987 0.018051 0.390629 0.003245 0.390629 0.018051 0.391138 0.003245 0.391138 0.018051 0.391780 0.003245 0.391780 0.018051 0.392491 0.003245 0.392491 0.018051 0.393844 0.003245 0.393360 0.003088 0.394099 0.001638 0.394353 0.003245 0.394837 0.003088 0.395249 0.002789 0.395549 0.002377 0.395706 0.001893 0.395706 0.001383 0.395549 0.000899 0.395249 0.000487 0.394837 0.000188 0.394353 0.000031 0.393844 0.000031 0.393360 0.000188 0.392948 0.000487 0.392648 0.000899 0.392491 0.001383 0.392491 0.001893 0.392648 0.002377 0.392948 0.002789 0.393360 0.018209 
						0.393844 0.018051 0.394099 0.019659 0.394353 0.018051 0.394837 0.018209 0.395249 0.018508 0.395549 0.018920 0.395706 0.019404 0.395706 0.019913 0.395549 0.020398 0.395249 0.020810 0.394837 0.021109 0.394353 0.021266 0.393844 0.021266 0.393360 0.021109 0.392948 0.020810 0.392648 0.020398 0.392491 0.019913 0.392491 0.019404 0.392648 0.018920 0.392948 0.018508 0.413012 0.003209 0.413646 0.003209 0.413646 0.017845 0.413012 0.017845 0.414149 0.003209 0.414149 0.017845 0.414784 0.003209 0.414784 0.017845 0.415487 0.003209 0.415487 0.017845 0.416190 0.003209 0.416190 0.017845 0.416824 0.003209 0.416824 0.017845 0.417327 0.003209 0.417327 0.017845 0.417962 0.003209 0.417962 0.017845 0.418665 0.003209 0.418665 0.017845 0.419368 0.003209 0.419368 0.017845 0.420002 0.003209 0.420002 0.017845 0.420506 0.003209 0.420506 0.017845 0.421140 0.003209 0.421140 0.017845 0.421843 0.003209 0.421843 0.017845 0.422546 0.003209 0.422546 0.017845 0.423180 0.003209 0.423180 0.017845 0.410468 0.003209 0.410971 0.003209 0.410971 0.017845 0.410468 0.017845 0.411606 0.003209 0.411606 0.017845 0.412309 0.003209 0.412309 0.017845 0.415487 0.001368 0.415642 0.000889 
						0.417076 0.001620 0.415487 0.001871 0.415642 0.002350 0.415938 0.002757 0.416345 0.003053 0.416824 0.003209 0.417327 0.003209 0.417806 0.003053 0.418213 0.002757 0.418509 0.002350 0.418665 0.001871 0.418665 0.001368 0.418509 0.000889 0.418213 0.000482 0.417806 0.000186 0.417327 0.000031 0.416824 0.000031 0.416345 0.000186 0.415938 0.000482 0.420003 0.021850 0.419368 0.021850 0.419685 0.019848 0.418765 0.021654 0.418252 0.021281 0.417879 0.020768 0.417683 0.020165 0.417683 0.019531 0.417879 0.018928 0.418252 0.018414 0.418765 0.018041 0.419368 0.017845 0.420002 0.017845 0.420605 0.018041 0.421119 0.018414 0.421492 0.018927 0.421688 0.019530 0.421688 0.020165 0.421492 0.020768 0.421119 0.021281 0.420606 0.021654 0.124410 0.003990 0.125037 0.003990 0.125037 0.018464 0.124410 0.018464 0.125535 0.003990 0.125535 0.018464 0.126162 0.003990 0.126162 0.018464 0.126857 0.003990 0.126857 0.018464 0.127552 0.003990 0.127552 0.018464 0.128180 0.003990 0.128180 0.018464 0.128677 0.003990 0.128677 0.018464 0.129304 0.003990 0.129304 0.018464 0.130000 0.003990 0.130000 0.018464 0.130695 0.003990 0.130695 0.018464 0.131322 0.003990 0.131322 0.018464 
						0.131820 0.003990 0.131820 0.018464 0.132447 0.003990 0.132447 0.018464 0.133142 0.003990 0.133142 0.018464 0.133837 0.003990 0.133837 0.018464 0.134465 0.003990 0.134465 0.018464 0.121894 0.003990 0.122392 0.003990 0.122392 0.018464 0.121894 0.018464 0.123019 0.003990 0.123019 0.018464 0.123715 0.003990 0.123715 0.018464 0.127205 0.001100 0.127573 0.000593 0.128991 0.002010 0.127011 0.001697 0.127011 0.002324 0.127205 0.002921 0.127573 0.003428 0.128081 0.003797 0.128677 0.003990 0.129304 0.003990 0.129901 0.003797 0.130408 0.003428 0.130777 0.002921 0.130971 0.002324 0.130971 0.001697 0.130777 0.001100 0.130408 0.000593 0.129901 0.000224 0.129304 0.000031 0.128677 0.000031 0.128081 0.000224 0.124123 0.019026 0.124492 0.019533 0.122706 0.020443 0.124686 0.020130 0.124686 0.020757 0.124492 0.021353 0.124123 0.021861 0.123616 0.022230 0.123019 0.022423 0.122392 0.022423 0.121796 0.022230 0.121288 0.021861 0.120920 0.021354 0.120726 0.020757 0.120726 0.020130 0.120920 0.019533 0.121288 0.019026 0.121796 0.018657 0.122392 0.018464 0.123019 0.018464 0.123616 0.018657 0.036319 0.003990 0.036946 0.003990 0.036946 0.018464 0.036319 0.018464 
						0.037444 0.003990 0.037444 0.018464 0.038071 0.003990 0.038071 0.018463 0.038766 0.003990 0.038766 0.018463 0.039461 0.003990 0.039461 0.018463 0.040088 0.003990 0.040088 0.018463 0.040586 0.003990 0.040586 0.018463 0.041213 0.003990 0.041213 0.018463 0.041908 0.003990 0.041908 0.018463 0.042604 0.003990 0.042604 0.018463 0.043231 0.003990 0.043231 0.018463 0.043729 0.003990 0.043729 0.018463 0.044356 0.003990 0.044356 0.018463 0.045051 0.003990 0.045051 0.018463 0.045746 0.003990 0.045746 0.018464 0.046373 0.003990 0.046373 0.018463 0.033803 0.003990 0.034301 0.003990 0.034301 0.018464 0.033803 0.018464 0.034928 0.003990 0.034928 0.018464 0.035623 0.003990 0.035623 0.018464 0.048040 0.001697 0.048040 0.002324 0.046060 0.002010 0.047846 0.001100 0.047477 0.000593 0.046970 0.000224 0.046373 0.000031 0.045746 0.000031 0.045150 0.000224 0.044642 0.000593 0.044274 0.001100 0.044080 0.001697 0.044080 0.002324 0.044274 0.002921 0.044642 0.003428 0.045150 0.003797 0.045746 0.003990 0.046373 0.003990 0.046970 0.003797 0.047477 0.003428 0.047846 0.002921 0.048040 0.020130 0.048040 0.020757 0.046060 0.020443 0.047846 0.021353 0.047477 0.021861 
						0.046970 0.022229 0.046374 0.022423 0.045746 0.022423 0.045150 0.022230 0.044643 0.021861 0.044274 0.021354 0.044080 0.020757 0.044080 0.020130 0.044274 0.019533 0.044642 0.019026 0.045150 0.018657 0.045746 0.018464 0.046373 0.018463 0.046970 0.018657 0.047477 0.019026 0.047846 0.019533 
					</float_array>
					<technique_common>
						<accessor count="2704" offset="0" source="#meshId0-tex0-array" stride="2">
							<param name="S" type="float" />
							<param name="T" type="float" />
						</accessor>
					</technique_common>
				</source>
				<vertices id="meshId0-vertices">
					<input semantic="POSITION" source="#meshId0-positions" />
				</vertices>
				<polylist count="2800" material="defaultMaterial">
					<input offset="0" semantic="VERTEX" source="#meshId0-vertices" />
					<input offset="0" semantic="NORMAL" source="#meshId0-normals" />
					<input offset="0" semantic="TANGENT" source="#meshId0-tangents" />
					<input offset="0" semantic="BINORMAL" source="#meshId0-bitangents" />
					<input offset="0" semantic="TEXCOORD" source="#meshId0-tex0" set="0" />
					<vcount>
						3 3 3 3 3 3 3 3 3 3 3 3 3 3 3 3 3 3 3 3 3 3 3 3 3 3 3 3 3 3 3 3 3 3 3 3 3 3 3 3 3 3 3 3 3 3 3 3 3 3 3 3 3 3 3 3 3 3 3 3 3 3 3 3 
						3 3 3 3 3 3 3 3 3 3 3 3 3 3 3 3 3 3 3 3 3 3 3 3 3 3 3 3 3 3 3 3 3 3 3 3 3 3 3 3 3 3 3 3 3 3 3 3 3 3 3 3 3 3 3 3 3 3 3 3 3 3 3 3 
						3 3 3 3 3 3 3 3 3 3 3 3 3 3 3 3 3 3 3 3 3 3 3 3 3 3 3 3 3 3 3 3 3 3 3 3 3 3 3 3 3 3 3 3 3 3 3 3 3 3 3 3 3 3 3 3 3 3 3 3 3 3 3 3 
						3 3 3 3 3 3 3 3 3 3 3 3 3 3 3 3 3 3 3 3 3 3 3 3 3 3 3 3 3 3 3 3 3 3 3 3 3 3 3 3 3 3 3 3 3 3 3 3 3 3 3 3 3 3 3 3 3 3 3 3 3 3 3 3 
						3 3 3 3 3 3 3 3 3 3 3 3 3 3 3 3 3 3 3 3 3 3 3 3 3 3 3 3 3 3 3 3 3 3 3 3 3 3 3 3 3 3 3 3 3 3 3 3 3 3 3 3 3 3 3 3 3 3 3 3 3 3 3 3 
						3 3 3 3 3 3 3 3 3 3 3 3 3 3 3 3 3 3 3 3 3 3 3 3 3 3 3 3 3 3 3 3 3 3 3 3 3 3 3 3 3 3 3 3 3 3 3 3 3 3 3 3 3 3 3 3 3 3 3 3 3 3 3 3 
						3 3 3 3 3 3 3 3 3 3 3 3 3 3 3 3 3 3 3 3 3 3 3 3 3 3 3 3 3 3 3 3 3 3 3 3 3 3 3 3 3 3 3 3 3 3 3 3 3 3 3 3 3 3 3 3 3 3 3 3 3 3 3 3 
						3 3 3 3 3 3 3 3 3 3 3 3 3 3 3 3 3 3 3 3 3 3 3 3 3 3 3 3 3 3 3 3 3 3 3 3 3 3 3 3 3 3 3 3 3 3 3 3 3 3 3 3 3 3 3 3 3 3 3 3 3 3 3 3 
						3 3 3 3 3 3 3 3 3 3 3 3 3 3 3 3 3 3 3 3 3 3 3 3 3 3 3 3 3 3 3 3 3 3 3 3 3 3 3 3 3 3 3 3 3 3 3 3 3 3 3 3 3 3 3 3 3 3 3 3 3 3 3 3 
						3 3 3 3 3 3 3 3 3 3 3 3 3 3 3 3 3 3 3 3 3 3 3 3 3 3 3 3 3 3 3 3 3 3 3 3 3 3 3 3 3 3 3 3 3 3 3 3 3 3 3 3 3 3 3 3 3 3 3 3 3 3 3 3 
						3 3 3 3 3 3 3 3 3 3 3 3 3 3 3 3 3 3 3 3 3 3 3 3 3 3 3 3 3 3 3 3 3 3 3 3 3 3 3 3 3 3 3 3 3 3 3 3 3 3 3 3 3 3 3 3 3 3 3 3 3 3 3 3 
						3 3 3 3 3 3 3 3 3 3 3 3 3 3 3 3 3 3 3 3 3 3 3 3 3 3 3 3 3 3 3 3 3 3 3 3 3 3 3 3 3 3 3 3 3 3 3 3 3 3 3 3 3 3 3 3 3 3 3 3 3 3 3 3 
						3 3 3 3 3 3 3 3 3 3 3 3 3 3 3 3 3 3 3 3 3 3 3 3 3 3 3 3 3 3 3 3 3 3 3 3 3 3 3 3 3 3 3 3 3 3 3 3 3 3 3 3 3 3 3 3 3 3 3 3 3 3 3 3 
						3 3 3 3 3 3 3 3 3 3 3 3 3 3 3 3 3 3 3 3 3 3 3 3 3 3 3 3 3 3 3 3 3 3 3 3 3 3 3 3 3 3 3 3 3 3 3 3 3 3 3 3 3 3 3 3 3 3 3 3 3 3 3 3 
						3 3 3 3 3 3 3 3 3 3 3 3 3 3 3 3 3 3 3 3 3 3 3 3 3 3 3 3 3 3 3 3 3 3 3 3 3 3 3 3 3 3 3 3 3 3 3 3 3 3 3 3 3 3 3 3 3 3 3 3 3 3 3 3 
						3 3 3 3 3 3 3 3 3 3 3 3 3 3 3 3 3 3 3 3 3 3 3 3 3 3 3 3 3 3 3 3 3 3 3 3 3 3 3 3 3 3 3 3 3 3 3 3 3 3 3 3 3 3 3 3 3 3 3 3 3 3 3 3 
						3 3 3 3 3 3 3 3 3 3 3 3 3 3 3 3 3 3 3 3 3 3 3 3 3 3 3 3 3 3 3 3 3 3 3 3 3 3 3 3 3 3 3 3 3 3 3 3 3 3 3 3 3 3 3 3 3 3 3 3 3 3 3 3 
						3 3 3 3 3 3 3 3 3 3 3 3 3 3 3 3 3 3 3 3 3 3 3 3 3 3 3 3 3 3 3 3 3 3 3 3 3 3 3 3 3 3 3 3 3 3 3 3 3 3 3 3 3 3 3 3 3 3 3 3 3 3 3 3 
						3 3 3 3 3 3 3 3 3 3 3 3 3 3 3 3 3 3 3 3 3 3 3 3 3 3 3 3 3 3 3 3 3 3 3 3 3 3 3 3 3 3 3 3 3 3 3 3 3 3 3 3 3 3 3 3 3 3 3 3 3 3 3 3 
						3 3 3 3 3 3 3 3 3 3 3 3 3 3 3 3 3 3 3 3 3 3 3 3 3 3 3 3 3 3 3 3 3 3 3 3 3 3 3 3 3 3 3 3 3 3 3 3 3 3 3 3 3 3 3 3 3 3 3 3 3 3 3 3 
						3 3 3 3 3 3 3 3 3 3 3 3 3 3 3 3 3 3 3 3 3 3 3 3 3 3 3 3 3 3 3 3 3 3 3 3 3 3 3 3 3 3 3 3 3 3 3 3 3 3 3 3 3 3 3 3 3 3 3 3 3 3 3 3 
						3 3 3 3 3 3 3 3 3 3 3 3 3 3 3 3 3 3 3 3 3 3 3 3 3 3 3 3 3 3 3 3 3 3 3 3 3 3 3 3 3 3 3 3 3 3 3 3 3 3 3 3 3 3 3 3 3 3 3 3 3 3 3 3 
						3 3 3 3 3 3 3 3 3 3 3 3 3 3 3 3 3 3 3 3 3 3 3 3 3 3 3 3 3 3 3 3 3 3 3 3 3 3 3 3 3 3 3 3 3 3 3 3 3 3 3 3 3 3 3 3 3 3 3 3 3 3 3 3 
						3 3 3 3 3 3 3 3 3 3 3 3 3 3 3 3 3 3 3 3 3 3 3 3 3 3 3 3 3 3 3 3 3 3 3 3 3 3 3 3 3 3 3 3 3 3 3 3 3 3 3 3 3 3 3 3 3 3 3 3 3 3 3 3 
						3 3 3 3 3 3 3 3 3 3 3 3 3 3 3 3 3 3 3 3 3 3 3 3 3 3 3 3 3 3 3 3 3 3 3 3 3 3 3 3 3 3 3 3 3 3 3 3 3 3 3 3 3 3 3 3 3 3 3 3 3 3 3 3 
						3 3 3 3 3 3 3 3 3 3 3 3 3 3 3 3 3 3 3 3 3 3 3 3 3 3 3 3 3 3 3 3 3 3 3 3 3 3 3 3 3 3 3 3 3 3 3 3 3 3 3 3 3 3 3 3 3 3 3 3 3 3 3 3 
						3 3 3 3 3 3 3 3 3 3 3 3 3 3 3 3 3 3 3 3 3 3 3 3 3 3 3 3 3 3 3 3 3 3 3 3 3 3 3 3 3 3 3 3 3 3 3 3 3 3 3 3 3 3 3 3 3 3 3 3 3 3 3 3 
						3 3 3 3 3 3 3 3 3 3 3 3 3 3 3 3 3 3 3 3 3 3 3 3 3 3 3 3 3 3 3 3 3 3 3 3 3 3 3 3 3 3 3 3 3 3 3 3 3 3 3 3 3 3 3 3 3 3 3 3 3 3 3 3 
						3 3 3 3 3 3 3 3 3 3 3 3 3 3 3 3 3 3 3 3 3 3 3 3 3 3 3 3 3 3 3 3 3 3 3 3 3 3 3 3 3 3 3 3 3 3 3 3 3 3 3 3 3 3 3 3 3 3 3 3 3 3 3 3 
						3 3 3 3 3 3 3 3 3 3 3 3 3 3 3 3 3 3 3 3 3 3 3 3 3 3 3 3 3 3 3 3 3 3 3 3 3 3 3 3 3 3 3 3 3 3 3 3 3 3 3 3 3 3 3 3 3 3 3 3 3 3 3 3 
						3 3 3 3 3 3 3 3 3 3 3 3 3 3 3 3 3 3 3 3 3 3 3 3 3 3 3 3 3 3 3 3 3 3 3 3 3 3 3 3 3 3 3 3 3 3 3 3 3 3 3 3 3 3 3 3 3 3 3 3 3 3 3 3 
						3 3 3 3 3 3 3 3 3 3 3 3 3 3 3 3 3 3 3 3 3 3 3 3 3 3 3 3 3 3 3 3 3 3 3 3 3 3 3 3 3 3 3 3 3 3 3 3 3 3 3 3 3 3 3 3 3 3 3 3 3 3 3 3 
						3 3 3 3 3 3 3 3 3 3 3 3 3 3 3 3 3 3 3 3 3 3 3 3 3 3 3 3 3 3 3 3 3 3 3 3 3 3 3 3 3 3 3 3 3 3 3 3 3 3 3 3 3 3 3 3 3 3 3 3 3 3 3 3 
						3 3 3 3 3 3 3 3 3 3 3 3 3 3 3 3 3 3 3 3 3 3 3 3 3 3 3 3 3 3 3 3 3 3 3 3 3 3 3 3 3 3 3 3 3 3 3 3 3 3 3 3 3 3 3 3 3 3 3 3 3 3 3 3 
						3 3 3 3 3 3 3 3 3 3 3 3 3 3 3 3 3 3 3 3 3 3 3 3 3 3 3 3 3 3 3 3 3 3 3 3 3 3 3 3 3 3 3 3 3 3 3 3 3 3 3 3 3 3 3 3 3 3 3 3 3 3 3 3 
						3 3 3 3 3 3 3 3 3 3 3 3 3 3 3 3 3 3 3 3 3 3 3 3 3 3 3 3 3 3 3 3 3 3 3 3 3 3 3 3 3 3 3 3 3 3 3 3 3 3 3 3 3 3 3 3 3 3 3 3 3 3 3 3 
						3 3 3 3 3 3 3 3 3 3 3 3 3 3 3 3 3 3 3 3 3 3 3 3 3 3 3 3 3 3 3 3 3 3 3 3 3 3 3 3 3 3 3 3 3 3 3 3 3 3 3 3 3 3 3 3 3 3 3 3 3 3 3 3 
						3 3 3 3 3 3 3 3 3 3 3 3 3 3 3 3 3 3 3 3 3 3 3 3 3 3 3 3 3 3 3 3 3 3 3 3 3 3 3 3 3 3 3 3 3 3 3 3 3 3 3 3 3 3 3 3 3 3 3 3 3 3 3 3 
						3 3 3 3 3 3 3 3 3 3 3 3 3 3 3 3 3 3 3 3 3 3 3 3 3 3 3 3 3 3 3 3 3 3 3 3 3 3 3 3 3 3 3 3 3 3 3 3 3 3 3 3 3 3 3 3 3 3 3 3 3 3 3 3 
						3 3 3 3 3 3 3 3 3 3 3 3 3 3 3 3 3 3 3 3 3 3 3 3 3 3 3 3 3 3 3 3 3 3 3 3 3 3 3 3 3 3 3 3 3 3 3 3 3 3 3 3 3 3 3 3 3 3 3 3 3 3 3 3 
						3 3 3 3 3 3 3 3 3 3 3 3 3 3 3 3 3 3 3 3 3 3 3 3 3 3 3 3 3 3 3 3 3 3 3 3 3 3 3 3 3 3 3 3 3 3 3 3 3 3 3 3 3 3 3 3 3 3 3 3 3 3 3 3 
						3 3 3 3 3 3 3 3 3 3 3 3 3 3 3 3 3 3 3 3 3 3 3 3 3 3 3 3 3 3 3 3 3 3 3 3 3 3 3 3 3 3 3 3 3 3 3 3 3 3 3 3 3 3 3 3 3 3 3 3 3 3 3 3 
						3 3 3 3 3 3 3 3 3 3 3 3 3 3 3 3 3 3 3 3 3 3 3 3 3 3 3 3 3 3 3 3 3 3 3 3 3 3 3 3 3 3 3 3 3 3 3 3 3 3 3 3 3 3 3 3 3 3 3 3 3 3 3 3 
						3 3 3 3 3 3 3 3 3 3 3 3 3 3 3 3 3 3 3 3 3 3 3 3 3 3 3 3 3 3 3 3 3 3 3 3 3 3 3 3 3 3 3 3 3 3 3 3 
					</vcount>
					<p>
						3 0 1 1 2 3 2 1 4 4 5 2 5 4 6 6 7 5 7 6 8 8 9 7 9 8 10 10 11 9 11 10 12 12 13 11 13 12 14 14 15 13 15 14 16 16 17 15 17 16 18 18 19 17 19 18 20 20 21 19 21 20 22 22 23 21 23 22 24 24 25 23 25 24 26 26 27 25 27 26 28 28 29 27 29 28 30 30 31 29 31 30 32 32 33 31 37 34 35 35 36 37 36 35 38 38 39 36 39 38 40 40 41 39 41 40 0 0 3 41 42 43 44 45 42 44 46 45 44 47 46 44 48 47 44 49 48 44 50 49 44 51 50 44 52 51 44 53 52 44 54 53 44 55 54 44 56 55 44 57 56 44 58 57 44 59 58 44 60 59 44 61 60 44 62 61 44 43 62 44 63 64 65 64 66 65 66 67 65 67 68 65 
						68 69 65 69 70 65 70 71 65 71 72 65 72 73 65 73 74 65 74 75 65 75 76 65 76 77 65 77 78 65 78 79 65 79 80 65 80 81 65 81 82 65 82 83 65 83 63 65 87 84 85 85 86 87 86 85 88 88 89 86 89 88 90 90 91 89 91 90 92 92 93 91 93 92 94 94 95 93 95 94 96 96 97 95 101 98 99 99 100 101 100 99 102 102 103 100 103 102 104 104 105 103 105 104 106 106 107 105 107 106 108 108 109 107 109 108 110 110 111 109 111 110 112 112 113 111 113 112 114 114 115 113 115 114 116 116 117 115 117 116 118 118 119 117 119 118 120 120 121 119 121 120 122 122 123 121 123 122 124 124 125 123 125 124 84 84 87 125 126 127 128 129 126 128 130 129 128 131 130 128 132 131 128 133 132 128 134 133 128 135 134 128 
						136 135 128 137 136 128 138 137 128 139 138 128 140 139 128 141 140 128 142 141 128 143 142 128 144 143 128 145 144 128 146 145 128 127 146 128 147 148 149 148 150 149 150 151 149 151 152 149 152 153 149 153 154 149 154 155 149 155 156 149 156 157 149 157 158 149 158 159 149 159 160 149 160 161 149 161 162 149 162 163 149 163 164 149 164 165 149 165 166 149 166 167 149 167 147 149 171 168 169 169 170 171 173 172 168 168 171 173 175 174 172 172 173 175 177 176 174 174 175 177 179 178 176 176 177 179 181 180 178 178 179 181 183 182 180 180 181 183 185 184 182 182 183 185 187 186 184 184 185 187 189 188 186 186 187 189 191 190 188 188 189 191 193 192 190 190 191 193 195 194 192 192 193 195 197 196 194 194 195 197 199 198 196 196 197 199 201 200 198 198 199 201 
						203 202 200 200 201 203 205 204 202 202 203 205 209 206 207 207 208 209 170 169 206 206 209 170 213 210 211 211 212 213 215 214 210 210 213 215 217 216 214 214 215 217 219 218 216 216 217 219 221 220 218 218 219 221 223 222 220 220 221 223 225 224 222 222 223 225 227 226 224 224 225 227 229 228 226 226 227 229 231 230 228 228 229 231 233 232 230 230 231 233 235 234 232 232 233 235 237 236 234 234 235 237 239 238 236 236 237 239 241 240 238 238 239 241 243 242 240 240 241 243 245 244 242 242 243 245 247 246 244 244 245 247 251 248 249 249 250 251 212 211 248 248 251 212 255 252 253 253 254 255 259 256 257 257 258 259 263 260 261 261 262 263 267 264 265 265 266 267 271 268 269 269 270 271 275 272 273 273 274 275 279 276 277 277 278 279 283 280 281 281 282 283 
						287 284 285 285 286 287 291 288 289 289 290 291 295 292 293 293 294 295 299 296 297 297 298 299 303 300 301 301 302 303 307 304 305 305 306 307 311 308 309 309 310 311 315 312 313 313 314 315 319 316 317 317 318 319 323 320 321 321 322 323 327 324 325 325 326 327 331 328 329 329 330 331 335 332 333 333 334 335 339 336 337 337 338 339 343 340 341 341 342 343 347 344 345 345 346 347 351 348 349 349 350 351 355 352 353 353 354 355 359 356 357 357 358 359 363 360 361 361 362 363 367 364 365 365 366 367 371 368 369 369 370 371 375 372 373 373 374 375 379 376 377 377 378 379 383 380 381 381 382 383 387 384 385 385 386 387 391 388 389 389 390 391 395 392 393 393 394 395 399 396 397 397 398 399 403 400 401 401 402 403 407 404 405 405 406 407 411 408 409 409 410 411 
						415 412 413 413 414 415 414 413 416 416 417 414 417 416 418 418 419 417 419 418 420 420 421 419 421 420 422 422 423 421 423 422 424 424 425 423 425 424 426 426 427 425 427 426 428 428 429 427 429 428 430 430 431 429 431 430 432 432 433 431 433 432 434 434 435 433 435 434 436 436 437 435 437 436 438 438 439 437 439 438 440 440 441 439 441 440 442 442 443 441 443 442 444 444 445 443 449 446 447 447 448 449 448 447 450 450 451 448 451 450 452 452 453 451 453 452 412 412 415 453 454 455 456 457 454 456 458 457 456 459 458 456 460 459 456 461 460 456 462 461 456 463 462 456 464 463 456 465 464 456 466 465 456 467 466 456 468 467 456 469 468 456 470 469 456 471 470 456 472 471 456 473 472 456 474 473 456 455 474 456 475 476 477 476 478 477 478 479 477 479 480 477 
						480 481 477 481 482 477 482 483 477 483 484 477 484 485 477 485 486 477 486 487 477 487 488 477 488 489 477 489 490 477 490 491 477 491 492 477 492 493 477 493 494 477 494 495 477 495 475 477 499 496 497 497 498 499 498 497 500 500 501 498 501 500 502 502 503 501 503 502 504 504 505 503 505 504 506 506 507 505 507 506 508 508 509 507 509 508 510 510 511 509 511 510 512 512 513 511 513 512 514 514 515 513 515 514 516 516 517 515 517 516 518 518 519 517 519 518 520 520 521 519 521 520 522 522 523 521 523 522 524 524 525 523 525 524 526 526 527 525 527 526 528 528 529 527 533 530 531 531 532 533 532 531 534 534 535 532 535 534 536 536 537 535 537 536 496 496 499 537 538 539 540 541 538 540 542 541 540 543 542 540 544 543 540 545 544 540 546 545 540 547 546 540 
						548 547 540 549 548 540 550 549 540 551 550 540 552 551 540 553 552 540 554 553 540 555 554 540 556 555 540 557 556 540 558 557 540 539 558 540 559 560 561 560 562 561 562 563 561 563 564 561 564 565 561 565 566 561 566 567 561 567 568 561 568 569 561 569 570 561 570 571 561 571 572 561 572 573 561 573 574 561 574 575 561 575 576 561 576 577 561 577 578 561 578 579 561 579 559 561 583 580 581 581 582 583 582 581 584 584 585 582 585 584 586 586 587 585 587 586 588 588 589 587 589 588 590 590 591 589 591 590 592 592 593 591 593 592 594 594 595 593 595 594 596 596 597 595 597 596 598 598 599 597 599 598 600 600 601 599 601 600 602 602 603 601 603 602 604 604 605 603 605 604 606 606 607 605 607 606 608 608 609 607 609 608 610 610 611 609 611 610 612 612 613 611 
						617 614 615 615 616 617 616 615 618 618 619 616 619 618 620 620 621 619 621 620 580 580 583 621 622 623 624 625 622 624 626 625 624 627 626 624 628 627 624 629 628 624 630 629 624 631 630 624 632 631 624 633 632 624 634 633 624 635 634 624 636 635 624 637 636 624 638 637 624 639 638 624 640 639 624 641 640 624 642 641 624 623 642 624 643 644 645 644 646 645 646 647 645 647 648 645 648 649 645 649 650 645 650 651 645 651 652 645 652 653 645 653 654 645 654 655 645 655 656 645 656 657 645 657 658 645 658 659 645 659 660 645 660 661 645 661 662 645 662 663 645 663 643 645 667 664 665 665 666 667 666 665 668 668 669 666 669 668 670 670 671 669 671 670 672 672 673 671 673 672 674 674 675 673 675 674 676 676 677 675 677 676 678 678 679 677 679 678 680 680 681 679 
						681 680 682 682 683 681 683 682 684 684 685 683 685 684 686 686 687 685 687 686 688 688 689 687 689 688 690 690 691 689 691 690 692 692 693 691 693 692 694 694 695 693 695 694 696 696 697 695 701 698 699 699 700 701 700 699 702 702 703 700 703 702 704 704 705 703 705 704 664 664 667 705 706 707 708 709 706 708 710 709 708 711 710 708 712 711 708 713 712 708 714 713 708 715 714 708 716 715 708 717 716 708 718 717 708 719 718 708 720 719 708 721 720 708 722 721 708 723 722 708 724 723 708 725 724 708 726 725 708 707 726 708 727 728 729 728 730 729 730 731 729 731 732 729 732 733 729 733 734 729 734 735 729 735 736 729 736 737 729 737 738 729 738 739 729 739 740 729 740 741 729 741 742 729 742 743 729 743 744 729 744 745 729 745 746 729 746 747 729 747 727 729 
						751 748 749 749 750 751 750 749 752 752 753 750 753 752 754 754 755 753 755 754 756 756 757 755 757 756 758 758 759 757 759 758 760 760 761 759 761 760 762 762 763 761 763 762 764 764 765 763 765 764 766 766 767 765 767 766 768 768 769 767 769 768 770 770 771 769 771 770 772 772 773 771 773 772 774 774 775 773 775 774 776 776 777 775 777 776 778 778 779 777 779 778 780 780 781 779 785 782 783 783 784 785 784 783 786 786 787 784 787 786 788 788 789 787 789 788 748 748 751 789 790 791 792 793 790 792 794 793 792 795 794 792 796 795 792 797 796 792 798 797 792 799 798 792 800 799 792 801 800 792 802 801 792 803 802 792 804 803 792 805 804 792 806 805 792 807 806 792 808 807 792 809 808 792 810 809 792 791 810 792 811 812 813 812 814 813 814 815 813 815 816 813 
						816 817 813 817 818 813 818 819 813 819 820 813 820 821 813 821 822 813 822 823 813 823 824 813 824 825 813 825 826 813 826 827 813 827 828 813 828 829 813 829 830 813 830 831 813 831 811 813 835 832 833 833 834 835 834 833 836 836 837 834 837 836 838 838 839 837 839 838 840 840 841 839 841 840 842 842 843 841 843 842 844 844 845 843 845 844 846 846 847 845 847 846 848 848 849 847 849 848 850 850 851 849 851 850 852 852 853 851 853 852 854 854 855 853 855 854 856 856 857 855 857 856 858 858 859 857 859 858 860 860 861 859 861 860 862 862 863 861 863 862 864 864 865 863 869 866 867 867 868 869 868 867 870 870 871 868 871 870 872 872 873 871 873 872 832 832 835 873 874 875 876 877 874 876 878 877 876 879 878 876 880 879 876 881 880 876 882 881 876 883 882 876 
						884 883 876 885 884 876 886 885 876 887 886 876 888 887 876 889 888 876 890 889 876 891 890 876 892 891 876 893 892 876 894 893 876 875 894 876 895 896 897 896 898 897 898 899 897 899 900 897 900 901 897 901 902 897 902 903 897 903 904 897 904 905 897 905 906 897 906 907 897 907 908 897 908 909 897 909 910 897 910 911 897 911 912 897 912 913 897 913 914 897 914 915 897 915 895 897 919 916 917 917 918 919 918 917 920 920 921 918 921 920 922 922 923 921 923 922 924 924 925 923 925 924 926 926 927 925 927 926 928 928 929 927 929 928 930 930 931 929 931 930 932 932 933 931 933 932 934 934 935 933 935 934 936 936 937 935 937 936 938 938 939 937 939 938 940 940 941 939 941 940 942 942 943 941 943 942 944 944 945 943 945 944 946 946 947 945 947 946 948 948 949 947 
						953 950 951 951 952 953 952 951 954 954 955 952 955 954 956 956 957 955 957 956 916 916 919 957 958 959 960 961 958 960 962 961 960 963 962 960 964 963 960 965 964 960 966 965 960 967 966 960 968 967 960 969 968 960 970 969 960 971 970 960 972 971 960 973 972 960 974 973 960 975 974 960 976 975 960 977 976 960 978 977 960 959 978 960 979 980 981 980 982 981 982 983 981 983 984 981 984 985 981 985 986 981 986 987 981 987 988 981 988 989 981 989 990 981 990 991 981 991 992 981 992 993 981 993 994 981 994 995 981 995 996 981 996 997 981 997 998 981 998 999 981 999 979 981 1003 1000 1001 1001 1002 1003 1002 1001 1004 1004 1005 1002 1005 1004 1006 1006 1007 1005 1007 1006 1008 1008 1009 1007 1009 1008 1010 1010 1011 1009 1011 1010 1012 1012 1013 1011 1013 1012 1014 1014 1015 1013 1015 1014 1016 1016 1017 1015 
						1017 1016 1018 1018 1019 1017 1019 1018 1020 1020 1021 1019 1021 1020 1022 1022 1023 1021 1023 1022 1024 1024 1025 1023 1025 1024 1026 1026 1027 1025 1027 1026 1028 1028 1029 1027 1029 1028 1030 1030 1031 1029 1031 1030 1032 1032 1033 1031 1037 1034 1035 1035 1036 1037 1036 1035 1038 1038 1039 1036 1039 1038 1040 1040 1041 1039 1041 1040 1000 1000 1003 1041 1042 1043 1044 1045 1042 1044 1046 1045 1044 1047 1046 1044 1048 1047 1044 1049 1048 1044 1050 1049 1044 1051 1050 1044 1052 1051 1044 1053 1052 1044 1054 1053 1044 1055 1054 1044 1056 1055 1044 1057 1056 1044 1058 1057 1044 1059 1058 1044 1060 1059 1044 1061 1060 1044 1062 1061 1044 1043 1062 1044 1063 1064 1065 1064 1066 1065 1066 1067 1065 1067 1068 1065 1068 1069 1065 1069 1070 1065 1070 1071 1065 1071 1072 1065 1072 1073 1065 1073 1074 1065 1074 1075 1065 1075 1076 1065 1076 1077 1065 1077 1078 1065 1078 1079 1065 1079 1080 1065 1080 1081 1065 1081 1082 1065 1082 1083 1065 1083 1063 1065 
						1087 1084 1085 1085 1086 1087 1086 1085 1088 1088 1089 1086 1089 1088 1090 1090 1091 1089 1091 1090 1092 1092 1093 1091 1093 1092 1094 1094 1095 1093 1095 1094 1096 1096 1097 1095 1097 1096 1098 1098 1099 1097 1099 1098 1100 1100 1101 1099 1101 1100 1102 1102 1103 1101 1103 1102 1104 1104 1105 1103 1105 1104 1106 1106 1107 1105 1107 1106 1108 1108 1109 1107 1109 1108 1110 1110 1111 1109 1111 1110 1112 1112 1113 1111 1113 1112 1114 1114 1115 1113 1115 1114 1116 1116 1117 1115 1121 1118 1119 1119 1120 1121 1120 1119 1122 1122 1123 1120 1123 1122 1124 1124 1125 1123 1125 1124 1084 1084 1087 1125 1126 1127 1128 1129 1126 1128 1130 1129 1128 1131 1130 1128 1132 1131 1128 1133 1132 1128 1134 1133 1128 1135 1134 1128 1136 1135 1128 1137 1136 1128 1138 1137 1128 1139 1138 1128 1140 1139 1128 1141 1140 1128 1142 1141 1128 1143 1142 1128 1144 1143 1128 1145 1144 1128 1146 1145 1128 1127 1146 1128 1147 1148 1149 1148 1150 1149 1150 1151 1149 1151 1152 1149 
						1152 1153 1149 1153 1154 1149 1154 1155 1149 1155 1156 1149 1156 1157 1149 1157 1158 1149 1158 1159 1149 1159 1160 1149 1160 1161 1149 1161 1162 1149 1162 1163 1149 1163 1164 1149 1164 1165 1149 1165 1166 1149 1166 1167 1149 1167 1147 1149 1171 1168 1169 1169 1170 1171 1170 1169 1172 1172 1173 1170 1173 1172 1174 1174 1175 1173 1175 1174 1176 1176 1177 1175 1177 1176 1178 1178 1179 1177 1179 1178 1180 1180 1181 1179 1181 1180 1182 1182 1183 1181 1183 1182 1184 1184 1185 1183 1185 1184 1186 1186 1187 1185 1187 1186 1188 1188 1189 1187 1189 1188 1190 1190 1191 1189 1191 1190 1192 1192 1193 1191 1193 1192 1194 1194 1195 1193 1195 1194 1196 1196 1197 1195 1197 1196 1198 1198 1199 1197 1199 1198 1200 1200 1201 1199 1205 1202 1203 1203 1204 1205 1204 1203 1206 1206 1207 1204 1207 1206 1208 1208 1209 1207 1209 1208 1168 1168 1171 1209 1210 1211 1212 1213 1210 1212 1214 1213 1212 1215 1214 1212 1216 1215 1212 1217 1216 1212 1218 1217 1212 1219 1218 1212 
						1220 1219 1212 1221 1220 1212 1222 1221 1212 1223 1222 1212 1224 1223 1212 1225 1224 1212 1226 1225 1212 1227 1226 1212 1228 1227 1212 1229 1228 1212 1230 1229 1212 1211 1230 1212 1231 1232 1233 1232 1234 1233 1234 1235 1233 1235 1236 1233 1236 1237 1233 1237 1238 1233 1238 1239 1233 1239 1240 1233 1240 1241 1233 1241 1242 1233 1242 1243 1233 1243 1244 1233 1244 1245 1233 1245 1246 1233 1246 1247 1233 1247 1248 1233 1248 1249 1233 1249 1250 1233 1250 1251 1233 1251 1231 1233 1255 1252 1253 1253 1254 1255 1257 1256 1252 1252 1255 1257 1261 1258 1259 1259 1260 1261 1263 1262 1258 1258 1261 1263 1265 1264 1262 1262 1263 1265 1267 1266 1264 1264 1265 1267 1271 1268 1269 1269 1270 1271 1273 1272 1268 1268 1271 1273 1275 1274 1272 1272 1273 1275 1277 1276 1274 1274 1275 1277 1279 1278 1276 1276 1277 1279 1281 1280 1278 1278 1279 1281 1285 1282 1283 1283 1284 1285 1287 1286 1282 1282 1285 1287 1289 1288 1286 1286 1287 1289 1291 1290 1288 1288 1289 1291 
						1295 1292 1293 1293 1294 1295 1297 1296 1292 1292 1295 1297 1299 1298 1296 1296 1297 1299 1254 1253 1298 1298 1299 1254 1301 1255 1254 1254 1300 1301 1302 1257 1255 1255 1301 1302 1304 1261 1260 1260 1303 1304 1305 1263 1261 1261 1304 1305 1306 1265 1263 1263 1305 1306 1307 1267 1265 1265 1306 1307 1309 1271 1270 1270 1308 1309 1310 1273 1271 1271 1309 1310 1311 1275 1273 1273 1310 1311 1312 1277 1275 1275 1311 1312 1313 1279 1277 1277 1312 1313 1314 1281 1279 1279 1313 1314 1316 1285 1284 1284 1315 1316 1317 1287 1285 1285 1316 1317 1318 1289 1287 1287 1317 1318 1319 1291 1289 1289 1318 1319 1321 1295 1294 1294 1320 1321 1322 1297 1295 1295 1321 1322 1323 1299 1297 1297 1322 1323 1300 1254 1299 1299 1323 1300 1325 1301 1300 1300 1324 1325 1326 1302 1301 1301 1325 1326 1330 1327 1328 1328 1329 1330 1332 1331 1327 1327 1330 1332 1334 1333 1331 1331 1332 1334 1336 1335 1333 1333 1334 1336 1338 1309 1308 1308 1337 1338 1339 1310 1309 1309 1338 1339 
						1340 1311 1310 1310 1339 1340 1341 1312 1311 1311 1340 1341 1342 1313 1312 1312 1341 1342 1343 1314 1313 1313 1342 1343 1347 1344 1345 1345 1346 1347 1349 1348 1344 1344 1347 1349 1351 1350 1348 1348 1349 1351 1353 1352 1350 1350 1351 1353 1355 1321 1320 1320 1354 1355 1356 1322 1321 1321 1355 1356 1357 1323 1322 1322 1356 1357 1324 1300 1323 1323 1357 1324 1361 1358 1359 1359 1360 1361 1362 1329 1358 1358 1361 1362 1363 1330 1329 1329 1362 1363 1364 1332 1330 1330 1363 1364 1365 1334 1332 1332 1364 1365 1366 1336 1334 1334 1365 1366 1368 1367 1336 1336 1366 1368 1370 1369 1367 1367 1368 1370 1372 1371 1369 1369 1370 1372 1374 1373 1371 1371 1372 1374 1376 1375 1373 1373 1374 1376 1377 1346 1375 1375 1376 1377 1378 1347 1346 1346 1377 1378 1379 1349 1347 1347 1378 1379 1380 1351 1349 1349 1379 1380 1381 1353 1351 1351 1380 1381 1383 1382 1353 1353 1381 1383 1385 1384 1382 1382 1383 1385 1387 1386 1384 1384 1385 1387 1360 1359 1386 1386 1387 1360 
						1389 1361 1360 1360 1388 1389 1390 1362 1361 1361 1389 1390 1391 1363 1362 1362 1390 1391 1392 1364 1363 1363 1391 1392 1393 1365 1364 1364 1392 1393 1394 1366 1365 1365 1393 1394 1395 1368 1366 1366 1394 1395 1396 1370 1368 1368 1395 1396 1397 1372 1370 1370 1396 1397 1398 1374 1372 1372 1397 1398 1399 1376 1374 1374 1398 1399 1400 1377 1376 1376 1399 1400 1401 1378 1377 1377 1400 1401 1402 1379 1378 1378 1401 1402 1403 1380 1379 1379 1402 1403 1404 1381 1380 1380 1403 1404 1405 1383 1381 1381 1404 1405 1406 1385 1383 1383 1405 1406 1407 1387 1385 1385 1406 1407 1388 1360 1387 1387 1407 1388 1409 1389 1388 1388 1408 1409 1410 1390 1389 1389 1409 1410 1411 1391 1390 1390 1410 1411 1412 1392 1391 1391 1411 1412 1413 1393 1392 1392 1412 1413 1414 1394 1393 1393 1413 1414 1415 1395 1394 1394 1414 1415 1416 1396 1395 1395 1415 1416 1417 1397 1396 1396 1416 1417 1418 1398 1397 1397 1417 1418 1419 1399 1398 1398 1418 1419 1420 1400 1399 1399 1419 1420 
						1421 1401 1400 1400 1420 1421 1422 1402 1401 1401 1421 1422 1423 1403 1402 1402 1422 1423 1424 1404 1403 1403 1423 1424 1425 1405 1404 1404 1424 1425 1426 1406 1405 1405 1425 1426 1427 1407 1406 1406 1426 1427 1408 1388 1407 1407 1427 1408 1429 1409 1408 1408 1428 1429 1430 1410 1409 1409 1429 1430 1431 1411 1410 1410 1430 1431 1432 1412 1411 1411 1431 1432 1433 1413 1412 1412 1432 1433 1434 1414 1413 1413 1433 1434 1435 1415 1414 1414 1434 1435 1436 1416 1415 1415 1435 1436 1437 1417 1416 1416 1436 1437 1438 1418 1417 1417 1437 1438 1439 1419 1418 1418 1438 1439 1440 1420 1419 1419 1439 1440 1441 1421 1420 1420 1440 1441 1442 1422 1421 1421 1441 1442 1443 1423 1422 1422 1442 1443 1444 1424 1423 1423 1443 1444 1445 1425 1424 1424 1444 1445 1446 1426 1425 1425 1445 1446 1447 1427 1426 1426 1446 1447 1428 1408 1427 1427 1447 1428 1451 1448 1449 1449 1450 1451 1453 1452 1448 1448 1451 1453 1455 1431 1430 1430 1454 1455 1456 1432 1431 1431 1455 1456 
						1457 1433 1432 1432 1456 1457 1458 1434 1433 1433 1457 1458 1462 1459 1460 1460 1461 1462 1464 1463 1459 1459 1462 1464 1466 1465 1463 1463 1464 1466 1468 1467 1465 1465 1466 1468 1470 1469 1467 1467 1468 1470 1472 1471 1469 1469 1470 1472 1474 1441 1440 1440 1473 1474 1475 1442 1441 1441 1474 1475 1476 1443 1442 1442 1475 1476 1477 1444 1443 1443 1476 1477 1481 1478 1479 1479 1480 1481 1483 1482 1478 1478 1481 1483 1485 1484 1482 1482 1483 1485 1450 1449 1484 1484 1485 1450 1487 1451 1450 1450 1486 1487 1488 1453 1451 1451 1487 1488 1492 1489 1490 1490 1491 1492 1494 1493 1489 1489 1492 1494 1495 1457 1493 1493 1494 1495 1496 1458 1457 1457 1495 1496 1497 1462 1461 1461 1496 1497 1498 1464 1462 1462 1497 1498 1499 1466 1464 1464 1498 1499 1500 1468 1466 1466 1499 1500 1501 1470 1468 1468 1500 1501 1502 1472 1470 1470 1501 1502 1506 1503 1504 1504 1505 1506 1508 1507 1503 1503 1506 1508 1509 1476 1507 1507 1508 1509 1510 1477 1476 1476 1509 1510 
						1512 1481 1480 1480 1511 1512 1513 1483 1481 1481 1512 1513 1514 1485 1483 1483 1513 1514 1486 1450 1485 1485 1514 1486 1516 1487 1486 1486 1515 1516 1517 1488 1487 1487 1516 1517 1519 1492 1491 1491 1518 1519 1520 1494 1492 1492 1519 1520 1521 1495 1494 1494 1520 1521 1522 1496 1495 1495 1521 1522 1523 1497 1496 1496 1522 1523 1524 1498 1497 1497 1523 1524 1525 1499 1498 1498 1524 1525 1526 1500 1499 1499 1525 1526 1527 1501 1500 1500 1526 1527 1528 1502 1501 1501 1527 1528 1530 1506 1505 1505 1529 1530 1531 1508 1506 1506 1530 1531 1532 1509 1508 1508 1531 1532 1533 1510 1509 1509 1532 1533 1535 1512 1511 1511 1534 1535 1536 1513 1512 1512 1535 1536 1537 1514 1513 1513 1536 1537 1515 1486 1514 1514 1537 1515 1539 1516 1515 1515 1538 1539 1540 1517 1516 1516 1539 1540 1542 1519 1518 1518 1541 1542 1543 1520 1519 1519 1542 1543 1544 1521 1520 1520 1543 1544 1545 1522 1521 1521 1544 1545 1547 1523 1522 1522 1546 1547 1548 1524 1523 1523 1547 1548 
						1549 1525 1524 1524 1548 1549 1550 1526 1525 1525 1549 1550 1551 1527 1526 1526 1550 1551 1552 1528 1527 1527 1551 1552 1554 1530 1529 1529 1553 1554 1555 1531 1530 1530 1554 1555 1556 1532 1531 1531 1555 1556 1557 1533 1532 1532 1556 1557 1559 1535 1534 1534 1558 1559 1560 1536 1535 1535 1559 1560 1561 1537 1536 1536 1560 1561 1538 1515 1537 1537 1561 1538 1563 1539 1538 1538 1562 1563 1564 1540 1539 1539 1563 1564 1566 1542 1541 1541 1565 1566 1567 1543 1542 1542 1566 1567 1568 1544 1543 1543 1567 1568 1569 1545 1544 1544 1568 1569 1571 1547 1546 1546 1570 1571 1572 1548 1547 1547 1571 1572 1573 1549 1548 1548 1572 1573 1574 1550 1549 1549 1573 1574 1575 1551 1550 1550 1574 1575 1576 1552 1551 1551 1575 1576 1578 1554 1553 1553 1577 1578 1579 1555 1554 1554 1578 1579 1580 1556 1555 1555 1579 1580 1581 1557 1556 1556 1580 1581 1583 1559 1558 1558 1582 1583 1584 1560 1559 1559 1583 1584 1585 1561 1560 1560 1584 1585 1562 1538 1561 1561 1585 1562 
						1587 1563 1562 1562 1586 1587 1588 1564 1563 1563 1587 1588 1592 1589 1590 1590 1591 1592 1594 1593 1589 1589 1592 1594 1595 1568 1593 1593 1594 1595 1596 1569 1568 1568 1595 1596 1598 1571 1570 1570 1597 1598 1599 1572 1571 1571 1598 1599 1600 1573 1572 1572 1599 1600 1601 1574 1573 1573 1600 1601 1602 1575 1574 1574 1601 1602 1603 1576 1575 1575 1602 1603 1607 1604 1605 1605 1606 1607 1609 1608 1604 1604 1607 1609 1611 1610 1608 1608 1609 1611 1613 1612 1610 1610 1611 1613 1615 1583 1582 1582 1614 1615 1616 1584 1583 1583 1615 1616 1617 1585 1584 1584 1616 1617 1586 1562 1585 1585 1617 1586 1621 1618 1619 1619 1620 1621 1622 1591 1618 1618 1621 1622 1623 1592 1591 1591 1622 1623 1624 1594 1592 1592 1623 1624 1625 1595 1594 1594 1624 1625 1626 1596 1595 1595 1625 1626 1628 1627 1596 1596 1626 1628 1630 1629 1627 1627 1628 1630 1632 1631 1629 1629 1630 1632 1634 1633 1631 1631 1632 1634 1636 1635 1633 1633 1634 1636 1637 1606 1635 1635 1636 1637 
						1638 1607 1606 1606 1637 1638 1639 1609 1607 1607 1638 1639 1640 1611 1609 1609 1639 1640 1641 1613 1611 1611 1640 1641 1643 1642 1613 1613 1641 1643 1645 1644 1642 1642 1643 1645 1647 1646 1644 1644 1645 1647 1620 1619 1646 1646 1647 1620 1649 1621 1620 1620 1648 1649 1650 1622 1621 1621 1649 1650 1651 1623 1622 1622 1650 1651 1652 1624 1623 1623 1651 1652 1653 1625 1624 1624 1652 1653 1654 1626 1625 1625 1653 1654 1655 1628 1626 1626 1654 1655 1656 1630 1628 1628 1655 1656 1657 1632 1630 1630 1656 1657 1658 1634 1632 1632 1657 1658 1659 1636 1634 1634 1658 1659 1660 1637 1636 1636 1659 1660 1661 1638 1637 1637 1660 1661 1662 1639 1638 1638 1661 1662 1663 1640 1639 1639 1662 1663 1664 1641 1640 1640 1663 1664 1665 1643 1641 1641 1664 1665 1666 1645 1643 1643 1665 1666 1667 1647 1645 1645 1666 1667 1648 1620 1647 1647 1667 1648 1669 1649 1648 1648 1668 1669 1670 1650 1649 1649 1669 1670 1671 1651 1650 1650 1670 1671 1672 1652 1651 1651 1671 1672 
						1673 1653 1652 1652 1672 1673 1674 1654 1653 1653 1673 1674 1675 1655 1654 1654 1674 1675 1676 1656 1655 1655 1675 1676 1677 1657 1656 1656 1676 1677 1678 1658 1657 1657 1677 1678 1679 1659 1658 1658 1678 1679 1680 1660 1659 1659 1679 1680 1681 1661 1660 1660 1680 1681 1682 1662 1661 1661 1681 1682 1683 1663 1662 1662 1682 1683 1684 1664 1663 1663 1683 1684 1685 1665 1664 1664 1684 1685 1686 1666 1665 1665 1685 1686 1687 1667 1666 1666 1686 1687 1668 1648 1667 1667 1687 1668 1689 1669 1668 1668 1688 1689 1690 1670 1669 1669 1689 1690 1691 1671 1670 1670 1690 1691 1692 1672 1671 1671 1691 1692 1693 1673 1672 1672 1692 1693 1694 1674 1673 1673 1693 1694 1695 1675 1674 1674 1694 1695 1696 1676 1675 1675 1695 1696 1697 1677 1676 1676 1696 1697 1698 1678 1677 1677 1697 1698 1699 1679 1678 1678 1698 1699 1700 1680 1679 1679 1699 1700 1701 1681 1680 1680 1700 1701 1702 1682 1681 1681 1701 1702 1703 1683 1682 1682 1702 1703 1704 1684 1683 1683 1703 1704 
						1705 1685 1684 1684 1704 1705 1706 1686 1685 1685 1705 1706 1707 1687 1686 1686 1706 1707 1688 1668 1687 1687 1707 1688 1711 1708 1709 1709 1710 1711 1713 1712 1708 1708 1711 1713 1715 1691 1690 1690 1714 1715 1716 1692 1691 1691 1715 1716 1717 1693 1692 1692 1716 1717 1718 1694 1693 1693 1717 1718 1722 1719 1720 1720 1721 1722 1724 1723 1719 1719 1722 1724 1726 1725 1723 1723 1724 1726 1728 1727 1725 1725 1726 1728 1730 1729 1727 1727 1728 1730 1732 1731 1729 1729 1730 1732 1734 1701 1700 1700 1733 1734 1735 1702 1701 1701 1734 1735 1736 1703 1702 1702 1735 1736 1737 1704 1703 1703 1736 1737 1741 1738 1739 1739 1740 1741 1743 1742 1738 1738 1741 1743 1745 1744 1742 1742 1743 1745 1710 1709 1744 1744 1745 1710 1747 1711 1710 1710 1746 1747 1748 1713 1711 1711 1747 1748 1752 1749 1750 1750 1751 1752 1754 1753 1749 1749 1752 1754 1756 1755 1753 1753 1754 1756 1758 1757 1755 1755 1756 1758 1760 1722 1721 1721 1759 1760 1761 1724 1722 1722 1760 1761 
						1762 1726 1724 1724 1761 1762 1763 1728 1726 1726 1762 1763 1764 1730 1728 1728 1763 1764 1765 1732 1730 1730 1764 1765 1769 1766 1767 1767 1768 1769 1771 1770 1766 1766 1769 1771 1773 1772 1770 1770 1771 1773 1775 1774 1772 1772 1773 1775 1777 1741 1740 1740 1776 1777 1778 1743 1741 1741 1777 1778 1779 1745 1743 1743 1778 1779 1746 1710 1745 1745 1779 1746 1252 1747 1746 1746 1253 1252 1256 1748 1747 1747 1252 1256 1258 1752 1751 1751 1259 1258 1262 1754 1752 1752 1258 1262 1264 1756 1754 1754 1262 1264 1266 1758 1756 1756 1264 1266 1268 1760 1759 1759 1269 1268 1272 1761 1760 1760 1268 1272 1274 1762 1761 1761 1272 1274 1276 1763 1762 1762 1274 1276 1278 1764 1763 1763 1276 1278 1280 1765 1764 1764 1278 1280 1282 1769 1768 1768 1283 1282 1286 1771 1769 1769 1282 1286 1288 1773 1771 1771 1286 1288 1290 1775 1773 1773 1288 1290 1292 1777 1776 1776 1293 1292 1296 1778 1777 1777 1292 1296 1298 1779 1778 1778 1296 1298 1253 1746 1779 1779 1298 1253 
						1783 1780 1781 1781 1782 1783 1782 1781 1784 1784 1785 1782 1785 1784 1786 1786 1787 1785 1787 1786 1788 1788 1789 1787 1789 1788 1790 1790 1791 1789 1791 1790 1792 1792 1793 1791 1793 1792 1794 1794 1795 1793 1795 1794 1796 1796 1797 1795 1797 1796 1798 1798 1799 1797 1799 1798 1800 1800 1801 1799 1801 1800 1802 1802 1803 1801 1803 1802 1804 1804 1805 1803 1805 1804 1806 1806 1807 1805 1807 1806 1808 1808 1809 1807 1809 1808 1810 1810 1811 1809 1811 1810 1812 1812 1813 1811 1817 1814 1815 1815 1816 1817 1816 1815 1818 1818 1819 1816 1819 1818 1820 1820 1821 1819 1821 1820 1780 1780 1783 1821 1822 1823 1824 1825 1822 1824 1826 1825 1824 1827 1826 1824 1828 1827 1824 1829 1828 1824 1830 1829 1824 1831 1830 1824 1832 1831 1824 1833 1832 1824 1834 1833 1824 1835 1834 1824 1836 1835 1824 1837 1836 1824 1838 1837 1824 1839 1838 1824 1840 1839 1824 1841 1840 1824 1842 1841 1824 1823 1842 1824 1843 1844 1845 1844 1846 1845 1846 1847 1845 1847 1848 1845 
						1848 1849 1845 1849 1850 1845 1850 1851 1845 1851 1852 1845 1852 1853 1845 1853 1854 1845 1854 1855 1845 1855 1856 1845 1856 1857 1845 1857 1858 1845 1858 1859 1845 1859 1860 1845 1860 1861 1845 1861 1862 1845 1862 1863 1845 1863 1843 1845 1867 1864 1865 1865 1866 1867 1866 1865 1868 1868 1869 1866 1869 1868 1870 1870 1871 1869 1871 1870 1872 1872 1873 1871 1873 1872 1874 1874 1875 1873 1875 1874 1876 1876 1877 1875 1881 1878 1879 1879 1880 1881 1880 1879 1882 1882 1883 1880 1883 1882 1884 1884 1885 1883 1885 1884 1886 1886 1887 1885 1887 1886 1888 1888 1889 1887 1889 1888 1890 1890 1891 1889 1891 1890 1892 1892 1893 1891 1893 1892 1894 1894 1895 1893 1895 1894 1896 1896 1897 1895 1897 1896 1898 1898 1899 1897 1899 1898 1900 1900 1901 1899 1901 1900 1902 1902 1903 1901 1903 1902 1904 1904 1905 1903 1905 1904 1864 1864 1867 1905 1906 1907 1908 1909 1906 1908 1910 1909 1908 1911 1910 1908 1912 1911 1908 1913 1912 1908 1914 1913 1908 1915 1914 1908 
						1916 1915 1908 1917 1916 1908 1918 1917 1908 1919 1918 1908 1920 1919 1908 1921 1920 1908 1922 1921 1908 1923 1922 1908 1924 1923 1908 1925 1924 1908 1926 1925 1908 1907 1926 1908 1927 1928 1929 1928 1930 1929 1930 1931 1929 1931 1932 1929 1932 1933 1929 1933 1934 1929 1934 1935 1929 1935 1936 1929 1936 1937 1929 1937 1938 1929 1938 1939 1929 1939 1940 1929 1940 1941 1929 1941 1942 1929 1942 1943 1929 1943 1944 1929 1944 1945 1929 1945 1946 1929 1946 1947 1929 1947 1927 1929 1951 1948 1949 1949 1950 1951 1950 1949 1952 1952 1953 1950 1957 1954 1955 1955 1956 1957 1956 1955 1958 1958 1959 1956 1959 1958 1960 1960 1961 1959 1961 1960 1962 1962 1963 1961 1963 1962 1964 1964 1965 1963 1965 1964 1966 1966 1967 1965 1967 1966 1968 1968 1969 1967 1969 1968 1970 1970 1971 1969 1971 1970 1972 1972 1973 1971 1973 1972 1974 1974 1975 1973 1975 1974 1976 1976 1977 1975 1977 1976 1978 1978 1979 1977 1979 1978 1980 1980 1981 1979 1981 1980 1982 1982 1983 1981 
						1983 1982 1984 1984 1985 1983 1985 1984 1986 1986 1987 1985 1987 1986 1988 1988 1989 1987 1989 1988 1948 1948 1951 1989 1990 1991 1992 1993 1990 1992 1994 1993 1992 1995 1994 1992 1996 1995 1992 1997 1996 1992 1998 1997 1992 1999 1998 1992 2000 1999 1992 2001 2000 1992 2002 2001 1992 2003 2002 1992 2004 2003 1992 2005 2004 1992 2006 2005 1992 2007 2006 1992 2008 2007 1992 2009 2008 1992 2010 2009 1992 1991 2010 1992 2011 2012 2013 2012 2014 2013 2014 2015 2013 2015 2016 2013 2016 2017 2013 2017 2018 2013 2018 2019 2013 2019 2020 2013 2020 2021 2013 2021 2022 2013 2022 2023 2013 2023 2024 2013 2024 2025 2013 2025 2026 2013 2026 2027 2013 2027 2028 2013 2028 2029 2013 2029 2030 2013 2030 2031 2013 2031 2011 2013 2035 2032 2033 2033 2034 2035 2034 2033 2036 2036 2037 2034 2041 2038 2039 2039 2040 2041 2040 2039 2042 2042 2043 2040 2043 2042 2044 2044 2045 2043 2045 2044 2046 2046 2047 2045 2047 2046 2048 2048 2049 2047 2049 2048 2050 2050 2051 2049 
						2051 2050 2052 2052 2053 2051 2053 2052 2054 2054 2055 2053 2055 2054 2056 2056 2057 2055 2057 2056 2058 2058 2059 2057 2059 2058 2060 2060 2061 2059 2061 2060 2062 2062 2063 2061 2063 2062 2064 2064 2065 2063 2065 2064 2066 2066 2067 2065 2067 2066 2068 2068 2069 2067 2069 2068 2070 2070 2071 2069 2071 2070 2072 2072 2073 2071 2073 2072 2032 2032 2035 2073 2074 2075 2076 2077 2074 2076 2078 2077 2076 2079 2078 2076 2080 2079 2076 2081 2080 2076 2082 2081 2076 2083 2082 2076 2084 2083 2076 2085 2084 2076 2086 2085 2076 2087 2086 2076 2088 2087 2076 2089 2088 2076 2090 2089 2076 2091 2090 2076 2092 2091 2076 2093 2092 2076 2094 2093 2076 2075 2094 2076 2095 2096 2097 2096 2098 2097 2098 2099 2097 2099 2100 2097 2100 2101 2097 2101 2102 2097 2102 2103 2097 2103 2104 2097 2104 2105 2097 2105 2106 2097 2106 2107 2097 2107 2108 2097 2108 2109 2097 2109 2110 2097 2110 2111 2097 2111 2112 2097 2112 2113 2097 2113 2114 2097 2114 2115 2097 2115 2095 2097 
						2119 2116 2117 2117 2118 2119 2118 2117 2120 2120 2121 2118 2121 2120 2122 2122 2123 2121 2123 2122 2124 2124 2125 2123 2125 2124 2126 2126 2127 2125 2127 2126 2128 2128 2129 2127 2129 2128 2130 2130 2131 2129 2131 2130 2132 2132 2133 2131 2133 2132 2134 2134 2135 2133 2135 2134 2136 2136 2137 2135 2137 2136 2138 2138 2139 2137 2139 2138 2140 2140 2141 2139 2141 2140 2142 2142 2143 2141 2143 2142 2144 2144 2145 2143 2145 2144 2146 2146 2147 2145 2147 2146 2148 2148 2149 2147 2153 2150 2151 2151 2152 2153 2152 2151 2154 2154 2155 2152 2155 2154 2156 2156 2157 2155 2157 2156 2116 2116 2119 2157 2158 2159 2160 2161 2158 2160 2162 2161 2160 2163 2162 2160 2164 2163 2160 2165 2164 2160 2166 2165 2160 2167 2166 2160 2168 2167 2160 2169 2168 2160 2170 2169 2160 2171 2170 2160 2172 2171 2160 2173 2172 2160 2174 2173 2160 2175 2174 2160 2176 2175 2160 2177 2176 2160 2178 2177 2160 2159 2178 2160 2179 2180 2181 2180 2182 2181 2182 2183 2181 2183 2184 2181 
						2184 2185 2181 2185 2186 2181 2186 2187 2181 2187 2188 2181 2188 2189 2181 2189 2190 2181 2190 2191 2181 2191 2192 2181 2192 2193 2181 2193 2194 2181 2194 2195 2181 2195 2196 2181 2196 2197 2181 2197 2198 2181 2198 2199 2181 2199 2179 2181 2203 2200 2201 2201 2202 2203 2202 2201 2204 2204 2205 2202 2205 2204 2206 2206 2207 2205 2207 2206 2208 2208 2209 2207 2209 2208 2210 2210 2211 2209 2211 2210 2212 2212 2213 2211 2213 2212 2214 2214 2215 2213 2215 2214 2216 2216 2217 2215 2217 2216 2218 2218 2219 2217 2219 2218 2220 2220 2221 2219 2221 2220 2222 2222 2223 2221 2223 2222 2224 2224 2225 2223 2225 2224 2226 2226 2227 2225 2227 2226 2228 2228 2229 2227 2229 2228 2230 2230 2231 2229 2231 2230 2232 2232 2233 2231 2237 2234 2235 2235 2236 2237 2236 2235 2238 2238 2239 2236 2239 2238 2240 2240 2241 2239 2241 2240 2200 2200 2203 2241 2242 2243 2244 2245 2242 2244 2246 2245 2244 2247 2246 2244 2248 2247 2244 2249 2248 2244 2250 2249 2244 2251 2250 2244 
						2252 2251 2244 2253 2252 2244 2254 2253 2244 2255 2254 2244 2256 2255 2244 2257 2256 2244 2258 2257 2244 2259 2258 2244 2260 2259 2244 2261 2260 2244 2262 2261 2244 2243 2262 2244 2263 2264 2265 2264 2266 2265 2266 2267 2265 2267 2268 2265 2268 2269 2265 2269 2270 2265 2270 2271 2265 2271 2272 2265 2272 2273 2265 2273 2274 2265 2274 2275 2265 2275 2276 2265 2276 2277 2265 2277 2278 2265 2278 2279 2265 2279 2280 2265 2280 2281 2265 2281 2282 2265 2282 2283 2265 2283 2263 2265 2287 2284 2285 2285 2286 2287 2286 2285 2288 2288 2289 2286 2289 2288 2290 2290 2291 2289 2291 2290 2292 2292 2293 2291 2293 2292 2294 2294 2295 2293 2295 2294 2296 2296 2297 2295 2297 2296 2298 2298 2299 2297 2299 2298 2300 2300 2301 2299 2301 2300 2302 2302 2303 2301 2303 2302 2304 2304 2305 2303 2305 2304 2306 2306 2307 2305 2307 2306 2308 2308 2309 2307 2309 2308 2310 2310 2311 2309 2311 2310 2312 2312 2313 2311 2313 2312 2314 2314 2315 2313 2315 2314 2316 2316 2317 2315 
						2321 2318 2319 2319 2320 2321 2320 2319 2322 2322 2323 2320 2323 2322 2324 2324 2325 2323 2325 2324 2284 2284 2287 2325 2326 2327 2328 2329 2326 2328 2330 2329 2328 2331 2330 2328 2332 2331 2328 2333 2332 2328 2334 2333 2328 2335 2334 2328 2336 2335 2328 2337 2336 2328 2338 2337 2328 2339 2338 2328 2340 2339 2328 2341 2340 2328 2342 2341 2328 2343 2342 2328 2344 2343 2328 2345 2344 2328 2346 2345 2328 2327 2346 2328 2347 2348 2349 2348 2350 2349 2350 2351 2349 2351 2352 2349 2352 2353 2349 2353 2354 2349 2354 2355 2349 2355 2356 2349 2356 2357 2349 2357 2358 2349 2358 2359 2349 2359 2360 2349 2360 2361 2349 2361 2362 2349 2362 2363 2349 2363 2364 2349 2364 2365 2349 2365 2366 2349 2366 2367 2349 2367 2347 2349 2371 2368 2369 2369 2370 2371 2370 2369 2372 2372 2373 2370 2377 2374 2375 2375 2376 2377 2376 2375 2378 2378 2379 2376 2379 2378 2380 2380 2381 2379 2381 2380 2382 2382 2383 2381 2383 2382 2384 2384 2385 2383 2385 2384 2386 2386 2387 2385 
						2387 2386 2388 2388 2389 2387 2389 2388 2390 2390 2391 2389 2391 2390 2392 2392 2393 2391 2393 2392 2394 2394 2395 2393 2395 2394 2396 2396 2397 2395 2397 2396 2398 2398 2399 2397 2399 2398 2400 2400 2401 2399 2401 2400 2402 2402 2403 2401 2403 2402 2404 2404 2405 2403 2405 2404 2406 2406 2407 2405 2407 2406 2408 2408 2409 2407 2409 2408 2368 2368 2371 2409 2410 2411 2412 2413 2410 2412 2414 2413 2412 2415 2414 2412 2416 2415 2412 2417 2416 2412 2418 2417 2412 2419 2418 2412 2420 2419 2412 2421 2420 2412 2422 2421 2412 2423 2422 2412 2424 2423 2412 2425 2424 2412 2426 2425 2412 2427 2426 2412 2428 2427 2412 2429 2428 2412 2430 2429 2412 2411 2430 2412 2431 2432 2433 2432 2434 2433 2434 2435 2433 2435 2436 2433 2436 2437 2433 2437 2438 2433 2438 2439 2433 2439 2440 2433 2440 2441 2433 2441 2442 2433 2442 2443 2433 2443 2444 2433 2444 2445 2433 2445 2446 2433 2446 2447 2433 2447 2448 2433 2448 2449 2433 2449 2450 2433 2450 2451 2433 2451 2431 2433 
						2455 2452 2453 2453 2454 2455 2454 2453 2456 2456 2457 2454 2457 2456 2458 2458 2459 2457 2459 2458 2460 2460 2461 2459 2461 2460 2462 2462 2463 2461 2463 2462 2464 2464 2465 2463 2465 2464 2466 2466 2467 2465 2467 2466 2468 2468 2469 2467 2469 2468 2470 2470 2471 2469 2471 2470 2472 2472 2473 2471 2473 2472 2474 2474 2475 2473 2475 2474 2476 2476 2477 2475 2477 2476 2478 2478 2479 2477 2479 2478 2480 2480 2481 2479 2481 2480 2482 2482 2483 2481 2483 2482 2484 2484 2485 2483 2489 2486 2487 2487 2488 2489 2488 2487 2490 2490 2491 2488 2491 2490 2492 2492 2493 2491 2493 2492 2452 2452 2455 2493 2494 2495 2496 2497 2494 2496 2498 2497 2496 2499 2498 2496 2500 2499 2496 2501 2500 2496 2502 2501 2496 2503 2502 2496 2504 2503 2496 2505 2504 2496 2506 2505 2496 2507 2506 2496 2508 2507 2496 2509 2508 2496 2510 2509 2496 2511 2510 2496 2512 2511 2496 2513 2512 2496 2514 2513 2496 2495 2514 2496 2515 2516 2517 2516 2518 2517 2518 2519 2517 2519 2520 2517 
						2520 2521 2517 2521 2522 2517 2522 2523 2517 2523 2524 2517 2524 2525 2517 2525 2526 2517 2526 2527 2517 2527 2528 2517 2528 2529 2517 2529 2530 2517 2530 2531 2517 2531 2532 2517 2532 2533 2517 2533 2534 2517 2534 2535 2517 2535 2515 2517 2539 2536 2537 2537 2538 2539 2538 2537 2540 2540 2541 2538 2541 2540 2542 2542 2543 2541 2543 2542 2544 2544 2545 2543 2545 2544 2546 2546 2547 2545 2547 2546 2548 2548 2549 2547 2549 2548 2550 2550 2551 2549 2551 2550 2552 2552 2553 2551 2553 2552 2554 2554 2555 2553 2555 2554 2556 2556 2557 2555 2557 2556 2558 2558 2559 2557 2559 2558 2560 2560 2561 2559 2561 2560 2562 2562 2563 2561 2563 2562 2564 2564 2565 2563 2565 2564 2566 2566 2567 2565 2567 2566 2568 2568 2569 2567 2573 2570 2571 2571 2572 2573 2572 2571 2574 2574 2575 2572 2575 2574 2576 2576 2577 2575 2577 2576 2536 2536 2539 2577 2578 2579 2580 2581 2578 2580 2582 2581 2580 2583 2582 2580 2584 2583 2580 2585 2584 2580 2586 2585 2580 2587 2586 2580 
						2588 2587 2580 2589 2588 2580 2590 2589 2580 2591 2590 2580 2592 2591 2580 2593 2592 2580 2594 2593 2580 2595 2594 2580 2596 2595 2580 2597 2596 2580 2598 2597 2580 2579 2598 2580 2599 2600 2601 2600 2602 2601 2602 2603 2601 2603 2604 2601 2604 2605 2601 2605 2606 2601 2606 2607 2601 2607 2608 2601 2608 2609 2601 2609 2610 2601 2610 2611 2601 2611 2612 2601 2612 2613 2601 2613 2614 2601 2614 2615 2601 2615 2616 2601 2616 2617 2601 2617 2618 2601 2618 2619 2601 2619 2599 2601 2623 2620 2621 2621 2622 2623 2622 2621 2624 2624 2625 2622 2625 2624 2626 2626 2627 2625 2627 2626 2628 2628 2629 2627 2629 2628 2630 2630 2631 2629 2631 2630 2632 2632 2633 2631 2633 2632 2634 2634 2635 2633 2635 2634 2636 2636 2637 2635 2637 2636 2638 2638 2639 2637 2639 2638 2640 2640 2641 2639 2641 2640 2642 2642 2643 2641 2643 2642 2644 2644 2645 2643 2645 2644 2646 2646 2647 2645 2647 2646 2648 2648 2649 2647 2649 2648 2650 2650 2651 2649 2651 2650 2652 2652 2653 2651 
						2657 2654 2655 2655 2656 2657 2656 2655 2658 2658 2659 2656 2659 2658 2660 2660 2661 2659 2661 2660 2620 2620 2623 2661 2662 2663 2664 2665 2662 2664 2666 2665 2664 2667 2666 2664 2668 2667 2664 2669 2668 2664 2670 2669 2664 2671 2670 2664 2672 2671 2664 2673 2672 2664 2674 2673 2664 2675 2674 2664 2676 2675 2664 2677 2676 2664 2678 2677 2664 2679 2678 2664 2680 2679 2664 2681 2680 2664 2682 2681 2664 2663 2682 2664 2683 2684 2685 2684 2686 2685 2686 2687 2685 2687 2688 2685 2688 2689 2685 2689 2690 2685 2690 2691 2685 2691 2692 2685 2692 2693 2685 2693 2694 2685 2694 2695 2685 2695 2696 2685 2696 2697 2685 2697 2698 2685 2698 2699 2685 2699 2700 2685 2700 2701 2685 2701 2702 2685 2702 2703 2685 2703 2683 2685 
					</p>
				</polylist>
			</mesh>
		</geometry>
	</library_geometries>
	<library_visual_scenes>
		<visual_scene id="RootNode" name="RootNode">
			<node id="pCylinder27" name="pCylinder27">
				<matrix>1.000000 0.000000 0.000000 0.000000 0.000000 1.000000 0.000000 0.000000 0.000000 0.000000 1.000000 0.000000 0.000000 0.000000 0.000000 1.000000</matrix>
				<instance_geometry url="#meshId0">
					<bind_material>
						<technique_common>
							<instance_material symbol="defaultMaterial" target="#openPBR_shader1" />
						</technique_common>
					</bind_material>
				</instance_geometry>
			</node>
		</visual_scene>
	</library_visual_scenes>
	<scene>
		<instance_visual_scene url="#RootNode" />
	</scene>
</COLLADA>
