# Created by Mesh Terrain Editor
# Available at the Unity Asset Store - http://u3d.as/xsv 

v 0 0 0
v -15.87302 0 0
v -31.74603 0 0
v -47.61905 0 0
v -63.49207 0 0
v -79.36508 0 0
v -95.2381 0 0
v -111.1111 0 0
v -126.9841 0 0
v -142.8571 0 0
v -158.7302 0 0
v -174.6032 0 0
v -190.4762 0 0
v -206.3492 0 0
v -222.2222 0 0
v -238.0952 0 0
v -253.9683 0 0
v -269.8413 0 0
v -285.7143 0 0
v -301.5873 0 0
v -317.4603 0 0
v -333.3333 0 0
v -349.2064 0 0
v -365.0794 0 0
v -380.9524 0 0
v -396.8254 0 0
v -412.6984 0 0
v -428.5714 0 0
v -444.4445 0 0
v -460.3175 0 0
v -476.1905 0 0
v -492.0635 0 0
v -507.9365 0 0
v -523.8096 0 0
v -539.6826 0 0
v -555.5555 0 0
v -571.4286 0 0
v -587.3016 0 0
v -603.1746 0 0
v -619.0476 0 0
v -634.9207 0 0
v -650.7937 0 0
v -666.6667 0 0
v -682.5397 0 0
v -698.4127 0 0
v -714.2858 0 0
v -730.1588 0 0
v -746.0317 0 0
v -761.9048 0 0
v -777.7778 0 0
v -793.6508 0 0
v -809.5238 0 0
v -825.3969 0 0
v -841.2699 0 0
v -857.1429 0 0
v -873.0159 0 0
v -888.8889 0 0
v -904.762 0 0
v -920.6349 0 0
v -936.5079 0 0
v -952.381 0 0
v -968.254 0 0
v -984.127 0 0
v -1000 0 0
v 0 0 15.87302
v -15.87302 0 15.87302
v -31.74603 0 15.87302
v -47.61905 0 15.87302
v -63.49207 0 15.87302
v -79.36508 0 15.87302
v -95.2381 0 15.87302
v -111.1111 0 15.87302
v -126.9841 0 15.87302
v -142.8571 0 15.87302
v -158.7302 0 15.87302
v -174.6032 0 15.87302
v -190.4762 0 15.87302
v -206.3492 0 15.87302
v -222.2222 0 15.87302
v -238.0952 0 15.87302
v -253.9683 0 15.87302
v -269.8413 0 15.87302
v -285.7143 0 15.87302
v -301.5873 0 15.87302
v -317.4603 0 15.87302
v -333.3333 0 15.87302
v -349.2064 0 15.87302
v -365.0794 0 15.87302
v -380.9524 0 15.87302
v -396.8254 0 15.87302
v -412.6984 0 15.87302
v -428.5714 0 15.87302
v -444.4445 0 15.87302
v -460.3175 0 15.87302
v -476.1905 0 15.87302
v -492.0635 0 15.87302
v -507.9365 0 15.87302
v -523.8096 0 15.87302
v -539.6826 0 15.87302
v -555.5555 0 15.87302
v -571.4286 0 15.87302
v -587.3016 0 15.87302
v -603.1746 0 15.87302
v -619.0476 0 15.87302
v -634.9207 0 15.87302
v -650.7937 0 15.87302
v -666.6667 0 15.87302
v -682.5397 0 15.87302
v -698.4127 0 15.87302
v -714.2858 0 15.87302
v -730.1588 0 15.87302
v -746.0317 0 15.87302
v -761.9048 0 15.87302
v -777.7778 0 15.87302
v -793.6508 0 15.87302
v -809.5238 0 15.87302
v -825.3969 0 15.87302
v -841.2699 0 15.87302
v -857.1429 0 15.87302
v -873.0159 0 15.87302
v -888.8889 0 15.87302
v -904.762 0 15.87302
v -920.6349 0 15.87302
v -936.5079 0 15.87302
v -952.381 0 15.87302
v -968.254 0 15.87302
v -984.127 0 15.87302
v -1000 0 15.87302
v 0 0 31.74603
v -15.87302 0 31.74603
v -31.74603 0 31.74603
v -47.61905 0 31.74603
v -63.49207 0 31.74603
v -79.36508 0 31.74603
v -95.2381 0 31.74603
v -111.1111 0 31.74603
v -126.9841 0 31.74603
v -142.8571 0 31.74603
v -158.7302 0 31.74603
v -174.6032 0 31.74603
v -190.4762 0 31.74603
v -206.3492 0 31.74603
v -222.2222 0 31.74603
v -238.0952 0 31.74603
v -253.9683 0 31.74603
v -269.8413 0 31.74603
v -285.7143 0 31.74603
v -301.5873 0 31.74603
v -317.4603 0 31.74603
v -333.3333 0 31.74603
v -349.2064 0 31.74603
v -365.0794 0 31.74603
v -380.9524 0 31.74603
v -396.8254 0 31.74603
v -412.6984 0 31.74603
v -428.5714 0 31.74603
v -444.4445 0 31.74603
v -460.3175 0 31.74603
v -476.1905 0 31.74603
v -492.0635 0 31.74603
v -507.9365 0 31.74603
v -523.8096 0 31.74603
v -539.6826 0 31.74603
v -555.5555 0 31.74603
v -571.4286 0 31.74603
v -587.3016 0 31.74603
v -603.1746 0 31.74603
v -619.0476 0 31.74603
v -634.9207 0 31.74603
v -650.7937 0 31.74603
v -666.6667 0 31.74603
v -682.5397 0 31.74603
v -698.4127 0 31.74603
v -714.2858 0 31.74603
v -730.1588 0 31.74603
v -746.0317 0 31.74603
v -761.9048 0 31.74603
v -777.7778 0 31.74603
v -793.6508 0 31.74603
v -809.5238 0 31.74603
v -825.3969 0 31.74603
v -841.2699 0 31.74603
v -857.1429 0 31.74603
v -873.0159 0 31.74603
v -888.8889 0 31.74603
v -904.762 0 31.74603
v -920.6349 0 31.74603
v -936.5079 0 31.74603
v -952.381 0 31.74603
v -968.254 0 31.74603
v -984.127 0 31.74603
v -1000 0 31.74603
v 0 0 47.61905
v -15.87302 0 47.61905
v -31.74603 0 47.61905
v -47.61905 0 47.61905
v -63.49207 0 47.61905
v -79.36508 0 47.61905
v -95.2381 0 47.61905
v -111.1111 0 47.61905
v -126.9841 0 47.61905
v -142.8571 0 47.61905
v -158.7302 0 47.61905
v -174.6032 0 47.61905
v -190.4762 0 47.61905
v -206.3492 0 47.61905
v -222.2222 0 47.61905
v -238.0952 0 47.61905
v -253.9683 0 47.61905
v -269.8413 0 47.61905
v -285.7143 0 47.61905
v -301.5873 0 47.61905
v -317.4603 0 47.61905
v -333.3333 0 47.61905
v -349.2064 0 47.61905
v -365.0794 0 47.61905
v -380.9524 0 47.61905
v -396.8254 0 47.61905
v -412.6984 0 47.61905
v -428.5714 0 47.61905
v -444.4445 0 47.61905
v -460.3175 0 47.61905
v -476.1905 0 47.61905
v -492.0635 0 47.61905
v -507.9365 0 47.61905
v -523.8096 0 47.61905
v -539.6826 0 47.61905
v -555.5555 0 47.61905
v -571.4286 0 47.61905
v -587.3016 0 47.61905
v -603.1746 0 47.61905
v -619.0476 0 47.61905
v -634.9207 0 47.61905
v -650.7937 0 47.61905
v -666.6667 0 47.61905
v -682.5397 0 47.61905
v -698.4127 0 47.61905
v -714.2858 0 47.61905
v -730.1588 0 47.61905
v -746.0317 0 47.61905
v -761.9048 0 47.61905
v -777.7778 0 47.61905
v -793.6508 0 47.61905
v -809.5238 0 47.61905
v -825.3969 0 47.61905
v -841.2699 0 47.61905
v -857.1429 0 47.61905
v -873.0159 0 47.61905
v -888.8889 0 47.61905
v -904.762 0 47.61905
v -920.6349 0 47.61905
v -936.5079 0 47.61905
v -952.381 0 47.61905
v -968.254 0 47.61905
v -984.127 0 47.61905
v -1000 0 47.61905
v 0 0 63.49207
v -15.87302 0 63.49207
v -31.74603 0 63.49207
v -47.61905 0 63.49207
v -63.49207 0 63.49207
v -79.36508 0 63.49207
v -95.2381 0 63.49207
v -111.1111 0 63.49207
v -126.9841 0 63.49207
v -142.8571 0 63.49207
v -158.7302 0 63.49207
v -174.6032 0 63.49207
v -190.4762 0 63.49207
v -206.3492 0 63.49207
v -222.2222 0 63.49207
v -238.0952 0 63.49207
v -253.9683 0 63.49207
v -269.8413 0 63.49207
v -285.7143 0 63.49207
v -301.5873 0 63.49207
v -317.4603 0 63.49207
v -333.3333 0 63.49207
v -349.2064 0 63.49207
v -365.0794 0 63.49207
v -380.9524 0 63.49207
v -396.8254 0 63.49207
v -412.6984 0.2822329 63.49207
v -428.5714 1.141429 63.49207
v -444.4445 1.372214 63.49207
v -460.3175 0.9243045 63.49207
v -476.1905 0.5935314 63.49207
v -492.0635 0.3054855 63.49207
v -507.9365 0.1281817 63.49207
v -523.8096 0.02441539 63.49207
v -539.6826 0.01511468 63.49207
v -555.5555 0.01976483 63.49207
v -571.4286 0 63.49207
v -587.3016 0 63.49207
v -603.1746 0 63.49207
v -619.0476 0 63.49207
v -634.9207 0 63.49207
v -650.7937 0 63.49207
v -666.6667 0 63.49207
v -682.5397 0 63.49207
v -698.4127 0 63.49207
v -714.2858 0 63.49207
v -730.1588 0 63.49207
v -746.0317 0 63.49207
v -761.9048 0 63.49207
v -777.7778 0 63.49207
v -793.6508 0 63.49207
v -809.5238 0 63.49207
v -825.3969 0 63.49207
v -841.2699 0 63.49207
v -857.1429 0 63.49207
v -873.0159 0 63.49207
v -888.8889 0 63.49207
v -904.762 0 63.49207
v -920.6349 0 63.49207
v -936.5079 0 63.49207
v -952.381 0 63.49207
v -968.254 0 63.49207
v -984.127 0 63.49207
v -1000 0 63.49207
v 0 0 79.36508
v -15.87302 0 79.36508
v -31.74603 0 79.36508
v -47.61905 0 79.36508
v -63.49207 0 79.36508
v -79.36508 0 79.36508
v -95.2381 0 79.36508
v -111.1111 0 79.36508
v -126.9841 0 79.36508
v -142.8571 0 79.36508
v -158.7302 0 79.36508
v -174.6032 0 79.36508
v -190.4762 0 79.36508
v -206.3492 0 79.36508
v -222.2222 0 79.36508
v -238.0952 0 79.36508
v -253.9683 0 79.36508
v -269.8413 0 79.36508
v -285.7143 0 79.36508
v -301.5873 0 79.36508
v -317.4603 0.1060918 79.36508
v -333.3333 1.191132 79.36508
v -349.2064 2.275009 79.36508
v -365.0794 1.682349 79.36508
v -380.9524 1.125443 79.36508
v -396.8254 11.09282 79.36508
v -412.6984 32.9241 79.36508
v -428.5714 40.54668 79.36508
v -444.4445 38.70214 79.36508
v -460.3175 34.22596 79.36508
v -476.1905 29.08997 79.36508
v -492.0635 26.58912 79.36508
v -507.9365 22.4501 79.36508
v -523.8096 17.89195 79.36508
v -539.6826 15.17136 79.36508
v -555.5555 13.20504 79.36508
v -571.4286 11.30905 79.36508
v -587.3016 4.853456 79.36508
v -603.1746 0.1889289 79.36508
v -619.0476 0 79.36508
v -634.9207 0 79.36508
v -650.7937 0 79.36508
v -666.6667 0 79.36508
v -682.5397 0 79.36508
v -698.4127 0 79.36508
v -714.2858 0 79.36508
v -730.1588 0 79.36508
v -746.0317 0 79.36508
v -761.9048 0 79.36508
v -777.7778 0 79.36508
v -793.6508 0 79.36508
v -809.5238 0 79.36508
v -825.3969 0 79.36508
v -841.2699 0 79.36508
v -857.1429 0 79.36508
v -873.0159 0 79.36508
v -888.8889 0 79.36508
v -904.762 0 79.36508
v -920.6349 0 79.36508
v -936.5079 0 79.36508
v -952.381 0 79.36508
v -968.254 0 79.36508
v -984.127 0 79.36508
v -1000 0 79.36508
v 0 0 95.2381
v -15.87302 0 95.2381
v -31.74603 0 95.2381
v -47.61905 0 95.2381
v -63.49207 0 95.2381
v -79.36508 0 95.2381
v -95.2381 0 95.2381
v -111.1111 0 95.2381
v -126.9841 0 95.2381
v -142.8571 0 95.2381
v -158.7302 0 95.2381
v -174.6032 0 95.2381
v -190.4762 0 95.2381
v -206.3492 0 95.2381
v -222.2222 0.1764316 95.2381
v -238.0952 0.4691277 95.2381
v -253.9683 0.4854049 95.2381
v -269.8413 0.7362466 95.2381
v -285.7143 3.125196 95.2381
v -301.5873 10.6978 95.2381
v -317.4603 26.56588 95.2381
v -333.3333 39.93774 95.2381
v -349.2064 41.54742 95.2381
v -365.0794 32.5561 95.2381
v -380.9524 35.79844 95.2381
v -396.8254 45.26091 95.2381
v -412.6984 45.90298 95.2381
v -428.5714 45.90734 95.2381
v -444.4445 45.90734 95.2381
v -460.3175 45.8774 95.2381
v -476.1905 45.39462 95.2381
v -492.0635 45.34637 95.2381
v -507.9365 43.4966 95.2381
v -523.8096 43.9166 95.2381
v -539.6826 39.65958 95.2381
v -555.5555 42.43279 95.2381
v -571.4286 42.22757 95.2381
v -587.3016 35.70337 95.2381
v -603.1746 13.74069 95.2381
v -619.0476 0.1613161 95.2381
v -634.9207 0 95.2381
v -650.7937 0 95.2381
v -666.6667 0 95.2381
v -682.5397 0 95.2381
v -698.4127 0 95.2381
v -714.2858 0 95.2381
v -730.1588 0 95.2381
v -746.0317 0 95.2381
v -761.9048 0 95.2381
v -777.7778 0 95.2381
v -793.6508 0 95.2381
v -809.5238 0 95.2381
v -825.3969 0 95.2381
v -841.2699 0 95.2381
v -857.1429 0 95.2381
v -873.0159 0 95.2381
v -888.8889 0 95.2381
v -904.762 0 95.2381
v -920.6349 0 95.2381
v -936.5079 0 95.2381
v -952.381 0 95.2381
v -968.254 0 95.2381
v -984.127 0 95.2381
v -1000 0 95.2381
v 0 0 111.1111
v -15.87302 0 111.1111
v -31.74603 0 111.1111
v -47.61905 0 111.1111
v -63.49207 0 111.1111
v -79.36508 0 111.1111
v -95.2381 0 111.1111
v -111.1111 0 111.1111
v -126.9841 0 111.1111
v -142.8571 0 111.1111
v -158.7302 0 111.1111
v -174.6032 0 111.1111
v -190.4762 0.2735127 111.1111
v -206.3492 5.666445 111.1111
v -222.2222 15.07864 111.1111
v -238.0952 26.4374 111.1111
v -253.9683 32.2762 111.1111
v -269.8413 36.87766 111.1111
v -285.7143 42.37581 111.1111
v -301.5873 45.24086 111.1111
v -317.4603 45.88874 111.1111
v -333.3333 45.90734 111.1111
v -349.2064 45.90734 111.1111
v -365.0794 45.82014 111.1111
v -380.9524 45.90531 111.1111
v -396.8254 45.90734 111.1111
v -412.6984 45.90734 111.1111
v -428.5714 45.90734 111.1111
v -444.4445 45.90734 111.1111
v -460.3175 45.90734 111.1111
v -476.1905 45.90734 111.1111
v -492.0635 45.90734 111.1111
v -507.9365 45.90734 111.1111
v -523.8096 45.90036 111.1111
v -539.6826 45.76405 111.1111
v -555.5555 45.90734 111.1111
v -571.4286 45.90734 111.1111
v -587.3016 45.68063 111.1111
v -603.1746 42.7522 111.1111
v -619.0476 21.5871 111.1111
v -634.9207 7.310409 111.1111
v -650.7937 4.212851 111.1111
v -666.6667 7.955406 111.1111
v -682.5397 9.129093 111.1111
v -698.4127 8.529749 111.1111
v -714.2858 8.373958 111.1111
v -730.1588 11.18233 111.1111
v -746.0317 11.67819 111.1111
v -761.9048 4.74039 111.1111
v -777.7778 0.2909511 111.1111
v -793.6508 0 111.1111
v -809.5238 0 111.1111
v -825.3969 0 111.1111
v -841.2699 0 111.1111
v -857.1429 0 111.1111
v -873.0159 0 111.1111
v -888.8889 0 111.1111
v -904.762 0 111.1111
v -920.6349 0 111.1111
v -936.5079 0 111.1111
v -952.381 0 111.1111
v -968.254 0 111.1111
v -984.127 0 111.1111
v -1000 0 111.1111
v 0 0 126.9841
v -15.87302 0 126.9841
v -31.74603 0 126.9841
v -47.61905 0 126.9841
v -63.49207 0 126.9841
v -79.36508 0 126.9841
v -95.2381 0 126.9841
v -111.1111 0 126.9841
v -126.9841 0 126.9841
v -142.8571 0 126.9841
v -158.7302 0 126.9841
v -174.6032 0.1601555 126.9841
v -190.4762 11.42039 126.9841
v -206.3492 28.29764 126.9841
v -222.2222 43.28762 126.9841
v -238.0952 45.77364 126.9841
v -253.9683 45.90734 126.9841
v -269.8413 45.90734 126.9841
v -285.7143 45.90734 126.9841
v -301.5873 45.90734 126.9841
v -317.4603 45.90734 126.9841
v -333.3333 45.90734 126.9841
v -349.2064 45.90734 126.9841
v -365.0794 45.90734 126.9841
v -380.9524 45.90734 126.9841
v -396.8254 45.90734 126.9841
v -412.6984 45.90734 126.9841
v -428.5714 45.90734 126.9841
v -444.4445 45.90734 126.9841
v -460.3175 45.90734 126.9841
v -476.1905 45.81607 126.9841
v -492.0635 45.90589 126.9841
v -507.9365 45.90647 126.9841
v -523.8096 45.90705 126.9841
v -539.6826 45.75562 126.9841
v -555.5555 45.90734 126.9841
v -571.4286 45.90734 126.9841
v -587.3016 45.90734 126.9841
v -603.1746 45.90734 126.9841
v -619.0476 45.71086 126.9841
v -634.9207 45.10076 126.9841
v -650.7937 44.44532 126.9841
v -666.6667 44.9159 126.9841
v -682.5397 44.86213 126.9841
v -698.4127 45.42107 126.9841
v -714.2858 45.57599 126.9841
v -730.1588 45.70824 126.9841
v -746.0317 45.67249 126.9841
v -761.9048 44.08693 126.9841
v -777.7778 25.84008 126.9841
v -793.6508 1.507077 126.9841
v -809.5238 0 126.9841
v -825.3969 0 126.9841
v -841.2699 0 126.9841
v -857.1429 0 126.9841
v -873.0159 0 126.9841
v -888.8889 0 126.9841
v -904.762 0 126.9841
v -920.6349 0 126.9841
v -936.5079 0 126.9841
v -952.381 0 126.9841
v -968.254 0 126.9841
v -984.127 0 126.9841
v -1000 0 126.9841
v 0 0 142.8571
v -15.87302 0 142.8571
v -31.74603 0 142.8571
v -47.61905 0 142.8571
v -63.49207 0 142.8571
v -79.36508 0 142.8571
v -95.2381 0 142.8571
v -111.1111 0 142.8571
v -126.9841 0 142.8571
v -142.8571 0 142.8571
v -158.7302 0 142.8571
v -174.6032 3.829472 142.8571
v -190.4762 29.80965 142.8571
v -206.3492 42.7281 142.8571
v -222.2222 45.90734 142.8571
v -238.0952 45.90734 142.8571
v -253.9683 45.90734 142.8571
v -269.8413 45.90734 142.8571
v -285.7143 45.90734 142.8571
v -301.5873 45.90734 142.8571
v -317.4603 45.90734 142.8571
v -333.3333 45.90734 142.8571
v -349.2064 45.90734 142.8571
v -365.0794 45.90734 142.8571
v -380.9524 45.90734 142.8571
v -396.8254 45.90734 142.8571
v -412.6984 45.90734 142.8571
v -428.5714 45.90734 142.8571
v -444.4445 45.71231 142.8571
v -460.3175 39.37965 142.8571
v -476.1905 25.98335 142.8571
v -492.0635 22.80323 142.8571
v -507.9365 25.45872 142.8571
v -523.8096 29.7486 142.8571
v -539.6826 41.37594 142.8571
v -555.5555 45.77248 142.8571
v -571.4286 45.90734 142.8571
v -587.3016 45.90734 142.8571
v -603.1746 45.90734 142.8571
v -619.0476 45.90734 142.8571
v -634.9207 45.90734 142.8571
v -650.7937 45.90734 142.8571
v -666.6667 45.90734 142.8571
v -682.5397 45.90734 142.8571
v -698.4127 45.90734 142.8571
v -714.2858 45.90734 142.8571
v -730.1588 45.90734 142.8571
v -746.0317 45.90734 142.8571
v -761.9048 45.90734 142.8571
v -777.7778 45.36322 142.8571
v -793.6508 23.19126 142.8571
v -809.5238 0.1979395 142.8571
v -825.3969 0 142.8571
v -841.2699 0 142.8571
v -857.1429 0 142.8571
v -873.0159 0 142.8571
v -888.8889 0 142.8571
v -904.762 0 142.8571
v -920.6349 0 142.8571
v -936.5079 0 142.8571
v -952.381 0 142.8571
v -968.254 0 142.8571
v -984.127 0 142.8571
v -1000 0 142.8571
v 0 0 158.7302
v -15.87302 0 158.7302
v -31.74603 0 158.7302
v -47.61905 0 158.7302
v -63.49207 0 158.7302
v -79.36508 0 158.7302
v -95.2381 0 158.7302
v -111.1111 0 158.7302
v -126.9841 0 158.7302
v -142.8571 0 158.7302
v -158.7302 0 158.7302
v -174.6032 9.84936 158.7302
v -190.4762 32.81102 158.7302
v -206.3492 42.92574 158.7302
v -222.2222 45.90734 158.7302
v -238.0952 45.90734 158.7302
v -253.9683 45.90734 158.7302
v -269.8413 45.90734 158.7302
v -285.7143 45.90734 158.7302
v -301.5873 45.90734 158.7302
v -317.4603 45.90734 158.7302
v -333.3333 45.90734 158.7302
v -349.2064 45.90734 158.7302
v -365.0794 45.90734 158.7302
v -380.9524 45.90734 158.7302
v -396.8254 45.90734 158.7302
v -412.6984 45.90734 158.7302
v -428.5714 43.51694 158.7302
v -444.4445 17.37193 158.7302
v -460.3175 1.343434 158.7302
v -476.1905 0.01337037 158.7302
v -492.0635 0.01337037 158.7302
v -507.9365 0.05348148 158.7302
v -523.8096 0.1470745 158.7302
v -539.6826 1.456511 158.7302
v -555.5555 19.83594 158.7302
v -571.4286 44.59298 158.7302
v -587.3016 45.90734 158.7302
v -603.1746 45.90734 158.7302
v -619.0476 45.90734 158.7302
v -634.9207 45.90734 158.7302
v -650.7937 45.90734 158.7302
v -666.6667 45.90734 158.7302
v -682.5397 45.90734 158.7302
v -698.4127 45.90734 158.7302
v -714.2858 45.90734 158.7302
v -730.1588 45.90734 158.7302
v -746.0317 45.90734 158.7302
v -761.9048 45.90734 158.7302
v -777.7778 45.90734 158.7302
v -793.6508 42.10083 158.7302
v -809.5238 2.907766 158.7302
v -825.3969 0 158.7302
v -841.2699 0 158.7302
v -857.1429 0 158.7302
v -873.0159 0 158.7302
v -888.8889 0 158.7302
v -904.762 0 158.7302
v -920.6349 0 158.7302
v -936.5079 0 158.7302
v -952.381 0 158.7302
v -968.254 0 158.7302
v -984.127 0 158.7302
v -1000 0 158.7302
v 0 0 174.6032
v -15.87302 0 174.6032
v -31.74603 0 174.6032
v -47.61905 0 174.6032
v -63.49207 0 174.6032
v -79.36508 0 174.6032
v -95.2381 0 174.6032
v -111.1111 0 174.6032
v -126.9841 0 174.6032
v -142.8571 0 174.6032
v -158.7302 0 174.6032
v -174.6032 6.673008 174.6032
v -190.4762 29.15595 174.6032
v -206.3492 43.28297 174.6032
v -222.2222 45.90734 174.6032
v -238.0952 45.90734 174.6032
v -253.9683 45.90734 174.6032
v -269.8413 45.90734 174.6032
v -285.7143 45.90734 174.6032
v -301.5873 45.90734 174.6032
v -317.4603 45.90734 174.6032
v -333.3333 45.90734 174.6032
v -349.2064 45.90734 174.6032
v -365.0794 45.90734 174.6032
v -380.9524 45.90734 174.6032
v -396.8254 45.90734 174.6032
v -412.6984 45.19086 174.6032
v -428.5714 11.79356 174.6032
v -444.4445 0.04359903 174.6032
v -460.3175 0 174.6032
v -476.1905 0 174.6032
v -492.0635 0 174.6032
v -507.9365 0 174.6032
v -523.8096 0 174.6032
v -539.6826 0 174.6032
v -555.5555 0.1058024 174.6032
v -571.4286 21.09074 174.6032
v -587.3016 45.08391 174.6032
v -603.1746 45.90734 174.6032
v -619.0476 45.90734 174.6032
v -634.9207 45.90734 174.6032
v -650.7937 45.90734 174.6032
v -666.6667 45.90734 174.6032
v -682.5397 45.90734 174.6032
v -698.4127 45.90734 174.6032
v -714.2858 45.90734 174.6032
v -730.1588 45.90734 174.6032
v -746.0317 45.90734 174.6032
v -761.9048 45.90734 174.6032
v -777.7778 45.90734 174.6032
v -793.6508 45.3359 174.6032
v -809.5238 12.38273 174.6032
v -825.3969 0.007266436 174.6032
v -841.2699 0 174.6032
v -857.1429 0 174.6032
v -873.0159 0 174.6032
v -888.8889 0 174.6032
v -904.762 0 174.6032
v -920.6349 0 174.6032
v -936.5079 0 174.6032
v -952.381 0 174.6032
v -968.254 0 174.6032
v -984.127 0 174.6032
v -1000 0 174.6032
v 0 0 190.4762
v -15.87302 0 190.4762
v -31.74603 0 190.4762
v -47.61905 0 190.4762
v -63.49207 0 190.4762
v -79.36508 0 190.4762
v -95.2381 0 190.4762
v -111.1111 0 190.4762
v -126.9841 0 190.4762
v -142.8571 0 190.4762
v -158.7302 0 190.4762
v -174.6032 0.7161902 190.4762
v -190.4762 17.50508 190.4762
v -206.3492 43.19809 190.4762
v -222.2222 45.90734 190.4762
v -238.0952 45.90734 190.4762
v -253.9683 45.90734 190.4762
v -269.8413 45.90734 190.4762
v -285.7143 45.90734 190.4762
v -301.5873 45.90734 190.4762
v -317.4603 45.90734 190.4762
v -333.3333 45.90734 190.4762
v -349.2064 45.90734 190.4762
v -365.0794 45.90734 190.4762
v -380.9524 45.90385 190.4762
v -396.8254 45.41729 190.4762
v -412.6984 32.62032 190.4762
v -428.5714 0.3278652 190.4762
v -444.4445 0 190.4762
v -460.3175 0 190.4762
v -476.1905 0 190.4762
v -492.0635 0 190.4762
v -507.9365 0 190.4762
v -523.8096 0 190.4762
v -539.6826 0 190.4762
v -555.5555 0 190.4762
v -571.4286 0.214511 190.4762
v -587.3016 27.02082 190.4762
v -603.1746 45.76463 190.4762
v -619.0476 45.90734 190.4762
v -634.9207 45.61261 190.4762
v -650.7937 45.4853 190.4762
v -666.6667 45.61697 190.4762
v -682.5397 45.53617 190.4762
v -698.4127 44.64383 190.4762
v -714.2858 44.45549 190.4762
v -730.1588 45.63906 190.4762
v -746.0317 45.90734 190.4762
v -761.9048 45.90734 190.4762
v -777.7778 45.90734 190.4762
v -793.6508 45.85706 190.4762
v -809.5238 28.05955 190.4762
v -825.3969 1.036204 190.4762
v -841.2699 0 190.4762
v -857.1429 0 190.4762
v -873.0159 0 190.4762
v -888.8889 0 190.4762
v -904.762 0 190.4762
v -920.6349 0 190.4762
v -936.5079 0 190.4762
v -952.381 0 190.4762
v -968.254 0 190.4762
v -984.127 0 190.4762
v -1000 0 190.4762
v 0 0 206.3492
v -15.87302 0 206.3492
v -31.74603 0 206.3492
v -47.61905 0 206.3492
v -63.49207 0 206.3492
v -79.36508 0 206.3492
v -95.2381 0 206.3492
v -111.1111 0 206.3492
v -126.9841 0 206.3492
v -142.8571 0 206.3492
v -158.7302 0 206.3492
v -174.6032 0 206.3492
v -190.4762 1.798904 206.3492
v -206.3492 34.21317 206.3492
v -222.2222 45.90327 206.3492
v -238.0952 45.90734 206.3492
v -253.9683 45.90734 206.3492
v -269.8413 45.90734 206.3492
v -285.7143 45.90734 206.3492
v -301.5873 45.90734 206.3492
v -317.4603 45.81375 206.3492
v -333.3333 45.53355 206.3492
v -349.2064 45.224 206.3492
v -365.0794 44.84788 206.3492
v -380.9524 44.88683 206.3492
v -396.8254 44.9842 206.3492
v -412.6984 12.054 206.3492
v -428.5714 0 206.3492
v -444.4445 0 206.3492
v -460.3175 0 206.3492
v -476.1905 0 206.3492
v -492.0635 0 206.3492
v -507.9365 0 206.3492
v -523.8096 0 206.3492
v -539.6826 0 206.3492
v -555.5555 0 206.3492
v -571.4286 0 206.3492
v -587.3016 1.265552 206.3492
v -603.1746 25.78983 206.3492
v -619.0476 42.30429 206.3492
v -634.9207 9.103496 206.3492
v -650.7937 6.910757 206.3492
v -666.6667 8.161764 206.3492
v -682.5397 7.811221 206.3492
v -698.4127 3.382129 206.3492
v -714.2858 3.084792 206.3492
v -730.1588 14.99728 206.3492
v -746.0317 45.66988 206.3492
v -761.9048 45.90734 206.3492
v -777.7778 45.90734 206.3492
v -793.6508 45.90734 206.3492
v -809.5238 37.85659 206.3492
v -825.3969 2.139259 206.3492
v -841.2699 0 206.3492
v -857.1429 0 206.3492
v -873.0159 0 206.3492
v -888.8889 0 206.3492
v -904.762 0 206.3492
v -920.6349 0 206.3492
v -936.5079 0 206.3492
v -952.381 0 206.3492
v -968.254 0 206.3492
v -984.127 0 206.3492
v -1000 0 206.3492
v 0 0 222.2222
v -15.87302 0 222.2222
v -31.74603 0 222.2222
v -47.61905 0 222.2222
v -63.49207 0 222.2222
v -79.36508 0 222.2222
v -95.2381 0 222.2222
v -111.1111 0 222.2222
v -126.9841 0 222.2222
v -142.8571 0 222.2222
v -158.7302 0 222.2222
v -174.6032 0 222.2222
v -190.4762 0.3502475 222.2222
v -206.3492 23.57497 222.2222
v -222.2222 45.828 222.2222
v -238.0952 45.90734 222.2222
v -253.9683 45.90734 222.2222
v -269.8413 45.90734 222.2222
v -285.7143 45.90734 222.2222
v -301.5873 45.89223 222.2222
v -317.4603 35.0267 222.2222
v -333.3333 14.50893 222.2222
v -349.2064 7.910051 222.2222
v -365.0794 4.34916 222.2222
v -380.9524 3.514383 222.2222
v -396.8254 5.936172 222.2222
v -412.6984 0.4342471 222.2222
v -428.5714 0 222.2222
v -444.4445 0 222.2222
v -460.3175 0 222.2222
v -476.1905 0 222.2222
v -492.0635 0 222.2222
v -507.9365 0 222.2222
v -523.8096 0 222.2222
v -539.6826 0 222.2222
v -555.5555 0 222.2222
v -571.4286 0 222.2222
v -587.3016 0 222.2222
v -603.1746 0.2209053 222.2222
v -619.0476 3.414975 222.2222
v -634.9207 0.02906588 222.2222
v -650.7937 0 222.2222
v -666.6667 0 222.2222
v -682.5397 0 222.2222
v -698.4127 0 222.2222
v -714.2858 0 222.2222
v -730.1588 7.37731 222.2222
v -746.0317 45.5449 222.2222
v -761.9048 45.90734 222.2222
v -777.7778 45.90734 222.2222
v -793.6508 45.90734 222.2222
v -809.5238 34.11401 222.2222
v -825.3969 0.4548826 222.2222
v -841.2699 0 222.2222
v -857.1429 0 222.2222
v -873.0159 0 222.2222
v -888.8889 0 222.2222
v -904.762 0 222.2222
v -920.6349 0 222.2222
v -936.5079 0 222.2222
v -952.381 0 222.2222
v -968.254 0 222.2222
v -984.127 0 222.2222
v -1000 0 222.2222
v 0 0 238.0952
v -15.87302 0 238.0952
v -31.74603 0 238.0952
v -47.61905 0 238.0952
v -63.49207 0 238.0952
v -79.36508 0 238.0952
v -95.2381 0 238.0952
v -111.1111 0 238.0952
v -126.9841 0 238.0952
v -142.8571 0 238.0952
v -158.7302 0 238.0952
v -174.6032 0 238.0952
v -190.4762 0.2363081 238.0952
v -206.3492 18.1768 238.0952
v -222.2222 45.3734 238.0952
v -238.0952 45.90734 238.0952
v -253.9683 45.90734 238.0952
v -269.8413 45.90734 238.0952
v -285.7143 45.90734 238.0952
v -301.5873 45.63092 238.0952
v -317.4603 10.87332 238.0952
v -333.3333 0.01482361 238.0952
v -349.2064 0 238.0952
v -365.0794 0 238.0952
v -380.9524 0 238.0952
v -396.8254 0 238.0952
v -412.6984 0 238.0952
v -428.5714 0 238.0952
v -444.4445 0 238.0952
v -460.3175 0 238.0952
v -476.1905 0 238.0952
v -492.0635 0 238.0952
v -507.9365 0 238.0952
v -523.8096 0 238.0952
v -539.6826 0 238.0952
v -555.5555 0 238.0952
v -571.4286 0 238.0952
v -587.3016 0 238.0952
v -603.1746 0 238.0952
v -619.0476 0.03313541 238.0952
v -634.9207 0 238.0952
v -650.7937 0 238.0952
v -666.6667 0 238.0952
v -682.5397 0 238.0952
v -698.4127 0 238.0952
v -714.2858 0 238.0952
v -730.1588 7.467124 238.0952
v -746.0317 45.57454 238.0952
v -761.9048 45.90734 238.0952
v -777.7778 45.90734 238.0952
v -793.6508 45.85706 238.0952
v -809.5238 19.47659 238.0952
v -825.3969 0.02005535 238.0952
v -841.2699 0 238.0952
v -857.1429 0 238.0952
v -873.0159 0 238.0952
v -888.8889 0 238.0952
v -904.762 0 238.0952
v -920.6349 0 238.0952
v -936.5079 0 238.0952
v -952.381 0 238.0952
v -968.254 0 238.0952
v -984.127 0 238.0952
v -1000 0 238.0952
v 0 0 253.9683
v -15.87302 0 253.9683
v -31.74603 0 253.9683
v -47.61905 0 253.9683
v -63.49207 0 253.9683
v -79.36508 0 253.9683
v -95.2381 0 253.9683
v -111.1111 0 253.9683
v -126.9841 0 253.9683
v -142.8571 0 253.9683
v -158.7302 0 253.9683
v -174.6032 0 253.9683
v -190.4762 0.1874769 253.9683
v -206.3492 15.24374 253.9683
v -222.2222 43.58844 253.9683
v -238.0952 45.90734 253.9683
v -253.9683 45.90734 253.9683
v -269.8413 45.90734 253.9683
v -285.7143 45.90734 253.9683
v -301.5873 45.8184 253.9683
v -317.4603 16.9374 253.9683
v -333.3333 1.615511 253.9683
v -349.2064 2.892105 253.9683
v -365.0794 5.221768 253.9683
v -380.9524 7.095662 253.9683
v -396.8254 4.535806 253.9683
v -412.6984 1.554461 253.9683
v -428.5714 0 253.9683
v -444.4445 0 253.9683
v -460.3175 0 253.9683
v -476.1905 0 253.9683
v -492.0635 0 253.9683
v -507.9365 0 253.9683
v -523.8096 0 253.9683
v -539.6826 0 253.9683
v -555.5555 0 253.9683
v -571.4286 0 253.9683
v -587.3016 0.3104315 253.9683
v -603.1746 16.68782 253.9683
v -619.0476 27.01845 253.9683
v -634.9207 0.4356984 253.9683
v -650.7937 0 253.9683
v -666.6667 0 253.9683
v -682.5397 0 253.9683
v -698.4127 0 253.9683
v -714.2858 0 253.9683
v -730.1588 10.88881 253.9683
v -746.0317 45.71202 253.9683
v -761.9048 45.90734 253.9683
v -777.7778 45.90734 253.9683
v -793.6508 45.89513 253.9683
v -809.5238 28.36677 253.9683
v -825.3969 0.2999611 253.9683
v -841.2699 0 253.9683
v -857.1429 0 253.9683
v -873.0159 0 253.9683
v -888.8889 0 253.9683
v -904.762 0 253.9683
v -920.6349 0 253.9683
v -936.5079 0 253.9683
v -952.381 0 253.9683
v -968.254 0 253.9683
v -984.127 0 253.9683
v -1000 0 253.9683
v 0 0 269.8413
v -15.87302 0 269.8413
v -31.74603 0 269.8413
v -47.61905 0 269.8413
v -63.49207 0 269.8413
v -79.36508 0 269.8413
v -95.2381 0 269.8413
v -111.1111 0 269.8413
v -126.9841 0 269.8413
v -142.8571 0 269.8413
v -158.7302 0 269.8413
v -174.6032 0 269.8413
v -190.4762 0.1874769 269.8413
v -206.3492 13.75497 269.8413
v -222.2222 40.33072 269.8413
v -238.0952 45.90734 269.8413
v -253.9683 45.90734 269.8413
v -269.8413 45.90734 269.8413
v -285.7143 45.90734 269.8413
v -301.5873 45.90734 269.8413
v -317.4603 45.07344 269.8413
v -333.3333 43.40738 269.8413
v -349.2064 44.5767 269.8413
v -365.0794 45.29522 269.8413
v -380.9524 45.46264 269.8413
v -396.8254 44.52642 269.8413
v -412.6984 19.27723 269.8413
v -428.5714 0 269.8413
v -444.4445 0 269.8413
v -460.3175 0 269.8413
v -476.1905 0 269.8413
v -492.0635 0 269.8413
v -507.9365 0 269.8413
v -523.8096 0 269.8413
v -539.6826 0 269.8413
v -555.5555 0 269.8413
v -571.4286 0.01627753 269.8413
v -587.3016 16.2007 269.8413
v -603.1746 45.28098 269.8413
v -619.0476 43.57565 269.8413
v -634.9207 1.507068 269.8413
v -650.7937 0 269.8413
v -666.6667 0 269.8413
v -682.5397 0 269.8413
v -698.4127 0 269.8413
v -714.2858 0 269.8413
v -730.1588 11.81397 269.8413
v -746.0317 45.73208 269.8413
v -761.9048 45.90734 269.8413
v -777.7778 45.90734 269.8413
v -793.6508 45.90734 269.8413
v -809.5238 31.95731 269.8413
v -825.3969 0.2525831 269.8413
v -841.2699 0 269.8413
v -857.1429 0 269.8413
v -873.0159 0 269.8413
v -888.8889 0 269.8413
v -904.762 0 269.8413
v -920.6349 0 269.8413
v -936.5079 0 269.8413
v -952.381 0 269.8413
v -968.254 0 269.8413
v -984.127 0 269.8413
v -1000 0 269.8413
v 0 0 285.7143
v -15.87302 0 285.7143
v -31.74603 0 285.7143
v -47.61905 0 285.7143
v -63.49207 0 285.7143
v -79.36508 0 285.7143
v -95.2381 0 285.7143
v -111.1111 0 285.7143
v -126.9841 0 285.7143
v -142.8571 0 285.7143
v -158.7302 0 285.7143
v -174.6032 0 285.7143
v -190.4762 0.2485159 285.7143
v -206.3492 13.35298 285.7143
v -222.2222 33.85187 285.7143
v -238.0952 45.90385 285.7143
v -253.9683 45.90734 285.7143
v -269.8413 45.90734 285.7143
v -285.7143 45.90734 285.7143
v -301.5873 45.90734 285.7143
v -317.4603 45.90734 285.7143
v -333.3333 45.90734 285.7143
v -349.2064 45.90734 285.7143
v -365.0794 45.90734 285.7143
v -380.9524 45.90734 285.7143
v -396.8254 45.90734 285.7143
v -412.6984 37.60722 285.7143
v -428.5714 0.9338955 285.7143
v -444.4445 0 285.7143
v -460.3175 0 285.7143
v -476.1905 0 285.7143
v -492.0635 0 285.7143
v -507.9365 0 285.7143
v -523.8096 0 285.7143
v -539.6826 0 285.7143
v -555.5555 0 285.7143
v -571.4286 7.803447 285.7143
v -587.3016 42.40084 285.7143
v -603.1746 45.90734 285.7143
v -619.0476 43.93054 285.7143
v -634.9207 1.880565 285.7143
v -650.7937 0 285.7143
v -666.6667 0 285.7143
v -682.5397 0 285.7143
v -698.4127 0 285.7143
v -714.2858 0 285.7143
v -730.1588 8.671914 285.7143
v -746.0317 45.57658 285.7143
v -761.9048 45.90734 285.7143
v -777.7778 45.90734 285.7143
v -793.6508 45.90734 285.7143
v -809.5238 30.80803 285.7143
v -825.3969 0.08748838 285.7143
v -841.2699 0 285.7143
v -857.1429 0 285.7143
v -873.0159 0 285.7143
v -888.8889 0 285.7143
v -904.762 0 285.7143
v -920.6349 0 285.7143
v -936.5079 0 285.7143
v -952.381 0 285.7143
v -968.254 0 285.7143
v -984.127 0 285.7143
v -1000 0 285.7143
v 0 0 301.5873
v -15.87302 0 301.5873
v -31.74603 0 301.5873
v -47.61905 0 301.5873
v -63.49207 0 301.5873
v -79.36508 0 301.5873
v -95.2381 0 301.5873
v -111.1111 0 301.5873
v -126.9841 0 301.5873
v -142.8571 0 301.5873
v -158.7302 0 301.5873
v -174.6032 0 301.5873
v -190.4762 0.3269945 301.5873
v -206.3492 12.64115 301.5873
v -222.2222 23.71593 301.5873
v -238.0952 45.42775 301.5873
v -253.9683 45.90734 301.5873
v -269.8413 45.90734 301.5873
v -285.7143 45.90734 301.5873
v -301.5873 45.90734 301.5873
v -317.4603 45.90734 301.5873
v -333.3333 45.90734 301.5873
v -349.2064 45.90734 301.5873
v -365.0794 45.90734 301.5873
v -380.9524 45.90734 301.5873
v -396.8254 45.90734 301.5873
v -412.6984 45.65156 301.5873
v -428.5714 22.76201 301.5873
v -444.4445 1.288796 301.5873
v -460.3175 0 301.5873
v -476.1905 0 301.5873
v -492.0635 0 301.5873
v -507.9365 0 301.5873
v -523.8096 0 301.5873
v -539.6826 0 301.5873
v -555.5555 1.432684 301.5873
v -571.4286 29.10896 301.5873
v -587.3016 45.89077 301.5873
v -603.1746 45.90734 301.5873
v -619.0476 43.51693 301.5873
v -634.9207 1.476839 301.5873
v -650.7937 0 301.5873
v -666.6667 0 301.5873
v -682.5397 0 301.5873
v -698.4127 0 301.5873
v -714.2858 0 301.5873
v -730.1588 8.429512 301.5873
v -746.0317 45.50449 301.5873
v -761.9048 45.90734 301.5873
v -777.7778 45.90734 301.5873
v -793.6508 45.90095 301.5873
v -809.5238 27.72818 301.5873
v -825.3969 0.08748838 301.5873
v -841.2699 0 301.5873
v -857.1429 0 301.5873
v -873.0159 0 301.5873
v -888.8889 0 301.5873
v -904.762 0 301.5873
v -920.6349 0 301.5873
v -936.5079 0 301.5873
v -952.381 0 301.5873
v -968.254 0 301.5873
v -984.127 0 301.5873
v -1000 0 301.5873
v 0 0 317.4603
v -15.87302 0 317.4603
v -31.74603 0 317.4603
v -47.61905 0 317.4603
v -63.49207 0 317.4603
v -79.36508 0 317.4603
v -95.2381 0 317.4603
v -111.1111 0 317.4603
v -126.9841 0 317.4603
v -142.8571 0 317.4603
v -158.7302 0 317.4603
v -174.6032 0 317.4603
v -190.4762 0.2334014 317.4603
v -206.3492 11.09048 317.4603
v -222.2222 18.99007 317.4603
v -238.0952 41.0097 317.4603
v -253.9683 45.90734 317.4603
v -269.8413 45.90734 317.4603
v -285.7143 45.90734 317.4603
v -301.5873 45.90734 317.4603
v -317.4603 45.90734 317.4603
v -333.3333 45.90734 317.4603
v -349.2064 45.90734 317.4603
v -365.0794 45.90734 317.4603
v -380.9524 45.90734 317.4603
v -396.8254 45.90734 317.4603
v -412.6984 45.90734 317.4603
v -428.5714 45.80503 317.4603
v -444.4445 37.88627 317.4603
v -460.3175 13.35272 317.4603
v -476.1905 1.912269 317.4603
v -492.0635 0.7626994 317.4603
v -507.9365 0.4519818 317.4603
v -523.8096 1.611151 317.4603
v -539.6826 15.28741 317.4603
v -555.5555 39.27334 317.4603
v -571.4286 45.73063 317.4603
v -587.3016 45.90734 317.4603
v -603.1746 45.90734 317.4603
v -619.0476 42.99955 317.4603
v -634.9207 1.040559 317.4603
v -650.7937 0 317.4603
v -666.6667 0 317.4603
v -682.5397 0 317.4603
v -698.4127 0 317.4603
v -714.2858 0 317.4603
v -730.1588 18.95205 317.4603
v -746.0317 45.84834 317.4603
v -761.9048 45.90734 317.4603
v -777.7778 45.90734 317.4603
v -793.6508 45.90095 317.4603
v -809.5238 30.00029 317.4603
v -825.3969 0.6769484 317.4603
v -841.2699 0 317.4603
v -857.1429 0 317.4603
v -873.0159 0 317.4603
v -888.8889 0 317.4603
v -904.762 0 317.4603
v -920.6349 0 317.4603
v -936.5079 0 317.4603
v -952.381 0 317.4603
v -968.254 0 317.4603
v -984.127 0 317.4603
v -1000 0 317.4603
v 0 0 333.3333
v -15.87302 0 333.3333
v -31.74603 0 333.3333
v -47.61905 0 333.3333
v -63.49207 0 333.3333
v -79.36508 0 333.3333
v -95.2381 0 333.3333
v -111.1111 0 333.3333
v -126.9841 0 333.3333
v -142.8571 0 333.3333
v -158.7302 0 333.3333
v -174.6032 0.05842333 333.3333
v -190.4762 0.8440836 333.3333
v -206.3492 10.29378 333.3333
v -222.2222 20.54569 333.3333
v -238.0952 42.48481 333.3333
v -253.9683 45.90734 333.3333
v -269.8413 45.90734 333.3333
v -285.7143 45.90734 333.3333
v -301.5873 45.90734 333.3333
v -317.4603 45.90734 333.3333
v -333.3333 45.90734 333.3333
v -349.2064 45.90734 333.3333
v -365.0794 45.90734 333.3333
v -380.9524 45.90734 333.3333
v -396.8254 45.90734 333.3333
v -412.6984 45.90734 333.3333
v -428.5714 45.90734 333.3333
v -444.4445 45.90734 333.3333
v -460.3175 45.64778 333.3333
v -476.1905 43.74832 333.3333
v -492.0635 41.75497 333.3333
v -507.9365 39.23873 333.3333
v -523.8096 42.72636 333.3333
v -539.6826 45.68034 333.3333
v -555.5555 45.90734 333.3333
v -571.4286 45.90734 333.3333
v -587.3016 45.90734 333.3333
v -603.1746 45.90734 333.3333
v -619.0476 43.18499 333.3333
v -634.9207 1.156823 333.3333
v -650.7937 0 333.3333
v -666.6667 0 333.3333
v -682.5397 0 333.3333
v -698.4127 0 333.3333
v -714.2858 0 333.3333
v -730.1588 20.50361 333.3333
v -746.0317 45.84108 333.3333
v -761.9048 45.90734 333.3333
v -777.7778 45.90734 333.3333
v -793.6508 45.90734 333.3333
v -809.5238 42.42289 333.3333
v -825.3969 4.147143 333.3333
v -841.2699 0 333.3333
v -857.1429 0 333.3333
v -873.0159 0 333.3333
v -888.8889 0 333.3333
v -904.762 0 333.3333
v -920.6349 0 333.3333
v -936.5079 0 333.3333
v -952.381 0 333.3333
v -968.254 0 333.3333
v -984.127 0 333.3333
v -1000 0 333.3333
v 0 0 349.2064
v -15.87302 0 349.2064
v -31.74603 0 349.2064
v -47.61905 0 349.2064
v -63.49207 0 349.2064
v -79.36508 0 349.2064
v -95.2381 0 349.2064
v -111.1111 0 349.2064
v -126.9841 0 349.2064
v -142.8571 0 349.2064
v -158.7302 0.5322033 349.2064
v -174.6032 16.12679 349.2064
v -190.4762 32.48026 349.2064
v -206.3492 40.00635 349.2064
v -222.2222 42.82809 349.2064
v -238.0952 45.89455 349.2064
v -253.9683 45.90734 349.2064
v -269.8413 45.90734 349.2064
v -285.7143 45.90734 349.2064
v -301.5873 45.90734 349.2064
v -317.4603 45.90734 349.2064
v -333.3333 45.90734 349.2064
v -349.2064 45.90734 349.2064
v -365.0794 45.90734 349.2064
v -380.9524 45.90734 349.2064
v -396.8254 45.90734 349.2064
v -412.6984 45.90734 349.2064
v -428.5714 45.90734 349.2064
v -444.4445 45.90734 349.2064
v -460.3175 45.90734 349.2064
v -476.1905 45.90734 349.2064
v -492.0635 45.90734 349.2064
v -507.9365 45.90734 349.2064
v -523.8096 45.90734 349.2064
v -539.6826 45.90734 349.2064
v -555.5555 45.90734 349.2064
v -571.4286 45.90734 349.2064
v -587.3016 45.90734 349.2064
v -603.1746 45.90734 349.2064
v -619.0476 43.20708 349.2064
v -634.9207 1.166706 349.2064
v -650.7937 0 349.2064
v -666.6667 0 349.2064
v -682.5397 0 349.2064
v -698.4127 0 349.2064
v -714.2858 0 349.2064
v -730.1588 14.93714 349.2064
v -746.0317 45.76725 349.2064
v -761.9048 45.90734 349.2064
v -777.7778 45.90734 349.2064
v -793.6508 45.90734 349.2064
v -809.5238 44.73655 349.2064
v -825.3969 5.301641 349.2064
v -841.2699 0 349.2064
v -857.1429 0 349.2064
v -873.0159 0 349.2064
v -888.8889 0 349.2064
v -904.762 0 349.2064
v -920.6349 0 349.2064
v -936.5079 0 349.2064
v -952.381 0 349.2064
v -968.254 0 349.2064
v -984.127 0 349.2064
v -1000 0 349.2064
v 0 0 365.0794
v -15.87302 0 365.0794
v -31.74603 0 365.0794
v -47.61905 0 365.0794
v -63.49207 0 365.0794
v -79.36508 0 365.0794
v -95.2381 0 365.0794
v -111.1111 0 365.0794
v -126.9841 0 365.0794
v -142.8571 0.07295662 365.0794
v -158.7302 14.86183 365.0794
v -174.6032 42.71269 365.0794
v -190.4762 45.68877 365.0794
v -206.3492 45.90298 365.0794
v -222.2222 45.90734 365.0794
v -238.0952 45.90734 365.0794
v -253.9683 45.90734 365.0794
v -269.8413 45.90734 365.0794
v -285.7143 45.90734 365.0794
v -301.5873 45.90734 365.0794
v -317.4603 45.90734 365.0794
v -333.3333 45.90734 365.0794
v -349.2064 45.90734 365.0794
v -365.0794 45.90734 365.0794
v -380.9524 45.90734 365.0794
v -396.8254 45.90734 365.0794
v -412.6984 45.90734 365.0794
v -428.5714 45.90734 365.0794
v -444.4445 45.90734 365.0794
v -460.3175 45.90734 365.0794
v -476.1905 45.60825 365.0794
v -492.0635 44.36335 365.0794
v -507.9365 43.2411 365.0794
v -523.8096 45.40799 365.0794
v -539.6826 45.87944 365.0794
v -555.5555 45.90734 365.0794
v -571.4286 45.90734 365.0794
v -587.3016 45.90734 365.0794
v -603.1746 45.90734 365.0794
v -619.0476 41.14076 365.0794
v -634.9207 0.7510627 365.0794
v -650.7937 0 365.0794
v -666.6667 0 365.0794
v -682.5397 0 365.0794
v -698.4127 0 365.0794
v -714.2858 0 365.0794
v -730.1588 9.194815 365.0794
v -746.0317 45.58733 365.0794
v -761.9048 45.90734 365.0794
v -777.7778 45.90734 365.0794
v -793.6508 45.90734 365.0794
v -809.5238 41.25093 365.0794
v -825.3969 1.311455 365.0794
v -841.2699 0 365.0794
v -857.1429 0 365.0794
v -873.0159 0 365.0794
v -888.8889 0 365.0794
v -904.762 0 365.0794
v -920.6349 0 365.0794
v -936.5079 0 365.0794
v -952.381 0 365.0794
v -968.254 0 365.0794
v -984.127 0 365.0794
v -1000 0 365.0794
v 0 0 380.9524
v -15.87302 0 380.9524
v -31.74603 0 380.9524
v -47.61905 0 380.9524
v -63.49207 0 380.9524
v -79.36508 0 380.9524
v -95.2381 0 380.9524
v -111.1111 0 380.9524
v -126.9841 0.02470703 380.9524
v -142.8571 5.604259 380.9524
v -158.7302 34.38293 380.9524
v -174.6032 45.74109 380.9524
v -190.4762 45.90734 380.9524
v -206.3492 45.90734 380.9524
v -222.2222 45.90734 380.9524
v -238.0952 45.90734 380.9524
v -253.9683 45.90734 380.9524
v -269.8413 45.90734 380.9524
v -285.7143 45.90734 380.9524
v -301.5873 45.90734 380.9524
v -317.4603 45.90734 380.9524
v -333.3333 45.90734 380.9524
v -349.2064 45.90734 380.9524
v -365.0794 45.90734 380.9524
v -380.9524 45.90734 380.9524
v -396.8254 45.90734 380.9524
v -412.6984 45.90734 380.9524
v -428.5714 45.90734 380.9524
v -444.4445 45.81288 380.9524
v -460.3175 36.63609 380.9524
v -476.1905 9.985072 380.9524
v -492.0635 2.699947 380.9524
v -507.9365 3.547823 380.9524
v -523.8096 9.449682 380.9524
v -539.6826 27.54513 380.9524
v -555.5555 44.95195 380.9524
v -571.4286 45.90734 380.9524
v -587.3016 45.90734 380.9524
v -603.1746 45.90734 380.9524
v -619.0476 41.8273 380.9524
v -634.9207 0.8155894 380.9524
v -650.7937 0 380.9524
v -666.6667 0 380.9524
v -682.5397 0 380.9524
v -698.4127 0 380.9524
v -714.2858 0 380.9524
v -730.1588 6.827377 380.9524
v -746.0317 45.3548 380.9524
v -761.9048 44.43456 380.9524
v -777.7778 45.81288 380.9524
v -793.6508 45.13825 380.9524
v -809.5238 28.01855 380.9524
v -825.3969 0.305774 380.9524
v -841.2699 0 380.9524
v -857.1429 0 380.9524
v -873.0159 0 380.9524
v -888.8889 0 380.9524
v -904.762 0 380.9524
v -920.6349 0 380.9524
v -936.5079 0 380.9524
v -952.381 0 380.9524
v -968.254 0 380.9524
v -984.127 0 380.9524
v -1000 0 380.9524
v 0 0 396.8254
v -15.87302 0 396.8254
v -31.74603 0 396.8254
v -47.61905 0 396.8254
v -63.49207 0 396.8254
v -79.36508 0 396.8254
v -95.2381 0 396.8254
v -111.1111 0 396.8254
v -126.9841 4.970035 396.8254
v -142.8571 30.46103 396.8254
v -158.7302 44.96182 396.8254
v -174.6032 45.90734 396.8254
v -190.4762 45.90734 396.8254
v -206.3492 45.90734 396.8254
v -222.2222 45.90734 396.8254
v -238.0952 45.90734 396.8254
v -253.9683 45.90734 396.8254
v -269.8413 45.90734 396.8254
v -285.7143 45.90734 396.8254
v -301.5873 45.90734 396.8254
v -317.4603 45.90734 396.8254
v -333.3333 45.90734 396.8254
v -349.2064 45.90734 396.8254
v -365.0794 45.90734 396.8254
v -380.9524 45.90734 396.8254
v -396.8254 45.90734 396.8254
v -412.6984 45.90734 396.8254
v -428.5714 45.8931 396.8254
v -444.4445 34.07479 396.8254
v -460.3175 1.652407 396.8254
v -476.1905 4.928467 396.8254
v -492.0635 11.16287 396.8254
v -507.9365 14.69063 396.8254
v -523.8096 10.02636 396.8254
v -539.6826 4.012583 396.8254
v -555.5555 19.65778 396.8254
v -571.4286 45.65534 396.8254
v -587.3016 45.90734 396.8254
v -603.1746 45.90734 396.8254
v -619.0476 42.49728 396.8254
v -634.9207 0.9431884 396.8254
v -650.7937 0 396.8254
v -666.6667 0 396.8254
v -682.5397 0 396.8254
v -698.4127 0 396.8254
v -714.2858 0 396.8254
v -730.1588 7.520896 396.8254
v -746.0317 43.2039 396.8254
v -761.9048 29.34779 396.8254
v -777.7778 40.60597 396.8254
v -793.6508 38.69923 396.8254
v -809.5238 16.66708 396.8254
v -825.3969 0.3528614 396.8254
v -841.2699 0 396.8254
v -857.1429 0 396.8254
v -873.0159 0 396.8254
v -888.8889 0 396.8254
v -904.762 0 396.8254
v -920.6349 0 396.8254
v -936.5079 0 396.8254
v -952.381 0 396.8254
v -968.254 0 396.8254
v -984.127 0 396.8254
v -1000 0 396.8254
v 0 0 412.6984
v -15.87302 0 412.6984
v -31.74603 0 412.6984
v -47.61905 0 412.6984
v -63.49207 0 412.6984
v -79.36508 0 412.6984
v -95.2381 0 412.6984
v -111.1111 0.3357146 412.6984
v -126.9841 24.67107 412.6984
v -142.8571 44.06397 412.6984
v -158.7302 45.90734 412.6984
v -174.6032 45.90734 412.6984
v -190.4762 45.90734 412.6984
v -206.3492 45.90734 412.6984
v -222.2222 45.65883 412.6984
v -238.0952 45.90734 412.6984
v -253.9683 45.90734 412.6984
v -269.8413 45.90734 412.6984
v -285.7143 45.90734 412.6984
v -301.5873 45.90734 412.6984
v -317.4603 45.90734 412.6984
v -333.3333 45.90734 412.6984
v -349.2064 45.90734 412.6984
v -365.0794 45.90734 412.6984
v -380.9524 45.90734 412.6984
v -396.8254 45.90734 412.6984
v -412.6984 45.90734 412.6984
v -428.5714 43.6553 412.6984
v -444.4445 5.993721 412.6984
v -460.3175 12.06536 412.6984
v -476.1905 43.5745 412.6984
v -492.0635 45.48356 412.6984
v -507.9365 45.73731 412.6984
v -523.8096 45.15046 412.6984
v -539.6826 28.49233 412.6984
v -555.5555 6.020461 412.6984
v -571.4286 34.96225 412.6984
v -587.3016 45.89629 412.6984
v -603.1746 45.90734 412.6984
v -619.0476 43.085 412.6984
v -634.9207 1.040559 412.6984
v -650.7937 0 412.6984
v -666.6667 0 412.6984
v -682.5397 0 412.6984
v -698.4127 0 412.6984
v -714.2858 0 412.6984
v -730.1588 13.95092 412.6984
v -746.0317 36.52418 412.6984
v -761.9048 23.57586 412.6984
v -777.7778 38.74835 412.6984
v -793.6508 36.5274 412.6984
v -809.5238 26.23886 412.6984
v -825.3969 2.545316 412.6984
v -841.2699 0 412.6984
v -857.1429 0 412.6984
v -873.0159 0 412.6984
v -888.8889 0 412.6984
v -904.762 0 412.6984
v -920.6349 0 412.6984
v -936.5079 0 412.6984
v -952.381 0 412.6984
v -968.254 0 412.6984
v -984.127 0 412.6984
v -1000 0 412.6984
v 0 0 428.5714
v -15.87302 0 428.5714
v -31.74603 0 428.5714
v -47.61905 0 428.5714
v -63.49207 0 428.5714
v -79.36508 0 428.5714
v -95.2381 0.786531 428.5714
v -111.1111 10.17635 428.5714
v -126.9841 39.60378 428.5714
v -142.8571 45.90734 428.5714
v -158.7302 45.90734 428.5714
v -174.6032 45.90734 428.5714
v -190.4762 45.90734 428.5714
v -206.3492 42.1299 428.5714
v -222.2222 41.55992 428.5714
v -238.0952 43.75267 428.5714
v -253.9683 43.5867 428.5714
v -269.8413 41.81889 428.5714
v -285.7143 43.0638 428.5714
v -301.5873 45.78788 428.5714
v -317.4603 45.90734 428.5714
v -333.3333 45.89077 428.5714
v -349.2064 45.90734 428.5714
v -365.0794 45.90734 428.5714
v -380.9524 45.90734 428.5714
v -396.8254 45.90734 428.5714
v -412.6984 45.82741 428.5714
v -428.5714 26.17782 428.5714
v -444.4445 21.88419 428.5714
v -460.3175 40.56528 428.5714
v -476.1905 45.83235 428.5714
v -492.0635 45.90734 428.5714
v -507.9365 45.90734 428.5714
v -523.8096 45.90734 428.5714
v -539.6826 44.6665 428.5714
v -555.5555 15.37942 428.5714
v -571.4286 8.656234 428.5714
v -587.3016 45.15309 428.5714
v -603.1746 45.84572 428.5714
v -619.0476 37.28512 428.5714
v -634.9207 0.620848 428.5714
v -650.7937 0.01569579 428.5714
v -666.6667 0 428.5714
v -682.5397 0 428.5714
v -698.4127 0.01569579 428.5714
v -714.2858 0.01569579 428.5714
v -730.1588 17.51735 428.5714
v -746.0317 33.03362 428.5714
v -761.9048 29.83669 428.5714
v -777.7778 33.05807 428.5714
v -793.6508 32.86275 428.5714
v -809.5238 29.23675 428.5714
v -825.3969 7.985613 428.5714
v -841.2699 0 428.5714
v -857.1429 0 428.5714
v -873.0159 0 428.5714
v -888.8889 0 428.5714
v -904.762 0 428.5714
v -920.6349 0 428.5714
v -936.5079 0 428.5714
v -952.381 0 428.5714
v -968.254 0 428.5714
v -984.127 0 428.5714
v -1000 0 428.5714
v 0 0 444.4445
v -15.87302 0 444.4445
v -31.74603 0 444.4445
v -47.61905 0 444.4445
v -63.49207 0 444.4445
v -79.36508 0.1587014 444.4445
v -95.2381 13.88955 444.4445
v -111.1111 28.04737 444.4445
v -126.9841 45.00135 444.4445
v -142.8571 45.90734 444.4445
v -158.7302 45.90734 444.4445
v -174.6032 45.90734 444.4445
v -190.4762 45.77567 444.4445
v -206.3492 19.30862 444.4445
v -222.2222 1.523935 444.4445
v -238.0952 2.136358 444.4445
v -253.9683 2.058169 444.4445
v -269.8413 1.068179 444.4445
v -285.7143 2.593866 444.4445
v -301.5873 28.44674 444.4445
v -317.4603 35.98212 444.4445
v -333.3333 33.64666 444.4445
v -349.2064 32.16254 444.4445
v -365.0794 37.71679 444.4445
v -380.9524 40.68648 444.4445
v -396.8254 38.05163 444.4445
v -412.6984 26.66962 444.4445
v -428.5714 6.432035 444.4445
v -444.4445 6.04285 444.4445
v -460.3175 29.88754 444.4445
v -476.1905 42.73129 444.4445
v -492.0635 45.90734 444.4445
v -507.9365 45.90734 444.4445
v -523.8096 45.90734 444.4445
v -539.6826 45.8899 444.4445
v -555.5555 30.615 444.4445
v -571.4286 9.956335 444.4445
v -587.3016 43.78699 444.4445
v -603.1746 39.66855 444.4445
v -619.0476 2.350841 444.4445
v -634.9207 7.375864 444.4445
v -650.7937 24.65768 444.4445
v -666.6667 22.23241 444.4445
v -682.5397 23.08318 444.4445
v -698.4127 24.93178 444.4445
v -714.2858 24.18129 444.4445
v -730.1588 34.18878 444.4445
v -746.0317 35.62081 444.4445
v -761.9048 24.32633 444.4445
v -777.7778 28.09213 444.4445
v -793.6508 27.82617 444.4445
v -809.5238 25.83049 444.4445
v -825.3969 6.953182 444.4445
v -841.2699 0 444.4445
v -857.1429 0 444.4445
v -873.0159 0 444.4445
v -888.8889 0 444.4445
v -904.762 0 444.4445
v -920.6349 0 444.4445
v -936.5079 0 444.4445
v -952.381 0 444.4445
v -968.254 0 444.4445
v -984.127 0 444.4445
v -1000 0 444.4445
v 0 0 460.3175
v -15.87302 0 460.3175
v -31.74603 0 460.3175
v -47.61905 0 460.3175
v -63.49207 0 460.3175
v -79.36508 1.73961 460.3175
v -95.2381 27.42477 460.3175
v -111.1111 35.92836 460.3175
v -126.9841 45.71463 460.3175
v -142.8571 45.90734 460.3175
v -158.7302 45.90734 460.3175
v -174.6032 45.90734 460.3175
v -190.4762 45.17575 460.3175
v -206.3492 6.313158 460.3175
v -222.2222 0 460.3175
v -238.0952 0 460.3175
v -253.9683 0 460.3175
v -269.8413 0 460.3175
v -285.7143 0 460.3175
v -301.5873 0.138936 460.3175
v -317.4603 0.2752559 460.3175
v -333.3333 0.2752559 460.3175
v -349.2064 0.673753 460.3175
v -365.0794 0.8920382 460.3175
v -380.9524 1.476558 460.3175
v -396.8254 0.7969919 460.3175
v -412.6984 0.0590041 460.3175
v -428.5714 0.5444093 460.3175
v -444.4445 4.041356 460.3175
v -460.3175 2.73832 460.3175
v -476.1905 40.03686 460.3175
v -492.0635 45.90734 460.3175
v -507.9365 45.88903 460.3175
v -523.8096 37.44122 460.3175
v -539.6826 31.24869 460.3175
v -555.5555 9.889993 460.3175
v -571.4286 0.8254815 460.3175
v -587.3016 28.63195 460.3175
v -603.1746 18.55486 460.3175
v -619.0476 0.4264031 460.3175
v -634.9207 34.95642 460.3175
v -650.7937 28.52721 460.3175
v -666.6667 22.28907 460.3175
v -682.5397 24.14697 460.3175
v -698.4127 21.67897 460.3175
v -714.2858 23.60111 460.3175
v -730.1588 21.44644 460.3175
v -746.0317 40.49639 460.3175
v -761.9048 28.26303 460.3175
v -777.7778 22.56724 460.3175
v -793.6508 23.28255 460.3175
v -809.5238 16.70865 460.3175
v -825.3969 0.9051158 460.3175
v -841.2699 0 460.3175
v -857.1429 0 460.3175
v -873.0159 0 460.3175
v -888.8889 0 460.3175
v -904.762 0 460.3175
v -920.6349 0 460.3175
v -936.5079 0 460.3175
v -952.381 0 460.3175
v -968.254 0 460.3175
v -984.127 0 460.3175
v -1000 0 460.3175
v 0 0 476.1905
v -15.87302 0 476.1905
v -31.74603 0 476.1905
v -47.61905 0 476.1905
v -63.49207 0 476.1905
v -79.36508 2.638045 476.1905
v -95.2381 31.24668 476.1905
v -111.1111 38.93438 476.1905
v -126.9841 45.88583 476.1905
v -142.8571 45.90734 476.1905
v -158.7302 45.90734 476.1905
v -174.6032 45.90734 476.1905
v -190.4762 43.92794 476.1905
v -206.3492 2.452307 476.1905
v -222.2222 0 476.1905
v -238.0952 0 476.1905
v -253.9683 0 476.1905
v -269.8413 0 476.1905
v -285.7143 0 476.1905
v -301.5873 0 476.1905
v -317.4603 0 476.1905
v -333.3333 0 476.1905
v -349.2064 0 476.1905
v -365.0794 0 476.1905
v -380.9524 0 476.1905
v -396.8254 0 476.1905
v -412.6984 0 476.1905
v -428.5714 0 476.1905
v -444.4445 0.210148 476.1905
v -460.3175 1.065275 476.1905
v -476.1905 39.36485 476.1905
v -492.0635 45.90734 476.1905
v -507.9365 45.83962 476.1905
v -523.8096 19.00741 476.1905
v -539.6826 0.1078347 476.1905
v -555.5555 0.003487923 476.1905
v -571.4286 0 476.1905
v -587.3016 3.360058 476.1905
v -603.1746 2.806607 476.1905
v -619.0476 0 476.1905
v -634.9207 0.4912176 476.1905
v -650.7937 0.1621883 476.1905
v -666.6667 0.003487923 476.1905
v -682.5397 0.006975846 476.1905
v -698.4127 0.003487923 476.1905
v -714.2858 0.006975846 476.1905
v -730.1588 0.05726084 476.1905
v -746.0317 12.79088 476.1905
v -761.9048 44.99525 476.1905
v -777.7778 30.16306 476.1905
v -793.6508 5.308342 476.1905
v -809.5238 0.8336146 476.1905
v -825.3969 0 476.1905
v -841.2699 0 476.1905
v -857.1429 0 476.1905
v -873.0159 0 476.1905
v -888.8889 0 476.1905
v -904.762 0 476.1905
v -920.6349 0 476.1905
v -936.5079 0 476.1905
v -952.381 0 476.1905
v -968.254 0 476.1905
v -984.127 0 476.1905
v -1000 0 476.1905
v 0 0 492.0635
v -15.87302 0 492.0635
v -31.74603 0 492.0635
v -47.61905 0 492.0635
v -63.49207 0 492.0635
v -79.36508 2.230828 492.0635
v -95.2381 26.03599 492.0635
v -111.1111 41.84157 492.0635
v -126.9841 45.90734 492.0635
v -142.8571 45.90734 492.0635
v -158.7302 45.90734 492.0635
v -174.6032 45.90734 492.0635
v -190.4762 45.3048 492.0635
v -206.3492 6.479999 492.0635
v -222.2222 0 492.0635
v -238.0952 0.03371673 492.0635
v -253.9683 0.03429805 492.0635
v -269.8413 0.2322387 492.0635
v -285.7143 0.1462024 492.0635
v -301.5873 0 492.0635
v -317.4603 0 492.0635
v -333.3333 0 492.0635
v -349.2064 0 492.0635
v -365.0794 1.422499 492.0635
v -380.9524 7.655731 492.0635
v -396.8254 7.220028 492.0635
v -412.6984 5.398454 492.0635
v -428.5714 9.094795 492.0635
v -444.4445 7.366521 492.0635
v -460.3175 4.935721 492.0635
v -476.1905 40.97919 492.0635
v -492.0635 45.90734 492.0635
v -507.9365 45.84311 492.0635
v -523.8096 19.67303 492.0635
v -539.6826 0.01249818 492.0635
v -555.5555 0 492.0635
v -571.4286 0 492.0635
v -587.3016 0 492.0635
v -603.1746 0 492.0635
v -619.0476 0 492.0635
v -634.9207 0 492.0635
v -650.7937 0 492.0635
v -666.6667 0 492.0635
v -682.5397 0 492.0635
v -698.4127 0 492.0635
v -714.2858 0 492.0635
v -730.1588 0 492.0635
v -746.0317 0.4144863 492.0635
v -761.9048 28.61856 492.0635
v -777.7778 42.31591 492.0635
v -793.6508 1.69542 492.0635
v -809.5238 0 492.0635
v -825.3969 0 492.0635
v -841.2699 0 492.0635
v -857.1429 0 492.0635
v -873.0159 0 492.0635
v -888.8889 0 492.0635
v -904.762 0 492.0635
v -920.6349 0 492.0635
v -936.5079 0 492.0635
v -952.381 0 492.0635
v -968.254 0 492.0635
v -984.127 0 492.0635
v -1000 0 492.0635
v 0 0 507.9365
v -15.87302 0 507.9365
v -31.74603 0 507.9365
v -47.61905 0 507.9365
v -63.49207 0 507.9365
v -79.36508 4.412247 507.9365
v -95.2381 17.15192 507.9365
v -111.1111 40.54929 507.9365
v -126.9841 45.90734 507.9365
v -142.8571 45.90734 507.9365
v -158.7302 45.90734 507.9365
v -174.6032 45.90734 507.9365
v -190.4762 45.92043 507.9365
v -206.3492 23.82675 507.9365
v -222.2222 9.459667 507.9365
v -238.0952 23.55994 507.9365
v -253.9683 24.7941 507.9365
v -269.8413 35.66887 507.9365
v -285.7143 22.28183 507.9365
v -301.5873 0.5258057 507.9365
v -317.4603 0 507.9365
v -333.3333 0 507.9365
v -349.2064 4.118393 507.9365
v -365.0794 36.41208 507.9365
v -380.9524 45.62627 507.9365
v -396.8254 45.41351 507.9365
v -412.6984 45.24319 507.9365
v -428.5714 45.95937 507.9365
v -444.4445 45.24464 507.9365
v -460.3175 44.57583 507.9365
v -476.1905 45.80299 507.9365
v -492.0635 45.90734 507.9365
v -507.9365 45.84427 507.9365
v -523.8096 17.09196 507.9365
v -539.6826 0 507.9365
v -555.5555 0 507.9365
v -571.4286 0 507.9365
v -587.3016 0 507.9365
v -603.1746 0 507.9365
v -619.0476 0 507.9365
v -634.9207 0 507.9365
v -650.7937 0 507.9365
v -666.6667 0 507.9365
v -682.5397 0 507.9365
v -698.4127 0 507.9365
v -714.2858 0 507.9365
v -730.1588 0 507.9365
v -746.0317 0 507.9365
v -761.9048 15.75273 507.9365
v -777.7778 43.47506 507.9365
v -793.6508 6.662805 507.9365
v -809.5238 0 507.9365
v -825.3969 0 507.9365
v -841.2699 0 507.9365
v -857.1429 0 507.9365
v -873.0159 0 507.9365
v -888.8889 0 507.9365
v -904.762 0 507.9365
v -920.6349 0 507.9365
v -936.5079 0 507.9365
v -952.381 0 507.9365
v -968.254 0 507.9365
v -984.127 0 507.9365
v -1000 0 507.9365
v 0 0 523.8096
v -15.87302 0 523.8096
v -31.74603 0 523.8096
v -47.61905 0 523.8096
v -63.49207 0.009301198 523.8096
v -79.36508 7.1651 523.8096
v -95.2381 17.12752 523.8096
v -111.1111 41.89709 523.8096
v -126.9841 45.90734 523.8096
v -142.8571 45.90734 523.8096
v -158.7302 45.90734 523.8096
v -174.6032 45.90734 523.8096
v -190.4762 45.90734 523.8096
v -206.3492 45.6908 523.8096
v -222.2222 42.12115 523.8096
v -238.0952 40.16962 523.8096
v -253.9683 39.14823 523.8096
v -269.8413 39.09184 523.8096
v -285.7143 22.47704 523.8096
v -301.5873 0.4325007 523.8096
v -317.4603 0 523.8096
v -333.3333 0 523.8096
v -349.2064 0.7356622 523.8096
v -365.0794 35.93709 523.8096
v -380.9524 45.90734 523.8096
v -396.8254 45.90734 523.8096
v -412.6984 45.90734 523.8096
v -428.5714 45.90734 523.8096
v -444.4445 45.90734 523.8096
v -460.3175 45.90734 523.8096
v -476.1905 45.90734 523.8096
v -492.0635 45.90734 523.8096
v -507.9365 45.83496 523.8096
v -523.8096 18.13803 523.8096
v -539.6826 0 523.8096
v -555.5555 0 523.8096
v -571.4286 0 523.8096
v -587.3016 0 523.8096
v -603.1746 0 523.8096
v -619.0476 0 523.8096
v -634.9207 0 523.8096
v -650.7937 0 523.8096
v -666.6667 0 523.8096
v -682.5397 0 523.8096
v -698.4127 0 523.8096
v -714.2858 0 523.8096
v -730.1588 0 523.8096
v -746.0317 0.03894917 523.8096
v -761.9048 26.96008 523.8096
v -777.7778 36.34134 523.8096
v -793.6508 0.4322101 523.8096
v -809.5238 0 523.8096
v -825.3969 0 523.8096
v -841.2699 0 523.8096
v -857.1429 0 523.8096
v -873.0159 0 523.8096
v -888.8889 0 523.8096
v -904.762 0 523.8096
v -920.6349 0 523.8096
v -936.5079 0 523.8096
v -952.381 0 523.8096
v -968.254 0 523.8096
v -984.127 0 523.8096
v -1000 0 523.8096
v 0 0 539.6826
v -15.87302 0 539.6826
v -31.74603 0 539.6826
v -47.61905 0 539.6826
v -63.49207 0 539.6826
v -79.36508 8.537309 539.6826
v -95.2381 21.87925 539.6826
v -111.1111 42.6749 539.6826
v -126.9841 45.90734 539.6826
v -142.8571 45.90734 539.6826
v -158.7302 45.90734 539.6826
v -174.6032 45.90734 539.6826
v -190.4762 45.812 539.6826
v -206.3492 31.52795 539.6826
v -222.2222 8.526516 539.6826
v -238.0952 1.178041 539.6826
v -253.9683 0.6127141 539.6826
v -269.8413 0.5086555 539.6826
v -285.7143 0.1377717 539.6826
v -301.5873 0 539.6826
v -317.4603 0 539.6826
v -333.3333 0 539.6826
v -349.2064 0.4941263 539.6826
v -365.0794 37.11021 539.6826
v -380.9524 45.90734 539.6826
v -396.8254 45.90734 539.6826
v -412.6984 45.90734 539.6826
v -428.5714 45.90734 539.6826
v -444.4445 45.90734 539.6826
v -460.3175 45.90734 539.6826
v -476.1905 45.90734 539.6826
v -492.0635 45.90734 539.6826
v -507.9365 45.29055 539.6826
v -523.8096 9.084267 539.6826
v -539.6826 0 539.6826
v -555.5555 0 539.6826
v -571.4286 0 539.6826
v -587.3016 0 539.6826
v -603.1746 0 539.6826
v -619.0476 0 539.6826
v -634.9207 0 539.6826
v -650.7937 0 539.6826
v -666.6667 0 539.6826
v -682.5397 0 539.6826
v -698.4127 0 539.6826
v -714.2858 0 539.6826
v -730.1588 0 539.6826
v -746.0317 2.195681 539.6826
v -761.9048 40.6217 539.6826
v -777.7778 14.03305 539.6826
v -793.6508 0.047668 539.6826
v -809.5238 0 539.6826
v -825.3969 0 539.6826
v -841.2699 0 539.6826
v -857.1429 0 539.6826
v -873.0159 0 539.6826
v -888.8889 0 539.6826
v -904.762 0 539.6826
v -920.6349 0 539.6826
v -936.5079 0 539.6826
v -952.381 0 539.6826
v -968.254 0 539.6826
v -984.127 0 539.6826
v -1000 0 539.6826
v 0 0 555.5555
v -15.87302 0 555.5555
v -31.74603 0 555.5555
v -47.61905 0 555.5555
v -63.49207 0 555.5555
v -79.36508 7.653696 555.5555
v -95.2381 29.52074 555.5555
v -111.1111 43.46579 555.5555
v -126.9841 45.90734 555.5555
v -142.8571 45.90734 555.5555
v -158.7302 45.90734 555.5555
v -174.6032 45.90734 555.5555
v -190.4762 41.31516 555.5555
v -206.3492 3.105708 555.5555
v -222.2222 0.1200439 555.5555
v -238.0952 1.326879 555.5555
v -253.9683 28.69156 555.5555
v -269.8413 26.34037 555.5555
v -285.7143 2.834535 555.5555
v -301.5873 0 555.5555
v -317.4603 0 555.5555
v -333.3333 0 555.5555
v -349.2064 0.2331113 555.5555
v -365.0794 32.90521 555.5555
v -380.9524 45.90734 555.5555
v -396.8254 45.90734 555.5555
v -412.6984 45.90734 555.5555
v -428.5714 45.90734 555.5555
v -444.4445 45.90734 555.5555
v -460.3175 45.90734 555.5555
v -476.1905 45.90734 555.5555
v -492.0635 45.90734 555.5555
v -507.9365 45.83439 555.5555
v -523.8096 37.21978 555.5555
v -539.6826 2.762142 555.5555
v -555.5555 0.7691033 555.5555
v -571.4286 17.15466 555.5555
v -587.3016 17.83653 555.5555
v -603.1746 11.45125 555.5555
v -619.0476 4.705268 555.5555
v -634.9207 11.16207 555.5555
v -650.7937 13.23623 555.5555
v -666.6667 14.46225 555.5555
v -682.5397 20.06038 555.5555
v -698.4127 15.60077 555.5555
v -714.2858 7.88163 555.5555
v -730.1588 7.717419 555.5555
v -746.0317 33.04859 555.5555
v -761.9048 39.49966 555.5555
v -777.7778 3.709116 555.5555
v -793.6508 0 555.5555
v -809.5238 0 555.5555
v -825.3969 0 555.5555
v -841.2699 0 555.5555
v -857.1429 0 555.5555
v -873.0159 0 555.5555
v -888.8889 0 555.5555
v -904.762 0 555.5555
v -920.6349 0 555.5555
v -936.5079 0 555.5555
v -952.381 0 555.5555
v -968.254 0 555.5555
v -984.127 0 555.5555
v -1000 0 555.5555
v 0 0 571.4286
v -15.87302 0 571.4286
v -31.74603 0 571.4286
v -47.61905 0 571.4286
v -63.49207 0 571.4286
v -79.36508 6.074242 571.4286
v -95.2381 29.19925 571.4286
v -111.1111 38.02402 571.4286
v -126.9841 45.90734 571.4286
v -142.8571 45.90734 571.4286
v -158.7302 45.90734 571.4286
v -174.6032 45.90007 571.4286
v -190.4762 25.66421 571.4286
v -206.3492 1.450689 571.4286
v -222.2222 10.74783 571.4286
v -238.0952 33.26626 571.4286
v -253.9683 45.54373 571.4286
v -269.8413 44.74789 571.4286
v -285.7143 15.94946 571.4286
v -301.5873 2.269503 571.4286
v -317.4603 1.052786 571.4286
v -333.3333 1.432684 571.4286
v -349.2064 5.957731 571.4286
v -365.0794 36.32893 571.4286
v -380.9524 45.90734 571.4286
v -396.8254 45.90734 571.4286
v -412.6984 45.90734 571.4286
v -428.5714 45.90734 571.4286
v -444.4445 45.90734 571.4286
v -460.3175 45.90734 571.4286
v -476.1905 45.90734 571.4286
v -492.0635 45.90734 571.4286
v -507.9365 45.90734 571.4286
v -523.8096 44.86095 571.4286
v -539.6826 6.257307 571.4286
v -555.5555 17.75313 571.4286
v -571.4286 45.38939 571.4286
v -587.3016 45.82131 571.4286
v -603.1746 45.62511 571.4286
v -619.0476 44.84615 571.4286
v -634.9207 41.12214 571.4286
v -650.7937 36.78428 571.4286
v -666.6667 31.83692 571.4286
v -682.5397 29.80287 571.4286
v -698.4127 31.70584 571.4286
v -714.2858 41.97294 571.4286
v -730.1588 40.44403 571.4286
v -746.0317 35.65564 571.4286
v -761.9048 17.45964 571.4286
v -777.7778 0.04563275 571.4286
v -793.6508 0 571.4286
v -809.5238 0 571.4286
v -825.3969 0 571.4286
v -841.2699 0 571.4286
v -857.1429 0 571.4286
v -873.0159 0 571.4286
v -888.8889 0 571.4286
v -904.762 0 571.4286
v -920.6349 0 571.4286
v -936.5079 0 571.4286
v -952.381 0 571.4286
v -968.254 0 571.4286
v -984.127 0 571.4286
v -1000 0 571.4286
v 0 0 587.3016
v -15.87302 0 587.3016
v -31.74603 0 587.3016
v -47.61905 0 587.3016
v -63.49207 0 587.3016
v -79.36508 2.978695 587.3016
v -95.2381 21.19559 587.3016
v -111.1111 32.38083 587.3016
v -126.9841 45.88932 587.3016
v -142.8571 45.90734 587.3016
v -158.7302 45.90734 587.3016
v -174.6032 45.88554 587.3016
v -190.4762 23.59065 587.3016
v -206.3492 0.1043474 587.3016
v -222.2222 21.15782 587.3016
v -238.0952 45.94193 587.3016
v -253.9683 45.90734 587.3016
v -269.8413 45.89048 587.3016
v -285.7143 43.86401 587.3016
v -301.5873 40.54614 587.3016
v -317.4603 38.65365 587.3016
v -333.3333 37.97875 587.3016
v -349.2064 43.42774 587.3016
v -365.0794 45.78381 587.3016
v -380.9524 45.90734 587.3016
v -396.8254 45.90734 587.3016
v -412.6984 45.90734 587.3016
v -428.5714 45.90734 587.3016
v -444.4445 45.90734 587.3016
v -460.3175 45.90734 587.3016
v -476.1905 45.90734 587.3016
v -492.0635 45.90734 587.3016
v -507.9365 45.90734 587.3016
v -523.8096 45.16818 587.3016
v -539.6826 7.612947 587.3016
v -555.5555 22.94228 587.3016
v -571.4286 45.87363 587.3016
v -587.3016 45.90734 587.3016
v -603.1746 45.90734 587.3016
v -619.0476 38.36956 587.3016
v -634.9207 2.807758 587.3016
v -650.7937 0.9434732 587.3016
v -666.6667 0.4668055 587.3016
v -682.5397 11.54923 587.3016
v -698.4127 36.46297 587.3016
v -714.2858 43.49429 587.3016
v -730.1588 24.63562 587.3016
v -746.0317 3.716405 587.3016
v -761.9048 0.2461865 587.3016
v -777.7778 0 587.3016
v -793.6508 0 587.3016
v -809.5238 0 587.3016
v -825.3969 0 587.3016
v -841.2699 0 587.3016
v -857.1429 0 587.3016
v -873.0159 0 587.3016
v -888.8889 0 587.3016
v -904.762 0 587.3016
v -920.6349 0 587.3016
v -936.5079 0 587.3016
v -952.381 0 587.3016
v -968.254 0 587.3016
v -984.127 0 587.3016
v -1000 0 587.3016
v 0 0 603.1746
v -15.87302 0 603.1746
v -31.74603 0 603.1746
v -47.61905 0 603.1746
v -63.49207 0 603.1746
v -79.36508 0.2421201 603.1746
v -95.2381 10.3577 603.1746
v -111.1111 29.37859 603.1746
v -126.9841 45.8713 603.1746
v -142.8571 45.90734 603.1746
v -158.7302 45.90734 603.1746
v -174.6032 45.90007 603.1746
v -190.4762 30.46654 603.1746
v -206.3492 0.5316211 603.1746
v -222.2222 13.64596 603.1746
v -238.0952 45.70126 603.1746
v -253.9683 45.90734 603.1746
v -269.8413 45.90734 603.1746
v -285.7143 45.90734 603.1746
v -301.5873 45.90734 603.1746
v -317.4603 45.90734 603.1746
v -333.3333 45.90734 603.1746
v -349.2064 45.90734 603.1746
v -365.0794 45.90734 603.1746
v -380.9524 45.90734 603.1746
v -396.8254 45.90734 603.1746
v -412.6984 45.90734 603.1746
v -428.5714 45.90734 603.1746
v -444.4445 45.90734 603.1746
v -460.3175 45.90734 603.1746
v -476.1905 45.90734 603.1746
v -492.0635 45.90734 603.1746
v -507.9365 45.90734 603.1746
v -523.8096 45.4042 603.1746
v -539.6826 9.662975 603.1746
v -555.5555 25.64311 603.1746
v -571.4286 45.90414 603.1746
v -587.3016 45.90734 603.1746
v -603.1746 45.90734 603.1746
v -619.0476 37.41738 603.1746
v -634.9207 3.176919 603.1746
v -650.7937 4.169003 603.1746
v -666.6667 33.63456 603.1746
v -682.5397 42.53943 603.1746
v -698.4127 16.11386 603.1746
v -714.2858 14.8504 603.1746
v -730.1588 36.24136 603.1746
v -746.0317 42.395 603.1746
v -761.9048 13.61635 603.1746
v -777.7778 0.09184947 603.1746
v -793.6508 0 603.1746
v -809.5238 0 603.1746
v -825.3969 0 603.1746
v -841.2699 0 603.1746
v -857.1429 0 603.1746
v -873.0159 0 603.1746
v -888.8889 0 603.1746
v -904.762 0 603.1746
v -920.6349 0 603.1746
v -936.5079 0 603.1746
v -952.381 0 603.1746
v -968.254 0 603.1746
v -984.127 0 603.1746
v -1000 0 603.1746
v 0 0 619.0476
v -15.87302 0 619.0476
v -31.74603 0 619.0476
v -47.61905 0 619.0476
v -63.49207 0 619.0476
v -79.36508 0 619.0476
v -95.2381 0.3836706 619.0476
v -111.1111 22.61664 619.0476
v -126.9841 45.7998 619.0476
v -142.8571 45.90734 619.0476
v -158.7302 45.90734 619.0476
v -174.6032 45.90734 619.0476
v -190.4762 41.03645 619.0476
v -206.3492 1.894243 619.0476
v -222.2222 7.220604 619.0476
v -238.0952 44.98478 619.0476
v -253.9683 45.90734 619.0476
v -269.8413 45.90734 619.0476
v -285.7143 45.90734 619.0476
v -301.5873 45.90734 619.0476
v -317.4603 45.90734 619.0476
v -333.3333 45.90734 619.0476
v -349.2064 45.90734 619.0476
v -365.0794 45.90734 619.0476
v -380.9524 45.90734 619.0476
v -396.8254 45.90734 619.0476
v -412.6984 45.90734 619.0476
v -428.5714 45.90734 619.0476
v -444.4445 45.90734 619.0476
v -460.3175 45.90734 619.0476
v -476.1905 45.90734 619.0476
v -492.0635 45.90734 619.0476
v -507.9365 45.90734 619.0476
v -523.8096 45.50186 619.0476
v -539.6826 12.06906 619.0476
v -555.5555 15.9385 619.0476
v -571.4286 45.81579 619.0476
v -587.3016 45.90734 619.0476
v -603.1746 45.90734 619.0476
v -619.0476 41.96247 619.0476
v -634.9207 21.46048 619.0476
v -650.7937 42.97693 619.0476
v -666.6667 31.10008 619.0476
v -682.5397 2.974 619.0476
v -698.4127 0.02034468 619.0476
v -714.2858 0 619.0476
v -730.1588 0.3467554 619.0476
v -746.0317 12.74895 619.0476
v -761.9048 43.15972 619.0476
v -777.7778 13.31115 619.0476
v -793.6508 0.01104523 619.0476
v -809.5238 0 619.0476
v -825.3969 0 619.0476
v -841.2699 0 619.0476
v -857.1429 0 619.0476
v -873.0159 0 619.0476
v -888.8889 0 619.0476
v -904.762 0 619.0476
v -920.6349 0 619.0476
v -936.5079 0 619.0476
v -952.381 0 619.0476
v -968.254 0 619.0476
v -984.127 0 619.0476
v -1000 0 619.0476
v 0 0 634.9207
v -15.87302 0 634.9207
v -31.74603 0 634.9207
v -47.61905 0 634.9207
v -63.49207 0 634.9207
v -79.36508 0 634.9207
v -95.2381 0.1482374 634.9207
v -111.1111 25.5381 634.9207
v -126.9841 45.85444 634.9207
v -142.8571 45.90734 634.9207
v -158.7302 45.90734 634.9207
v -174.6032 45.90734 634.9207
v -190.4762 45.79544 634.9207
v -206.3492 16.70928 634.9207
v -222.2222 0.8522229 634.9207
v -238.0952 24.52275 634.9207
v -253.9683 45.02169 634.9207
v -269.8413 45.90153 634.9207
v -285.7143 45.83933 634.9207
v -301.5873 45.49053 634.9207
v -317.4603 45.24201 634.9207
v -333.3333 45.60243 634.9207
v -349.2064 45.75649 634.9207
v -365.0794 45.53413 634.9207
v -380.9524 45.26468 634.9207
v -396.8254 44.60226 634.9207
v -412.6984 45.02082 634.9207
v -428.5714 45.95734 634.9207
v -444.4445 45.73236 634.9207
v -460.3175 45.86636 634.9207
v -476.1905 45.67975 634.9207
v -492.0635 45.87915 634.9207
v -507.9365 45.87827 634.9207
v -523.8096 44.93942 634.9207
v -539.6826 13.87059 634.9207
v -555.5555 24.63305 634.9207
v -571.4286 45.5693 634.9207
v -587.3016 45.50157 634.9207
v -603.1746 45.75562 634.9207
v -619.0476 45.28997 634.9207
v -634.9207 41.6805 634.9207
v -650.7937 20.98479 634.9207
v -666.6667 2.620875 634.9207
v -682.5397 0 634.9207
v -698.4127 0 634.9207
v -714.2858 0 634.9207
v -730.1588 0 634.9207
v -746.0317 0.04883092 634.9207
v -761.9048 12.34527 634.9207
v -777.7778 40.71757 634.9207
v -793.6508 0.6772376 634.9207
v -809.5238 0 634.9207
v -825.3969 0 634.9207
v -841.2699 0 634.9207
v -857.1429 0 634.9207
v -873.0159 0 634.9207
v -888.8889 0 634.9207
v -904.762 0 634.9207
v -920.6349 0 634.9207
v -936.5079 0 634.9207
v -952.381 0 634.9207
v -968.254 0 634.9207
v -984.127 0 634.9207
v -1000 0 634.9207
v 0 0 650.7937
v -15.87302 0 650.7937
v -31.74603 0 650.7937
v -47.61905 0 650.7937
v -63.49207 0 650.7937
v -79.36508 0 650.7937
v -95.2381 0.1305069 650.7937
v -111.1111 24.87595 650.7937
v -126.9841 45.82799 650.7937
v -142.8571 45.90734 650.7937
v -158.7302 45.90734 650.7937
v -174.6032 45.89978 650.7937
v -190.4762 45.5568 650.7937
v -206.3492 44.90486 650.7937
v -222.2222 19.23979 650.7937
v -238.0952 7.000873 650.7937
v -253.9683 19.95939 650.7937
v -269.8413 26.05858 650.7937
v -285.7143 20.68659 650.7937
v -301.5873 10.91108 650.7937
v -317.4603 10.11295 650.7937
v -333.3333 20.01869 650.7937
v -349.2064 19.92508 650.7937
v -365.0794 13.69738 650.7937
v -380.9524 6.759584 650.7937
v -396.8254 4.642413 650.7937
v -412.6984 6.542459 650.7937
v -428.5714 16.94519 650.7937
v -444.4445 13.60841 650.7937
v -460.3175 17.09256 650.7937
v -476.1905 16.48916 650.7937
v -492.0635 18.95483 650.7937
v -507.9365 21.60244 650.7937
v -523.8096 17.48176 650.7937
v -539.6826 7.548712 650.7937
v -555.5555 2.020095 650.7937
v -571.4286 12.69836 650.7937
v -587.3016 9.324946 650.7937
v -603.1746 13.80345 650.7937
v -619.0476 10.65413 650.7937
v -634.9207 5.985843 650.7937
v -650.7937 1.232395 650.7937
v -666.6667 0.03662277 650.7937
v -682.5397 0 650.7937
v -698.4127 0 650.7937
v -714.2858 0 650.7937
v -730.1588 0 650.7937
v -746.0317 0 650.7937
v -761.9048 4.61573 650.7937
v -777.7778 41.52618 650.7937
v -793.6508 0.8650038 650.7937
v -809.5238 0 650.7937
v -825.3969 0 650.7937
v -841.2699 0 650.7937
v -857.1429 0 650.7937
v -873.0159 0 650.7937
v -888.8889 0 650.7937
v -904.762 0 650.7937
v -920.6349 0 650.7937
v -936.5079 0 650.7937
v -952.381 0 650.7937
v -968.254 0 650.7937
v -984.127 0 650.7937
v -1000 0 650.7937
v 0 0 666.6667
v -15.87302 0 666.6667
v -31.74603 0 666.6667
v -47.61905 0 666.6667
v -63.49207 0 666.6667
v -79.36508 0 666.6667
v -95.2381 0 666.6667
v -111.1111 10.49867 666.6667
v -126.9841 44.31219 666.6667
v -142.8571 45.90734 666.6667
v -158.7302 45.90734 666.6667
v -174.6032 45.72975 666.6667
v -190.4762 30.35113 666.6667
v -206.3492 42.76092 666.6667
v -222.2222 44.49328 666.6667
v -238.0952 25.79945 666.6667
v -253.9683 6.395446 666.6667
v -269.8413 2.401168 666.6667
v -285.7143 11.17014 666.6667
v -301.5873 6.094006 666.6667
v -317.4603 2.427893 666.6667
v -333.3333 10.55361 666.6667
v -349.2064 8.765168 666.6667
v -365.0794 5.53825 666.6667
v -380.9524 0.7804226 666.6667
v -396.8254 0 666.6667
v -412.6984 0 666.6667
v -428.5714 0 666.6667
v -444.4445 0.6307423 666.6667
v -460.3175 4.77386 666.6667
v -476.1905 14.17068 666.6667
v -492.0635 9.935735 666.6667
v -507.9365 10.6813 666.6667
v -523.8096 7.152903 666.6667
v -539.6826 5.497028 666.6667
v -555.5555 4.101843 666.6667
v -571.4286 3.895184 666.6667
v -587.3016 6.751829 666.6667
v -603.1746 10.21099 666.6667
v -619.0476 21.39074 666.6667
v -634.9207 11.6997 666.6667
v -650.7937 0.2249739 666.6667
v -666.6667 1.800659 666.6667
v -682.5397 0.3330982 666.6667
v -698.4127 0 666.6667
v -714.2858 0 666.6667
v -730.1588 0 666.6667
v -746.0317 0 666.6667
v -761.9048 3.27694 666.6667
v -777.7778 42.9144 666.6667
v -793.6508 1.917484 666.6667
v -809.5238 0 666.6667
v -825.3969 0 666.6667
v -841.2699 0 666.6667
v -857.1429 0 666.6667
v -873.0159 0 666.6667
v -888.8889 0 666.6667
v -904.762 0 666.6667
v -920.6349 0 666.6667
v -936.5079 0 666.6667
v -952.381 0 666.6667
v -968.254 0 666.6667
v -984.127 0 666.6667
v -1000 0 666.6667
v 0 0 682.5397
v -15.87302 0 682.5397
v -31.74603 0 682.5397
v -47.61905 0 682.5397
v -63.49207 0 682.5397
v -79.36508 0 682.5397
v -95.2381 0 682.5397
v -111.1111 0.2674066 682.5397
v -126.9841 17.43414 682.5397
v -142.8571 44.63715 682.5397
v -158.7302 45.90734 682.5397
v -174.6032 45.90734 682.5397
v -190.4762 44.43283 682.5397
v -206.3492 27.55616 682.5397
v -222.2222 45.04117 682.5397
v -238.0952 45.80678 682.5397
v -253.9683 44.34941 682.5397
v -269.8413 25.15847 682.5397
v -285.7143 13.26286 682.5397
v -301.5873 6.024803 682.5397
v -317.4603 0.009882309 682.5397
v -333.3333 0.2002637 682.5397
v -349.2064 0.1194603 682.5397
v -365.0794 0.04098247 682.5397
v -380.9524 0 682.5397
v -396.8254 0 682.5397
v -412.6984 0 682.5397
v -428.5714 0.0816763 682.5397
v -444.4445 27.44981 682.5397
v -460.3175 45.71289 682.5397
v -476.1905 45.72771 682.5397
v -492.0635 45.62598 682.5397
v -507.9365 45.63092 682.5397
v -523.8096 44.57031 682.5397
v -539.6826 44.8322 682.5397
v -555.5555 44.78133 682.5397
v -571.4286 44.73657 682.5397
v -587.3016 45.01502 682.5397
v -603.1746 45.54315 682.5397
v -619.0476 45.78062 682.5397
v -634.9207 43.54775 682.5397
v -650.7937 13.21404 682.5397
v -666.6667 8.959056 682.5397
v -682.5397 4.152666 682.5397
v -698.4127 0 682.5397
v -714.2858 0 682.5397
v -730.1588 0 682.5397
v -746.0317 0 682.5397
v -761.9048 6.929707 682.5397
v -777.7778 43.02484 682.5397
v -793.6508 2.16629 682.5397
v -809.5238 0 682.5397
v -825.3969 0 682.5397
v -841.2699 0 682.5397
v -857.1429 0 682.5397
v -873.0159 0 682.5397
v -888.8889 0 682.5397
v -904.762 0 682.5397
v -920.6349 0 682.5397
v -936.5079 0 682.5397
v -952.381 0 682.5397
v -968.254 0 682.5397
v -984.127 0 682.5397
v -1000 0 682.5397
v 0 0 698.4127
v -15.87302 0 698.4127
v -31.74603 0 698.4127
v -47.61905 0 698.4127
v -63.49207 0 698.4127
v -79.36508 0 698.4127
v -95.2381 0 698.4127
v -111.1111 0 698.4127
v -126.9841 6.300966 698.4127
v -142.8571 35.21885 698.4127
v -158.7302 45.58587 698.4127
v -174.6032 45.90734 698.4127
v -190.4762 45.90734 698.4127
v -206.3492 44.95311 698.4127
v -222.2222 44.81388 698.4127
v -238.0952 45.90734 698.4127
v -253.9683 42.15691 698.4127
v -269.8413 11.40666 698.4127
v -285.7143 0.415642 698.4127
v -301.5873 0.0302281 698.4127
v -317.4603 0 698.4127
v -333.3333 0 698.4127
v -349.2064 0 698.4127
v -365.0794 0 698.4127
v -380.9524 0 698.4127
v -396.8254 0 698.4127
v -412.6984 0 698.4127
v -428.5714 0.08400158 698.4127
v -444.4445 25.32852 698.4127
v -460.3175 46.12301 698.4127
v -476.1905 45.90734 698.4127
v -492.0635 45.90734 698.4127
v -507.9365 45.90734 698.4127
v -523.8096 45.90734 698.4127
v -539.6826 45.90734 698.4127
v -555.5555 45.90734 698.4127
v -571.4286 45.90734 698.4127
v -587.3016 45.90734 698.4127
v -603.1746 45.90734 698.4127
v -619.0476 45.90734 698.4127
v -634.9207 45.90734 698.4127
v -650.7937 40.84982 698.4127
v -666.6667 4.704055 698.4127
v -682.5397 0.661249 698.4127
v -698.4127 0 698.4127
v -714.2858 0.4984893 698.4127
v -730.1588 2.396517 698.4127
v -746.0317 0.2060805 698.4127
v -761.9048 27.54721 698.4127
v -777.7778 30.16272 698.4127
v -793.6508 0.8984267 698.4127
v -809.5238 0 698.4127
v -825.3969 0 698.4127
v -841.2699 0 698.4127
v -857.1429 0 698.4127
v -873.0159 0 698.4127
v -888.8889 0 698.4127
v -904.762 0 698.4127
v -920.6349 0 698.4127
v -936.5079 0 698.4127
v -952.381 0 698.4127
v -968.254 0 698.4127
v -984.127 0 698.4127
v -1000 0 698.4127
v 0 0 714.2858
v -15.87302 0 714.2858
v -31.74603 0 714.2858
v -47.61905 0 714.2858
v -63.49207 0 714.2858
v -79.36508 0 714.2858
v -95.2381 0 714.2858
v -111.1111 0 714.2858
v -126.9841 1.736121 714.2858
v -142.8571 26.59115 714.2858
v -158.7302 42.43365 714.2858
v -174.6032 45.90734 714.2858
v -190.4762 45.90734 714.2858
v -206.3492 45.90734 714.2858
v -222.2222 45.90734 714.2858
v -238.0952 45.90734 714.2858
v -253.9683 45.05512 714.2858
v -269.8413 17.92711 714.2858
v -285.7143 0.04185507 714.2858
v -301.5873 0 714.2858
v -317.4603 0 714.2858
v -333.3333 0 714.2858
v -349.2064 0 714.2858
v -365.0794 0 714.2858
v -380.9524 0 714.2858
v -396.8254 0 714.2858
v -412.6984 0 714.2858
v -428.5714 0.03139158 714.2858
v -444.4445 19.60133 714.2858
v -460.3175 45.78643 714.2858
v -476.1905 45.90734 714.2858
v -492.0635 45.90734 714.2858
v -507.9365 45.90734 714.2858
v -523.8096 45.90734 714.2858
v -539.6826 45.90734 714.2858
v -555.5555 45.90734 714.2858
v -571.4286 45.90734 714.2858
v -587.3016 45.90734 714.2858
v -603.1746 45.90734 714.2858
v -619.0476 45.90734 714.2858
v -634.9207 45.90734 714.2858
v -650.7937 45.88409 714.2858
v -666.6667 42.47087 714.2858
v -682.5397 16.07384 714.2858
v -698.4127 0.002325282 714.2858
v -714.2858 12.59587 714.2858
v -730.1588 43.31117 714.2858
v -746.0317 32.34136 714.2858
v -761.9048 43.58786 714.2858
v -777.7778 7.321426 714.2858
v -793.6508 0 714.2858
v -809.5238 0 714.2858
v -825.3969 0 714.2858
v -841.2699 0 714.2858
v -857.1429 0 714.2858
v -873.0159 0 714.2858
v -888.8889 0 714.2858
v -904.762 0 714.2858
v -920.6349 0 714.2858
v -936.5079 0 714.2858
v -952.381 0 714.2858
v -968.254 0 714.2858
v -984.127 0 714.2858
v -1000 0 714.2858
v 0 0 730.1588
v -15.87302 0 730.1588
v -31.74603 0 730.1588
v -47.61905 0 730.1588
v -63.49207 0 730.1588
v -79.36508 0 730.1588
v -95.2381 0 730.1588
v -111.1111 0 730.1588
v -126.9841 0.0002907301 730.1588
v -142.8571 4.570636 730.1588
v -158.7302 26.47893 730.1588
v -174.6032 42.18018 730.1588
v -190.4762 44.58396 730.1588
v -206.3492 45.90037 730.1588
v -222.2222 45.90734 730.1588
v -238.0952 45.90734 730.1588
v -253.9683 45.90734 730.1588
v -269.8413 37.17527 730.1588
v -285.7143 0.6446843 730.1588
v -301.5873 0 730.1588
v -317.4603 0 730.1588
v -333.3333 0 730.1588
v -349.2064 0 730.1588
v -365.0794 0 730.1588
v -380.9524 0 730.1588
v -396.8254 0 730.1588
v -412.6984 0 730.1588
v -428.5714 0 730.1588
v -444.4445 12.99228 730.1588
v -460.3175 45.76434 730.1588
v -476.1905 45.90734 730.1588
v -492.0635 45.90734 730.1588
v -507.9365 45.90734 730.1588
v -523.8096 45.90734 730.1588
v -539.6826 45.90734 730.1588
v -555.5555 45.90734 730.1588
v -571.4286 45.90734 730.1588
v -587.3016 45.90734 730.1588
v -603.1746 45.90734 730.1588
v -619.0476 45.90734 730.1588
v -634.9207 45.90734 730.1588
v -650.7937 45.90734 730.1588
v -666.6667 45.90734 730.1588
v -682.5397 32.74499 730.1588
v -698.4127 0.3281548 730.1588
v -714.2858 16.9305 730.1588
v -730.1588 45.85328 730.1588
v -746.0317 45.90501 730.1588
v -761.9048 24.78405 730.1588
v -777.7778 0.1212041 730.1588
v -793.6508 0 730.1588
v -809.5238 0 730.1588
v -825.3969 0 730.1588
v -841.2699 0 730.1588
v -857.1429 0 730.1588
v -873.0159 0 730.1588
v -888.8889 0 730.1588
v -904.762 0 730.1588
v -920.6349 0 730.1588
v -936.5079 0 730.1588
v -952.381 0 730.1588
v -968.254 0 730.1588
v -984.127 0 730.1588
v -1000 0 730.1588
v 0 0 746.0317
v -15.87302 0 746.0317
v -31.74603 0 746.0317
v -47.61905 0 746.0317
v -63.49207 0 746.0317
v -79.36508 0 746.0317
v -95.2381 0 746.0317
v -111.1111 0 746.0317
v -126.9841 0 746.0317
v -142.8571 0 746.0317
v -158.7302 0.290368 746.0317
v -174.6032 6.118108 746.0317
v -190.4762 23.17702 746.0317
v -206.3492 43.50822 746.0317
v -222.2222 45.90734 746.0317
v -238.0952 45.90734 746.0317
v -253.9683 45.90734 746.0317
v -269.8413 41.17942 746.0317
v -285.7143 8.689345 746.0317
v -301.5873 4.83895 746.0317
v -317.4603 4.996781 746.0317
v -333.3333 6.409111 746.0317
v -349.2064 6.621 746.0317
v -365.0794 8.515248 746.0317
v -380.9524 8.777715 746.0317
v -396.8254 4.797387 746.0317
v -412.6984 9.04774 746.0317
v -428.5714 1.126608 746.0317
v -444.4445 15.62509 746.0317
v -460.3175 45.89659 746.0317
v -476.1905 45.76521 746.0317
v -492.0635 43.83666 746.0317
v -507.9365 41.73866 746.0317
v -523.8096 41.84678 746.0317
v -539.6826 42.35661 746.0317
v -555.5555 43.50095 746.0317
v -571.4286 43.20883 746.0317
v -587.3016 42.94868 746.0317
v -603.1746 45.19115 746.0317
v -619.0476 45.90734 746.0317
v -634.9207 45.90734 746.0317
v -650.7937 45.90734 746.0317
v -666.6667 45.58965 746.0317
v -682.5397 33.02429 746.0317
v -698.4127 0.4339514 746.0317
v -714.2858 13.26583 746.0317
v -730.1588 43.65384 746.0317
v -746.0317 45.72713 746.0317
v -761.9048 17.98025 746.0317
v -777.7778 0 746.0317
v -793.6508 0 746.0317
v -809.5238 0 746.0317
v -825.3969 0 746.0317
v -841.2699 0 746.0317
v -857.1429 0 746.0317
v -873.0159 0 746.0317
v -888.8889 0 746.0317
v -904.762 0 746.0317
v -920.6349 0 746.0317
v -936.5079 0 746.0317
v -952.381 0 746.0317
v -968.254 0 746.0317
v -984.127 0 746.0317
v -1000 0 746.0317
v 0 0 761.9048
v -15.87302 0 761.9048
v -31.74603 0 761.9048
v -47.61905 0 761.9048
v -63.49207 0 761.9048
v -79.36508 0 761.9048
v -95.2381 0 761.9048
v -111.1111 0 761.9048
v -126.9841 0 761.9048
v -142.8571 0 761.9048
v -158.7302 0 761.9048
v -174.6032 0 761.9048
v -190.4762 0.5981799 761.9048
v -206.3492 36.57771 761.9048
v -222.2222 45.90734 761.9048
v -238.0952 45.90734 761.9048
v -253.9683 45.90734 761.9048
v -269.8413 45.63528 761.9048
v -285.7143 45.27341 761.9048
v -301.5873 45.1275 761.9048
v -317.4603 45.12576 761.9048
v -333.3333 44.41189 761.9048
v -349.2064 45.14174 761.9048
v -365.0794 45.10279 761.9048
v -380.9524 45.28387 761.9048
v -396.8254 44.63919 761.9048
v -412.6984 45.55099 761.9048
v -428.5714 23.45289 761.9048
v -444.4445 21.98624 761.9048
v -460.3175 45.83177 761.9048
v -476.1905 41.49771 761.9048
v -492.0635 7.977468 761.9048
v -507.9365 1.466379 761.9048
v -523.8096 0.9740008 761.9048
v -539.6826 1.067013 761.9048
v -555.5555 1.719254 761.9048
v -571.4286 1.531198 761.9048
v -587.3016 2.192738 761.9048
v -603.1746 30.48697 761.9048
v -619.0476 45.85764 761.9048
v -634.9207 45.73178 761.9048
v -650.7937 28.09728 761.9048
v -666.6667 12.13447 761.9048
v -682.5397 0.7138582 761.9048
v -698.4127 0 761.9048
v -714.2858 0.2502592 761.9048
v -730.1588 6.51839 761.9048
v -746.0317 45.31818 761.9048
v -761.9048 32.0079 761.9048
v -777.7778 0.6173648 761.9048
v -793.6508 0 761.9048
v -809.5238 0 761.9048
v -825.3969 0 761.9048
v -841.2699 0 761.9048
v -857.1429 0 761.9048
v -873.0159 0 761.9048
v -888.8889 0 761.9048
v -904.762 0 761.9048
v -920.6349 0 761.9048
v -936.5079 0 761.9048
v -952.381 0 761.9048
v -968.254 0 761.9048
v -984.127 0 761.9048
v -1000 0 761.9048
v 0 0 777.7778
v -15.87302 0 777.7778
v -31.74603 0 777.7778
v -47.61905 0 777.7778
v -63.49207 0 777.7778
v -79.36508 0 777.7778
v -95.2381 0 777.7778
v -111.1111 0 777.7778
v -126.9841 0 777.7778
v -142.8571 0 777.7778
v -158.7302 0 777.7778
v -174.6032 0 777.7778
v -190.4762 0.542666 777.7778
v -206.3492 38.93526 777.7778
v -222.2222 45.90734 777.7778
v -238.0952 45.90734 777.7778
v -253.9683 45.90618 777.7778
v -269.8413 30.45572 777.7778
v -285.7143 7.392364 777.7778
v -301.5873 11.64124 777.7778
v -317.4603 11.2003 777.7778
v -333.3333 5.245253 777.7778
v -349.2064 8.349216 777.7778
v -365.0794 6.665131 777.7778
v -380.9524 7.434217 777.7778
v -396.8254 8.607038 777.7778
v -412.6984 36.22483 777.7778
v -428.5714 38.33184 777.7778
v -444.4445 24.51321 777.7778
v -460.3175 45.75591 777.7778
v -476.1905 42.24762 777.7778
v -492.0635 0.955985 777.7778
v -507.9365 0 777.7778
v -523.8096 0 777.7778
v -539.6826 0 777.7778
v -555.5555 0 777.7778
v -571.4286 0 777.7778
v -587.3016 0 777.7778
v -603.1746 8.560273 777.7778
v -619.0476 17.63321 777.7778
v -634.9207 19.19115 777.7778
v -650.7937 3.049308 777.7778
v -666.6667 0 777.7778
v -682.5397 0 777.7778
v -698.4127 0 777.7778
v -714.2858 0 777.7778
v -730.1588 4.107063 777.7778
v -746.0317 45.07955 777.7778
v -761.9048 44.63569 777.7778
v -777.7778 9.039828 777.7778
v -793.6508 0 777.7778
v -809.5238 0 777.7778
v -825.3969 0 777.7778
v -841.2699 0 777.7778
v -857.1429 0 777.7778
v -873.0159 0 777.7778
v -888.8889 0 777.7778
v -904.762 0 777.7778
v -920.6349 0 777.7778
v -936.5079 0 777.7778
v -952.381 0 777.7778
v -968.254 0 777.7778
v -984.127 0 777.7778
v -1000 0 777.7778
v 0 0 793.6508
v -15.87302 0 793.6508
v -31.74603 0 793.6508
v -47.61905 0 793.6508
v -63.49207 0 793.6508
v -79.36508 0 793.6508
v -95.2381 0 793.6508
v -111.1111 0 793.6508
v -126.9841 0 793.6508
v -142.8571 0 793.6508
v -158.7302 0 793.6508
v -174.6032 0 793.6508
v -190.4762 0.3612921 793.6508
v -206.3492 28.35866 793.6508
v -222.2222 44.76766 793.6508
v -238.0952 45.68034 793.6508
v -253.9683 44.18196 793.6508
v -269.8413 15.86686 793.6508
v -285.7143 0 793.6508
v -301.5873 0 793.6508
v -317.4603 0 793.6508
v -333.3333 0 793.6508
v -349.2064 0 793.6508
v -365.0794 0 793.6508
v -380.9524 0 793.6508
v -396.8254 0.04941266 793.6508
v -412.6984 24.54112 793.6508
v -428.5714 45.14261 793.6508
v -444.4445 20.73842 793.6508
v -460.3175 17.58788 793.6508
v -476.1905 15.91396 793.6508
v -492.0635 0.1371916 793.6508
v -507.9365 0 793.6508
v -523.8096 0 793.6508
v -539.6826 0 793.6508
v -555.5555 0 793.6508
v -571.4286 0 793.6508
v -587.3016 0 793.6508
v -603.1746 5.828675 793.6508
v -619.0476 10.75741 793.6508
v -634.9207 10.19672 793.6508
v -650.7937 9.928734 793.6508
v -666.6667 5.031937 793.6508
v -682.5397 0 793.6508
v -698.4127 0 793.6508
v -714.2858 0 793.6508
v -730.1588 2.663635 793.6508
v -746.0317 44.72495 793.6508
v -761.9048 41.85027 793.6508
v -777.7778 1.039399 793.6508
v -793.6508 0 793.6508
v -809.5238 0 793.6508
v -825.3969 0 793.6508
v -841.2699 0 793.6508
v -857.1429 0 793.6508
v -873.0159 0 793.6508
v -888.8889 0 793.6508
v -904.762 0 793.6508
v -920.6349 0 793.6508
v -936.5079 0 793.6508
v -952.381 0 793.6508
v -968.254 0 793.6508
v -984.127 0 793.6508
v -1000 0 793.6508
v 0 0 809.5238
v -15.87302 0 809.5238
v -31.74603 0 809.5238
v -47.61905 0 809.5238
v -63.49207 0 809.5238
v -79.36508 0 809.5238
v -95.2381 0 809.5238
v -111.1111 0 809.5238
v -126.9841 0 809.5238
v -142.8571 0 809.5238
v -158.7302 0 809.5238
v -174.6032 0 809.5238
v -190.4762 0.0008719116 809.5238
v -206.3492 7.466499 809.5238
v -222.2222 26.94865 809.5238
v -238.0952 31.9364 809.5238
v -253.9683 23.02906 809.5238
v -269.8413 2.007587 809.5238
v -285.7143 0 809.5238
v -301.5873 0 809.5238
v -317.4603 0 809.5238
v -333.3333 0 809.5238
v -349.2064 0 809.5238
v -365.0794 0 809.5238
v -380.9524 0 809.5238
v -396.8254 0 809.5238
v -412.6984 0.9896994 809.5238
v -428.5714 11.49795 809.5238
v -444.4445 38.81432 809.5238
v -460.3175 39.92468 809.5238
v -476.1905 29.83409 809.5238
v -492.0635 2.461908 809.5238
v -507.9365 0 809.5238
v -523.8096 0 809.5238
v -539.6826 0 809.5238
v -555.5555 0 809.5238
v -571.4286 0 809.5238
v -587.3016 0.01685871 809.5238
v -603.1746 24.57869 809.5238
v -619.0476 45.36322 809.5238
v -634.9207 37.86325 809.5238
v -650.7937 38.38937 809.5238
v -666.6667 41.00328 809.5238
v -682.5397 1.453886 809.5238
v -698.4127 0.9713961 809.5238
v -714.2858 1.115273 809.5238
v -730.1588 5.20025 809.5238
v -746.0317 45.04089 809.5238
v -761.9048 43.10302 809.5238
v -777.7778 1.539627 809.5238
v -793.6508 0 809.5238
v -809.5238 0 809.5238
v -825.3969 0 809.5238
v -841.2699 0 809.5238
v -857.1429 0 809.5238
v -873.0159 0 809.5238
v -888.8889 0 809.5238
v -904.762 0 809.5238
v -920.6349 0 809.5238
v -936.5079 0 809.5238
v -952.381 0 809.5238
v -968.254 0 809.5238
v -984.127 0 809.5238
v -1000 0 809.5238
v 0 0 825.3969
v -15.87302 0 825.3969
v -31.74603 0 825.3969
v -47.61905 0 825.3969
v -63.49207 0 825.3969
v -79.36508 0 825.3969
v -95.2381 0 825.3969
v -111.1111 0 825.3969
v -126.9841 0 825.3969
v -142.8571 0 825.3969
v -158.7302 0 825.3969
v -174.6032 0 825.3969
v -190.4762 0 825.3969
v -206.3492 0.08574456 825.3969
v -222.2222 2.672042 825.3969
v -238.0952 4.75666 825.3969
v -253.9683 1.241117 825.3969
v -269.8413 0 825.3969
v -285.7143 0 825.3969
v -301.5873 0 825.3969
v -317.4603 0 825.3969
v -333.3333 0 825.3969
v -349.2064 0 825.3969
v -365.0794 0 825.3969
v -380.9524 0 825.3969
v -396.8254 0 825.3969
v -412.6984 0 825.3969
v -428.5714 0 825.3969
v -444.4445 1.218739 825.3969
v -460.3175 11.41658 825.3969
v -476.1905 42.65717 825.3969
v -492.0635 11.3018 825.3969
v -507.9365 0.03691336 825.3969
v -523.8096 0.003488202 825.3969
v -539.6826 2.054702 825.3969
v -555.5555 2.853138 825.3969
v -571.4286 3.909996 825.3969
v -587.3016 1.589921 825.3969
v -603.1746 23.67941 825.3969
v -619.0476 43.79538 825.3969
v -634.9207 2.06775 825.3969
v -650.7937 3.251361 825.3969
v -666.6667 42.64438 825.3969
v -682.5397 41.28526 825.3969
v -698.4127 41.28061 825.3969
v -714.2858 41.48668 825.3969
v -730.1588 42.4139 825.3969
v -746.0317 42.01915 825.3969
v -761.9048 37.97662 825.3969
v -777.7778 2.348822 825.3969
v -793.6508 0 825.3969
v -809.5238 0 825.3969
v -825.3969 0 825.3969
v -841.2699 0 825.3969
v -857.1429 0 825.3969
v -873.0159 0 825.3969
v -888.8889 0 825.3969
v -904.762 0 825.3969
v -920.6349 0 825.3969
v -936.5079 0 825.3969
v -952.381 0 825.3969
v -968.254 0 825.3969
v -984.127 0 825.3969
v -1000 0 825.3969
v 0 0 841.2699
v -15.87302 0 841.2699
v -31.74603 0 841.2699
v -47.61905 0 841.2699
v -63.49207 0 841.2699
v -79.36508 0 841.2699
v -95.2381 0 841.2699
v -111.1111 0 841.2699
v -126.9841 0 841.2699
v -142.8571 0 841.2699
v -158.7302 0 841.2699
v -174.6032 0 841.2699
v -190.4762 0 841.2699
v -206.3492 0 841.2699
v -222.2222 0 841.2699
v -238.0952 0 841.2699
v -253.9683 0 841.2699
v -269.8413 0 841.2699
v -285.7143 0 841.2699
v -301.5873 0 841.2699
v -317.4603 0 841.2699
v -333.3333 0 841.2699
v -349.2064 0 841.2699
v -365.0794 0 841.2699
v -380.9524 0 841.2699
v -396.8254 0 841.2699
v -412.6984 0 841.2699
v -428.5714 0 841.2699
v -444.4445 0 841.2699
v -460.3175 8.212356 841.2699
v -476.1905 45.25946 841.2699
v -492.0635 43.39487 841.2699
v -507.9365 2.028507 841.2699
v -523.8096 0.6051668 841.2699
v -539.6826 33.54356 841.2699
v -555.5555 44.52089 841.2699
v -571.4286 44.52032 841.2699
v -587.3016 43.00102 841.2699
v -603.1746 43.47017 841.2699
v -619.0476 40.20628 841.2699
v -634.9207 0.5885841 841.2699
v -650.7937 0.01743989 841.2699
v -666.6667 2.607517 841.2699
v -682.5397 6.236115 841.2699
v -698.4127 4.151498 841.2699
v -714.2858 5.560627 841.2699
v -730.1588 4.492147 841.2699
v -746.0317 2.105826 841.2699
v -761.9048 1.357381 841.2699
v -777.7778 0.004941154 841.2699
v -793.6508 0 841.2699
v -809.5238 0 841.2699
v -825.3969 0 841.2699
v -841.2699 0 841.2699
v -857.1429 0 841.2699
v -873.0159 0 841.2699
v -888.8889 0 841.2699
v -904.762 0 841.2699
v -920.6349 0 841.2699
v -936.5079 0 841.2699
v -952.381 0 841.2699
v -968.254 0 841.2699
v -984.127 0 841.2699
v -1000 0 841.2699
v 0 0 857.1429
v -15.87302 0 857.1429
v -31.74603 0 857.1429
v -47.61905 0 857.1429
v -63.49207 0 857.1429
v -79.36508 0 857.1429
v -95.2381 0 857.1429
v -111.1111 0 857.1429
v -126.9841 0 857.1429
v -142.8571 0 857.1429
v -158.7302 0 857.1429
v -174.6032 0 857.1429
v -190.4762 0 857.1429
v -206.3492 0 857.1429
v -222.2222 0 857.1429
v -238.0952 0 857.1429
v -253.9683 0 857.1429
v -269.8413 0 857.1429
v -285.7143 0 857.1429
v -301.5873 0 857.1429
v -317.4603 0 857.1429
v -333.3333 0 857.1429
v -349.2064 0 857.1429
v -365.0794 0 857.1429
v -380.9524 0 857.1429
v -396.8254 0 857.1429
v -412.6984 0 857.1429
v -428.5714 0 857.1429
v -444.4445 0.1153929 857.1429
v -460.3175 25.18902 857.1429
v -476.1905 45.86026 857.1429
v -492.0635 43.12775 857.1429
v -507.9365 1.722154 857.1429
v -523.8096 0.6400415 857.1429
v -539.6826 31.38861 857.1429
v -555.5555 45.19318 857.1429
v -571.4286 23.66647 857.1429
v -587.3016 26.34551 857.1429
v -603.1746 26.82743 857.1429
v -619.0476 9.447004 857.1429
v -634.9207 0.002615873 857.1429
v -650.7937 0 857.1429
v -666.6667 0 857.1429
v -682.5397 0 857.1429
v -698.4127 0 857.1429
v -714.2858 0 857.1429
v -730.1588 0 857.1429
v -746.0317 0 857.1429
v -761.9048 0 857.1429
v -777.7778 0 857.1429
v -793.6508 0 857.1429
v -809.5238 0 857.1429
v -825.3969 0 857.1429
v -841.2699 0 857.1429
v -857.1429 0 857.1429
v -873.0159 0 857.1429
v -888.8889 0 857.1429
v -904.762 0 857.1429
v -920.6349 0 857.1429
v -936.5079 0 857.1429
v -952.381 0 857.1429
v -968.254 0 857.1429
v -984.127 0 857.1429
v -1000 0 857.1429
v 0 0 873.0159
v -15.87302 0 873.0159
v -31.74603 0 873.0159
v -47.61905 0 873.0159
v -63.49207 0 873.0159
v -79.36508 0 873.0159
v -95.2381 0 873.0159
v -111.1111 0 873.0159
v -126.9841 0 873.0159
v -142.8571 0 873.0159
v -158.7302 0 873.0159
v -174.6032 0 873.0159
v -190.4762 0 873.0159
v -206.3492 0 873.0159
v -222.2222 0 873.0159
v -238.0952 0 873.0159
v -253.9683 0 873.0159
v -269.8413 0 873.0159
v -285.7143 0 873.0159
v -301.5873 0 873.0159
v -317.4603 0 873.0159
v -333.3333 0 873.0159
v -349.2064 0 873.0159
v -365.0794 0 873.0159
v -380.9524 0 873.0159
v -396.8254 0 873.0159
v -412.6984 0 873.0159
v -428.5714 0 873.0159
v -444.4445 1.053068 873.0159
v -460.3175 31.52309 873.0159
v -476.1905 44.79324 873.0159
v -492.0635 45.3391 873.0159
v -507.9365 38.10136 873.0159
v -523.8096 39.09776 873.0159
v -539.6826 44.86184 873.0159
v -555.5555 43.8256 873.0159
v -571.4286 2.579591 873.0159
v -587.3016 0.001452953 873.0159
v -603.1746 0.00174354 873.0159
v -619.0476 0 873.0159
v -634.9207 0 873.0159
v -650.7937 0 873.0159
v -666.6667 0 873.0159
v -682.5397 0 873.0159
v -698.4127 0 873.0159
v -714.2858 0 873.0159
v -730.1588 0 873.0159
v -746.0317 0 873.0159
v -761.9048 0 873.0159
v -777.7778 0 873.0159
v -793.6508 0 873.0159
v -809.5238 0 873.0159
v -825.3969 0 873.0159
v -841.2699 0 873.0159
v -857.1429 0 873.0159
v -873.0159 0 873.0159
v -888.8889 0 873.0159
v -904.762 0 873.0159
v -920.6349 0 873.0159
v -936.5079 0 873.0159
v -952.381 0 873.0159
v -968.254 0 873.0159
v -984.127 0 873.0159
v -1000 0 873.0159
v 0 0 888.8889
v -15.87302 0 888.8889
v -31.74603 0 888.8889
v -47.61905 0 888.8889
v -63.49207 0 888.8889
v -79.36508 0 888.8889
v -95.2381 0 888.8889
v -111.1111 0 888.8889
v -126.9841 0 888.8889
v -142.8571 0 888.8889
v -158.7302 0 888.8889
v -174.6032 0 888.8889
v -190.4762 0 888.8889
v -206.3492 0 888.8889
v -222.2222 0 888.8889
v -238.0952 0 888.8889
v -253.9683 0 888.8889
v -269.8413 0 888.8889
v -285.7143 0 888.8889
v -301.5873 0 888.8889
v -317.4603 0 888.8889
v -333.3333 0 888.8889
v -349.2064 0 888.8889
v -365.0794 0 888.8889
v -380.9524 0 888.8889
v -396.8254 0 888.8889
v -412.6984 0 888.8889
v -428.5714 0 888.8889
v -444.4445 0.2258438 888.8889
v -460.3175 6.360826 888.8889
v -476.1905 34.63025 888.8889
v -492.0635 41.55236 888.8889
v -507.9365 43.86341 888.8889
v -523.8096 45.1118 888.8889
v -539.6826 42.76672 888.8889
v -555.5555 22.08785 888.8889
v -571.4286 0.2566505 888.8889
v -587.3016 0 888.8889
v -603.1746 0 888.8889
v -619.0476 0 888.8889
v -634.9207 0 888.8889
v -650.7937 0 888.8889
v -666.6667 0 888.8889
v -682.5397 0 888.8889
v -698.4127 0 888.8889
v -714.2858 0 888.8889
v -730.1588 0 888.8889
v -746.0317 0 888.8889
v -761.9048 0 888.8889
v -777.7778 0 888.8889
v -793.6508 0 888.8889
v -809.5238 0 888.8889
v -825.3969 0 888.8889
v -841.2699 0 888.8889
v -857.1429 0 888.8889
v -873.0159 0 888.8889
v -888.8889 0 888.8889
v -904.762 0 888.8889
v -920.6349 0 888.8889
v -936.5079 0 888.8889
v -952.381 0 888.8889
v -968.254 0 888.8889
v -984.127 0 888.8889
v -1000 0 888.8889
v 0 0 904.762
v -15.87302 0 904.762
v -31.74603 0 904.762
v -47.61905 0 904.762
v -63.49207 0 904.762
v -79.36508 0 904.762
v -95.2381 0 904.762
v -111.1111 0 904.762
v -126.9841 0 904.762
v -142.8571 0 904.762
v -158.7302 0 904.762
v -174.6032 0 904.762
v -190.4762 0 904.762
v -206.3492 0 904.762
v -222.2222 0 904.762
v -238.0952 0 904.762
v -253.9683 0 904.762
v -269.8413 0 904.762
v -285.7143 0 904.762
v -301.5873 0 904.762
v -317.4603 0 904.762
v -333.3333 0 904.762
v -349.2064 0 904.762
v -365.0794 0 904.762
v -380.9524 0 904.762
v -396.8254 0 904.762
v -412.6984 0 904.762
v -428.5714 0 904.762
v -444.4445 0 904.762
v -460.3175 0 904.762
v -476.1905 2.539214 904.762
v -492.0635 3.330101 904.762
v -507.9365 7.633626 904.762
v -523.8096 7.415346 904.762
v -539.6826 5.612064 904.762
v -555.5555 0.1389346 904.762
v -571.4286 0 904.762
v -587.3016 0 904.762
v -603.1746 0 904.762
v -619.0476 0 904.762
v -634.9207 0 904.762
v -650.7937 0 904.762
v -666.6667 0 904.762
v -682.5397 0 904.762
v -698.4127 0 904.762
v -714.2858 0 904.762
v -730.1588 0 904.762
v -746.0317 0 904.762
v -761.9048 0 904.762
v -777.7778 0 904.762
v -793.6508 0 904.762
v -809.5238 0 904.762
v -825.3969 0 904.762
v -841.2699 0 904.762
v -857.1429 0 904.762
v -873.0159 0 904.762
v -888.8889 0 904.762
v -904.762 0 904.762
v -920.6349 0 904.762
v -936.5079 0 904.762
v -952.381 0 904.762
v -968.254 0 904.762
v -984.127 0 904.762
v -1000 0 904.762
v 0 0 920.6349
v -15.87302 0 920.6349
v -31.74603 0 920.6349
v -47.61905 0 920.6349
v -63.49207 0 920.6349
v -79.36508 0 920.6349
v -95.2381 0 920.6349
v -111.1111 0 920.6349
v -126.9841 0 920.6349
v -142.8571 0 920.6349
v -158.7302 0 920.6349
v -174.6032 0 920.6349
v -190.4762 0 920.6349
v -206.3492 0 920.6349
v -222.2222 0 920.6349
v -238.0952 0 920.6349
v -253.9683 0 920.6349
v -269.8413 0 920.6349
v -285.7143 0 920.6349
v -301.5873 0 920.6349
v -317.4603 0 920.6349
v -333.3333 0 920.6349
v -349.2064 0 920.6349
v -365.0794 0 920.6349
v -380.9524 0 920.6349
v -396.8254 0 920.6349
v -412.6984 0 920.6349
v -428.5714 0 920.6349
v -444.4445 0 920.6349
v -460.3175 0 920.6349
v -476.1905 0 920.6349
v -492.0635 0 920.6349
v -507.9365 0 920.6349
v -523.8096 0 920.6349
v -539.6826 0 920.6349
v -555.5555 0 920.6349
v -571.4286 0 920.6349
v -587.3016 0 920.6349
v -603.1746 0 920.6349
v -619.0476 0 920.6349
v -634.9207 0 920.6349
v -650.7937 0 920.6349
v -666.6667 0 920.6349
v -682.5397 0 920.6349
v -698.4127 0 920.6349
v -714.2858 0 920.6349
v -730.1588 0 920.6349
v -746.0317 0 920.6349
v -761.9048 0 920.6349
v -777.7778 0 920.6349
v -793.6508 0 920.6349
v -809.5238 0 920.6349
v -825.3969 0 920.6349
v -841.2699 0 920.6349
v -857.1429 0 920.6349
v -873.0159 0 920.6349
v -888.8889 0 920.6349
v -904.762 0 920.6349
v -920.6349 0 920.6349
v -936.5079 0 920.6349
v -952.381 0 920.6349
v -968.254 0 920.6349
v -984.127 0 920.6349
v -1000 0 920.6349
v 0 0 936.5079
v -15.87302 0 936.5079
v -31.74603 0 936.5079
v -47.61905 0 936.5079
v -63.49207 0 936.5079
v -79.36508 0 936.5079
v -95.2381 0 936.5079
v -111.1111 0 936.5079
v -126.9841 0 936.5079
v -142.8571 0 936.5079
v -158.7302 0 936.5079
v -174.6032 0 936.5079
v -190.4762 0 936.5079
v -206.3492 0 936.5079
v -222.2222 0 936.5079
v -238.0952 0 936.5079
v -253.9683 0 936.5079
v -269.8413 0 936.5079
v -285.7143 0 936.5079
v -301.5873 0 936.5079
v -317.4603 0 936.5079
v -333.3333 0 936.5079
v -349.2064 0 936.5079
v -365.0794 0 936.5079
v -380.9524 0 936.5079
v -396.8254 0 936.5079
v -412.6984 0 936.5079
v -428.5714 0 936.5079
v -444.4445 0 936.5079
v -460.3175 0 936.5079
v -476.1905 0 936.5079
v -492.0635 0 936.5079
v -507.9365 0 936.5079
v -523.8096 0 936.5079
v -539.6826 0 936.5079
v -555.5555 0 936.5079
v -571.4286 0 936.5079
v -587.3016 0 936.5079
v -603.1746 0 936.5079
v -619.0476 0 936.5079
v -634.9207 0 936.5079
v -650.7937 0 936.5079
v -666.6667 0 936.5079
v -682.5397 0 936.5079
v -698.4127 0 936.5079
v -714.2858 0 936.5079
v -730.1588 0 936.5079
v -746.0317 0 936.5079
v -761.9048 0 936.5079
v -777.7778 0 936.5079
v -793.6508 0 936.5079
v -809.5238 0 936.5079
v -825.3969 0 936.5079
v -841.2699 0 936.5079
v -857.1429 0 936.5079
v -873.0159 0 936.5079
v -888.8889 0 936.5079
v -904.762 0 936.5079
v -920.6349 0 936.5079
v -936.5079 0 936.5079
v -952.381 0 936.5079
v -968.254 0 936.5079
v -984.127 0 936.5079
v -1000 0 936.5079
v 0 0 952.381
v -15.87302 0 952.381
v -31.74603 0 952.381
v -47.61905 0 952.381
v -63.49207 0 952.381
v -79.36508 0 952.381
v -95.2381 0 952.381
v -111.1111 0 952.381
v -126.9841 0 952.381
v -142.8571 0 952.381
v -158.7302 0 952.381
v -174.6032 0 952.381
v -190.4762 0 952.381
v -206.3492 0 952.381
v -222.2222 0 952.381
v -238.0952 0 952.381
v -253.9683 0 952.381
v -269.8413 0 952.381
v -285.7143 0 952.381
v -301.5873 0 952.381
v -317.4603 0 952.381
v -333.3333 0 952.381
v -349.2064 0 952.381
v -365.0794 0 952.381
v -380.9524 0 952.381
v -396.8254 0 952.381
v -412.6984 0 952.381
v -428.5714 0 952.381
v -444.4445 0 952.381
v -460.3175 0 952.381
v -476.1905 0 952.381
v -492.0635 0 952.381
v -507.9365 0 952.381
v -523.8096 0 952.381
v -539.6826 0 952.381
v -555.5555 0 952.381
v -571.4286 0 952.381
v -587.3016 0 952.381
v -603.1746 0 952.381
v -619.0476 0 952.381
v -634.9207 0 952.381
v -650.7937 0 952.381
v -666.6667 0 952.381
v -682.5397 0 952.381
v -698.4127 0 952.381
v -714.2858 0 952.381
v -730.1588 0 952.381
v -746.0317 0 952.381
v -761.9048 0 952.381
v -777.7778 0 952.381
v -793.6508 0 952.381
v -809.5238 0 952.381
v -825.3969 0 952.381
v -841.2699 0 952.381
v -857.1429 0 952.381
v -873.0159 0 952.381
v -888.8889 0 952.381
v -904.762 0 952.381
v -920.6349 0 952.381
v -936.5079 0 952.381
v -952.381 0 952.381
v -968.254 0 952.381
v -984.127 0 952.381
v -1000 0 952.381
v 0 0 968.254
v -15.87302 0 968.254
v -31.74603 0 968.254
v -47.61905 0 968.254
v -63.49207 0 968.254
v -79.36508 0 968.254
v -95.2381 0 968.254
v -111.1111 0 968.254
v -126.9841 0 968.254
v -142.8571 0 968.254
v -158.7302 0 968.254
v -174.6032 0 968.254
v -190.4762 0 968.254
v -206.3492 0 968.254
v -222.2222 0 968.254
v -238.0952 0 968.254
v -253.9683 0 968.254
v -269.8413 0 968.254
v -285.7143 0 968.254
v -301.5873 0 968.254
v -317.4603 0 968.254
v -333.3333 0 968.254
v -349.2064 0 968.254
v -365.0794 0 968.254
v -380.9524 0 968.254
v -396.8254 0 968.254
v -412.6984 0 968.254
v -428.5714 0 968.254
v -444.4445 0 968.254
v -460.3175 0 968.254
v -476.1905 0 968.254
v -492.0635 0 968.254
v -507.9365 0 968.254
v -523.8096 0 968.254
v -539.6826 0 968.254
v -555.5555 0 968.254
v -571.4286 0 968.254
v -587.3016 0 968.254
v -603.1746 0 968.254
v -619.0476 0 968.254
v -634.9207 0 968.254
v -650.7937 0 968.254
v -666.6667 0 968.254
v -682.5397 0 968.254
v -698.4127 0 968.254
v -714.2858 0 968.254
v -730.1588 0 968.254
v -746.0317 0 968.254
v -761.9048 0 968.254
v -777.7778 0 968.254
v -793.6508 0 968.254
v -809.5238 0 968.254
v -825.3969 0 968.254
v -841.2699 0 968.254
v -857.1429 0 968.254
v -873.0159 0 968.254
v -888.8889 0 968.254
v -904.762 0 968.254
v -920.6349 0 968.254
v -936.5079 0 968.254
v -952.381 0 968.254
v -968.254 0 968.254
v -984.127 0 968.254
v -1000 0 968.254
v 0 0 984.127
v -15.87302 0 984.127
v -31.74603 0 984.127
v -47.61905 0 984.127
v -63.49207 0 984.127
v -79.36508 0 984.127
v -95.2381 0 984.127
v -111.1111 0 984.127
v -126.9841 0 984.127
v -142.8571 0 984.127
v -158.7302 0 984.127
v -174.6032 0 984.127
v -190.4762 0 984.127
v -206.3492 0 984.127
v -222.2222 0 984.127
v -238.0952 0 984.127
v -253.9683 0 984.127
v -269.8413 0 984.127
v -285.7143 0 984.127
v -301.5873 0 984.127
v -317.4603 0 984.127
v -333.3333 0 984.127
v -349.2064 0 984.127
v -365.0794 0 984.127
v -380.9524 0 984.127
v -396.8254 0 984.127
v -412.6984 0 984.127
v -428.5714 0 984.127
v -444.4445 0 984.127
v -460.3175 0 984.127
v -476.1905 0 984.127
v -492.0635 0 984.127
v -507.9365 0 984.127
v -523.8096 0 984.127
v -539.6826 0 984.127
v -555.5555 0 984.127
v -571.4286 0 984.127
v -587.3016 0 984.127
v -603.1746 0 984.127
v -619.0476 0 984.127
v -634.9207 0 984.127
v -650.7937 0 984.127
v -666.6667 0 984.127
v -682.5397 0 984.127
v -698.4127 0 984.127
v -714.2858 0 984.127
v -730.1588 0 984.127
v -746.0317 0 984.127
v -761.9048 0 984.127
v -777.7778 0 984.127
v -793.6508 0 984.127
v -809.5238 0 984.127
v -825.3969 0 984.127
v -841.2699 0 984.127
v -857.1429 0 984.127
v -873.0159 0 984.127
v -888.8889 0 984.127
v -904.762 0 984.127
v -920.6349 0 984.127
v -936.5079 0 984.127
v -952.381 0 984.127
v -968.254 0 984.127
v -984.127 0 984.127
v -1000 0 984.127
v 0 0 1000
v -15.87302 0 1000
v -31.74603 0 1000
v -47.61905 0 1000
v -63.49207 0 1000
v -79.36508 0 1000
v -95.2381 0 1000
v -111.1111 0 1000
v -126.9841 0 1000
v -142.8571 0 1000
v -158.7302 0 1000
v -174.6032 0 1000
v -190.4762 0 1000
v -206.3492 0 1000
v -222.2222 0 1000
v -238.0952 0 1000
v -253.9683 0 1000
v -269.8413 0 1000
v -285.7143 0 1000
v -301.5873 0 1000
v -317.4603 0 1000
v -333.3333 0 1000
v -349.2064 0 1000
v -365.0794 0 1000
v -380.9524 0 1000
v -396.8254 0 1000
v -412.6984 0 1000
v -428.5714 0 1000
v -444.4445 0 1000
v -460.3175 0 1000
v -476.1905 0 1000
v -492.0635 0 1000
v -507.9365 0 1000
v -523.8096 0 1000
v -539.6826 0 1000
v -555.5555 0 1000
v -571.4286 0 1000
v -587.3016 0 1000
v -603.1746 0 1000
v -619.0476 0 1000
v -634.9207 0 1000
v -650.7937 0 1000
v -666.6667 0 1000
v -682.5397 0 1000
v -698.4127 0 1000
v -714.2858 0 1000
v -730.1588 0 1000
v -746.0317 0 1000
v -761.9048 0 1000
v -777.7778 0 1000
v -793.6508 0 1000
v -809.5238 0 1000
v -825.3969 0 1000
v -841.2699 0 1000
v -857.1429 0 1000
v -873.0159 0 1000
v -888.8889 0 1000
v -904.762 0 1000
v -920.6349 0 1000
v -936.5079 0 1000
v -952.381 0 1000
v -968.254 0 1000
v -984.127 0 1000
v -1000 0 1000
vt 0 0
vt 0.01587302 0
vt 0.03174603 0
vt 0.04761905 0
vt 0.06349207 0
vt 0.07936508 0
vt 0.0952381 0
vt 0.1111111 0
vt 0.1269841 0
vt 0.1428571 0
vt 0.1587302 0
vt 0.1746032 0
vt 0.1904762 0
vt 0.2063492 0
vt 0.2222222 0
vt 0.2380953 0
vt 0.2539683 0
vt 0.2698413 0
vt 0.2857143 0
vt 0.3015873 0
vt 0.3174603 0
vt 0.3333333 0
vt 0.3492064 0
vt 0.3650794 0
vt 0.3809524 0
vt 0.3968254 0
vt 0.4126984 0
vt 0.4285715 0
vt 0.4444445 0
vt 0.4603175 0
vt 0.4761905 0
vt 0.4920635 0
vt 0.5079365 0
vt 0.5238096 0
vt 0.5396826 0
vt 0.5555556 0
vt 0.5714286 0
vt 0.5873016 0
vt 0.6031746 0
vt 0.6190476 0
vt 0.6349207 0
vt 0.6507937 0
vt 0.6666667 0
vt 0.6825397 0
vt 0.6984127 0
vt 0.7142857 0
vt 0.7301587 0
vt 0.7460318 0
vt 0.7619048 0
vt 0.7777779 0
vt 0.7936509 0
vt 0.8095239 0
vt 0.8253969 0
vt 0.8412699 0
vt 0.8571429 0
vt 0.8730159 0
vt 0.888889 0
vt 0.904762 0
vt 0.920635 0
vt 0.936508 0
vt 0.952381 0
vt 0.968254 0
vt 0.984127 0
vt 1 0
vt 0 0.01587302
vt 0.01587302 0.01587302
vt 0.03174603 0.01587302
vt 0.04761905 0.01587302
vt 0.06349207 0.01587302
vt 0.07936508 0.01587302
vt 0.0952381 0.01587302
vt 0.1111111 0.01587302
vt 0.1269841 0.01587302
vt 0.1428571 0.01587302
vt 0.1587302 0.01587302
vt 0.1746032 0.01587302
vt 0.1904762 0.01587302
vt 0.2063492 0.01587302
vt 0.2222222 0.01587302
vt 0.2380953 0.01587302
vt 0.2539683 0.01587302
vt 0.2698413 0.01587302
vt 0.2857143 0.01587302
vt 0.3015873 0.01587302
vt 0.3174603 0.01587302
vt 0.3333333 0.01587302
vt 0.3492064 0.01587302
vt 0.3650794 0.01587302
vt 0.3809524 0.01587302
vt 0.3968254 0.01587302
vt 0.4126984 0.01587302
vt 0.4285715 0.01587302
vt 0.4444445 0.01587302
vt 0.4603175 0.01587302
vt 0.4761905 0.01587302
vt 0.4920635 0.01587302
vt 0.5079365 0.01587302
vt 0.5238096 0.01587302
vt 0.5396826 0.01587302
vt 0.5555556 0.01587302
vt 0.5714286 0.01587302
vt 0.5873016 0.01587302
vt 0.6031746 0.01587302
vt 0.6190476 0.01587302
vt 0.6349207 0.01587302
vt 0.6507937 0.01587302
vt 0.6666667 0.01587302
vt 0.6825397 0.01587302
vt 0.6984127 0.01587302
vt 0.7142857 0.01587302
vt 0.7301587 0.01587302
vt 0.7460318 0.01587302
vt 0.7619048 0.01587302
vt 0.7777779 0.01587302
vt 0.7936509 0.01587302
vt 0.8095239 0.01587302
vt 0.8253969 0.01587302
vt 0.8412699 0.01587302
vt 0.8571429 0.01587302
vt 0.8730159 0.01587302
vt 0.888889 0.01587302
vt 0.904762 0.01587302
vt 0.920635 0.01587302
vt 0.936508 0.01587302
vt 0.952381 0.01587302
vt 0.968254 0.01587302
vt 0.984127 0.01587302
vt 1 0.01587302
vt 0 0.03174603
vt 0.01587302 0.03174603
vt 0.03174603 0.03174603
vt 0.04761905 0.03174603
vt 0.06349207 0.03174603
vt 0.07936508 0.03174603
vt 0.0952381 0.03174603
vt 0.1111111 0.03174603
vt 0.1269841 0.03174603
vt 0.1428571 0.03174603
vt 0.1587302 0.03174603
vt 0.1746032 0.03174603
vt 0.1904762 0.03174603
vt 0.2063492 0.03174603
vt 0.2222222 0.03174603
vt 0.2380953 0.03174603
vt 0.2539683 0.03174603
vt 0.2698413 0.03174603
vt 0.2857143 0.03174603
vt 0.3015873 0.03174603
vt 0.3174603 0.03174603
vt 0.3333333 0.03174603
vt 0.3492064 0.03174603
vt 0.3650794 0.03174603
vt 0.3809524 0.03174603
vt 0.3968254 0.03174603
vt 0.4126984 0.03174603
vt 0.4285715 0.03174603
vt 0.4444445 0.03174603
vt 0.4603175 0.03174603
vt 0.4761905 0.03174603
vt 0.4920635 0.03174603
vt 0.5079365 0.03174603
vt 0.5238096 0.03174603
vt 0.5396826 0.03174603
vt 0.5555556 0.03174603
vt 0.5714286 0.03174603
vt 0.5873016 0.03174603
vt 0.6031746 0.03174603
vt 0.6190476 0.03174603
vt 0.6349207 0.03174603
vt 0.6507937 0.03174603
vt 0.6666667 0.03174603
vt 0.6825397 0.03174603
vt 0.6984127 0.03174603
vt 0.7142857 0.03174603
vt 0.7301587 0.03174603
vt 0.7460318 0.03174603
vt 0.7619048 0.03174603
vt 0.7777779 0.03174603
vt 0.7936509 0.03174603
vt 0.8095239 0.03174603
vt 0.8253969 0.03174603
vt 0.8412699 0.03174603
vt 0.8571429 0.03174603
vt 0.8730159 0.03174603
vt 0.888889 0.03174603
vt 0.904762 0.03174603
vt 0.920635 0.03174603
vt 0.936508 0.03174603
vt 0.952381 0.03174603
vt 0.968254 0.03174603
vt 0.984127 0.03174603
vt 1 0.03174603
vt 0 0.04761905
vt 0.01587302 0.04761905
vt 0.03174603 0.04761905
vt 0.04761905 0.04761905
vt 0.06349207 0.04761905
vt 0.07936508 0.04761905
vt 0.0952381 0.04761905
vt 0.1111111 0.04761905
vt 0.1269841 0.04761905
vt 0.1428571 0.04761905
vt 0.1587302 0.04761905
vt 0.1746032 0.04761905
vt 0.1904762 0.04761905
vt 0.2063492 0.04761905
vt 0.2222222 0.04761905
vt 0.2380953 0.04761905
vt 0.2539683 0.04761905
vt 0.2698413 0.04761905
vt 0.2857143 0.04761905
vt 0.3015873 0.04761905
vt 0.3174603 0.04761905
vt 0.3333333 0.04761905
vt 0.3492064 0.04761905
vt 0.3650794 0.04761905
vt 0.3809524 0.04761905
vt 0.3968254 0.04761905
vt 0.4126984 0.04761905
vt 0.4285715 0.04761905
vt 0.4444445 0.04761905
vt 0.4603175 0.04761905
vt 0.4761905 0.04761905
vt 0.4920635 0.04761905
vt 0.5079365 0.04761905
vt 0.5238096 0.04761905
vt 0.5396826 0.04761905
vt 0.5555556 0.04761905
vt 0.5714286 0.04761905
vt 0.5873016 0.04761905
vt 0.6031746 0.04761905
vt 0.6190476 0.04761905
vt 0.6349207 0.04761905
vt 0.6507937 0.04761905
vt 0.6666667 0.04761905
vt 0.6825397 0.04761905
vt 0.6984127 0.04761905
vt 0.7142857 0.04761905
vt 0.7301587 0.04761905
vt 0.7460318 0.04761905
vt 0.7619048 0.04761905
vt 0.7777779 0.04761905
vt 0.7936509 0.04761905
vt 0.8095239 0.04761905
vt 0.8253969 0.04761905
vt 0.8412699 0.04761905
vt 0.8571429 0.04761905
vt 0.8730159 0.04761905
vt 0.888889 0.04761905
vt 0.904762 0.04761905
vt 0.920635 0.04761905
vt 0.936508 0.04761905
vt 0.952381 0.04761905
vt 0.968254 0.04761905
vt 0.984127 0.04761905
vt 1 0.04761905
vt 0 0.06349207
vt 0.01587302 0.06349207
vt 0.03174603 0.06349207
vt 0.04761905 0.06349207
vt 0.06349207 0.06349207
vt 0.07936508 0.06349207
vt 0.0952381 0.06349207
vt 0.1111111 0.06349207
vt 0.1269841 0.06349207
vt 0.1428571 0.06349207
vt 0.1587302 0.06349207
vt 0.1746032 0.06349207
vt 0.1904762 0.06349207
vt 0.2063492 0.06349207
vt 0.2222222 0.06349207
vt 0.2380953 0.06349207
vt 0.2539683 0.06349207
vt 0.2698413 0.06349207
vt 0.2857143 0.06349207
vt 0.3015873 0.06349207
vt 0.3174603 0.06349207
vt 0.3333333 0.06349207
vt 0.3492064 0.06349207
vt 0.3650794 0.06349207
vt 0.3809524 0.06349207
vt 0.3968254 0.06349207
vt 0.4126984 0.06349207
vt 0.4285715 0.06349207
vt 0.4444445 0.06349207
vt 0.4603175 0.06349207
vt 0.4761905 0.06349207
vt 0.4920635 0.06349207
vt 0.5079365 0.06349207
vt 0.5238096 0.06349207
vt 0.5396826 0.06349207
vt 0.5555556 0.06349207
vt 0.5714286 0.06349207
vt 0.5873016 0.06349207
vt 0.6031746 0.06349207
vt 0.6190476 0.06349207
vt 0.6349207 0.06349207
vt 0.6507937 0.06349207
vt 0.6666667 0.06349207
vt 0.6825397 0.06349207
vt 0.6984127 0.06349207
vt 0.7142857 0.06349207
vt 0.7301587 0.06349207
vt 0.7460318 0.06349207
vt 0.7619048 0.06349207
vt 0.7777779 0.06349207
vt 0.7936509 0.06349207
vt 0.8095239 0.06349207
vt 0.8253969 0.06349207
vt 0.8412699 0.06349207
vt 0.8571429 0.06349207
vt 0.8730159 0.06349207
vt 0.888889 0.06349207
vt 0.904762 0.06349207
vt 0.920635 0.06349207
vt 0.936508 0.06349207
vt 0.952381 0.06349207
vt 0.968254 0.06349207
vt 0.984127 0.06349207
vt 1 0.06349207
vt 0 0.07936508
vt 0.01587302 0.07936508
vt 0.03174603 0.07936508
vt 0.04761905 0.07936508
vt 0.06349207 0.07936508
vt 0.07936508 0.07936508
vt 0.0952381 0.07936508
vt 0.1111111 0.07936508
vt 0.1269841 0.07936508
vt 0.1428571 0.07936508
vt 0.1587302 0.07936508
vt 0.1746032 0.07936508
vt 0.1904762 0.07936508
vt 0.2063492 0.07936508
vt 0.2222222 0.07936508
vt 0.2380953 0.07936508
vt 0.2539683 0.07936508
vt 0.2698413 0.07936508
vt 0.2857143 0.07936508
vt 0.3015873 0.07936508
vt 0.3174603 0.07936508
vt 0.3333333 0.07936508
vt 0.3492064 0.07936508
vt 0.3650794 0.07936508
vt 0.3809524 0.07936508
vt 0.3968254 0.07936508
vt 0.4126984 0.07936508
vt 0.4285715 0.07936508
vt 0.4444445 0.07936508
vt 0.4603175 0.07936508
vt 0.4761905 0.07936508
vt 0.4920635 0.07936508
vt 0.5079365 0.07936508
vt 0.5238096 0.07936508
vt 0.5396826 0.07936508
vt 0.5555556 0.07936508
vt 0.5714286 0.07936508
vt 0.5873016 0.07936508
vt 0.6031746 0.07936508
vt 0.6190476 0.07936508
vt 0.6349207 0.07936508
vt 0.6507937 0.07936508
vt 0.6666667 0.07936508
vt 0.6825397 0.07936508
vt 0.6984127 0.07936508
vt 0.7142857 0.07936508
vt 0.7301587 0.07936508
vt 0.7460318 0.07936508
vt 0.7619048 0.07936508
vt 0.7777779 0.07936508
vt 0.7936509 0.07936508
vt 0.8095239 0.07936508
vt 0.8253969 0.07936508
vt 0.8412699 0.07936508
vt 0.8571429 0.07936508
vt 0.8730159 0.07936508
vt 0.888889 0.07936508
vt 0.904762 0.07936508
vt 0.920635 0.07936508
vt 0.936508 0.07936508
vt 0.952381 0.07936508
vt 0.968254 0.07936508
vt 0.984127 0.07936508
vt 1 0.07936508
vt 0 0.0952381
vt 0.01587302 0.0952381
vt 0.03174603 0.0952381
vt 0.04761905 0.0952381
vt 0.06349207 0.0952381
vt 0.07936508 0.0952381
vt 0.0952381 0.0952381
vt 0.1111111 0.0952381
vt 0.1269841 0.0952381
vt 0.1428571 0.0952381
vt 0.1587302 0.0952381
vt 0.1746032 0.0952381
vt 0.1904762 0.0952381
vt 0.2063492 0.0952381
vt 0.2222222 0.0952381
vt 0.2380953 0.0952381
vt 0.2539683 0.0952381
vt 0.2698413 0.0952381
vt 0.2857143 0.0952381
vt 0.3015873 0.0952381
vt 0.3174603 0.0952381
vt 0.3333333 0.0952381
vt 0.3492064 0.0952381
vt 0.3650794 0.0952381
vt 0.3809524 0.0952381
vt 0.3968254 0.0952381
vt 0.4126984 0.0952381
vt 0.4285715 0.0952381
vt 0.4444445 0.0952381
vt 0.4603175 0.0952381
vt 0.4761905 0.0952381
vt 0.4920635 0.0952381
vt 0.5079365 0.0952381
vt 0.5238096 0.0952381
vt 0.5396826 0.0952381
vt 0.5555556 0.0952381
vt 0.5714286 0.0952381
vt 0.5873016 0.0952381
vt 0.6031746 0.0952381
vt 0.6190476 0.0952381
vt 0.6349207 0.0952381
vt 0.6507937 0.0952381
vt 0.6666667 0.0952381
vt 0.6825397 0.0952381
vt 0.6984127 0.0952381
vt 0.7142857 0.0952381
vt 0.7301587 0.0952381
vt 0.7460318 0.0952381
vt 0.7619048 0.0952381
vt 0.7777779 0.0952381
vt 0.7936509 0.0952381
vt 0.8095239 0.0952381
vt 0.8253969 0.0952381
vt 0.8412699 0.0952381
vt 0.8571429 0.0952381
vt 0.8730159 0.0952381
vt 0.888889 0.0952381
vt 0.904762 0.0952381
vt 0.920635 0.0952381
vt 0.936508 0.0952381
vt 0.952381 0.0952381
vt 0.968254 0.0952381
vt 0.984127 0.0952381
vt 1 0.0952381
vt 0 0.1111111
vt 0.01587302 0.1111111
vt 0.03174603 0.1111111
vt 0.04761905 0.1111111
vt 0.06349207 0.1111111
vt 0.07936508 0.1111111
vt 0.0952381 0.1111111
vt 0.1111111 0.1111111
vt 0.1269841 0.1111111
vt 0.1428571 0.1111111
vt 0.1587302 0.1111111
vt 0.1746032 0.1111111
vt 0.1904762 0.1111111
vt 0.2063492 0.1111111
vt 0.2222222 0.1111111
vt 0.2380953 0.1111111
vt 0.2539683 0.1111111
vt 0.2698413 0.1111111
vt 0.2857143 0.1111111
vt 0.3015873 0.1111111
vt 0.3174603 0.1111111
vt 0.3333333 0.1111111
vt 0.3492064 0.1111111
vt 0.3650794 0.1111111
vt 0.3809524 0.1111111
vt 0.3968254 0.1111111
vt 0.4126984 0.1111111
vt 0.4285715 0.1111111
vt 0.4444445 0.1111111
vt 0.4603175 0.1111111
vt 0.4761905 0.1111111
vt 0.4920635 0.1111111
vt 0.5079365 0.1111111
vt 0.5238096 0.1111111
vt 0.5396826 0.1111111
vt 0.5555556 0.1111111
vt 0.5714286 0.1111111
vt 0.5873016 0.1111111
vt 0.6031746 0.1111111
vt 0.6190476 0.1111111
vt 0.6349207 0.1111111
vt 0.6507937 0.1111111
vt 0.6666667 0.1111111
vt 0.6825397 0.1111111
vt 0.6984127 0.1111111
vt 0.7142857 0.1111111
vt 0.7301587 0.1111111
vt 0.7460318 0.1111111
vt 0.7619048 0.1111111
vt 0.7777779 0.1111111
vt 0.7936509 0.1111111
vt 0.8095239 0.1111111
vt 0.8253969 0.1111111
vt 0.8412699 0.1111111
vt 0.8571429 0.1111111
vt 0.8730159 0.1111111
vt 0.888889 0.1111111
vt 0.904762 0.1111111
vt 0.920635 0.1111111
vt 0.936508 0.1111111
vt 0.952381 0.1111111
vt 0.968254 0.1111111
vt 0.984127 0.1111111
vt 1 0.1111111
vt 0 0.1269841
vt 0.01587302 0.1269841
vt 0.03174603 0.1269841
vt 0.04761905 0.1269841
vt 0.06349207 0.1269841
vt 0.07936508 0.1269841
vt 0.0952381 0.1269841
vt 0.1111111 0.1269841
vt 0.1269841 0.1269841
vt 0.1428571 0.1269841
vt 0.1587302 0.1269841
vt 0.1746032 0.1269841
vt 0.1904762 0.1269841
vt 0.2063492 0.1269841
vt 0.2222222 0.1269841
vt 0.2380953 0.1269841
vt 0.2539683 0.1269841
vt 0.2698413 0.1269841
vt 0.2857143 0.1269841
vt 0.3015873 0.1269841
vt 0.3174603 0.1269841
vt 0.3333333 0.1269841
vt 0.3492064 0.1269841
vt 0.3650794 0.1269841
vt 0.3809524 0.1269841
vt 0.3968254 0.1269841
vt 0.4126984 0.1269841
vt 0.4285715 0.1269841
vt 0.4444445 0.1269841
vt 0.4603175 0.1269841
vt 0.4761905 0.1269841
vt 0.4920635 0.1269841
vt 0.5079365 0.1269841
vt 0.5238096 0.1269841
vt 0.5396826 0.1269841
vt 0.5555556 0.1269841
vt 0.5714286 0.1269841
vt 0.5873016 0.1269841
vt 0.6031746 0.1269841
vt 0.6190476 0.1269841
vt 0.6349207 0.1269841
vt 0.6507937 0.1269841
vt 0.6666667 0.1269841
vt 0.6825397 0.1269841
vt 0.6984127 0.1269841
vt 0.7142857 0.1269841
vt 0.7301587 0.1269841
vt 0.7460318 0.1269841
vt 0.7619048 0.1269841
vt 0.7777779 0.1269841
vt 0.7936509 0.1269841
vt 0.8095239 0.1269841
vt 0.8253969 0.1269841
vt 0.8412699 0.1269841
vt 0.8571429 0.1269841
vt 0.8730159 0.1269841
vt 0.888889 0.1269841
vt 0.904762 0.1269841
vt 0.920635 0.1269841
vt 0.936508 0.1269841
vt 0.952381 0.1269841
vt 0.968254 0.1269841
vt 0.984127 0.1269841
vt 1 0.1269841
vt 0 0.1428571
vt 0.01587302 0.1428571
vt 0.03174603 0.1428571
vt 0.04761905 0.1428571
vt 0.06349207 0.1428571
vt 0.07936508 0.1428571
vt 0.0952381 0.1428571
vt 0.1111111 0.1428571
vt 0.1269841 0.1428571
vt 0.1428571 0.1428571
vt 0.1587302 0.1428571
vt 0.1746032 0.1428571
vt 0.1904762 0.1428571
vt 0.2063492 0.1428571
vt 0.2222222 0.1428571
vt 0.2380953 0.1428571
vt 0.2539683 0.1428571
vt 0.2698413 0.1428571
vt 0.2857143 0.1428571
vt 0.3015873 0.1428571
vt 0.3174603 0.1428571
vt 0.3333333 0.1428571
vt 0.3492064 0.1428571
vt 0.3650794 0.1428571
vt 0.3809524 0.1428571
vt 0.3968254 0.1428571
vt 0.4126984 0.1428571
vt 0.4285715 0.1428571
vt 0.4444445 0.1428571
vt 0.4603175 0.1428571
vt 0.4761905 0.1428571
vt 0.4920635 0.1428571
vt 0.5079365 0.1428571
vt 0.5238096 0.1428571
vt 0.5396826 0.1428571
vt 0.5555556 0.1428571
vt 0.5714286 0.1428571
vt 0.5873016 0.1428571
vt 0.6031746 0.1428571
vt 0.6190476 0.1428571
vt 0.6349207 0.1428571
vt 0.6507937 0.1428571
vt 0.6666667 0.1428571
vt 0.6825397 0.1428571
vt 0.6984127 0.1428571
vt 0.7142857 0.1428571
vt 0.7301587 0.1428571
vt 0.7460318 0.1428571
vt 0.7619048 0.1428571
vt 0.7777779 0.1428571
vt 0.7936509 0.1428571
vt 0.8095239 0.1428571
vt 0.8253969 0.1428571
vt 0.8412699 0.1428571
vt 0.8571429 0.1428571
vt 0.8730159 0.1428571
vt 0.888889 0.1428571
vt 0.904762 0.1428571
vt 0.920635 0.1428571
vt 0.936508 0.1428571
vt 0.952381 0.1428571
vt 0.968254 0.1428571
vt 0.984127 0.1428571
vt 1 0.1428571
vt 0 0.1587302
vt 0.01587302 0.1587302
vt 0.03174603 0.1587302
vt 0.04761905 0.1587302
vt 0.06349207 0.1587302
vt 0.07936508 0.1587302
vt 0.0952381 0.1587302
vt 0.1111111 0.1587302
vt 0.1269841 0.1587302
vt 0.1428571 0.1587302
vt 0.1587302 0.1587302
vt 0.1746032 0.1587302
vt 0.1904762 0.1587302
vt 0.2063492 0.1587302
vt 0.2222222 0.1587302
vt 0.2380953 0.1587302
vt 0.2539683 0.1587302
vt 0.2698413 0.1587302
vt 0.2857143 0.1587302
vt 0.3015873 0.1587302
vt 0.3174603 0.1587302
vt 0.3333333 0.1587302
vt 0.3492064 0.1587302
vt 0.3650794 0.1587302
vt 0.3809524 0.1587302
vt 0.3968254 0.1587302
vt 0.4126984 0.1587302
vt 0.4285715 0.1587302
vt 0.4444445 0.1587302
vt 0.4603175 0.1587302
vt 0.4761905 0.1587302
vt 0.4920635 0.1587302
vt 0.5079365 0.1587302
vt 0.5238096 0.1587302
vt 0.5396826 0.1587302
vt 0.5555556 0.1587302
vt 0.5714286 0.1587302
vt 0.5873016 0.1587302
vt 0.6031746 0.1587302
vt 0.6190476 0.1587302
vt 0.6349207 0.1587302
vt 0.6507937 0.1587302
vt 0.6666667 0.1587302
vt 0.6825397 0.1587302
vt 0.6984127 0.1587302
vt 0.7142857 0.1587302
vt 0.7301587 0.1587302
vt 0.7460318 0.1587302
vt 0.7619048 0.1587302
vt 0.7777779 0.1587302
vt 0.7936509 0.1587302
vt 0.8095239 0.1587302
vt 0.8253969 0.1587302
vt 0.8412699 0.1587302
vt 0.8571429 0.1587302
vt 0.8730159 0.1587302
vt 0.888889 0.1587302
vt 0.904762 0.1587302
vt 0.920635 0.1587302
vt 0.936508 0.1587302
vt 0.952381 0.1587302
vt 0.968254 0.1587302
vt 0.984127 0.1587302
vt 1 0.1587302
vt 0 0.1746032
vt 0.01587302 0.1746032
vt 0.03174603 0.1746032
vt 0.04761905 0.1746032
vt 0.06349207 0.1746032
vt 0.07936508 0.1746032
vt 0.0952381 0.1746032
vt 0.1111111 0.1746032
vt 0.1269841 0.1746032
vt 0.1428571 0.1746032
vt 0.1587302 0.1746032
vt 0.1746032 0.1746032
vt 0.1904762 0.1746032
vt 0.2063492 0.1746032
vt 0.2222222 0.1746032
vt 0.2380953 0.1746032
vt 0.2539683 0.1746032
vt 0.2698413 0.1746032
vt 0.2857143 0.1746032
vt 0.3015873 0.1746032
vt 0.3174603 0.1746032
vt 0.3333333 0.1746032
vt 0.3492064 0.1746032
vt 0.3650794 0.1746032
vt 0.3809524 0.1746032
vt 0.3968254 0.1746032
vt 0.4126984 0.1746032
vt 0.4285715 0.1746032
vt 0.4444445 0.1746032
vt 0.4603175 0.1746032
vt 0.4761905 0.1746032
vt 0.4920635 0.1746032
vt 0.5079365 0.1746032
vt 0.5238096 0.1746032
vt 0.5396826 0.1746032
vt 0.5555556 0.1746032
vt 0.5714286 0.1746032
vt 0.5873016 0.1746032
vt 0.6031746 0.1746032
vt 0.6190476 0.1746032
vt 0.6349207 0.1746032
vt 0.6507937 0.1746032
vt 0.6666667 0.1746032
vt 0.6825397 0.1746032
vt 0.6984127 0.1746032
vt 0.7142857 0.1746032
vt 0.7301587 0.1746032
vt 0.7460318 0.1746032
vt 0.7619048 0.1746032
vt 0.7777779 0.1746032
vt 0.7936509 0.1746032
vt 0.8095239 0.1746032
vt 0.8253969 0.1746032
vt 0.8412699 0.1746032
vt 0.8571429 0.1746032
vt 0.8730159 0.1746032
vt 0.888889 0.1746032
vt 0.904762 0.1746032
vt 0.920635 0.1746032
vt 0.936508 0.1746032
vt 0.952381 0.1746032
vt 0.968254 0.1746032
vt 0.984127 0.1746032
vt 1 0.1746032
vt 0 0.1904762
vt 0.01587302 0.1904762
vt 0.03174603 0.1904762
vt 0.04761905 0.1904762
vt 0.06349207 0.1904762
vt 0.07936508 0.1904762
vt 0.0952381 0.1904762
vt 0.1111111 0.1904762
vt 0.1269841 0.1904762
vt 0.1428571 0.1904762
vt 0.1587302 0.1904762
vt 0.1746032 0.1904762
vt 0.1904762 0.1904762
vt 0.2063492 0.1904762
vt 0.2222222 0.1904762
vt 0.2380953 0.1904762
vt 0.2539683 0.1904762
vt 0.2698413 0.1904762
vt 0.2857143 0.1904762
vt 0.3015873 0.1904762
vt 0.3174603 0.1904762
vt 0.3333333 0.1904762
vt 0.3492064 0.1904762
vt 0.3650794 0.1904762
vt 0.3809524 0.1904762
vt 0.3968254 0.1904762
vt 0.4126984 0.1904762
vt 0.4285715 0.1904762
vt 0.4444445 0.1904762
vt 0.4603175 0.1904762
vt 0.4761905 0.1904762
vt 0.4920635 0.1904762
vt 0.5079365 0.1904762
vt 0.5238096 0.1904762
vt 0.5396826 0.1904762
vt 0.5555556 0.1904762
vt 0.5714286 0.1904762
vt 0.5873016 0.1904762
vt 0.6031746 0.1904762
vt 0.6190476 0.1904762
vt 0.6349207 0.1904762
vt 0.6507937 0.1904762
vt 0.6666667 0.1904762
vt 0.6825397 0.1904762
vt 0.6984127 0.1904762
vt 0.7142857 0.1904762
vt 0.7301587 0.1904762
vt 0.7460318 0.1904762
vt 0.7619048 0.1904762
vt 0.7777779 0.1904762
vt 0.7936509 0.1904762
vt 0.8095239 0.1904762
vt 0.8253969 0.1904762
vt 0.8412699 0.1904762
vt 0.8571429 0.1904762
vt 0.8730159 0.1904762
vt 0.888889 0.1904762
vt 0.904762 0.1904762
vt 0.920635 0.1904762
vt 0.936508 0.1904762
vt 0.952381 0.1904762
vt 0.968254 0.1904762
vt 0.984127 0.1904762
vt 1 0.1904762
vt 0 0.2063492
vt 0.01587302 0.2063492
vt 0.03174603 0.2063492
vt 0.04761905 0.2063492
vt 0.06349207 0.2063492
vt 0.07936508 0.2063492
vt 0.0952381 0.2063492
vt 0.1111111 0.2063492
vt 0.1269841 0.2063492
vt 0.1428571 0.2063492
vt 0.1587302 0.2063492
vt 0.1746032 0.2063492
vt 0.1904762 0.2063492
vt 0.2063492 0.2063492
vt 0.2222222 0.2063492
vt 0.2380953 0.2063492
vt 0.2539683 0.2063492
vt 0.2698413 0.2063492
vt 0.2857143 0.2063492
vt 0.3015873 0.2063492
vt 0.3174603 0.2063492
vt 0.3333333 0.2063492
vt 0.3492064 0.2063492
vt 0.3650794 0.2063492
vt 0.3809524 0.2063492
vt 0.3968254 0.2063492
vt 0.4126984 0.2063492
vt 0.4285715 0.2063492
vt 0.4444445 0.2063492
vt 0.4603175 0.2063492
vt 0.4761905 0.2063492
vt 0.4920635 0.2063492
vt 0.5079365 0.2063492
vt 0.5238096 0.2063492
vt 0.5396826 0.2063492
vt 0.5555556 0.2063492
vt 0.5714286 0.2063492
vt 0.5873016 0.2063492
vt 0.6031746 0.2063492
vt 0.6190476 0.2063492
vt 0.6349207 0.2063492
vt 0.6507937 0.2063492
vt 0.6666667 0.2063492
vt 0.6825397 0.2063492
vt 0.6984127 0.2063492
vt 0.7142857 0.2063492
vt 0.7301587 0.2063492
vt 0.7460318 0.2063492
vt 0.7619048 0.2063492
vt 0.7777779 0.2063492
vt 0.7936509 0.2063492
vt 0.8095239 0.2063492
vt 0.8253969 0.2063492
vt 0.8412699 0.2063492
vt 0.8571429 0.2063492
vt 0.8730159 0.2063492
vt 0.888889 0.2063492
vt 0.904762 0.2063492
vt 0.920635 0.2063492
vt 0.936508 0.2063492
vt 0.952381 0.2063492
vt 0.968254 0.2063492
vt 0.984127 0.2063492
vt 1 0.2063492
vt 0 0.2222222
vt 0.01587302 0.2222222
vt 0.03174603 0.2222222
vt 0.04761905 0.2222222
vt 0.06349207 0.2222222
vt 0.07936508 0.2222222
vt 0.0952381 0.2222222
vt 0.1111111 0.2222222
vt 0.1269841 0.2222222
vt 0.1428571 0.2222222
vt 0.1587302 0.2222222
vt 0.1746032 0.2222222
vt 0.1904762 0.2222222
vt 0.2063492 0.2222222
vt 0.2222222 0.2222222
vt 0.2380953 0.2222222
vt 0.2539683 0.2222222
vt 0.2698413 0.2222222
vt 0.2857143 0.2222222
vt 0.3015873 0.2222222
vt 0.3174603 0.2222222
vt 0.3333333 0.2222222
vt 0.3492064 0.2222222
vt 0.3650794 0.2222222
vt 0.3809524 0.2222222
vt 0.3968254 0.2222222
vt 0.4126984 0.2222222
vt 0.4285715 0.2222222
vt 0.4444445 0.2222222
vt 0.4603175 0.2222222
vt 0.4761905 0.2222222
vt 0.4920635 0.2222222
vt 0.5079365 0.2222222
vt 0.5238096 0.2222222
vt 0.5396826 0.2222222
vt 0.5555556 0.2222222
vt 0.5714286 0.2222222
vt 0.5873016 0.2222222
vt 0.6031746 0.2222222
vt 0.6190476 0.2222222
vt 0.6349207 0.2222222
vt 0.6507937 0.2222222
vt 0.6666667 0.2222222
vt 0.6825397 0.2222222
vt 0.6984127 0.2222222
vt 0.7142857 0.2222222
vt 0.7301587 0.2222222
vt 0.7460318 0.2222222
vt 0.7619048 0.2222222
vt 0.7777779 0.2222222
vt 0.7936509 0.2222222
vt 0.8095239 0.2222222
vt 0.8253969 0.2222222
vt 0.8412699 0.2222222
vt 0.8571429 0.2222222
vt 0.8730159 0.2222222
vt 0.888889 0.2222222
vt 0.904762 0.2222222
vt 0.920635 0.2222222
vt 0.936508 0.2222222
vt 0.952381 0.2222222
vt 0.968254 0.2222222
vt 0.984127 0.2222222
vt 1 0.2222222
vt 0 0.2380953
vt 0.01587302 0.2380953
vt 0.03174603 0.2380953
vt 0.04761905 0.2380953
vt 0.06349207 0.2380953
vt 0.07936508 0.2380953
vt 0.0952381 0.2380953
vt 0.1111111 0.2380953
vt 0.1269841 0.2380953
vt 0.1428571 0.2380953
vt 0.1587302 0.2380953
vt 0.1746032 0.2380953
vt 0.1904762 0.2380953
vt 0.2063492 0.2380953
vt 0.2222222 0.2380953
vt 0.2380953 0.2380953
vt 0.2539683 0.2380953
vt 0.2698413 0.2380953
vt 0.2857143 0.2380953
vt 0.3015873 0.2380953
vt 0.3174603 0.2380953
vt 0.3333333 0.2380953
vt 0.3492064 0.2380953
vt 0.3650794 0.2380953
vt 0.3809524 0.2380953
vt 0.3968254 0.2380953
vt 0.4126984 0.2380953
vt 0.4285715 0.2380953
vt 0.4444445 0.2380953
vt 0.4603175 0.2380953
vt 0.4761905 0.2380953
vt 0.4920635 0.2380953
vt 0.5079365 0.2380953
vt 0.5238096 0.2380953
vt 0.5396826 0.2380953
vt 0.5555556 0.2380953
vt 0.5714286 0.2380953
vt 0.5873016 0.2380953
vt 0.6031746 0.2380953
vt 0.6190476 0.2380953
vt 0.6349207 0.2380953
vt 0.6507937 0.2380953
vt 0.6666667 0.2380953
vt 0.6825397 0.2380953
vt 0.6984127 0.2380953
vt 0.7142857 0.2380953
vt 0.7301587 0.2380953
vt 0.7460318 0.2380953
vt 0.7619048 0.2380953
vt 0.7777779 0.2380953
vt 0.7936509 0.2380953
vt 0.8095239 0.2380953
vt 0.8253969 0.2380953
vt 0.8412699 0.2380953
vt 0.8571429 0.2380953
vt 0.8730159 0.2380953
vt 0.888889 0.2380953
vt 0.904762 0.2380953
vt 0.920635 0.2380953
vt 0.936508 0.2380953
vt 0.952381 0.2380953
vt 0.968254 0.2380953
vt 0.984127 0.2380953
vt 1 0.2380953
vt 0 0.2539683
vt 0.01587302 0.2539683
vt 0.03174603 0.2539683
vt 0.04761905 0.2539683
vt 0.06349207 0.2539683
vt 0.07936508 0.2539683
vt 0.0952381 0.2539683
vt 0.1111111 0.2539683
vt 0.1269841 0.2539683
vt 0.1428571 0.2539683
vt 0.1587302 0.2539683
vt 0.1746032 0.2539683
vt 0.1904762 0.2539683
vt 0.2063492 0.2539683
vt 0.2222222 0.2539683
vt 0.2380953 0.2539683
vt 0.2539683 0.2539683
vt 0.2698413 0.2539683
vt 0.2857143 0.2539683
vt 0.3015873 0.2539683
vt 0.3174603 0.2539683
vt 0.3333333 0.2539683
vt 0.3492064 0.2539683
vt 0.3650794 0.2539683
vt 0.3809524 0.2539683
vt 0.3968254 0.2539683
vt 0.4126984 0.2539683
vt 0.4285715 0.2539683
vt 0.4444445 0.2539683
vt 0.4603175 0.2539683
vt 0.4761905 0.2539683
vt 0.4920635 0.2539683
vt 0.5079365 0.2539683
vt 0.5238096 0.2539683
vt 0.5396826 0.2539683
vt 0.5555556 0.2539683
vt 0.5714286 0.2539683
vt 0.5873016 0.2539683
vt 0.6031746 0.2539683
vt 0.6190476 0.2539683
vt 0.6349207 0.2539683
vt 0.6507937 0.2539683
vt 0.6666667 0.2539683
vt 0.6825397 0.2539683
vt 0.6984127 0.2539683
vt 0.7142857 0.2539683
vt 0.7301587 0.2539683
vt 0.7460318 0.2539683
vt 0.7619048 0.2539683
vt 0.7777779 0.2539683
vt 0.7936509 0.2539683
vt 0.8095239 0.2539683
vt 0.8253969 0.2539683
vt 0.8412699 0.2539683
vt 0.8571429 0.2539683
vt 0.8730159 0.2539683
vt 0.888889 0.2539683
vt 0.904762 0.2539683
vt 0.920635 0.2539683
vt 0.936508 0.2539683
vt 0.952381 0.2539683
vt 0.968254 0.2539683
vt 0.984127 0.2539683
vt 1 0.2539683
vt 0 0.2698413
vt 0.01587302 0.2698413
vt 0.03174603 0.2698413
vt 0.04761905 0.2698413
vt 0.06349207 0.2698413
vt 0.07936508 0.2698413
vt 0.0952381 0.2698413
vt 0.1111111 0.2698413
vt 0.1269841 0.2698413
vt 0.1428571 0.2698413
vt 0.1587302 0.2698413
vt 0.1746032 0.2698413
vt 0.1904762 0.2698413
vt 0.2063492 0.2698413
vt 0.2222222 0.2698413
vt 0.2380953 0.2698413
vt 0.2539683 0.2698413
vt 0.2698413 0.2698413
vt 0.2857143 0.2698413
vt 0.3015873 0.2698413
vt 0.3174603 0.2698413
vt 0.3333333 0.2698413
vt 0.3492064 0.2698413
vt 0.3650794 0.2698413
vt 0.3809524 0.2698413
vt 0.3968254 0.2698413
vt 0.4126984 0.2698413
vt 0.4285715 0.2698413
vt 0.4444445 0.2698413
vt 0.4603175 0.2698413
vt 0.4761905 0.2698413
vt 0.4920635 0.2698413
vt 0.5079365 0.2698413
vt 0.5238096 0.2698413
vt 0.5396826 0.2698413
vt 0.5555556 0.2698413
vt 0.5714286 0.2698413
vt 0.5873016 0.2698413
vt 0.6031746 0.2698413
vt 0.6190476 0.2698413
vt 0.6349207 0.2698413
vt 0.6507937 0.2698413
vt 0.6666667 0.2698413
vt 0.6825397 0.2698413
vt 0.6984127 0.2698413
vt 0.7142857 0.2698413
vt 0.7301587 0.2698413
vt 0.7460318 0.2698413
vt 0.7619048 0.2698413
vt 0.7777779 0.2698413
vt 0.7936509 0.2698413
vt 0.8095239 0.2698413
vt 0.8253969 0.2698413
vt 0.8412699 0.2698413
vt 0.8571429 0.2698413
vt 0.8730159 0.2698413
vt 0.888889 0.2698413
vt 0.904762 0.2698413
vt 0.920635 0.2698413
vt 0.936508 0.2698413
vt 0.952381 0.2698413
vt 0.968254 0.2698413
vt 0.984127 0.2698413
vt 1 0.2698413
vt 0 0.2857143
vt 0.01587302 0.2857143
vt 0.03174603 0.2857143
vt 0.04761905 0.2857143
vt 0.06349207 0.2857143
vt 0.07936508 0.2857143
vt 0.0952381 0.2857143
vt 0.1111111 0.2857143
vt 0.1269841 0.2857143
vt 0.1428571 0.2857143
vt 0.1587302 0.2857143
vt 0.1746032 0.2857143
vt 0.1904762 0.2857143
vt 0.2063492 0.2857143
vt 0.2222222 0.2857143
vt 0.2380953 0.2857143
vt 0.2539683 0.2857143
vt 0.2698413 0.2857143
vt 0.2857143 0.2857143
vt 0.3015873 0.2857143
vt 0.3174603 0.2857143
vt 0.3333333 0.2857143
vt 0.3492064 0.2857143
vt 0.3650794 0.2857143
vt 0.3809524 0.2857143
vt 0.3968254 0.2857143
vt 0.4126984 0.2857143
vt 0.4285715 0.2857143
vt 0.4444445 0.2857143
vt 0.4603175 0.2857143
vt 0.4761905 0.2857143
vt 0.4920635 0.2857143
vt 0.5079365 0.2857143
vt 0.5238096 0.2857143
vt 0.5396826 0.2857143
vt 0.5555556 0.2857143
vt 0.5714286 0.2857143
vt 0.5873016 0.2857143
vt 0.6031746 0.2857143
vt 0.6190476 0.2857143
vt 0.6349207 0.2857143
vt 0.6507937 0.2857143
vt 0.6666667 0.2857143
vt 0.6825397 0.2857143
vt 0.6984127 0.2857143
vt 0.7142857 0.2857143
vt 0.7301587 0.2857143
vt 0.7460318 0.2857143
vt 0.7619048 0.2857143
vt 0.7777779 0.2857143
vt 0.7936509 0.2857143
vt 0.8095239 0.2857143
vt 0.8253969 0.2857143
vt 0.8412699 0.2857143
vt 0.8571429 0.2857143
vt 0.8730159 0.2857143
vt 0.888889 0.2857143
vt 0.904762 0.2857143
vt 0.920635 0.2857143
vt 0.936508 0.2857143
vt 0.952381 0.2857143
vt 0.968254 0.2857143
vt 0.984127 0.2857143
vt 1 0.2857143
vt 0 0.3015873
vt 0.01587302 0.3015873
vt 0.03174603 0.3015873
vt 0.04761905 0.3015873
vt 0.06349207 0.3015873
vt 0.07936508 0.3015873
vt 0.0952381 0.3015873
vt 0.1111111 0.3015873
vt 0.1269841 0.3015873
vt 0.1428571 0.3015873
vt 0.1587302 0.3015873
vt 0.1746032 0.3015873
vt 0.1904762 0.3015873
vt 0.2063492 0.3015873
vt 0.2222222 0.3015873
vt 0.2380953 0.3015873
vt 0.2539683 0.3015873
vt 0.2698413 0.3015873
vt 0.2857143 0.3015873
vt 0.3015873 0.3015873
vt 0.3174603 0.3015873
vt 0.3333333 0.3015873
vt 0.3492064 0.3015873
vt 0.3650794 0.3015873
vt 0.3809524 0.3015873
vt 0.3968254 0.3015873
vt 0.4126984 0.3015873
vt 0.4285715 0.3015873
vt 0.4444445 0.3015873
vt 0.4603175 0.3015873
vt 0.4761905 0.3015873
vt 0.4920635 0.3015873
vt 0.5079365 0.3015873
vt 0.5238096 0.3015873
vt 0.5396826 0.3015873
vt 0.5555556 0.3015873
vt 0.5714286 0.3015873
vt 0.5873016 0.3015873
vt 0.6031746 0.3015873
vt 0.6190476 0.3015873
vt 0.6349207 0.3015873
vt 0.6507937 0.3015873
vt 0.6666667 0.3015873
vt 0.6825397 0.3015873
vt 0.6984127 0.3015873
vt 0.7142857 0.3015873
vt 0.7301587 0.3015873
vt 0.7460318 0.3015873
vt 0.7619048 0.3015873
vt 0.7777779 0.3015873
vt 0.7936509 0.3015873
vt 0.8095239 0.3015873
vt 0.8253969 0.3015873
vt 0.8412699 0.3015873
vt 0.8571429 0.3015873
vt 0.8730159 0.3015873
vt 0.888889 0.3015873
vt 0.904762 0.3015873
vt 0.920635 0.3015873
vt 0.936508 0.3015873
vt 0.952381 0.3015873
vt 0.968254 0.3015873
vt 0.984127 0.3015873
vt 1 0.3015873
vt 0 0.3174603
vt 0.01587302 0.3174603
vt 0.03174603 0.3174603
vt 0.04761905 0.3174603
vt 0.06349207 0.3174603
vt 0.07936508 0.3174603
vt 0.0952381 0.3174603
vt 0.1111111 0.3174603
vt 0.1269841 0.3174603
vt 0.1428571 0.3174603
vt 0.1587302 0.3174603
vt 0.1746032 0.3174603
vt 0.1904762 0.3174603
vt 0.2063492 0.3174603
vt 0.2222222 0.3174603
vt 0.2380953 0.3174603
vt 0.2539683 0.3174603
vt 0.2698413 0.3174603
vt 0.2857143 0.3174603
vt 0.3015873 0.3174603
vt 0.3174603 0.3174603
vt 0.3333333 0.3174603
vt 0.3492064 0.3174603
vt 0.3650794 0.3174603
vt 0.3809524 0.3174603
vt 0.3968254 0.3174603
vt 0.4126984 0.3174603
vt 0.4285715 0.3174603
vt 0.4444445 0.3174603
vt 0.4603175 0.3174603
vt 0.4761905 0.3174603
vt 0.4920635 0.3174603
vt 0.5079365 0.3174603
vt 0.5238096 0.3174603
vt 0.5396826 0.3174603
vt 0.5555556 0.3174603
vt 0.5714286 0.3174603
vt 0.5873016 0.3174603
vt 0.6031746 0.3174603
vt 0.6190476 0.3174603
vt 0.6349207 0.3174603
vt 0.6507937 0.3174603
vt 0.6666667 0.3174603
vt 0.6825397 0.3174603
vt 0.6984127 0.3174603
vt 0.7142857 0.3174603
vt 0.7301587 0.3174603
vt 0.7460318 0.3174603
vt 0.7619048 0.3174603
vt 0.7777779 0.3174603
vt 0.7936509 0.3174603
vt 0.8095239 0.3174603
vt 0.8253969 0.3174603
vt 0.8412699 0.3174603
vt 0.8571429 0.3174603
vt 0.8730159 0.3174603
vt 0.888889 0.3174603
vt 0.904762 0.3174603
vt 0.920635 0.3174603
vt 0.936508 0.3174603
vt 0.952381 0.3174603
vt 0.968254 0.3174603
vt 0.984127 0.3174603
vt 1 0.3174603
vt 0 0.3333333
vt 0.01587302 0.3333333
vt 0.03174603 0.3333333
vt 0.04761905 0.3333333
vt 0.06349207 0.3333333
vt 0.07936508 0.3333333
vt 0.0952381 0.3333333
vt 0.1111111 0.3333333
vt 0.1269841 0.3333333
vt 0.1428571 0.3333333
vt 0.1587302 0.3333333
vt 0.1746032 0.3333333
vt 0.1904762 0.3333333
vt 0.2063492 0.3333333
vt 0.2222222 0.3333333
vt 0.2380953 0.3333333
vt 0.2539683 0.3333333
vt 0.2698413 0.3333333
vt 0.2857143 0.3333333
vt 0.3015873 0.3333333
vt 0.3174603 0.3333333
vt 0.3333333 0.3333333
vt 0.3492064 0.3333333
vt 0.3650794 0.3333333
vt 0.3809524 0.3333333
vt 0.3968254 0.3333333
vt 0.4126984 0.3333333
vt 0.4285715 0.3333333
vt 0.4444445 0.3333333
vt 0.4603175 0.3333333
vt 0.4761905 0.3333333
vt 0.4920635 0.3333333
vt 0.5079365 0.3333333
vt 0.5238096 0.3333333
vt 0.5396826 0.3333333
vt 0.5555556 0.3333333
vt 0.5714286 0.3333333
vt 0.5873016 0.3333333
vt 0.6031746 0.3333333
vt 0.6190476 0.3333333
vt 0.6349207 0.3333333
vt 0.6507937 0.3333333
vt 0.6666667 0.3333333
vt 0.6825397 0.3333333
vt 0.6984127 0.3333333
vt 0.7142857 0.3333333
vt 0.7301587 0.3333333
vt 0.7460318 0.3333333
vt 0.7619048 0.3333333
vt 0.7777779 0.3333333
vt 0.7936509 0.3333333
vt 0.8095239 0.3333333
vt 0.8253969 0.3333333
vt 0.8412699 0.3333333
vt 0.8571429 0.3333333
vt 0.8730159 0.3333333
vt 0.888889 0.3333333
vt 0.904762 0.3333333
vt 0.920635 0.3333333
vt 0.936508 0.3333333
vt 0.952381 0.3333333
vt 0.968254 0.3333333
vt 0.984127 0.3333333
vt 1 0.3333333
vt 0 0.3492064
vt 0.01587302 0.3492064
vt 0.03174603 0.3492064
vt 0.04761905 0.3492064
vt 0.06349207 0.3492064
vt 0.07936508 0.3492064
vt 0.0952381 0.3492064
vt 0.1111111 0.3492064
vt 0.1269841 0.3492064
vt 0.1428571 0.3492064
vt 0.1587302 0.3492064
vt 0.1746032 0.3492064
vt 0.1904762 0.3492064
vt 0.2063492 0.3492064
vt 0.2222222 0.3492064
vt 0.2380953 0.3492064
vt 0.2539683 0.3492064
vt 0.2698413 0.3492064
vt 0.2857143 0.3492064
vt 0.3015873 0.3492064
vt 0.3174603 0.3492064
vt 0.3333333 0.3492064
vt 0.3492064 0.3492064
vt 0.3650794 0.3492064
vt 0.3809524 0.3492064
vt 0.3968254 0.3492064
vt 0.4126984 0.3492064
vt 0.4285715 0.3492064
vt 0.4444445 0.3492064
vt 0.4603175 0.3492064
vt 0.4761905 0.3492064
vt 0.4920635 0.3492064
vt 0.5079365 0.3492064
vt 0.5238096 0.3492064
vt 0.5396826 0.3492064
vt 0.5555556 0.3492064
vt 0.5714286 0.3492064
vt 0.5873016 0.3492064
vt 0.6031746 0.3492064
vt 0.6190476 0.3492064
vt 0.6349207 0.3492064
vt 0.6507937 0.3492064
vt 0.6666667 0.3492064
vt 0.6825397 0.3492064
vt 0.6984127 0.3492064
vt 0.7142857 0.3492064
vt 0.7301587 0.3492064
vt 0.7460318 0.3492064
vt 0.7619048 0.3492064
vt 0.7777779 0.3492064
vt 0.7936509 0.3492064
vt 0.8095239 0.3492064
vt 0.8253969 0.3492064
vt 0.8412699 0.3492064
vt 0.8571429 0.3492064
vt 0.8730159 0.3492064
vt 0.888889 0.3492064
vt 0.904762 0.3492064
vt 0.920635 0.3492064
vt 0.936508 0.3492064
vt 0.952381 0.3492064
vt 0.968254 0.3492064
vt 0.984127 0.3492064
vt 1 0.3492064
vt 0 0.3650794
vt 0.01587302 0.3650794
vt 0.03174603 0.3650794
vt 0.04761905 0.3650794
vt 0.06349207 0.3650794
vt 0.07936508 0.3650794
vt 0.0952381 0.3650794
vt 0.1111111 0.3650794
vt 0.1269841 0.3650794
vt 0.1428571 0.3650794
vt 0.1587302 0.3650794
vt 0.1746032 0.3650794
vt 0.1904762 0.3650794
vt 0.2063492 0.3650794
vt 0.2222222 0.3650794
vt 0.2380953 0.3650794
vt 0.2539683 0.3650794
vt 0.2698413 0.3650794
vt 0.2857143 0.3650794
vt 0.3015873 0.3650794
vt 0.3174603 0.3650794
vt 0.3333333 0.3650794
vt 0.3492064 0.3650794
vt 0.3650794 0.3650794
vt 0.3809524 0.3650794
vt 0.3968254 0.3650794
vt 0.4126984 0.3650794
vt 0.4285715 0.3650794
vt 0.4444445 0.3650794
vt 0.4603175 0.3650794
vt 0.4761905 0.3650794
vt 0.4920635 0.3650794
vt 0.5079365 0.3650794
vt 0.5238096 0.3650794
vt 0.5396826 0.3650794
vt 0.5555556 0.3650794
vt 0.5714286 0.3650794
vt 0.5873016 0.3650794
vt 0.6031746 0.3650794
vt 0.6190476 0.3650794
vt 0.6349207 0.3650794
vt 0.6507937 0.3650794
vt 0.6666667 0.3650794
vt 0.6825397 0.3650794
vt 0.6984127 0.3650794
vt 0.7142857 0.3650794
vt 0.7301587 0.3650794
vt 0.7460318 0.3650794
vt 0.7619048 0.3650794
vt 0.7777779 0.3650794
vt 0.7936509 0.3650794
vt 0.8095239 0.3650794
vt 0.8253969 0.3650794
vt 0.8412699 0.3650794
vt 0.8571429 0.3650794
vt 0.8730159 0.3650794
vt 0.888889 0.3650794
vt 0.904762 0.3650794
vt 0.920635 0.3650794
vt 0.936508 0.3650794
vt 0.952381 0.3650794
vt 0.968254 0.3650794
vt 0.984127 0.3650794
vt 1 0.3650794
vt 0 0.3809524
vt 0.01587302 0.3809524
vt 0.03174603 0.3809524
vt 0.04761905 0.3809524
vt 0.06349207 0.3809524
vt 0.07936508 0.3809524
vt 0.0952381 0.3809524
vt 0.1111111 0.3809524
vt 0.1269841 0.3809524
vt 0.1428571 0.3809524
vt 0.1587302 0.3809524
vt 0.1746032 0.3809524
vt 0.1904762 0.3809524
vt 0.2063492 0.3809524
vt 0.2222222 0.3809524
vt 0.2380953 0.3809524
vt 0.2539683 0.3809524
vt 0.2698413 0.3809524
vt 0.2857143 0.3809524
vt 0.3015873 0.3809524
vt 0.3174603 0.3809524
vt 0.3333333 0.3809524
vt 0.3492064 0.3809524
vt 0.3650794 0.3809524
vt 0.3809524 0.3809524
vt 0.3968254 0.3809524
vt 0.4126984 0.3809524
vt 0.4285715 0.3809524
vt 0.4444445 0.3809524
vt 0.4603175 0.3809524
vt 0.4761905 0.3809524
vt 0.4920635 0.3809524
vt 0.5079365 0.3809524
vt 0.5238096 0.3809524
vt 0.5396826 0.3809524
vt 0.5555556 0.3809524
vt 0.5714286 0.3809524
vt 0.5873016 0.3809524
vt 0.6031746 0.3809524
vt 0.6190476 0.3809524
vt 0.6349207 0.3809524
vt 0.6507937 0.3809524
vt 0.6666667 0.3809524
vt 0.6825397 0.3809524
vt 0.6984127 0.3809524
vt 0.7142857 0.3809524
vt 0.7301587 0.3809524
vt 0.7460318 0.3809524
vt 0.7619048 0.3809524
vt 0.7777779 0.3809524
vt 0.7936509 0.3809524
vt 0.8095239 0.3809524
vt 0.8253969 0.3809524
vt 0.8412699 0.3809524
vt 0.8571429 0.3809524
vt 0.8730159 0.3809524
vt 0.888889 0.3809524
vt 0.904762 0.3809524
vt 0.920635 0.3809524
vt 0.936508 0.3809524
vt 0.952381 0.3809524
vt 0.968254 0.3809524
vt 0.984127 0.3809524
vt 1 0.3809524
vt 0 0.3968254
vt 0.01587302 0.3968254
vt 0.03174603 0.3968254
vt 0.04761905 0.3968254
vt 0.06349207 0.3968254
vt 0.07936508 0.3968254
vt 0.0952381 0.3968254
vt 0.1111111 0.3968254
vt 0.1269841 0.3968254
vt 0.1428571 0.3968254
vt 0.1587302 0.3968254
vt 0.1746032 0.3968254
vt 0.1904762 0.3968254
vt 0.2063492 0.3968254
vt 0.2222222 0.3968254
vt 0.2380953 0.3968254
vt 0.2539683 0.3968254
vt 0.2698413 0.3968254
vt 0.2857143 0.3968254
vt 0.3015873 0.3968254
vt 0.3174603 0.3968254
vt 0.3333333 0.3968254
vt 0.3492064 0.3968254
vt 0.3650794 0.3968254
vt 0.3809524 0.3968254
vt 0.3968254 0.3968254
vt 0.4126984 0.3968254
vt 0.4285715 0.3968254
vt 0.4444445 0.3968254
vt 0.4603175 0.3968254
vt 0.4761905 0.3968254
vt 0.4920635 0.3968254
vt 0.5079365 0.3968254
vt 0.5238096 0.3968254
vt 0.5396826 0.3968254
vt 0.5555556 0.3968254
vt 0.5714286 0.3968254
vt 0.5873016 0.3968254
vt 0.6031746 0.3968254
vt 0.6190476 0.3968254
vt 0.6349207 0.3968254
vt 0.6507937 0.3968254
vt 0.6666667 0.3968254
vt 0.6825397 0.3968254
vt 0.6984127 0.3968254
vt 0.7142857 0.3968254
vt 0.7301587 0.3968254
vt 0.7460318 0.3968254
vt 0.7619048 0.3968254
vt 0.7777779 0.3968254
vt 0.7936509 0.3968254
vt 0.8095239 0.3968254
vt 0.8253969 0.3968254
vt 0.8412699 0.3968254
vt 0.8571429 0.3968254
vt 0.8730159 0.3968254
vt 0.888889 0.3968254
vt 0.904762 0.3968254
vt 0.920635 0.3968254
vt 0.936508 0.3968254
vt 0.952381 0.3968254
vt 0.968254 0.3968254
vt 0.984127 0.3968254
vt 1 0.3968254
vt 0 0.4126984
vt 0.01587302 0.4126984
vt 0.03174603 0.4126984
vt 0.04761905 0.4126984
vt 0.06349207 0.4126984
vt 0.07936508 0.4126984
vt 0.0952381 0.4126984
vt 0.1111111 0.4126984
vt 0.1269841 0.4126984
vt 0.1428571 0.4126984
vt 0.1587302 0.4126984
vt 0.1746032 0.4126984
vt 0.1904762 0.4126984
vt 0.2063492 0.4126984
vt 0.2222222 0.4126984
vt 0.2380953 0.4126984
vt 0.2539683 0.4126984
vt 0.2698413 0.4126984
vt 0.2857143 0.4126984
vt 0.3015873 0.4126984
vt 0.3174603 0.4126984
vt 0.3333333 0.4126984
vt 0.3492064 0.4126984
vt 0.3650794 0.4126984
vt 0.3809524 0.4126984
vt 0.3968254 0.4126984
vt 0.4126984 0.4126984
vt 0.4285715 0.4126984
vt 0.4444445 0.4126984
vt 0.4603175 0.4126984
vt 0.4761905 0.4126984
vt 0.4920635 0.4126984
vt 0.5079365 0.4126984
vt 0.5238096 0.4126984
vt 0.5396826 0.4126984
vt 0.5555556 0.4126984
vt 0.5714286 0.4126984
vt 0.5873016 0.4126984
vt 0.6031746 0.4126984
vt 0.6190476 0.4126984
vt 0.6349207 0.4126984
vt 0.6507937 0.4126984
vt 0.6666667 0.4126984
vt 0.6825397 0.4126984
vt 0.6984127 0.4126984
vt 0.7142857 0.4126984
vt 0.7301587 0.4126984
vt 0.7460318 0.4126984
vt 0.7619048 0.4126984
vt 0.7777779 0.4126984
vt 0.7936509 0.4126984
vt 0.8095239 0.4126984
vt 0.8253969 0.4126984
vt 0.8412699 0.4126984
vt 0.8571429 0.4126984
vt 0.8730159 0.4126984
vt 0.888889 0.4126984
vt 0.904762 0.4126984
vt 0.920635 0.4126984
vt 0.936508 0.4126984
vt 0.952381 0.4126984
vt 0.968254 0.4126984
vt 0.984127 0.4126984
vt 1 0.4126984
vt 0 0.4285715
vt 0.01587302 0.4285715
vt 0.03174603 0.4285715
vt 0.04761905 0.4285715
vt 0.06349207 0.4285715
vt 0.07936508 0.4285715
vt 0.0952381 0.4285715
vt 0.1111111 0.4285715
vt 0.1269841 0.4285715
vt 0.1428571 0.4285715
vt 0.1587302 0.4285715
vt 0.1746032 0.4285715
vt 0.1904762 0.4285715
vt 0.2063492 0.4285715
vt 0.2222222 0.4285715
vt 0.2380953 0.4285715
vt 0.2539683 0.4285715
vt 0.2698413 0.4285715
vt 0.2857143 0.4285715
vt 0.3015873 0.4285715
vt 0.3174603 0.4285715
vt 0.3333333 0.4285715
vt 0.3492064 0.4285715
vt 0.3650794 0.4285715
vt 0.3809524 0.4285715
vt 0.3968254 0.4285715
vt 0.4126984 0.4285715
vt 0.4285715 0.4285715
vt 0.4444445 0.4285715
vt 0.4603175 0.4285715
vt 0.4761905 0.4285715
vt 0.4920635 0.4285715
vt 0.5079365 0.4285715
vt 0.5238096 0.4285715
vt 0.5396826 0.4285715
vt 0.5555556 0.4285715
vt 0.5714286 0.4285715
vt 0.5873016 0.4285715
vt 0.6031746 0.4285715
vt 0.6190476 0.4285715
vt 0.6349207 0.4285715
vt 0.6507937 0.4285715
vt 0.6666667 0.4285715
vt 0.6825397 0.4285715
vt 0.6984127 0.4285715
vt 0.7142857 0.4285715
vt 0.7301587 0.4285715
vt 0.7460318 0.4285715
vt 0.7619048 0.4285715
vt 0.7777779 0.4285715
vt 0.7936509 0.4285715
vt 0.8095239 0.4285715
vt 0.8253969 0.4285715
vt 0.8412699 0.4285715
vt 0.8571429 0.4285715
vt 0.8730159 0.4285715
vt 0.888889 0.4285715
vt 0.904762 0.4285715
vt 0.920635 0.4285715
vt 0.936508 0.4285715
vt 0.952381 0.4285715
vt 0.968254 0.4285715
vt 0.984127 0.4285715
vt 1 0.4285715
vt 0 0.4444445
vt 0.01587302 0.4444445
vt 0.03174603 0.4444445
vt 0.04761905 0.4444445
vt 0.06349207 0.4444445
vt 0.07936508 0.4444445
vt 0.0952381 0.4444445
vt 0.1111111 0.4444445
vt 0.1269841 0.4444445
vt 0.1428571 0.4444445
vt 0.1587302 0.4444445
vt 0.1746032 0.4444445
vt 0.1904762 0.4444445
vt 0.2063492 0.4444445
vt 0.2222222 0.4444445
vt 0.2380953 0.4444445
vt 0.2539683 0.4444445
vt 0.2698413 0.4444445
vt 0.2857143 0.4444445
vt 0.3015873 0.4444445
vt 0.3174603 0.4444445
vt 0.3333333 0.4444445
vt 0.3492064 0.4444445
vt 0.3650794 0.4444445
vt 0.3809524 0.4444445
vt 0.3968254 0.4444445
vt 0.4126984 0.4444445
vt 0.4285715 0.4444445
vt 0.4444445 0.4444445
vt 0.4603175 0.4444445
vt 0.4761905 0.4444445
vt 0.4920635 0.4444445
vt 0.5079365 0.4444445
vt 0.5238096 0.4444445
vt 0.5396826 0.4444445
vt 0.5555556 0.4444445
vt 0.5714286 0.4444445
vt 0.5873016 0.4444445
vt 0.6031746 0.4444445
vt 0.6190476 0.4444445
vt 0.6349207 0.4444445
vt 0.6507937 0.4444445
vt 0.6666667 0.4444445
vt 0.6825397 0.4444445
vt 0.6984127 0.4444445
vt 0.7142857 0.4444445
vt 0.7301587 0.4444445
vt 0.7460318 0.4444445
vt 0.7619048 0.4444445
vt 0.7777779 0.4444445
vt 0.7936509 0.4444445
vt 0.8095239 0.4444445
vt 0.8253969 0.4444445
vt 0.8412699 0.4444445
vt 0.8571429 0.4444445
vt 0.8730159 0.4444445
vt 0.888889 0.4444445
vt 0.904762 0.4444445
vt 0.920635 0.4444445
vt 0.936508 0.4444445
vt 0.952381 0.4444445
vt 0.968254 0.4444445
vt 0.984127 0.4444445
vt 1 0.4444445
vt 0 0.4603175
vt 0.01587302 0.4603175
vt 0.03174603 0.4603175
vt 0.04761905 0.4603175
vt 0.06349207 0.4603175
vt 0.07936508 0.4603175
vt 0.0952381 0.4603175
vt 0.1111111 0.4603175
vt 0.1269841 0.4603175
vt 0.1428571 0.4603175
vt 0.1587302 0.4603175
vt 0.1746032 0.4603175
vt 0.1904762 0.4603175
vt 0.2063492 0.4603175
vt 0.2222222 0.4603175
vt 0.2380953 0.4603175
vt 0.2539683 0.4603175
vt 0.2698413 0.4603175
vt 0.2857143 0.4603175
vt 0.3015873 0.4603175
vt 0.3174603 0.4603175
vt 0.3333333 0.4603175
vt 0.3492064 0.4603175
vt 0.3650794 0.4603175
vt 0.3809524 0.4603175
vt 0.3968254 0.4603175
vt 0.4126984 0.4603175
vt 0.4285715 0.4603175
vt 0.4444445 0.4603175
vt 0.4603175 0.4603175
vt 0.4761905 0.4603175
vt 0.4920635 0.4603175
vt 0.5079365 0.4603175
vt 0.5238096 0.4603175
vt 0.5396826 0.4603175
vt 0.5555556 0.4603175
vt 0.5714286 0.4603175
vt 0.5873016 0.4603175
vt 0.6031746 0.4603175
vt 0.6190476 0.4603175
vt 0.6349207 0.4603175
vt 0.6507937 0.4603175
vt 0.6666667 0.4603175
vt 0.6825397 0.4603175
vt 0.6984127 0.4603175
vt 0.7142857 0.4603175
vt 0.7301587 0.4603175
vt 0.7460318 0.4603175
vt 0.7619048 0.4603175
vt 0.7777779 0.4603175
vt 0.7936509 0.4603175
vt 0.8095239 0.4603175
vt 0.8253969 0.4603175
vt 0.8412699 0.4603175
vt 0.8571429 0.4603175
vt 0.8730159 0.4603175
vt 0.888889 0.4603175
vt 0.904762 0.4603175
vt 0.920635 0.4603175
vt 0.936508 0.4603175
vt 0.952381 0.4603175
vt 0.968254 0.4603175
vt 0.984127 0.4603175
vt 1 0.4603175
vt 0 0.4761905
vt 0.01587302 0.4761905
vt 0.03174603 0.4761905
vt 0.04761905 0.4761905
vt 0.06349207 0.4761905
vt 0.07936508 0.4761905
vt 0.0952381 0.4761905
vt 0.1111111 0.4761905
vt 0.1269841 0.4761905
vt 0.1428571 0.4761905
vt 0.1587302 0.4761905
vt 0.1746032 0.4761905
vt 0.1904762 0.4761905
vt 0.2063492 0.4761905
vt 0.2222222 0.4761905
vt 0.2380953 0.4761905
vt 0.2539683 0.4761905
vt 0.2698413 0.4761905
vt 0.2857143 0.4761905
vt 0.3015873 0.4761905
vt 0.3174603 0.4761905
vt 0.3333333 0.4761905
vt 0.3492064 0.4761905
vt 0.3650794 0.4761905
vt 0.3809524 0.4761905
vt 0.3968254 0.4761905
vt 0.4126984 0.4761905
vt 0.4285715 0.4761905
vt 0.4444445 0.4761905
vt 0.4603175 0.4761905
vt 0.4761905 0.4761905
vt 0.4920635 0.4761905
vt 0.5079365 0.4761905
vt 0.5238096 0.4761905
vt 0.5396826 0.4761905
vt 0.5555556 0.4761905
vt 0.5714286 0.4761905
vt 0.5873016 0.4761905
vt 0.6031746 0.4761905
vt 0.6190476 0.4761905
vt 0.6349207 0.4761905
vt 0.6507937 0.4761905
vt 0.6666667 0.4761905
vt 0.6825397 0.4761905
vt 0.6984127 0.4761905
vt 0.7142857 0.4761905
vt 0.7301587 0.4761905
vt 0.7460318 0.4761905
vt 0.7619048 0.4761905
vt 0.7777779 0.4761905
vt 0.7936509 0.4761905
vt 0.8095239 0.4761905
vt 0.8253969 0.4761905
vt 0.8412699 0.4761905
vt 0.8571429 0.4761905
vt 0.8730159 0.4761905
vt 0.888889 0.4761905
vt 0.904762 0.4761905
vt 0.920635 0.4761905
vt 0.936508 0.4761905
vt 0.952381 0.4761905
vt 0.968254 0.4761905
vt 0.984127 0.4761905
vt 1 0.4761905
vt 0 0.4920635
vt 0.01587302 0.4920635
vt 0.03174603 0.4920635
vt 0.04761905 0.4920635
vt 0.06349207 0.4920635
vt 0.07936508 0.4920635
vt 0.0952381 0.4920635
vt 0.1111111 0.4920635
vt 0.1269841 0.4920635
vt 0.1428571 0.4920635
vt 0.1587302 0.4920635
vt 0.1746032 0.4920635
vt 0.1904762 0.4920635
vt 0.2063492 0.4920635
vt 0.2222222 0.4920635
vt 0.2380953 0.4920635
vt 0.2539683 0.4920635
vt 0.2698413 0.4920635
vt 0.2857143 0.4920635
vt 0.3015873 0.4920635
vt 0.3174603 0.4920635
vt 0.3333333 0.4920635
vt 0.3492064 0.4920635
vt 0.3650794 0.4920635
vt 0.3809524 0.4920635
vt 0.3968254 0.4920635
vt 0.4126984 0.4920635
vt 0.4285715 0.4920635
vt 0.4444445 0.4920635
vt 0.4603175 0.4920635
vt 0.4761905 0.4920635
vt 0.4920635 0.4920635
vt 0.5079365 0.4920635
vt 0.5238096 0.4920635
vt 0.5396826 0.4920635
vt 0.5555556 0.4920635
vt 0.5714286 0.4920635
vt 0.5873016 0.4920635
vt 0.6031746 0.4920635
vt 0.6190476 0.4920635
vt 0.6349207 0.4920635
vt 0.6507937 0.4920635
vt 0.6666667 0.4920635
vt 0.6825397 0.4920635
vt 0.6984127 0.4920635
vt 0.7142857 0.4920635
vt 0.7301587 0.4920635
vt 0.7460318 0.4920635
vt 0.7619048 0.4920635
vt 0.7777779 0.4920635
vt 0.7936509 0.4920635
vt 0.8095239 0.4920635
vt 0.8253969 0.4920635
vt 0.8412699 0.4920635
vt 0.8571429 0.4920635
vt 0.8730159 0.4920635
vt 0.888889 0.4920635
vt 0.904762 0.4920635
vt 0.920635 0.4920635
vt 0.936508 0.4920635
vt 0.952381 0.4920635
vt 0.968254 0.4920635
vt 0.984127 0.4920635
vt 1 0.4920635
vt 0 0.5079365
vt 0.01587302 0.5079365
vt 0.03174603 0.5079365
vt 0.04761905 0.5079365
vt 0.06349207 0.5079365
vt 0.07936508 0.5079365
vt 0.0952381 0.5079365
vt 0.1111111 0.5079365
vt 0.1269841 0.5079365
vt 0.1428571 0.5079365
vt 0.1587302 0.5079365
vt 0.1746032 0.5079365
vt 0.1904762 0.5079365
vt 0.2063492 0.5079365
vt 0.2222222 0.5079365
vt 0.2380953 0.5079365
vt 0.2539683 0.5079365
vt 0.2698413 0.5079365
vt 0.2857143 0.5079365
vt 0.3015873 0.5079365
vt 0.3174603 0.5079365
vt 0.3333333 0.5079365
vt 0.3492064 0.5079365
vt 0.3650794 0.5079365
vt 0.3809524 0.5079365
vt 0.3968254 0.5079365
vt 0.4126984 0.5079365
vt 0.4285715 0.5079365
vt 0.4444445 0.5079365
vt 0.4603175 0.5079365
vt 0.4761905 0.5079365
vt 0.4920635 0.5079365
vt 0.5079365 0.5079365
vt 0.5238096 0.5079365
vt 0.5396826 0.5079365
vt 0.5555556 0.5079365
vt 0.5714286 0.5079365
vt 0.5873016 0.5079365
vt 0.6031746 0.5079365
vt 0.6190476 0.5079365
vt 0.6349207 0.5079365
vt 0.6507937 0.5079365
vt 0.6666667 0.5079365
vt 0.6825397 0.5079365
vt 0.6984127 0.5079365
vt 0.7142857 0.5079365
vt 0.7301587 0.5079365
vt 0.7460318 0.5079365
vt 0.7619048 0.5079365
vt 0.7777779 0.5079365
vt 0.7936509 0.5079365
vt 0.8095239 0.5079365
vt 0.8253969 0.5079365
vt 0.8412699 0.5079365
vt 0.8571429 0.5079365
vt 0.8730159 0.5079365
vt 0.888889 0.5079365
vt 0.904762 0.5079365
vt 0.920635 0.5079365
vt 0.936508 0.5079365
vt 0.952381 0.5079365
vt 0.968254 0.5079365
vt 0.984127 0.5079365
vt 1 0.5079365
vt 0 0.5238096
vt 0.01587302 0.5238096
vt 0.03174603 0.5238096
vt 0.04761905 0.5238096
vt 0.06349207 0.5238096
vt 0.07936508 0.5238096
vt 0.0952381 0.5238096
vt 0.1111111 0.5238096
vt 0.1269841 0.5238096
vt 0.1428571 0.5238096
vt 0.1587302 0.5238096
vt 0.1746032 0.5238096
vt 0.1904762 0.5238096
vt 0.2063492 0.5238096
vt 0.2222222 0.5238096
vt 0.2380953 0.5238096
vt 0.2539683 0.5238096
vt 0.2698413 0.5238096
vt 0.2857143 0.5238096
vt 0.3015873 0.5238096
vt 0.3174603 0.5238096
vt 0.3333333 0.5238096
vt 0.3492064 0.5238096
vt 0.3650794 0.5238096
vt 0.3809524 0.5238096
vt 0.3968254 0.5238096
vt 0.4126984 0.5238096
vt 0.4285715 0.5238096
vt 0.4444445 0.5238096
vt 0.4603175 0.5238096
vt 0.4761905 0.5238096
vt 0.4920635 0.5238096
vt 0.5079365 0.5238096
vt 0.5238096 0.5238096
vt 0.5396826 0.5238096
vt 0.5555556 0.5238096
vt 0.5714286 0.5238096
vt 0.5873016 0.5238096
vt 0.6031746 0.5238096
vt 0.6190476 0.5238096
vt 0.6349207 0.5238096
vt 0.6507937 0.5238096
vt 0.6666667 0.5238096
vt 0.6825397 0.5238096
vt 0.6984127 0.5238096
vt 0.7142857 0.5238096
vt 0.7301587 0.5238096
vt 0.7460318 0.5238096
vt 0.7619048 0.5238096
vt 0.7777779 0.5238096
vt 0.7936509 0.5238096
vt 0.8095239 0.5238096
vt 0.8253969 0.5238096
vt 0.8412699 0.5238096
vt 0.8571429 0.5238096
vt 0.8730159 0.5238096
vt 0.888889 0.5238096
vt 0.904762 0.5238096
vt 0.920635 0.5238096
vt 0.936508 0.5238096
vt 0.952381 0.5238096
vt 0.968254 0.5238096
vt 0.984127 0.5238096
vt 1 0.5238096
vt 0 0.5396826
vt 0.01587302 0.5396826
vt 0.03174603 0.5396826
vt 0.04761905 0.5396826
vt 0.06349207 0.5396826
vt 0.07936508 0.5396826
vt 0.0952381 0.5396826
vt 0.1111111 0.5396826
vt 0.1269841 0.5396826
vt 0.1428571 0.5396826
vt 0.1587302 0.5396826
vt 0.1746032 0.5396826
vt 0.1904762 0.5396826
vt 0.2063492 0.5396826
vt 0.2222222 0.5396826
vt 0.2380953 0.5396826
vt 0.2539683 0.5396826
vt 0.2698413 0.5396826
vt 0.2857143 0.5396826
vt 0.3015873 0.5396826
vt 0.3174603 0.5396826
vt 0.3333333 0.5396826
vt 0.3492064 0.5396826
vt 0.3650794 0.5396826
vt 0.3809524 0.5396826
vt 0.3968254 0.5396826
vt 0.4126984 0.5396826
vt 0.4285715 0.5396826
vt 0.4444445 0.5396826
vt 0.4603175 0.5396826
vt 0.4761905 0.5396826
vt 0.4920635 0.5396826
vt 0.5079365 0.5396826
vt 0.5238096 0.5396826
vt 0.5396826 0.5396826
vt 0.5555556 0.5396826
vt 0.5714286 0.5396826
vt 0.5873016 0.5396826
vt 0.6031746 0.5396826
vt 0.6190476 0.5396826
vt 0.6349207 0.5396826
vt 0.6507937 0.5396826
vt 0.6666667 0.5396826
vt 0.6825397 0.5396826
vt 0.6984127 0.5396826
vt 0.7142857 0.5396826
vt 0.7301587 0.5396826
vt 0.7460318 0.5396826
vt 0.7619048 0.5396826
vt 0.7777779 0.5396826
vt 0.7936509 0.5396826
vt 0.8095239 0.5396826
vt 0.8253969 0.5396826
vt 0.8412699 0.5396826
vt 0.8571429 0.5396826
vt 0.8730159 0.5396826
vt 0.888889 0.5396826
vt 0.904762 0.5396826
vt 0.920635 0.5396826
vt 0.936508 0.5396826
vt 0.952381 0.5396826
vt 0.968254 0.5396826
vt 0.984127 0.5396826
vt 1 0.5396826
vt 0 0.5555556
vt 0.01587302 0.5555556
vt 0.03174603 0.5555556
vt 0.04761905 0.5555556
vt 0.06349207 0.5555556
vt 0.07936508 0.5555556
vt 0.0952381 0.5555556
vt 0.1111111 0.5555556
vt 0.1269841 0.5555556
vt 0.1428571 0.5555556
vt 0.1587302 0.5555556
vt 0.1746032 0.5555556
vt 0.1904762 0.5555556
vt 0.2063492 0.5555556
vt 0.2222222 0.5555556
vt 0.2380953 0.5555556
vt 0.2539683 0.5555556
vt 0.2698413 0.5555556
vt 0.2857143 0.5555556
vt 0.3015873 0.5555556
vt 0.3174603 0.5555556
vt 0.3333333 0.5555556
vt 0.3492064 0.5555556
vt 0.3650794 0.5555556
vt 0.3809524 0.5555556
vt 0.3968254 0.5555556
vt 0.4126984 0.5555556
vt 0.4285715 0.5555556
vt 0.4444445 0.5555556
vt 0.4603175 0.5555556
vt 0.4761905 0.5555556
vt 0.4920635 0.5555556
vt 0.5079365 0.5555556
vt 0.5238096 0.5555556
vt 0.5396826 0.5555556
vt 0.5555556 0.5555556
vt 0.5714286 0.5555556
vt 0.5873016 0.5555556
vt 0.6031746 0.5555556
vt 0.6190476 0.5555556
vt 0.6349207 0.5555556
vt 0.6507937 0.5555556
vt 0.6666667 0.5555556
vt 0.6825397 0.5555556
vt 0.6984127 0.5555556
vt 0.7142857 0.5555556
vt 0.7301587 0.5555556
vt 0.7460318 0.5555556
vt 0.7619048 0.5555556
vt 0.7777779 0.5555556
vt 0.7936509 0.5555556
vt 0.8095239 0.5555556
vt 0.8253969 0.5555556
vt 0.8412699 0.5555556
vt 0.8571429 0.5555556
vt 0.8730159 0.5555556
vt 0.888889 0.5555556
vt 0.904762 0.5555556
vt 0.920635 0.5555556
vt 0.936508 0.5555556
vt 0.952381 0.5555556
vt 0.968254 0.5555556
vt 0.984127 0.5555556
vt 1 0.5555556
vt 0 0.5714286
vt 0.01587302 0.5714286
vt 0.03174603 0.5714286
vt 0.04761905 0.5714286
vt 0.06349207 0.5714286
vt 0.07936508 0.5714286
vt 0.0952381 0.5714286
vt 0.1111111 0.5714286
vt 0.1269841 0.5714286
vt 0.1428571 0.5714286
vt 0.1587302 0.5714286
vt 0.1746032 0.5714286
vt 0.1904762 0.5714286
vt 0.2063492 0.5714286
vt 0.2222222 0.5714286
vt 0.2380953 0.5714286
vt 0.2539683 0.5714286
vt 0.2698413 0.5714286
vt 0.2857143 0.5714286
vt 0.3015873 0.5714286
vt 0.3174603 0.5714286
vt 0.3333333 0.5714286
vt 0.3492064 0.5714286
vt 0.3650794 0.5714286
vt 0.3809524 0.5714286
vt 0.3968254 0.5714286
vt 0.4126984 0.5714286
vt 0.4285715 0.5714286
vt 0.4444445 0.5714286
vt 0.4603175 0.5714286
vt 0.4761905 0.5714286
vt 0.4920635 0.5714286
vt 0.5079365 0.5714286
vt 0.5238096 0.5714286
vt 0.5396826 0.5714286
vt 0.5555556 0.5714286
vt 0.5714286 0.5714286
vt 0.5873016 0.5714286
vt 0.6031746 0.5714286
vt 0.6190476 0.5714286
vt 0.6349207 0.5714286
vt 0.6507937 0.5714286
vt 0.6666667 0.5714286
vt 0.6825397 0.5714286
vt 0.6984127 0.5714286
vt 0.7142857 0.5714286
vt 0.7301587 0.5714286
vt 0.7460318 0.5714286
vt 0.7619048 0.5714286
vt 0.7777779 0.5714286
vt 0.7936509 0.5714286
vt 0.8095239 0.5714286
vt 0.8253969 0.5714286
vt 0.8412699 0.5714286
vt 0.8571429 0.5714286
vt 0.8730159 0.5714286
vt 0.888889 0.5714286
vt 0.904762 0.5714286
vt 0.920635 0.5714286
vt 0.936508 0.5714286
vt 0.952381 0.5714286
vt 0.968254 0.5714286
vt 0.984127 0.5714286
vt 1 0.5714286
vt 0 0.5873016
vt 0.01587302 0.5873016
vt 0.03174603 0.5873016
vt 0.04761905 0.5873016
vt 0.06349207 0.5873016
vt 0.07936508 0.5873016
vt 0.0952381 0.5873016
vt 0.1111111 0.5873016
vt 0.1269841 0.5873016
vt 0.1428571 0.5873016
vt 0.1587302 0.5873016
vt 0.1746032 0.5873016
vt 0.1904762 0.5873016
vt 0.2063492 0.5873016
vt 0.2222222 0.5873016
vt 0.2380953 0.5873016
vt 0.2539683 0.5873016
vt 0.2698413 0.5873016
vt 0.2857143 0.5873016
vt 0.3015873 0.5873016
vt 0.3174603 0.5873016
vt 0.3333333 0.5873016
vt 0.3492064 0.5873016
vt 0.3650794 0.5873016
vt 0.3809524 0.5873016
vt 0.3968254 0.5873016
vt 0.4126984 0.5873016
vt 0.4285715 0.5873016
vt 0.4444445 0.5873016
vt 0.4603175 0.5873016
vt 0.4761905 0.5873016
vt 0.4920635 0.5873016
vt 0.5079365 0.5873016
vt 0.5238096 0.5873016
vt 0.5396826 0.5873016
vt 0.5555556 0.5873016
vt 0.5714286 0.5873016
vt 0.5873016 0.5873016
vt 0.6031746 0.5873016
vt 0.6190476 0.5873016
vt 0.6349207 0.5873016
vt 0.6507937 0.5873016
vt 0.6666667 0.5873016
vt 0.6825397 0.5873016
vt 0.6984127 0.5873016
vt 0.7142857 0.5873016
vt 0.7301587 0.5873016
vt 0.7460318 0.5873016
vt 0.7619048 0.5873016
vt 0.7777779 0.5873016
vt 0.7936509 0.5873016
vt 0.8095239 0.5873016
vt 0.8253969 0.5873016
vt 0.8412699 0.5873016
vt 0.8571429 0.5873016
vt 0.8730159 0.5873016
vt 0.888889 0.5873016
vt 0.904762 0.5873016
vt 0.920635 0.5873016
vt 0.936508 0.5873016
vt 0.952381 0.5873016
vt 0.968254 0.5873016
vt 0.984127 0.5873016
vt 1 0.5873016
vt 0 0.6031746
vt 0.01587302 0.6031746
vt 0.03174603 0.6031746
vt 0.04761905 0.6031746
vt 0.06349207 0.6031746
vt 0.07936508 0.6031746
vt 0.0952381 0.6031746
vt 0.1111111 0.6031746
vt 0.1269841 0.6031746
vt 0.1428571 0.6031746
vt 0.1587302 0.6031746
vt 0.1746032 0.6031746
vt 0.1904762 0.6031746
vt 0.2063492 0.6031746
vt 0.2222222 0.6031746
vt 0.2380953 0.6031746
vt 0.2539683 0.6031746
vt 0.2698413 0.6031746
vt 0.2857143 0.6031746
vt 0.3015873 0.6031746
vt 0.3174603 0.6031746
vt 0.3333333 0.6031746
vt 0.3492064 0.6031746
vt 0.3650794 0.6031746
vt 0.3809524 0.6031746
vt 0.3968254 0.6031746
vt 0.4126984 0.6031746
vt 0.4285715 0.6031746
vt 0.4444445 0.6031746
vt 0.4603175 0.6031746
vt 0.4761905 0.6031746
vt 0.4920635 0.6031746
vt 0.5079365 0.6031746
vt 0.5238096 0.6031746
vt 0.5396826 0.6031746
vt 0.5555556 0.6031746
vt 0.5714286 0.6031746
vt 0.5873016 0.6031746
vt 0.6031746 0.6031746
vt 0.6190476 0.6031746
vt 0.6349207 0.6031746
vt 0.6507937 0.6031746
vt 0.6666667 0.6031746
vt 0.6825397 0.6031746
vt 0.6984127 0.6031746
vt 0.7142857 0.6031746
vt 0.7301587 0.6031746
vt 0.7460318 0.6031746
vt 0.7619048 0.6031746
vt 0.7777779 0.6031746
vt 0.7936509 0.6031746
vt 0.8095239 0.6031746
vt 0.8253969 0.6031746
vt 0.8412699 0.6031746
vt 0.8571429 0.6031746
vt 0.8730159 0.6031746
vt 0.888889 0.6031746
vt 0.904762 0.6031746
vt 0.920635 0.6031746
vt 0.936508 0.6031746
vt 0.952381 0.6031746
vt 0.968254 0.6031746
vt 0.984127 0.6031746
vt 1 0.6031746
vt 0 0.6190476
vt 0.01587302 0.6190476
vt 0.03174603 0.6190476
vt 0.04761905 0.6190476
vt 0.06349207 0.6190476
vt 0.07936508 0.6190476
vt 0.0952381 0.6190476
vt 0.1111111 0.6190476
vt 0.1269841 0.6190476
vt 0.1428571 0.6190476
vt 0.1587302 0.6190476
vt 0.1746032 0.6190476
vt 0.1904762 0.6190476
vt 0.2063492 0.6190476
vt 0.2222222 0.6190476
vt 0.2380953 0.6190476
vt 0.2539683 0.6190476
vt 0.2698413 0.6190476
vt 0.2857143 0.6190476
vt 0.3015873 0.6190476
vt 0.3174603 0.6190476
vt 0.3333333 0.6190476
vt 0.3492064 0.6190476
vt 0.3650794 0.6190476
vt 0.3809524 0.6190476
vt 0.3968254 0.6190476
vt 0.4126984 0.6190476
vt 0.4285715 0.6190476
vt 0.4444445 0.6190476
vt 0.4603175 0.6190476
vt 0.4761905 0.6190476
vt 0.4920635 0.6190476
vt 0.5079365 0.6190476
vt 0.5238096 0.6190476
vt 0.5396826 0.6190476
vt 0.5555556 0.6190476
vt 0.5714286 0.6190476
vt 0.5873016 0.6190476
vt 0.6031746 0.6190476
vt 0.6190476 0.6190476
vt 0.6349207 0.6190476
vt 0.6507937 0.6190476
vt 0.6666667 0.6190476
vt 0.6825397 0.6190476
vt 0.6984127 0.6190476
vt 0.7142857 0.6190476
vt 0.7301587 0.6190476
vt 0.7460318 0.6190476
vt 0.7619048 0.6190476
vt 0.7777779 0.6190476
vt 0.7936509 0.6190476
vt 0.8095239 0.6190476
vt 0.8253969 0.6190476
vt 0.8412699 0.6190476
vt 0.8571429 0.6190476
vt 0.8730159 0.6190476
vt 0.888889 0.6190476
vt 0.904762 0.6190476
vt 0.920635 0.6190476
vt 0.936508 0.6190476
vt 0.952381 0.6190476
vt 0.968254 0.6190476
vt 0.984127 0.6190476
vt 1 0.6190476
vt 0 0.6349207
vt 0.01587302 0.6349207
vt 0.03174603 0.6349207
vt 0.04761905 0.6349207
vt 0.06349207 0.6349207
vt 0.07936508 0.6349207
vt 0.0952381 0.6349207
vt 0.1111111 0.6349207
vt 0.1269841 0.6349207
vt 0.1428571 0.6349207
vt 0.1587302 0.6349207
vt 0.1746032 0.6349207
vt 0.1904762 0.6349207
vt 0.2063492 0.6349207
vt 0.2222222 0.6349207
vt 0.2380953 0.6349207
vt 0.2539683 0.6349207
vt 0.2698413 0.6349207
vt 0.2857143 0.6349207
vt 0.3015873 0.6349207
vt 0.3174603 0.6349207
vt 0.3333333 0.6349207
vt 0.3492064 0.6349207
vt 0.3650794 0.6349207
vt 0.3809524 0.6349207
vt 0.3968254 0.6349207
vt 0.4126984 0.6349207
vt 0.4285715 0.6349207
vt 0.4444445 0.6349207
vt 0.4603175 0.6349207
vt 0.4761905 0.6349207
vt 0.4920635 0.6349207
vt 0.5079365 0.6349207
vt 0.5238096 0.6349207
vt 0.5396826 0.6349207
vt 0.5555556 0.6349207
vt 0.5714286 0.6349207
vt 0.5873016 0.6349207
vt 0.6031746 0.6349207
vt 0.6190476 0.6349207
vt 0.6349207 0.6349207
vt 0.6507937 0.6349207
vt 0.6666667 0.6349207
vt 0.6825397 0.6349207
vt 0.6984127 0.6349207
vt 0.7142857 0.6349207
vt 0.7301587 0.6349207
vt 0.7460318 0.6349207
vt 0.7619048 0.6349207
vt 0.7777779 0.6349207
vt 0.7936509 0.6349207
vt 0.8095239 0.6349207
vt 0.8253969 0.6349207
vt 0.8412699 0.6349207
vt 0.8571429 0.6349207
vt 0.8730159 0.6349207
vt 0.888889 0.6349207
vt 0.904762 0.6349207
vt 0.920635 0.6349207
vt 0.936508 0.6349207
vt 0.952381 0.6349207
vt 0.968254 0.6349207
vt 0.984127 0.6349207
vt 1 0.6349207
vt 0 0.6507937
vt 0.01587302 0.6507937
vt 0.03174603 0.6507937
vt 0.04761905 0.6507937
vt 0.06349207 0.6507937
vt 0.07936508 0.6507937
vt 0.0952381 0.6507937
vt 0.1111111 0.6507937
vt 0.1269841 0.6507937
vt 0.1428571 0.6507937
vt 0.1587302 0.6507937
vt 0.1746032 0.6507937
vt 0.1904762 0.6507937
vt 0.2063492 0.6507937
vt 0.2222222 0.6507937
vt 0.2380953 0.6507937
vt 0.2539683 0.6507937
vt 0.2698413 0.6507937
vt 0.2857143 0.6507937
vt 0.3015873 0.6507937
vt 0.3174603 0.6507937
vt 0.3333333 0.6507937
vt 0.3492064 0.6507937
vt 0.3650794 0.6507937
vt 0.3809524 0.6507937
vt 0.3968254 0.6507937
vt 0.4126984 0.6507937
vt 0.4285715 0.6507937
vt 0.4444445 0.6507937
vt 0.4603175 0.6507937
vt 0.4761905 0.6507937
vt 0.4920635 0.6507937
vt 0.5079365 0.6507937
vt 0.5238096 0.6507937
vt 0.5396826 0.6507937
vt 0.5555556 0.6507937
vt 0.5714286 0.6507937
vt 0.5873016 0.6507937
vt 0.6031746 0.6507937
vt 0.6190476 0.6507937
vt 0.6349207 0.6507937
vt 0.6507937 0.6507937
vt 0.6666667 0.6507937
vt 0.6825397 0.6507937
vt 0.6984127 0.6507937
vt 0.7142857 0.6507937
vt 0.7301587 0.6507937
vt 0.7460318 0.6507937
vt 0.7619048 0.6507937
vt 0.7777779 0.6507937
vt 0.7936509 0.6507937
vt 0.8095239 0.6507937
vt 0.8253969 0.6507937
vt 0.8412699 0.6507937
vt 0.8571429 0.6507937
vt 0.8730159 0.6507937
vt 0.888889 0.6507937
vt 0.904762 0.6507937
vt 0.920635 0.6507937
vt 0.936508 0.6507937
vt 0.952381 0.6507937
vt 0.968254 0.6507937
vt 0.984127 0.6507937
vt 1 0.6507937
vt 0 0.6666667
vt 0.01587302 0.6666667
vt 0.03174603 0.6666667
vt 0.04761905 0.6666667
vt 0.06349207 0.6666667
vt 0.07936508 0.6666667
vt 0.0952381 0.6666667
vt 0.1111111 0.6666667
vt 0.1269841 0.6666667
vt 0.1428571 0.6666667
vt 0.1587302 0.6666667
vt 0.1746032 0.6666667
vt 0.1904762 0.6666667
vt 0.2063492 0.6666667
vt 0.2222222 0.6666667
vt 0.2380953 0.6666667
vt 0.2539683 0.6666667
vt 0.2698413 0.6666667
vt 0.2857143 0.6666667
vt 0.3015873 0.6666667
vt 0.3174603 0.6666667
vt 0.3333333 0.6666667
vt 0.3492064 0.6666667
vt 0.3650794 0.6666667
vt 0.3809524 0.6666667
vt 0.3968254 0.6666667
vt 0.4126984 0.6666667
vt 0.4285715 0.6666667
vt 0.4444445 0.6666667
vt 0.4603175 0.6666667
vt 0.4761905 0.6666667
vt 0.4920635 0.6666667
vt 0.5079365 0.6666667
vt 0.5238096 0.6666667
vt 0.5396826 0.6666667
vt 0.5555556 0.6666667
vt 0.5714286 0.6666667
vt 0.5873016 0.6666667
vt 0.6031746 0.6666667
vt 0.6190476 0.6666667
vt 0.6349207 0.6666667
vt 0.6507937 0.6666667
vt 0.6666667 0.6666667
vt 0.6825397 0.6666667
vt 0.6984127 0.6666667
vt 0.7142857 0.6666667
vt 0.7301587 0.6666667
vt 0.7460318 0.6666667
vt 0.7619048 0.6666667
vt 0.7777779 0.6666667
vt 0.7936509 0.6666667
vt 0.8095239 0.6666667
vt 0.8253969 0.6666667
vt 0.8412699 0.6666667
vt 0.8571429 0.6666667
vt 0.8730159 0.6666667
vt 0.888889 0.6666667
vt 0.904762 0.6666667
vt 0.920635 0.6666667
vt 0.936508 0.6666667
vt 0.952381 0.6666667
vt 0.968254 0.6666667
vt 0.984127 0.6666667
vt 1 0.6666667
vt 0 0.6825397
vt 0.01587302 0.6825397
vt 0.03174603 0.6825397
vt 0.04761905 0.6825397
vt 0.06349207 0.6825397
vt 0.07936508 0.6825397
vt 0.0952381 0.6825397
vt 0.1111111 0.6825397
vt 0.1269841 0.6825397
vt 0.1428571 0.6825397
vt 0.1587302 0.6825397
vt 0.1746032 0.6825397
vt 0.1904762 0.6825397
vt 0.2063492 0.6825397
vt 0.2222222 0.6825397
vt 0.2380953 0.6825397
vt 0.2539683 0.6825397
vt 0.2698413 0.6825397
vt 0.2857143 0.6825397
vt 0.3015873 0.6825397
vt 0.3174603 0.6825397
vt 0.3333333 0.6825397
vt 0.3492064 0.6825397
vt 0.3650794 0.6825397
vt 0.3809524 0.6825397
vt 0.3968254 0.6825397
vt 0.4126984 0.6825397
vt 0.4285715 0.6825397
vt 0.4444445 0.6825397
vt 0.4603175 0.6825397
vt 0.4761905 0.6825397
vt 0.4920635 0.6825397
vt 0.5079365 0.6825397
vt 0.5238096 0.6825397
vt 0.5396826 0.6825397
vt 0.5555556 0.6825397
vt 0.5714286 0.6825397
vt 0.5873016 0.6825397
vt 0.6031746 0.6825397
vt 0.6190476 0.6825397
vt 0.6349207 0.6825397
vt 0.6507937 0.6825397
vt 0.6666667 0.6825397
vt 0.6825397 0.6825397
vt 0.6984127 0.6825397
vt 0.7142857 0.6825397
vt 0.7301587 0.6825397
vt 0.7460318 0.6825397
vt 0.7619048 0.6825397
vt 0.7777779 0.6825397
vt 0.7936509 0.6825397
vt 0.8095239 0.6825397
vt 0.8253969 0.6825397
vt 0.8412699 0.6825397
vt 0.8571429 0.6825397
vt 0.8730159 0.6825397
vt 0.888889 0.6825397
vt 0.904762 0.6825397
vt 0.920635 0.6825397
vt 0.936508 0.6825397
vt 0.952381 0.6825397
vt 0.968254 0.6825397
vt 0.984127 0.6825397
vt 1 0.6825397
vt 0 0.6984127
vt 0.01587302 0.6984127
vt 0.03174603 0.6984127
vt 0.04761905 0.6984127
vt 0.06349207 0.6984127
vt 0.07936508 0.6984127
vt 0.0952381 0.6984127
vt 0.1111111 0.6984127
vt 0.1269841 0.6984127
vt 0.1428571 0.6984127
vt 0.1587302 0.6984127
vt 0.1746032 0.6984127
vt 0.1904762 0.6984127
vt 0.2063492 0.6984127
vt 0.2222222 0.6984127
vt 0.2380953 0.6984127
vt 0.2539683 0.6984127
vt 0.2698413 0.6984127
vt 0.2857143 0.6984127
vt 0.3015873 0.6984127
vt 0.3174603 0.6984127
vt 0.3333333 0.6984127
vt 0.3492064 0.6984127
vt 0.3650794 0.6984127
vt 0.3809524 0.6984127
vt 0.3968254 0.6984127
vt 0.4126984 0.6984127
vt 0.4285715 0.6984127
vt 0.4444445 0.6984127
vt 0.4603175 0.6984127
vt 0.4761905 0.6984127
vt 0.4920635 0.6984127
vt 0.5079365 0.6984127
vt 0.5238096 0.6984127
vt 0.5396826 0.6984127
vt 0.5555556 0.6984127
vt 0.5714286 0.6984127
vt 0.5873016 0.6984127
vt 0.6031746 0.6984127
vt 0.6190476 0.6984127
vt 0.6349207 0.6984127
vt 0.6507937 0.6984127
vt 0.6666667 0.6984127
vt 0.6825397 0.6984127
vt 0.6984127 0.6984127
vt 0.7142857 0.6984127
vt 0.7301587 0.6984127
vt 0.7460318 0.6984127
vt 0.7619048 0.6984127
vt 0.7777779 0.6984127
vt 0.7936509 0.6984127
vt 0.8095239 0.6984127
vt 0.8253969 0.6984127
vt 0.8412699 0.6984127
vt 0.8571429 0.6984127
vt 0.8730159 0.6984127
vt 0.888889 0.6984127
vt 0.904762 0.6984127
vt 0.920635 0.6984127
vt 0.936508 0.6984127
vt 0.952381 0.6984127
vt 0.968254 0.6984127
vt 0.984127 0.6984127
vt 1 0.6984127
vt 0 0.7142857
vt 0.01587302 0.7142857
vt 0.03174603 0.7142857
vt 0.04761905 0.7142857
vt 0.06349207 0.7142857
vt 0.07936508 0.7142857
vt 0.0952381 0.7142857
vt 0.1111111 0.7142857
vt 0.1269841 0.7142857
vt 0.1428571 0.7142857
vt 0.1587302 0.7142857
vt 0.1746032 0.7142857
vt 0.1904762 0.7142857
vt 0.2063492 0.7142857
vt 0.2222222 0.7142857
vt 0.2380953 0.7142857
vt 0.2539683 0.7142857
vt 0.2698413 0.7142857
vt 0.2857143 0.7142857
vt 0.3015873 0.7142857
vt 0.3174603 0.7142857
vt 0.3333333 0.7142857
vt 0.3492064 0.7142857
vt 0.3650794 0.7142857
vt 0.3809524 0.7142857
vt 0.3968254 0.7142857
vt 0.4126984 0.7142857
vt 0.4285715 0.7142857
vt 0.4444445 0.7142857
vt 0.4603175 0.7142857
vt 0.4761905 0.7142857
vt 0.4920635 0.7142857
vt 0.5079365 0.7142857
vt 0.5238096 0.7142857
vt 0.5396826 0.7142857
vt 0.5555556 0.7142857
vt 0.5714286 0.7142857
vt 0.5873016 0.7142857
vt 0.6031746 0.7142857
vt 0.6190476 0.7142857
vt 0.6349207 0.7142857
vt 0.6507937 0.7142857
vt 0.6666667 0.7142857
vt 0.6825397 0.7142857
vt 0.6984127 0.7142857
vt 0.7142857 0.7142857
vt 0.7301587 0.7142857
vt 0.7460318 0.7142857
vt 0.7619048 0.7142857
vt 0.7777779 0.7142857
vt 0.7936509 0.7142857
vt 0.8095239 0.7142857
vt 0.8253969 0.7142857
vt 0.8412699 0.7142857
vt 0.8571429 0.7142857
vt 0.8730159 0.7142857
vt 0.888889 0.7142857
vt 0.904762 0.7142857
vt 0.920635 0.7142857
vt 0.936508 0.7142857
vt 0.952381 0.7142857
vt 0.968254 0.7142857
vt 0.984127 0.7142857
vt 1 0.7142857
vt 0 0.7301587
vt 0.01587302 0.7301587
vt 0.03174603 0.7301587
vt 0.04761905 0.7301587
vt 0.06349207 0.7301587
vt 0.07936508 0.7301587
vt 0.0952381 0.7301587
vt 0.1111111 0.7301587
vt 0.1269841 0.7301587
vt 0.1428571 0.7301587
vt 0.1587302 0.7301587
vt 0.1746032 0.7301587
vt 0.1904762 0.7301587
vt 0.2063492 0.7301587
vt 0.2222222 0.7301587
vt 0.2380953 0.7301587
vt 0.2539683 0.7301587
vt 0.2698413 0.7301587
vt 0.2857143 0.7301587
vt 0.3015873 0.7301587
vt 0.3174603 0.7301587
vt 0.3333333 0.7301587
vt 0.3492064 0.7301587
vt 0.3650794 0.7301587
vt 0.3809524 0.7301587
vt 0.3968254 0.7301587
vt 0.4126984 0.7301587
vt 0.4285715 0.7301587
vt 0.4444445 0.7301587
vt 0.4603175 0.7301587
vt 0.4761905 0.7301587
vt 0.4920635 0.7301587
vt 0.5079365 0.7301587
vt 0.5238096 0.7301587
vt 0.5396826 0.7301587
vt 0.5555556 0.7301587
vt 0.5714286 0.7301587
vt 0.5873016 0.7301587
vt 0.6031746 0.7301587
vt 0.6190476 0.7301587
vt 0.6349207 0.7301587
vt 0.6507937 0.7301587
vt 0.6666667 0.7301587
vt 0.6825397 0.7301587
vt 0.6984127 0.7301587
vt 0.7142857 0.7301587
vt 0.7301587 0.7301587
vt 0.7460318 0.7301587
vt 0.7619048 0.7301587
vt 0.7777779 0.7301587
vt 0.7936509 0.7301587
vt 0.8095239 0.7301587
vt 0.8253969 0.7301587
vt 0.8412699 0.7301587
vt 0.8571429 0.7301587
vt 0.8730159 0.7301587
vt 0.888889 0.7301587
vt 0.904762 0.7301587
vt 0.920635 0.7301587
vt 0.936508 0.7301587
vt 0.952381 0.7301587
vt 0.968254 0.7301587
vt 0.984127 0.7301587
vt 1 0.7301587
vt 0 0.7460318
vt 0.01587302 0.7460318
vt 0.03174603 0.7460318
vt 0.04761905 0.7460318
vt 0.06349207 0.7460318
vt 0.07936508 0.7460318
vt 0.0952381 0.7460318
vt 0.1111111 0.7460318
vt 0.1269841 0.7460318
vt 0.1428571 0.7460318
vt 0.1587302 0.7460318
vt 0.1746032 0.7460318
vt 0.1904762 0.7460318
vt 0.2063492 0.7460318
vt 0.2222222 0.7460318
vt 0.2380953 0.7460318
vt 0.2539683 0.7460318
vt 0.2698413 0.7460318
vt 0.2857143 0.7460318
vt 0.3015873 0.7460318
vt 0.3174603 0.7460318
vt 0.3333333 0.7460318
vt 0.3492064 0.7460318
vt 0.3650794 0.7460318
vt 0.3809524 0.7460318
vt 0.3968254 0.7460318
vt 0.4126984 0.7460318
vt 0.4285715 0.7460318
vt 0.4444445 0.7460318
vt 0.4603175 0.7460318
vt 0.4761905 0.7460318
vt 0.4920635 0.7460318
vt 0.5079365 0.7460318
vt 0.5238096 0.7460318
vt 0.5396826 0.7460318
vt 0.5555556 0.7460318
vt 0.5714286 0.7460318
vt 0.5873016 0.7460318
vt 0.6031746 0.7460318
vt 0.6190476 0.7460318
vt 0.6349207 0.7460318
vt 0.6507937 0.7460318
vt 0.6666667 0.7460318
vt 0.6825397 0.7460318
vt 0.6984127 0.7460318
vt 0.7142857 0.7460318
vt 0.7301587 0.7460318
vt 0.7460318 0.7460318
vt 0.7619048 0.7460318
vt 0.7777779 0.7460318
vt 0.7936509 0.7460318
vt 0.8095239 0.7460318
vt 0.8253969 0.7460318
vt 0.8412699 0.7460318
vt 0.8571429 0.7460318
vt 0.8730159 0.7460318
vt 0.888889 0.7460318
vt 0.904762 0.7460318
vt 0.920635 0.7460318
vt 0.936508 0.7460318
vt 0.952381 0.7460318
vt 0.968254 0.7460318
vt 0.984127 0.7460318
vt 1 0.7460318
vt 0 0.7619048
vt 0.01587302 0.7619048
vt 0.03174603 0.7619048
vt 0.04761905 0.7619048
vt 0.06349207 0.7619048
vt 0.07936508 0.7619048
vt 0.0952381 0.7619048
vt 0.1111111 0.7619048
vt 0.1269841 0.7619048
vt 0.1428571 0.7619048
vt 0.1587302 0.7619048
vt 0.1746032 0.7619048
vt 0.1904762 0.7619048
vt 0.2063492 0.7619048
vt 0.2222222 0.7619048
vt 0.2380953 0.7619048
vt 0.2539683 0.7619048
vt 0.2698413 0.7619048
vt 0.2857143 0.7619048
vt 0.3015873 0.7619048
vt 0.3174603 0.7619048
vt 0.3333333 0.7619048
vt 0.3492064 0.7619048
vt 0.3650794 0.7619048
vt 0.3809524 0.7619048
vt 0.3968254 0.7619048
vt 0.4126984 0.7619048
vt 0.4285715 0.7619048
vt 0.4444445 0.7619048
vt 0.4603175 0.7619048
vt 0.4761905 0.7619048
vt 0.4920635 0.7619048
vt 0.5079365 0.7619048
vt 0.5238096 0.7619048
vt 0.5396826 0.7619048
vt 0.5555556 0.7619048
vt 0.5714286 0.7619048
vt 0.5873016 0.7619048
vt 0.6031746 0.7619048
vt 0.6190476 0.7619048
vt 0.6349207 0.7619048
vt 0.6507937 0.7619048
vt 0.6666667 0.7619048
vt 0.6825397 0.7619048
vt 0.6984127 0.7619048
vt 0.7142857 0.7619048
vt 0.7301587 0.7619048
vt 0.7460318 0.7619048
vt 0.7619048 0.7619048
vt 0.7777779 0.7619048
vt 0.7936509 0.7619048
vt 0.8095239 0.7619048
vt 0.8253969 0.7619048
vt 0.8412699 0.7619048
vt 0.8571429 0.7619048
vt 0.8730159 0.7619048
vt 0.888889 0.7619048
vt 0.904762 0.7619048
vt 0.920635 0.7619048
vt 0.936508 0.7619048
vt 0.952381 0.7619048
vt 0.968254 0.7619048
vt 0.984127 0.7619048
vt 1 0.7619048
vt 0 0.7777779
vt 0.01587302 0.7777779
vt 0.03174603 0.7777779
vt 0.04761905 0.7777779
vt 0.06349207 0.7777779
vt 0.07936508 0.7777779
vt 0.0952381 0.7777779
vt 0.1111111 0.7777779
vt 0.1269841 0.7777779
vt 0.1428571 0.7777779
vt 0.1587302 0.7777779
vt 0.1746032 0.7777779
vt 0.1904762 0.7777779
vt 0.2063492 0.7777779
vt 0.2222222 0.7777779
vt 0.2380953 0.7777779
vt 0.2539683 0.7777779
vt 0.2698413 0.7777779
vt 0.2857143 0.7777779
vt 0.3015873 0.7777779
vt 0.3174603 0.7777779
vt 0.3333333 0.7777779
vt 0.3492064 0.7777779
vt 0.3650794 0.7777779
vt 0.3809524 0.7777779
vt 0.3968254 0.7777779
vt 0.4126984 0.7777779
vt 0.4285715 0.7777779
vt 0.4444445 0.7777779
vt 0.4603175 0.7777779
vt 0.4761905 0.7777779
vt 0.4920635 0.7777779
vt 0.5079365 0.7777779
vt 0.5238096 0.7777779
vt 0.5396826 0.7777779
vt 0.5555556 0.7777779
vt 0.5714286 0.7777779
vt 0.5873016 0.7777779
vt 0.6031746 0.7777779
vt 0.6190476 0.7777779
vt 0.6349207 0.7777779
vt 0.6507937 0.7777779
vt 0.6666667 0.7777779
vt 0.6825397 0.7777779
vt 0.6984127 0.7777779
vt 0.7142857 0.7777779
vt 0.7301587 0.7777779
vt 0.7460318 0.7777779
vt 0.7619048 0.7777779
vt 0.7777779 0.7777779
vt 0.7936509 0.7777779
vt 0.8095239 0.7777779
vt 0.8253969 0.7777779
vt 0.8412699 0.7777779
vt 0.8571429 0.7777779
vt 0.8730159 0.7777779
vt 0.888889 0.7777779
vt 0.904762 0.7777779
vt 0.920635 0.7777779
vt 0.936508 0.7777779
vt 0.952381 0.7777779
vt 0.968254 0.7777779
vt 0.984127 0.7777779
vt 1 0.7777779
vt 0 0.7936509
vt 0.01587302 0.7936509
vt 0.03174603 0.7936509
vt 0.04761905 0.7936509
vt 0.06349207 0.7936509
vt 0.07936508 0.7936509
vt 0.0952381 0.7936509
vt 0.1111111 0.7936509
vt 0.1269841 0.7936509
vt 0.1428571 0.7936509
vt 0.1587302 0.7936509
vt 0.1746032 0.7936509
vt 0.1904762 0.7936509
vt 0.2063492 0.7936509
vt 0.2222222 0.7936509
vt 0.2380953 0.7936509
vt 0.2539683 0.7936509
vt 0.2698413 0.7936509
vt 0.2857143 0.7936509
vt 0.3015873 0.7936509
vt 0.3174603 0.7936509
vt 0.3333333 0.7936509
vt 0.3492064 0.7936509
vt 0.3650794 0.7936509
vt 0.3809524 0.7936509
vt 0.3968254 0.7936509
vt 0.4126984 0.7936509
vt 0.4285715 0.7936509
vt 0.4444445 0.7936509
vt 0.4603175 0.7936509
vt 0.4761905 0.7936509
vt 0.4920635 0.7936509
vt 0.5079365 0.7936509
vt 0.5238096 0.7936509
vt 0.5396826 0.7936509
vt 0.5555556 0.7936509
vt 0.5714286 0.7936509
vt 0.5873016 0.7936509
vt 0.6031746 0.7936509
vt 0.6190476 0.7936509
vt 0.6349207 0.7936509
vt 0.6507937 0.7936509
vt 0.6666667 0.7936509
vt 0.6825397 0.7936509
vt 0.6984127 0.7936509
vt 0.7142857 0.7936509
vt 0.7301587 0.7936509
vt 0.7460318 0.7936509
vt 0.7619048 0.7936509
vt 0.7777779 0.7936509
vt 0.7936509 0.7936509
vt 0.8095239 0.7936509
vt 0.8253969 0.7936509
vt 0.8412699 0.7936509
vt 0.8571429 0.7936509
vt 0.8730159 0.7936509
vt 0.888889 0.7936509
vt 0.904762 0.7936509
vt 0.920635 0.7936509
vt 0.936508 0.7936509
vt 0.952381 0.7936509
vt 0.968254 0.7936509
vt 0.984127 0.7936509
vt 1 0.7936509
vt 0 0.8095239
vt 0.01587302 0.8095239
vt 0.03174603 0.8095239
vt 0.04761905 0.8095239
vt 0.06349207 0.8095239
vt 0.07936508 0.8095239
vt 0.0952381 0.8095239
vt 0.1111111 0.8095239
vt 0.1269841 0.8095239
vt 0.1428571 0.8095239
vt 0.1587302 0.8095239
vt 0.1746032 0.8095239
vt 0.1904762 0.8095239
vt 0.2063492 0.8095239
vt 0.2222222 0.8095239
vt 0.2380953 0.8095239
vt 0.2539683 0.8095239
vt 0.2698413 0.8095239
vt 0.2857143 0.8095239
vt 0.3015873 0.8095239
vt 0.3174603 0.8095239
vt 0.3333333 0.8095239
vt 0.3492064 0.8095239
vt 0.3650794 0.8095239
vt 0.3809524 0.8095239
vt 0.3968254 0.8095239
vt 0.4126984 0.8095239
vt 0.4285715 0.8095239
vt 0.4444445 0.8095239
vt 0.4603175 0.8095239
vt 0.4761905 0.8095239
vt 0.4920635 0.8095239
vt 0.5079365 0.8095239
vt 0.5238096 0.8095239
vt 0.5396826 0.8095239
vt 0.5555556 0.8095239
vt 0.5714286 0.8095239
vt 0.5873016 0.8095239
vt 0.6031746 0.8095239
vt 0.6190476 0.8095239
vt 0.6349207 0.8095239
vt 0.6507937 0.8095239
vt 0.6666667 0.8095239
vt 0.6825397 0.8095239
vt 0.6984127 0.8095239
vt 0.7142857 0.8095239
vt 0.7301587 0.8095239
vt 0.7460318 0.8095239
vt 0.7619048 0.8095239
vt 0.7777779 0.8095239
vt 0.7936509 0.8095239
vt 0.8095239 0.8095239
vt 0.8253969 0.8095239
vt 0.8412699 0.8095239
vt 0.8571429 0.8095239
vt 0.8730159 0.8095239
vt 0.888889 0.8095239
vt 0.904762 0.8095239
vt 0.920635 0.8095239
vt 0.936508 0.8095239
vt 0.952381 0.8095239
vt 0.968254 0.8095239
vt 0.984127 0.8095239
vt 1 0.8095239
vt 0 0.8253969
vt 0.01587302 0.8253969
vt 0.03174603 0.8253969
vt 0.04761905 0.8253969
vt 0.06349207 0.8253969
vt 0.07936508 0.8253969
vt 0.0952381 0.8253969
vt 0.1111111 0.8253969
vt 0.1269841 0.8253969
vt 0.1428571 0.8253969
vt 0.1587302 0.8253969
vt 0.1746032 0.8253969
vt 0.1904762 0.8253969
vt 0.2063492 0.8253969
vt 0.2222222 0.8253969
vt 0.2380953 0.8253969
vt 0.2539683 0.8253969
vt 0.2698413 0.8253969
vt 0.2857143 0.8253969
vt 0.3015873 0.8253969
vt 0.3174603 0.8253969
vt 0.3333333 0.8253969
vt 0.3492064 0.8253969
vt 0.3650794 0.8253969
vt 0.3809524 0.8253969
vt 0.3968254 0.8253969
vt 0.4126984 0.8253969
vt 0.4285715 0.8253969
vt 0.4444445 0.8253969
vt 0.4603175 0.8253969
vt 0.4761905 0.8253969
vt 0.4920635 0.8253969
vt 0.5079365 0.8253969
vt 0.5238096 0.8253969
vt 0.5396826 0.8253969
vt 0.5555556 0.8253969
vt 0.5714286 0.8253969
vt 0.5873016 0.8253969
vt 0.6031746 0.8253969
vt 0.6190476 0.8253969
vt 0.6349207 0.8253969
vt 0.6507937 0.8253969
vt 0.6666667 0.8253969
vt 0.6825397 0.8253969
vt 0.6984127 0.8253969
vt 0.7142857 0.8253969
vt 0.7301587 0.8253969
vt 0.7460318 0.8253969
vt 0.7619048 0.8253969
vt 0.7777779 0.8253969
vt 0.7936509 0.8253969
vt 0.8095239 0.8253969
vt 0.8253969 0.8253969
vt 0.8412699 0.8253969
vt 0.8571429 0.8253969
vt 0.8730159 0.8253969
vt 0.888889 0.8253969
vt 0.904762 0.8253969
vt 0.920635 0.8253969
vt 0.936508 0.8253969
vt 0.952381 0.8253969
vt 0.968254 0.8253969
vt 0.984127 0.8253969
vt 1 0.8253969
vt 0 0.8412699
vt 0.01587302 0.8412699
vt 0.03174603 0.8412699
vt 0.04761905 0.8412699
vt 0.06349207 0.8412699
vt 0.07936508 0.8412699
vt 0.0952381 0.8412699
vt 0.1111111 0.8412699
vt 0.1269841 0.8412699
vt 0.1428571 0.8412699
vt 0.1587302 0.8412699
vt 0.1746032 0.8412699
vt 0.1904762 0.8412699
vt 0.2063492 0.8412699
vt 0.2222222 0.8412699
vt 0.2380953 0.8412699
vt 0.2539683 0.8412699
vt 0.2698413 0.8412699
vt 0.2857143 0.8412699
vt 0.3015873 0.8412699
vt 0.3174603 0.8412699
vt 0.3333333 0.8412699
vt 0.3492064 0.8412699
vt 0.3650794 0.8412699
vt 0.3809524 0.8412699
vt 0.3968254 0.8412699
vt 0.4126984 0.8412699
vt 0.4285715 0.8412699
vt 0.4444445 0.8412699
vt 0.4603175 0.8412699
vt 0.4761905 0.8412699
vt 0.4920635 0.8412699
vt 0.5079365 0.8412699
vt 0.5238096 0.8412699
vt 0.5396826 0.8412699
vt 0.5555556 0.8412699
vt 0.5714286 0.8412699
vt 0.5873016 0.8412699
vt 0.6031746 0.8412699
vt 0.6190476 0.8412699
vt 0.6349207 0.8412699
vt 0.6507937 0.8412699
vt 0.6666667 0.8412699
vt 0.6825397 0.8412699
vt 0.6984127 0.8412699
vt 0.7142857 0.8412699
vt 0.7301587 0.8412699
vt 0.7460318 0.8412699
vt 0.7619048 0.8412699
vt 0.7777779 0.8412699
vt 0.7936509 0.8412699
vt 0.8095239 0.8412699
vt 0.8253969 0.8412699
vt 0.8412699 0.8412699
vt 0.8571429 0.8412699
vt 0.8730159 0.8412699
vt 0.888889 0.8412699
vt 0.904762 0.8412699
vt 0.920635 0.8412699
vt 0.936508 0.8412699
vt 0.952381 0.8412699
vt 0.968254 0.8412699
vt 0.984127 0.8412699
vt 1 0.8412699
vt 0 0.8571429
vt 0.01587302 0.8571429
vt 0.03174603 0.8571429
vt 0.04761905 0.8571429
vt 0.06349207 0.8571429
vt 0.07936508 0.8571429
vt 0.0952381 0.8571429
vt 0.1111111 0.8571429
vt 0.1269841 0.8571429
vt 0.1428571 0.8571429
vt 0.1587302 0.8571429
vt 0.1746032 0.8571429
vt 0.1904762 0.8571429
vt 0.2063492 0.8571429
vt 0.2222222 0.8571429
vt 0.2380953 0.8571429
vt 0.2539683 0.8571429
vt 0.2698413 0.8571429
vt 0.2857143 0.8571429
vt 0.3015873 0.8571429
vt 0.3174603 0.8571429
vt 0.3333333 0.8571429
vt 0.3492064 0.8571429
vt 0.3650794 0.8571429
vt 0.3809524 0.8571429
vt 0.3968254 0.8571429
vt 0.4126984 0.8571429
vt 0.4285715 0.8571429
vt 0.4444445 0.8571429
vt 0.4603175 0.8571429
vt 0.4761905 0.8571429
vt 0.4920635 0.8571429
vt 0.5079365 0.8571429
vt 0.5238096 0.8571429
vt 0.5396826 0.8571429
vt 0.5555556 0.8571429
vt 0.5714286 0.8571429
vt 0.5873016 0.8571429
vt 0.6031746 0.8571429
vt 0.6190476 0.8571429
vt 0.6349207 0.8571429
vt 0.6507937 0.8571429
vt 0.6666667 0.8571429
vt 0.6825397 0.8571429
vt 0.6984127 0.8571429
vt 0.7142857 0.8571429
vt 0.7301587 0.8571429
vt 0.7460318 0.8571429
vt 0.7619048 0.8571429
vt 0.7777779 0.8571429
vt 0.7936509 0.8571429
vt 0.8095239 0.8571429
vt 0.8253969 0.8571429
vt 0.8412699 0.8571429
vt 0.8571429 0.8571429
vt 0.8730159 0.8571429
vt 0.888889 0.8571429
vt 0.904762 0.8571429
vt 0.920635 0.8571429
vt 0.936508 0.8571429
vt 0.952381 0.8571429
vt 0.968254 0.8571429
vt 0.984127 0.8571429
vt 1 0.8571429
vt 0 0.8730159
vt 0.01587302 0.8730159
vt 0.03174603 0.8730159
vt 0.04761905 0.8730159
vt 0.06349207 0.8730159
vt 0.07936508 0.8730159
vt 0.0952381 0.8730159
vt 0.1111111 0.8730159
vt 0.1269841 0.8730159
vt 0.1428571 0.8730159
vt 0.1587302 0.8730159
vt 0.1746032 0.8730159
vt 0.1904762 0.8730159
vt 0.2063492 0.8730159
vt 0.2222222 0.8730159
vt 0.2380953 0.8730159
vt 0.2539683 0.8730159
vt 0.2698413 0.8730159
vt 0.2857143 0.8730159
vt 0.3015873 0.8730159
vt 0.3174603 0.8730159
vt 0.3333333 0.8730159
vt 0.3492064 0.8730159
vt 0.3650794 0.8730159
vt 0.3809524 0.8730159
vt 0.3968254 0.8730159
vt 0.4126984 0.8730159
vt 0.4285715 0.8730159
vt 0.4444445 0.8730159
vt 0.4603175 0.8730159
vt 0.4761905 0.8730159
vt 0.4920635 0.8730159
vt 0.5079365 0.8730159
vt 0.5238096 0.8730159
vt 0.5396826 0.8730159
vt 0.5555556 0.8730159
vt 0.5714286 0.8730159
vt 0.5873016 0.8730159
vt 0.6031746 0.8730159
vt 0.6190476 0.8730159
vt 0.6349207 0.8730159
vt 0.6507937 0.8730159
vt 0.6666667 0.8730159
vt 0.6825397 0.8730159
vt 0.6984127 0.8730159
vt 0.7142857 0.8730159
vt 0.7301587 0.8730159
vt 0.7460318 0.8730159
vt 0.7619048 0.8730159
vt 0.7777779 0.8730159
vt 0.7936509 0.8730159
vt 0.8095239 0.8730159
vt 0.8253969 0.8730159
vt 0.8412699 0.8730159
vt 0.8571429 0.8730159
vt 0.8730159 0.8730159
vt 0.888889 0.8730159
vt 0.904762 0.8730159
vt 0.920635 0.8730159
vt 0.936508 0.8730159
vt 0.952381 0.8730159
vt 0.968254 0.8730159
vt 0.984127 0.8730159
vt 1 0.8730159
vt 0 0.888889
vt 0.01587302 0.888889
vt 0.03174603 0.888889
vt 0.04761905 0.888889
vt 0.06349207 0.888889
vt 0.07936508 0.888889
vt 0.0952381 0.888889
vt 0.1111111 0.888889
vt 0.1269841 0.888889
vt 0.1428571 0.888889
vt 0.1587302 0.888889
vt 0.1746032 0.888889
vt 0.1904762 0.888889
vt 0.2063492 0.888889
vt 0.2222222 0.888889
vt 0.2380953 0.888889
vt 0.2539683 0.888889
vt 0.2698413 0.888889
vt 0.2857143 0.888889
vt 0.3015873 0.888889
vt 0.3174603 0.888889
vt 0.3333333 0.888889
vt 0.3492064 0.888889
vt 0.3650794 0.888889
vt 0.3809524 0.888889
vt 0.3968254 0.888889
vt 0.4126984 0.888889
vt 0.4285715 0.888889
vt 0.4444445 0.888889
vt 0.4603175 0.888889
vt 0.4761905 0.888889
vt 0.4920635 0.888889
vt 0.5079365 0.888889
vt 0.5238096 0.888889
vt 0.5396826 0.888889
vt 0.5555556 0.888889
vt 0.5714286 0.888889
vt 0.5873016 0.888889
vt 0.6031746 0.888889
vt 0.6190476 0.888889
vt 0.6349207 0.888889
vt 0.6507937 0.888889
vt 0.6666667 0.888889
vt 0.6825397 0.888889
vt 0.6984127 0.888889
vt 0.7142857 0.888889
vt 0.7301587 0.888889
vt 0.7460318 0.888889
vt 0.7619048 0.888889
vt 0.7777779 0.888889
vt 0.7936509 0.888889
vt 0.8095239 0.888889
vt 0.8253969 0.888889
vt 0.8412699 0.888889
vt 0.8571429 0.888889
vt 0.8730159 0.888889
vt 0.888889 0.888889
vt 0.904762 0.888889
vt 0.920635 0.888889
vt 0.936508 0.888889
vt 0.952381 0.888889
vt 0.968254 0.888889
vt 0.984127 0.888889
vt 1 0.888889
vt 0 0.904762
vt 0.01587302 0.904762
vt 0.03174603 0.904762
vt 0.04761905 0.904762
vt 0.06349207 0.904762
vt 0.07936508 0.904762
vt 0.0952381 0.904762
vt 0.1111111 0.904762
vt 0.1269841 0.904762
vt 0.1428571 0.904762
vt 0.1587302 0.904762
vt 0.1746032 0.904762
vt 0.1904762 0.904762
vt 0.2063492 0.904762
vt 0.2222222 0.904762
vt 0.2380953 0.904762
vt 0.2539683 0.904762
vt 0.2698413 0.904762
vt 0.2857143 0.904762
vt 0.3015873 0.904762
vt 0.3174603 0.904762
vt 0.3333333 0.904762
vt 0.3492064 0.904762
vt 0.3650794 0.904762
vt 0.3809524 0.904762
vt 0.3968254 0.904762
vt 0.4126984 0.904762
vt 0.4285715 0.904762
vt 0.4444445 0.904762
vt 0.4603175 0.904762
vt 0.4761905 0.904762
vt 0.4920635 0.904762
vt 0.5079365 0.904762
vt 0.5238096 0.904762
vt 0.5396826 0.904762
vt 0.5555556 0.904762
vt 0.5714286 0.904762
vt 0.5873016 0.904762
vt 0.6031746 0.904762
vt 0.6190476 0.904762
vt 0.6349207 0.904762
vt 0.6507937 0.904762
vt 0.6666667 0.904762
vt 0.6825397 0.904762
vt 0.6984127 0.904762
vt 0.7142857 0.904762
vt 0.7301587 0.904762
vt 0.7460318 0.904762
vt 0.7619048 0.904762
vt 0.7777779 0.904762
vt 0.7936509 0.904762
vt 0.8095239 0.904762
vt 0.8253969 0.904762
vt 0.8412699 0.904762
vt 0.8571429 0.904762
vt 0.8730159 0.904762
vt 0.888889 0.904762
vt 0.904762 0.904762
vt 0.920635 0.904762
vt 0.936508 0.904762
vt 0.952381 0.904762
vt 0.968254 0.904762
vt 0.984127 0.904762
vt 1 0.904762
vt 0 0.920635
vt 0.01587302 0.920635
vt 0.03174603 0.920635
vt 0.04761905 0.920635
vt 0.06349207 0.920635
vt 0.07936508 0.920635
vt 0.0952381 0.920635
vt 0.1111111 0.920635
vt 0.1269841 0.920635
vt 0.1428571 0.920635
vt 0.1587302 0.920635
vt 0.1746032 0.920635
vt 0.1904762 0.920635
vt 0.2063492 0.920635
vt 0.2222222 0.920635
vt 0.2380953 0.920635
vt 0.2539683 0.920635
vt 0.2698413 0.920635
vt 0.2857143 0.920635
vt 0.3015873 0.920635
vt 0.3174603 0.920635
vt 0.3333333 0.920635
vt 0.3492064 0.920635
vt 0.3650794 0.920635
vt 0.3809524 0.920635
vt 0.3968254 0.920635
vt 0.4126984 0.920635
vt 0.4285715 0.920635
vt 0.4444445 0.920635
vt 0.4603175 0.920635
vt 0.4761905 0.920635
vt 0.4920635 0.920635
vt 0.5079365 0.920635
vt 0.5238096 0.920635
vt 0.5396826 0.920635
vt 0.5555556 0.920635
vt 0.5714286 0.920635
vt 0.5873016 0.920635
vt 0.6031746 0.920635
vt 0.6190476 0.920635
vt 0.6349207 0.920635
vt 0.6507937 0.920635
vt 0.6666667 0.920635
vt 0.6825397 0.920635
vt 0.6984127 0.920635
vt 0.7142857 0.920635
vt 0.7301587 0.920635
vt 0.7460318 0.920635
vt 0.7619048 0.920635
vt 0.7777779 0.920635
vt 0.7936509 0.920635
vt 0.8095239 0.920635
vt 0.8253969 0.920635
vt 0.8412699 0.920635
vt 0.8571429 0.920635
vt 0.8730159 0.920635
vt 0.888889 0.920635
vt 0.904762 0.920635
vt 0.920635 0.920635
vt 0.936508 0.920635
vt 0.952381 0.920635
vt 0.968254 0.920635
vt 0.984127 0.920635
vt 1 0.920635
vt 0 0.936508
vt 0.01587302 0.936508
vt 0.03174603 0.936508
vt 0.04761905 0.936508
vt 0.06349207 0.936508
vt 0.07936508 0.936508
vt 0.0952381 0.936508
vt 0.1111111 0.936508
vt 0.1269841 0.936508
vt 0.1428571 0.936508
vt 0.1587302 0.936508
vt 0.1746032 0.936508
vt 0.1904762 0.936508
vt 0.2063492 0.936508
vt 0.2222222 0.936508
vt 0.2380953 0.936508
vt 0.2539683 0.936508
vt 0.2698413 0.936508
vt 0.2857143 0.936508
vt 0.3015873 0.936508
vt 0.3174603 0.936508
vt 0.3333333 0.936508
vt 0.3492064 0.936508
vt 0.3650794 0.936508
vt 0.3809524 0.936508
vt 0.3968254 0.936508
vt 0.4126984 0.936508
vt 0.4285715 0.936508
vt 0.4444445 0.936508
vt 0.4603175 0.936508
vt 0.4761905 0.936508
vt 0.4920635 0.936508
vt 0.5079365 0.936508
vt 0.5238096 0.936508
vt 0.5396826 0.936508
vt 0.5555556 0.936508
vt 0.5714286 0.936508
vt 0.5873016 0.936508
vt 0.6031746 0.936508
vt 0.6190476 0.936508
vt 0.6349207 0.936508
vt 0.6507937 0.936508
vt 0.6666667 0.936508
vt 0.6825397 0.936508
vt 0.6984127 0.936508
vt 0.7142857 0.936508
vt 0.7301587 0.936508
vt 0.7460318 0.936508
vt 0.7619048 0.936508
vt 0.7777779 0.936508
vt 0.7936509 0.936508
vt 0.8095239 0.936508
vt 0.8253969 0.936508
vt 0.8412699 0.936508
vt 0.8571429 0.936508
vt 0.8730159 0.936508
vt 0.888889 0.936508
vt 0.904762 0.936508
vt 0.920635 0.936508
vt 0.936508 0.936508
vt 0.952381 0.936508
vt 0.968254 0.936508
vt 0.984127 0.936508
vt 1 0.936508
vt 0 0.952381
vt 0.01587302 0.952381
vt 0.03174603 0.952381
vt 0.04761905 0.952381
vt 0.06349207 0.952381
vt 0.07936508 0.952381
vt 0.0952381 0.952381
vt 0.1111111 0.952381
vt 0.1269841 0.952381
vt 0.1428571 0.952381
vt 0.1587302 0.952381
vt 0.1746032 0.952381
vt 0.1904762 0.952381
vt 0.2063492 0.952381
vt 0.2222222 0.952381
vt 0.2380953 0.952381
vt 0.2539683 0.952381
vt 0.2698413 0.952381
vt 0.2857143 0.952381
vt 0.3015873 0.952381
vt 0.3174603 0.952381
vt 0.3333333 0.952381
vt 0.3492064 0.952381
vt 0.3650794 0.952381
vt 0.3809524 0.952381
vt 0.3968254 0.952381
vt 0.4126984 0.952381
vt 0.4285715 0.952381
vt 0.4444445 0.952381
vt 0.4603175 0.952381
vt 0.4761905 0.952381
vt 0.4920635 0.952381
vt 0.5079365 0.952381
vt 0.5238096 0.952381
vt 0.5396826 0.952381
vt 0.5555556 0.952381
vt 0.5714286 0.952381
vt 0.5873016 0.952381
vt 0.6031746 0.952381
vt 0.6190476 0.952381
vt 0.6349207 0.952381
vt 0.6507937 0.952381
vt 0.6666667 0.952381
vt 0.6825397 0.952381
vt 0.6984127 0.952381
vt 0.7142857 0.952381
vt 0.7301587 0.952381
vt 0.7460318 0.952381
vt 0.7619048 0.952381
vt 0.7777779 0.952381
vt 0.7936509 0.952381
vt 0.8095239 0.952381
vt 0.8253969 0.952381
vt 0.8412699 0.952381
vt 0.8571429 0.952381
vt 0.8730159 0.952381
vt 0.888889 0.952381
vt 0.904762 0.952381
vt 0.920635 0.952381
vt 0.936508 0.952381
vt 0.952381 0.952381
vt 0.968254 0.952381
vt 0.984127 0.952381
vt 1 0.952381
vt 0 0.968254
vt 0.01587302 0.968254
vt 0.03174603 0.968254
vt 0.04761905 0.968254
vt 0.06349207 0.968254
vt 0.07936508 0.968254
vt 0.0952381 0.968254
vt 0.1111111 0.968254
vt 0.1269841 0.968254
vt 0.1428571 0.968254
vt 0.1587302 0.968254
vt 0.1746032 0.968254
vt 0.1904762 0.968254
vt 0.2063492 0.968254
vt 0.2222222 0.968254
vt 0.2380953 0.968254
vt 0.2539683 0.968254
vt 0.2698413 0.968254
vt 0.2857143 0.968254
vt 0.3015873 0.968254
vt 0.3174603 0.968254
vt 0.3333333 0.968254
vt 0.3492064 0.968254
vt 0.3650794 0.968254
vt 0.3809524 0.968254
vt 0.3968254 0.968254
vt 0.4126984 0.968254
vt 0.4285715 0.968254
vt 0.4444445 0.968254
vt 0.4603175 0.968254
vt 0.4761905 0.968254
vt 0.4920635 0.968254
vt 0.5079365 0.968254
vt 0.5238096 0.968254
vt 0.5396826 0.968254
vt 0.5555556 0.968254
vt 0.5714286 0.968254
vt 0.5873016 0.968254
vt 0.6031746 0.968254
vt 0.6190476 0.968254
vt 0.6349207 0.968254
vt 0.6507937 0.968254
vt 0.6666667 0.968254
vt 0.6825397 0.968254
vt 0.6984127 0.968254
vt 0.7142857 0.968254
vt 0.7301587 0.968254
vt 0.7460318 0.968254
vt 0.7619048 0.968254
vt 0.7777779 0.968254
vt 0.7936509 0.968254
vt 0.8095239 0.968254
vt 0.8253969 0.968254
vt 0.8412699 0.968254
vt 0.8571429 0.968254
vt 0.8730159 0.968254
vt 0.888889 0.968254
vt 0.904762 0.968254
vt 0.920635 0.968254
vt 0.936508 0.968254
vt 0.952381 0.968254
vt 0.968254 0.968254
vt 0.984127 0.968254
vt 1 0.968254
vt 0 0.984127
vt 0.01587302 0.984127
vt 0.03174603 0.984127
vt 0.04761905 0.984127
vt 0.06349207 0.984127
vt 0.07936508 0.984127
vt 0.0952381 0.984127
vt 0.1111111 0.984127
vt 0.1269841 0.984127
vt 0.1428571 0.984127
vt 0.1587302 0.984127
vt 0.1746032 0.984127
vt 0.1904762 0.984127
vt 0.2063492 0.984127
vt 0.2222222 0.984127
vt 0.2380953 0.984127
vt 0.2539683 0.984127
vt 0.2698413 0.984127
vt 0.2857143 0.984127
vt 0.3015873 0.984127
vt 0.3174603 0.984127
vt 0.3333333 0.984127
vt 0.3492064 0.984127
vt 0.3650794 0.984127
vt 0.3809524 0.984127
vt 0.3968254 0.984127
vt 0.4126984 0.984127
vt 0.4285715 0.984127
vt 0.4444445 0.984127
vt 0.4603175 0.984127
vt 0.4761905 0.984127
vt 0.4920635 0.984127
vt 0.5079365 0.984127
vt 0.5238096 0.984127
vt 0.5396826 0.984127
vt 0.5555556 0.984127
vt 0.5714286 0.984127
vt 0.5873016 0.984127
vt 0.6031746 0.984127
vt 0.6190476 0.984127
vt 0.6349207 0.984127
vt 0.6507937 0.984127
vt 0.6666667 0.984127
vt 0.6825397 0.984127
vt 0.6984127 0.984127
vt 0.7142857 0.984127
vt 0.7301587 0.984127
vt 0.7460318 0.984127
vt 0.7619048 0.984127
vt 0.7777779 0.984127
vt 0.7936509 0.984127
vt 0.8095239 0.984127
vt 0.8253969 0.984127
vt 0.8412699 0.984127
vt 0.8571429 0.984127
vt 0.8730159 0.984127
vt 0.888889 0.984127
vt 0.904762 0.984127
vt 0.920635 0.984127
vt 0.936508 0.984127
vt 0.952381 0.984127
vt 0.968254 0.984127
vt 0.984127 0.984127
vt 1 0.984127
vt 0 1
vt 0.01587302 1
vt 0.03174603 1
vt 0.04761905 1
vt 0.06349207 1
vt 0.07936508 1
vt 0.0952381 1
vt 0.1111111 1
vt 0.1269841 1
vt 0.1428571 1
vt 0.1587302 1
vt 0.1746032 1
vt 0.1904762 1
vt 0.2063492 1
vt 0.2222222 1
vt 0.2380953 1
vt 0.2539683 1
vt 0.2698413 1
vt 0.2857143 1
vt 0.3015873 1
vt 0.3174603 1
vt 0.3333333 1
vt 0.3492064 1
vt 0.3650794 1
vt 0.3809524 1
vt 0.3968254 1
vt 0.4126984 1
vt 0.4285715 1
vt 0.4444445 1
vt 0.4603175 1
vt 0.4761905 1
vt 0.4920635 1
vt 0.5079365 1
vt 0.5238096 1
vt 0.5396826 1
vt 0.5555556 1
vt 0.5714286 1
vt 0.5873016 1
vt 0.6031746 1
vt 0.6190476 1
vt 0.6349207 1
vt 0.6507937 1
vt 0.6666667 1
vt 0.6825397 1
vt 0.6984127 1
vt 0.7142857 1
vt 0.7301587 1
vt 0.7460318 1
vt 0.7619048 1
vt 0.7777779 1
vt 0.7936509 1
vt 0.8095239 1
vt 0.8253969 1
vt 0.8412699 1
vt 0.8571429 1
vt 0.8730159 1
vt 0.888889 1
vt 0.904762 1
vt 0.920635 1
vt 0.936508 1
vt 0.952381 1
vt 0.968254 1
vt 0.984127 1
vt 1 1
g Barrel model
f 66/66 65/65 1/1
f 2/2 66/66 1/1
f 67/67 66/66 2/2
f 3/3 67/67 2/2
f 68/68 67/67 3/3
f 4/4 68/68 3/3
f 69/69 68/68 4/4
f 5/5 69/69 4/4
f 70/70 69/69 5/5
f 6/6 70/70 5/5
f 71/71 70/70 6/6
f 7/7 71/71 6/6
f 72/72 71/71 7/7
f 8/8 72/72 7/7
f 73/73 72/72 8/8
f 9/9 73/73 8/8
f 74/74 73/73 9/9
f 10/10 74/74 9/9
f 75/75 74/74 10/10
f 11/11 75/75 10/10
f 76/76 75/75 11/11
f 12/12 76/76 11/11
f 77/77 76/76 12/12
f 13/13 77/77 12/12
f 78/78 77/77 13/13
f 14/14 78/78 13/13
f 79/79 78/78 14/14
f 15/15 79/79 14/14
f 80/80 79/79 15/15
f 16/16 80/80 15/15
f 81/81 80/80 16/16
f 17/17 81/81 16/16
f 82/82 81/81 17/17
f 18/18 82/82 17/17
f 83/83 82/82 18/18
f 19/19 83/83 18/18
f 84/84 83/83 19/19
f 20/20 84/84 19/19
f 85/85 84/84 20/20
f 21/21 85/85 20/20
f 86/86 85/85 21/21
f 22/22 86/86 21/21
f 87/87 86/86 22/22
f 23/23 87/87 22/22
f 88/88 87/87 23/23
f 24/24 88/88 23/23
f 89/89 88/88 24/24
f 25/25 89/89 24/24
f 90/90 89/89 25/25
f 26/26 90/90 25/25
f 91/91 90/90 26/26
f 27/27 91/91 26/26
f 92/92 91/91 27/27
f 28/28 92/92 27/27
f 93/93 92/92 28/28
f 29/29 93/93 28/28
f 94/94 93/93 29/29
f 30/30 94/94 29/29
f 95/95 94/94 30/30
f 31/31 95/95 30/30
f 96/96 95/95 31/31
f 32/32 96/96 31/31
f 97/97 96/96 32/32
f 33/33 97/97 32/32
f 98/98 97/97 33/33
f 34/34 98/98 33/33
f 99/99 98/98 34/34
f 35/35 99/99 34/34
f 100/100 99/99 35/35
f 36/36 100/100 35/35
f 101/101 100/100 36/36
f 37/37 101/101 36/36
f 102/102 101/101 37/37
f 38/38 102/102 37/37
f 103/103 102/102 38/38
f 39/39 103/103 38/38
f 104/104 103/103 39/39
f 40/40 104/104 39/39
f 105/105 104/104 40/40
f 41/41 105/105 40/40
f 106/106 105/105 41/41
f 42/42 106/106 41/41
f 107/107 106/106 42/42
f 43/43 107/107 42/42
f 108/108 107/107 43/43
f 44/44 108/108 43/43
f 109/109 108/108 44/44
f 45/45 109/109 44/44
f 110/110 109/109 45/45
f 46/46 110/110 45/45
f 111/111 110/110 46/46
f 47/47 111/111 46/46
f 112/112 111/111 47/47
f 48/48 112/112 47/47
f 113/113 112/112 48/48
f 49/49 113/113 48/48
f 114/114 113/113 49/49
f 50/50 114/114 49/49
f 115/115 114/114 50/50
f 51/51 115/115 50/50
f 116/116 115/115 51/51
f 52/52 116/116 51/51
f 117/117 116/116 52/52
f 53/53 117/117 52/52
f 118/118 117/117 53/53
f 54/54 118/118 53/53
f 119/119 118/118 54/54
f 55/55 119/119 54/54
f 120/120 119/119 55/55
f 56/56 120/120 55/55
f 121/121 120/120 56/56
f 57/57 121/121 56/56
f 122/122 121/121 57/57
f 58/58 122/122 57/57
f 123/123 122/122 58/58
f 59/59 123/123 58/58
f 124/124 123/123 59/59
f 60/60 124/124 59/59
f 125/125 124/124 60/60
f 61/61 125/125 60/60
f 126/126 125/125 61/61
f 62/62 126/126 61/61
f 127/127 126/126 62/62
f 63/63 127/127 62/62
f 128/128 127/127 63/63
f 64/64 128/128 63/63
f 130/130 129/129 65/65
f 66/66 130/130 65/65
f 131/131 130/130 66/66
f 67/67 131/131 66/66
f 132/132 131/131 67/67
f 68/68 132/132 67/67
f 133/133 132/132 68/68
f 69/69 133/133 68/68
f 134/134 133/133 69/69
f 70/70 134/134 69/69
f 135/135 134/134 70/70
f 71/71 135/135 70/70
f 136/136 135/135 71/71
f 72/72 136/136 71/71
f 137/137 136/136 72/72
f 73/73 137/137 72/72
f 138/138 137/137 73/73
f 74/74 138/138 73/73
f 139/139 138/138 74/74
f 75/75 139/139 74/74
f 140/140 139/139 75/75
f 76/76 140/140 75/75
f 141/141 140/140 76/76
f 77/77 141/141 76/76
f 142/142 141/141 77/77
f 78/78 142/142 77/77
f 143/143 142/142 78/78
f 79/79 143/143 78/78
f 144/144 143/143 79/79
f 80/80 144/144 79/79
f 145/145 144/144 80/80
f 81/81 145/145 80/80
f 146/146 145/145 81/81
f 82/82 146/146 81/81
f 147/147 146/146 82/82
f 83/83 147/147 82/82
f 148/148 147/147 83/83
f 84/84 148/148 83/83
f 149/149 148/148 84/84
f 85/85 149/149 84/84
f 150/150 149/149 85/85
f 86/86 150/150 85/85
f 151/151 150/150 86/86
f 87/87 151/151 86/86
f 152/152 151/151 87/87
f 88/88 152/152 87/87
f 153/153 152/152 88/88
f 89/89 153/153 88/88
f 154/154 153/153 89/89
f 90/90 154/154 89/89
f 155/155 154/154 90/90
f 91/91 155/155 90/90
f 156/156 155/155 91/91
f 92/92 156/156 91/91
f 157/157 156/156 92/92
f 93/93 157/157 92/92
f 158/158 157/157 93/93
f 94/94 158/158 93/93
f 159/159 158/158 94/94
f 95/95 159/159 94/94
f 160/160 159/159 95/95
f 96/96 160/160 95/95
f 161/161 160/160 96/96
f 97/97 161/161 96/96
f 162/162 161/161 97/97
f 98/98 162/162 97/97
f 163/163 162/162 98/98
f 99/99 163/163 98/98
f 164/164 163/163 99/99
f 100/100 164/164 99/99
f 165/165 164/164 100/100
f 101/101 165/165 100/100
f 166/166 165/165 101/101
f 102/102 166/166 101/101
f 167/167 166/166 102/102
f 103/103 167/167 102/102
f 168/168 167/167 103/103
f 104/104 168/168 103/103
f 169/169 168/168 104/104
f 105/105 169/169 104/104
f 170/170 169/169 105/105
f 106/106 170/170 105/105
f 171/171 170/170 106/106
f 107/107 171/171 106/106
f 172/172 171/171 107/107
f 108/108 172/172 107/107
f 173/173 172/172 108/108
f 109/109 173/173 108/108
f 174/174 173/173 109/109
f 110/110 174/174 109/109
f 175/175 174/174 110/110
f 111/111 175/175 110/110
f 176/176 175/175 111/111
f 112/112 176/176 111/111
f 177/177 176/176 112/112
f 113/113 177/177 112/112
f 178/178 177/177 113/113
f 114/114 178/178 113/113
f 179/179 178/178 114/114
f 115/115 179/179 114/114
f 180/180 179/179 115/115
f 116/116 180/180 115/115
f 181/181 180/180 116/116
f 117/117 181/181 116/116
f 182/182 181/181 117/117
f 118/118 182/182 117/117
f 183/183 182/182 118/118
f 119/119 183/183 118/118
f 184/184 183/183 119/119
f 120/120 184/184 119/119
f 185/185 184/184 120/120
f 121/121 185/185 120/120
f 186/186 185/185 121/121
f 122/122 186/186 121/121
f 187/187 186/186 122/122
f 123/123 187/187 122/122
f 188/188 187/187 123/123
f 124/124 188/188 123/123
f 189/189 188/188 124/124
f 125/125 189/189 124/124
f 190/190 189/189 125/125
f 126/126 190/190 125/125
f 191/191 190/190 126/126
f 127/127 191/191 126/126
f 192/192 191/191 127/127
f 128/128 192/192 127/127
f 194/194 193/193 129/129
f 130/130 194/194 129/129
f 195/195 194/194 130/130
f 131/131 195/195 130/130
f 196/196 195/195 131/131
f 132/132 196/196 131/131
f 197/197 196/196 132/132
f 133/133 197/197 132/132
f 198/198 197/197 133/133
f 134/134 198/198 133/133
f 199/199 198/198 134/134
f 135/135 199/199 134/134
f 200/200 199/199 135/135
f 136/136 200/200 135/135
f 201/201 200/200 136/136
f 137/137 201/201 136/136
f 202/202 201/201 137/137
f 138/138 202/202 137/137
f 203/203 202/202 138/138
f 139/139 203/203 138/138
f 204/204 203/203 139/139
f 140/140 204/204 139/139
f 205/205 204/204 140/140
f 141/141 205/205 140/140
f 206/206 205/205 141/141
f 142/142 206/206 141/141
f 207/207 206/206 142/142
f 143/143 207/207 142/142
f 208/208 207/207 143/143
f 144/144 208/208 143/143
f 209/209 208/208 144/144
f 145/145 209/209 144/144
f 210/210 209/209 145/145
f 146/146 210/210 145/145
f 211/211 210/210 146/146
f 147/147 211/211 146/146
f 212/212 211/211 147/147
f 148/148 212/212 147/147
f 213/213 212/212 148/148
f 149/149 213/213 148/148
f 214/214 213/213 149/149
f 150/150 214/214 149/149
f 215/215 214/214 150/150
f 151/151 215/215 150/150
f 216/216 215/215 151/151
f 152/152 216/216 151/151
f 217/217 216/216 152/152
f 153/153 217/217 152/152
f 218/218 217/217 153/153
f 154/154 218/218 153/153
f 219/219 218/218 154/154
f 155/155 219/219 154/154
f 220/220 219/219 155/155
f 156/156 220/220 155/155
f 221/221 220/220 156/156
f 157/157 221/221 156/156
f 222/222 221/221 157/157
f 158/158 222/222 157/157
f 223/223 222/222 158/158
f 159/159 223/223 158/158
f 224/224 223/223 159/159
f 160/160 224/224 159/159
f 225/225 224/224 160/160
f 161/161 225/225 160/160
f 226/226 225/225 161/161
f 162/162 226/226 161/161
f 227/227 226/226 162/162
f 163/163 227/227 162/162
f 228/228 227/227 163/163
f 164/164 228/228 163/163
f 229/229 228/228 164/164
f 165/165 229/229 164/164
f 230/230 229/229 165/165
f 166/166 230/230 165/165
f 231/231 230/230 166/166
f 167/167 231/231 166/166
f 232/232 231/231 167/167
f 168/168 232/232 167/167
f 233/233 232/232 168/168
f 169/169 233/233 168/168
f 234/234 233/233 169/169
f 170/170 234/234 169/169
f 235/235 234/234 170/170
f 171/171 235/235 170/170
f 236/236 235/235 171/171
f 172/172 236/236 171/171
f 237/237 236/236 172/172
f 173/173 237/237 172/172
f 238/238 237/237 173/173
f 174/174 238/238 173/173
f 239/239 238/238 174/174
f 175/175 239/239 174/174
f 240/240 239/239 175/175
f 176/176 240/240 175/175
f 241/241 240/240 176/176
f 177/177 241/241 176/176
f 242/242 241/241 177/177
f 178/178 242/242 177/177
f 243/243 242/242 178/178
f 179/179 243/243 178/178
f 244/244 243/243 179/179
f 180/180 244/244 179/179
f 245/245 244/244 180/180
f 181/181 245/245 180/180
f 246/246 245/245 181/181
f 182/182 246/246 181/181
f 247/247 246/246 182/182
f 183/183 247/247 182/182
f 248/248 247/247 183/183
f 184/184 248/248 183/183
f 249/249 248/248 184/184
f 185/185 249/249 184/184
f 250/250 249/249 185/185
f 186/186 250/250 185/185
f 251/251 250/250 186/186
f 187/187 251/251 186/186
f 252/252 251/251 187/187
f 188/188 252/252 187/187
f 253/253 252/252 188/188
f 189/189 253/253 188/188
f 254/254 253/253 189/189
f 190/190 254/254 189/189
f 255/255 254/254 190/190
f 191/191 255/255 190/190
f 256/256 255/255 191/191
f 192/192 256/256 191/191
f 258/258 257/257 193/193
f 194/194 258/258 193/193
f 259/259 258/258 194/194
f 195/195 259/259 194/194
f 260/260 259/259 195/195
f 196/196 260/260 195/195
f 261/261 260/260 196/196
f 197/197 261/261 196/196
f 262/262 261/261 197/197
f 198/198 262/262 197/197
f 263/263 262/262 198/198
f 199/199 263/263 198/198
f 264/264 263/263 199/199
f 200/200 264/264 199/199
f 265/265 264/264 200/200
f 201/201 265/265 200/200
f 266/266 265/265 201/201
f 202/202 266/266 201/201
f 267/267 266/266 202/202
f 203/203 267/267 202/202
f 268/268 267/267 203/203
f 204/204 268/268 203/203
f 269/269 268/268 204/204
f 205/205 269/269 204/204
f 270/270 269/269 205/205
f 206/206 270/270 205/205
f 271/271 270/270 206/206
f 207/207 271/271 206/206
f 272/272 271/271 207/207
f 208/208 272/272 207/207
f 273/273 272/272 208/208
f 209/209 273/273 208/208
f 274/274 273/273 209/209
f 210/210 274/274 209/209
f 275/275 274/274 210/210
f 211/211 275/275 210/210
f 276/276 275/275 211/211
f 212/212 276/276 211/211
f 277/277 276/276 212/212
f 213/213 277/277 212/212
f 278/278 277/277 213/213
f 214/214 278/278 213/213
f 279/279 278/278 214/214
f 215/215 279/279 214/214
f 280/280 279/279 215/215
f 216/216 280/280 215/215
f 281/281 280/280 216/216
f 217/217 281/281 216/216
f 282/282 281/281 217/217
f 218/218 282/282 217/217
f 283/283 282/282 218/218
f 219/219 283/283 218/218
f 284/284 283/283 219/219
f 220/220 284/284 219/219
f 285/285 284/284 220/220
f 221/221 285/285 220/220
f 286/286 285/285 221/221
f 222/222 286/286 221/221
f 287/287 286/286 222/222
f 223/223 287/287 222/222
f 288/288 287/287 223/223
f 224/224 288/288 223/223
f 289/289 288/288 224/224
f 225/225 289/289 224/224
f 290/290 289/289 225/225
f 226/226 290/290 225/225
f 291/291 290/290 226/226
f 227/227 291/291 226/226
f 292/292 291/291 227/227
f 228/228 292/292 227/227
f 293/293 292/292 228/228
f 229/229 293/293 228/228
f 294/294 293/293 229/229
f 230/230 294/294 229/229
f 295/295 294/294 230/230
f 231/231 295/295 230/230
f 296/296 295/295 231/231
f 232/232 296/296 231/231
f 297/297 296/296 232/232
f 233/233 297/297 232/232
f 298/298 297/297 233/233
f 234/234 298/298 233/233
f 299/299 298/298 234/234
f 235/235 299/299 234/234
f 300/300 299/299 235/235
f 236/236 300/300 235/235
f 301/301 300/300 236/236
f 237/237 301/301 236/236
f 302/302 301/301 237/237
f 238/238 302/302 237/237
f 303/303 302/302 238/238
f 239/239 303/303 238/238
f 304/304 303/303 239/239
f 240/240 304/304 239/239
f 305/305 304/304 240/240
f 241/241 305/305 240/240
f 306/306 305/305 241/241
f 242/242 306/306 241/241
f 307/307 306/306 242/242
f 243/243 307/307 242/242
f 308/308 307/307 243/243
f 244/244 308/308 243/243
f 309/309 308/308 244/244
f 245/245 309/309 244/244
f 310/310 309/309 245/245
f 246/246 310/310 245/245
f 311/311 310/310 246/246
f 247/247 311/311 246/246
f 312/312 311/311 247/247
f 248/248 312/312 247/247
f 313/313 312/312 248/248
f 249/249 313/313 248/248
f 314/314 313/313 249/249
f 250/250 314/314 249/249
f 315/315 314/314 250/250
f 251/251 315/315 250/250
f 316/316 315/315 251/251
f 252/252 316/316 251/251
f 317/317 316/316 252/252
f 253/253 317/317 252/252
f 318/318 317/317 253/253
f 254/254 318/318 253/253
f 319/319 318/318 254/254
f 255/255 319/319 254/254
f 320/320 319/319 255/255
f 256/256 320/320 255/255
f 322/322 321/321 257/257
f 258/258 322/322 257/257
f 323/323 322/322 258/258
f 259/259 323/323 258/258
f 324/324 323/323 259/259
f 260/260 324/324 259/259
f 325/325 324/324 260/260
f 261/261 325/325 260/260
f 326/326 325/325 261/261
f 262/262 326/326 261/261
f 327/327 326/326 262/262
f 263/263 327/327 262/262
f 328/328 327/327 263/263
f 264/264 328/328 263/263
f 329/329 328/328 264/264
f 265/265 329/329 264/264
f 330/330 329/329 265/265
f 266/266 330/330 265/265
f 331/331 330/330 266/266
f 267/267 331/331 266/266
f 332/332 331/331 267/267
f 268/268 332/332 267/267
f 333/333 332/332 268/268
f 269/269 333/333 268/268
f 334/334 333/333 269/269
f 270/270 334/334 269/269
f 335/335 334/334 270/270
f 271/271 335/335 270/270
f 336/336 335/335 271/271
f 272/272 336/336 271/271
f 337/337 336/336 272/272
f 273/273 337/337 272/272
f 338/338 337/337 273/273
f 274/274 338/338 273/273
f 339/339 338/338 274/274
f 275/275 339/339 274/274
f 340/340 339/339 275/275
f 276/276 340/340 275/275
f 341/341 340/340 276/276
f 277/277 341/341 276/276
f 342/342 341/341 277/277
f 278/278 342/342 277/277
f 343/343 342/342 278/278
f 279/279 343/343 278/278
f 344/344 343/343 279/279
f 280/280 344/344 279/279
f 345/345 344/344 280/280
f 281/281 345/345 280/280
f 346/346 345/345 281/281
f 282/282 346/346 281/281
f 347/347 346/346 282/282
f 283/283 347/347 282/282
f 348/348 347/347 283/283
f 284/284 348/348 283/283
f 349/349 348/348 284/284
f 285/285 349/349 284/284
f 350/350 349/349 285/285
f 286/286 350/350 285/285
f 351/351 350/350 286/286
f 287/287 351/351 286/286
f 352/352 351/351 287/287
f 288/288 352/352 287/287
f 353/353 352/352 288/288
f 289/289 353/353 288/288
f 354/354 353/353 289/289
f 290/290 354/354 289/289
f 355/355 354/354 290/290
f 291/291 355/355 290/290
f 356/356 355/355 291/291
f 292/292 356/356 291/291
f 357/357 356/356 292/292
f 293/293 357/357 292/292
f 358/358 357/357 293/293
f 294/294 358/358 293/293
f 359/359 358/358 294/294
f 295/295 359/359 294/294
f 360/360 359/359 295/295
f 296/296 360/360 295/295
f 361/361 360/360 296/296
f 297/297 361/361 296/296
f 362/362 361/361 297/297
f 298/298 362/362 297/297
f 363/363 362/362 298/298
f 299/299 363/363 298/298
f 364/364 363/363 299/299
f 300/300 364/364 299/299
f 365/365 364/364 300/300
f 301/301 365/365 300/300
f 366/366 365/365 301/301
f 302/302 366/366 301/301
f 367/367 366/366 302/302
f 303/303 367/367 302/302
f 368/368 367/367 303/303
f 304/304 368/368 303/303
f 369/369 368/368 304/304
f 305/305 369/369 304/304
f 370/370 369/369 305/305
f 306/306 370/370 305/305
f 371/371 370/370 306/306
f 307/307 371/371 306/306
f 372/372 371/371 307/307
f 308/308 372/372 307/307
f 373/373 372/372 308/308
f 309/309 373/373 308/308
f 374/374 373/373 309/309
f 310/310 374/374 309/309
f 375/375 374/374 310/310
f 311/311 375/375 310/310
f 376/376 375/375 311/311
f 312/312 376/376 311/311
f 377/377 376/376 312/312
f 313/313 377/377 312/312
f 378/378 377/377 313/313
f 314/314 378/378 313/313
f 379/379 378/378 314/314
f 315/315 379/379 314/314
f 380/380 379/379 315/315
f 316/316 380/380 315/315
f 381/381 380/380 316/316
f 317/317 381/381 316/316
f 382/382 381/381 317/317
f 318/318 382/382 317/317
f 383/383 382/382 318/318
f 319/319 383/383 318/318
f 384/384 383/383 319/319
f 320/320 384/384 319/319
f 386/386 385/385 321/321
f 322/322 386/386 321/321
f 387/387 386/386 322/322
f 323/323 387/387 322/322
f 388/388 387/387 323/323
f 324/324 388/388 323/323
f 389/389 388/388 324/324
f 325/325 389/389 324/324
f 390/390 389/389 325/325
f 326/326 390/390 325/325
f 391/391 390/390 326/326
f 327/327 391/391 326/326
f 392/392 391/391 327/327
f 328/328 392/392 327/327
f 393/393 392/392 328/328
f 329/329 393/393 328/328
f 394/394 393/393 329/329
f 330/330 394/394 329/329
f 395/395 394/394 330/330
f 331/331 395/395 330/330
f 396/396 395/395 331/331
f 332/332 396/396 331/331
f 397/397 396/396 332/332
f 333/333 397/397 332/332
f 398/398 397/397 333/333
f 334/334 398/398 333/333
f 399/399 398/398 334/334
f 335/335 399/399 334/334
f 400/400 399/399 335/335
f 336/336 400/400 335/335
f 401/401 400/400 336/336
f 337/337 401/401 336/336
f 402/402 401/401 337/337
f 338/338 402/402 337/337
f 403/403 402/402 338/338
f 339/339 403/403 338/338
f 404/404 403/403 339/339
f 340/340 404/404 339/339
f 405/405 404/404 340/340
f 341/341 405/405 340/340
f 406/406 405/405 341/341
f 342/342 406/406 341/341
f 407/407 406/406 342/342
f 343/343 407/407 342/342
f 408/408 407/407 343/343
f 344/344 408/408 343/343
f 409/409 408/408 344/344
f 345/345 409/409 344/344
f 410/410 409/409 345/345
f 346/346 410/410 345/345
f 411/411 410/410 346/346
f 347/347 411/411 346/346
f 412/412 411/411 347/347
f 348/348 412/412 347/347
f 413/413 412/412 348/348
f 349/349 413/413 348/348
f 414/414 413/413 349/349
f 350/350 414/414 349/349
f 415/415 414/414 350/350
f 351/351 415/415 350/350
f 416/416 415/415 351/351
f 352/352 416/416 351/351
f 417/417 416/416 352/352
f 353/353 417/417 352/352
f 418/418 417/417 353/353
f 354/354 418/418 353/353
f 419/419 418/418 354/354
f 355/355 419/419 354/354
f 420/420 419/419 355/355
f 356/356 420/420 355/355
f 421/421 420/420 356/356
f 357/357 421/421 356/356
f 422/422 421/421 357/357
f 358/358 422/422 357/357
f 423/423 422/422 358/358
f 359/359 423/423 358/358
f 424/424 423/423 359/359
f 360/360 424/424 359/359
f 425/425 424/424 360/360
f 361/361 425/425 360/360
f 426/426 425/425 361/361
f 362/362 426/426 361/361
f 427/427 426/426 362/362
f 363/363 427/427 362/362
f 428/428 427/427 363/363
f 364/364 428/428 363/363
f 429/429 428/428 364/364
f 365/365 429/429 364/364
f 430/430 429/429 365/365
f 366/366 430/430 365/365
f 431/431 430/430 366/366
f 367/367 431/431 366/366
f 432/432 431/431 367/367
f 368/368 432/432 367/367
f 433/433 432/432 368/368
f 369/369 433/433 368/368
f 434/434 433/433 369/369
f 370/370 434/434 369/369
f 435/435 434/434 370/370
f 371/371 435/435 370/370
f 436/436 435/435 371/371
f 372/372 436/436 371/371
f 437/437 436/436 372/372
f 373/373 437/437 372/372
f 438/438 437/437 373/373
f 374/374 438/438 373/373
f 439/439 438/438 374/374
f 375/375 439/439 374/374
f 440/440 439/439 375/375
f 376/376 440/440 375/375
f 441/441 440/440 376/376
f 377/377 441/441 376/376
f 442/442 441/441 377/377
f 378/378 442/442 377/377
f 443/443 442/442 378/378
f 379/379 443/443 378/378
f 444/444 443/443 379/379
f 380/380 444/444 379/379
f 445/445 444/444 380/380
f 381/381 445/445 380/380
f 446/446 445/445 381/381
f 382/382 446/446 381/381
f 447/447 446/446 382/382
f 383/383 447/447 382/382
f 448/448 447/447 383/383
f 384/384 448/448 383/383
f 450/450 449/449 385/385
f 386/386 450/450 385/385
f 451/451 450/450 386/386
f 387/387 451/451 386/386
f 452/452 451/451 387/387
f 388/388 452/452 387/387
f 453/453 452/452 388/388
f 389/389 453/453 388/388
f 454/454 453/453 389/389
f 390/390 454/454 389/389
f 455/455 454/454 390/390
f 391/391 455/455 390/390
f 456/456 455/455 391/391
f 392/392 456/456 391/391
f 457/457 456/456 392/392
f 393/393 457/457 392/392
f 458/458 457/457 393/393
f 394/394 458/458 393/393
f 459/459 458/458 394/394
f 395/395 459/459 394/394
f 460/460 459/459 395/395
f 396/396 460/460 395/395
f 461/461 460/460 396/396
f 397/397 461/461 396/396
f 462/462 461/461 397/397
f 398/398 462/462 397/397
f 463/463 462/462 398/398
f 399/399 463/463 398/398
f 464/464 463/463 399/399
f 400/400 464/464 399/399
f 465/465 464/464 400/400
f 401/401 465/465 400/400
f 466/466 465/465 401/401
f 402/402 466/466 401/401
f 467/467 466/466 402/402
f 403/403 467/467 402/402
f 468/468 467/467 403/403
f 404/404 468/468 403/403
f 469/469 468/468 404/404
f 405/405 469/469 404/404
f 470/470 469/469 405/405
f 406/406 470/470 405/405
f 471/471 470/470 406/406
f 407/407 471/471 406/406
f 472/472 471/471 407/407
f 408/408 472/472 407/407
f 473/473 472/472 408/408
f 409/409 473/473 408/408
f 474/474 473/473 409/409
f 410/410 474/474 409/409
f 475/475 474/474 410/410
f 411/411 475/475 410/410
f 476/476 475/475 411/411
f 412/412 476/476 411/411
f 477/477 476/476 412/412
f 413/413 477/477 412/412
f 478/478 477/477 413/413
f 414/414 478/478 413/413
f 479/479 478/478 414/414
f 415/415 479/479 414/414
f 480/480 479/479 415/415
f 416/416 480/480 415/415
f 481/481 480/480 416/416
f 417/417 481/481 416/416
f 482/482 481/481 417/417
f 418/418 482/482 417/417
f 483/483 482/482 418/418
f 419/419 483/483 418/418
f 484/484 483/483 419/419
f 420/420 484/484 419/419
f 485/485 484/484 420/420
f 421/421 485/485 420/420
f 486/486 485/485 421/421
f 422/422 486/486 421/421
f 487/487 486/486 422/422
f 423/423 487/487 422/422
f 488/488 487/487 423/423
f 424/424 488/488 423/423
f 489/489 488/488 424/424
f 425/425 489/489 424/424
f 490/490 489/489 425/425
f 426/426 490/490 425/425
f 491/491 490/490 426/426
f 427/427 491/491 426/426
f 492/492 491/491 427/427
f 428/428 492/492 427/427
f 493/493 492/492 428/428
f 429/429 493/493 428/428
f 494/494 493/493 429/429
f 430/430 494/494 429/429
f 495/495 494/494 430/430
f 431/431 495/495 430/430
f 496/496 495/495 431/431
f 432/432 496/496 431/431
f 497/497 496/496 432/432
f 433/433 497/497 432/432
f 498/498 497/497 433/433
f 434/434 498/498 433/433
f 499/499 498/498 434/434
f 435/435 499/499 434/434
f 500/500 499/499 435/435
f 436/436 500/500 435/435
f 501/501 500/500 436/436
f 437/437 501/501 436/436
f 502/502 501/501 437/437
f 438/438 502/502 437/437
f 503/503 502/502 438/438
f 439/439 503/503 438/438
f 504/504 503/503 439/439
f 440/440 504/504 439/439
f 505/505 504/504 440/440
f 441/441 505/505 440/440
f 506/506 505/505 441/441
f 442/442 506/506 441/441
f 507/507 506/506 442/442
f 443/443 507/507 442/442
f 508/508 507/507 443/443
f 444/444 508/508 443/443
f 509/509 508/508 444/444
f 445/445 509/509 444/444
f 510/510 509/509 445/445
f 446/446 510/510 445/445
f 511/511 510/510 446/446
f 447/447 511/511 446/446
f 512/512 511/511 447/447
f 448/448 512/512 447/447
f 514/514 513/513 449/449
f 450/450 514/514 449/449
f 515/515 514/514 450/450
f 451/451 515/515 450/450
f 516/516 515/515 451/451
f 452/452 516/516 451/451
f 517/517 516/516 452/452
f 453/453 517/517 452/452
f 518/518 517/517 453/453
f 454/454 518/518 453/453
f 519/519 518/518 454/454
f 455/455 519/519 454/454
f 520/520 519/519 455/455
f 456/456 520/520 455/455
f 521/521 520/520 456/456
f 457/457 521/521 456/456
f 522/522 521/521 457/457
f 458/458 522/522 457/457
f 523/523 522/522 458/458
f 459/459 523/523 458/458
f 524/524 523/523 459/459
f 460/460 524/524 459/459
f 525/525 524/524 460/460
f 461/461 525/525 460/460
f 526/526 525/525 461/461
f 462/462 526/526 461/461
f 527/527 526/526 462/462
f 463/463 527/527 462/462
f 528/528 527/527 463/463
f 464/464 528/528 463/463
f 529/529 528/528 464/464
f 465/465 529/529 464/464
f 530/530 529/529 465/465
f 466/466 530/530 465/465
f 531/531 530/530 466/466
f 467/467 531/531 466/466
f 532/532 531/531 467/467
f 468/468 532/532 467/467
f 533/533 532/532 468/468
f 469/469 533/533 468/468
f 534/534 533/533 469/469
f 470/470 534/534 469/469
f 535/535 534/534 470/470
f 471/471 535/535 470/470
f 536/536 535/535 471/471
f 472/472 536/536 471/471
f 537/537 536/536 472/472
f 473/473 537/537 472/472
f 538/538 537/537 473/473
f 474/474 538/538 473/473
f 539/539 538/538 474/474
f 475/475 539/539 474/474
f 540/540 539/539 475/475
f 476/476 540/540 475/475
f 541/541 540/540 476/476
f 477/477 541/541 476/476
f 542/542 541/541 477/477
f 478/478 542/542 477/477
f 543/543 542/542 478/478
f 479/479 543/543 478/478
f 544/544 543/543 479/479
f 480/480 544/544 479/479
f 545/545 544/544 480/480
f 481/481 545/545 480/480
f 546/546 545/545 481/481
f 482/482 546/546 481/481
f 547/547 546/546 482/482
f 483/483 547/547 482/482
f 548/548 547/547 483/483
f 484/484 548/548 483/483
f 549/549 548/548 484/484
f 485/485 549/549 484/484
f 550/550 549/549 485/485
f 486/486 550/550 485/485
f 551/551 550/550 486/486
f 487/487 551/551 486/486
f 552/552 551/551 487/487
f 488/488 552/552 487/487
f 553/553 552/552 488/488
f 489/489 553/553 488/488
f 554/554 553/553 489/489
f 490/490 554/554 489/489
f 555/555 554/554 490/490
f 491/491 555/555 490/490
f 556/556 555/555 491/491
f 492/492 556/556 491/491
f 557/557 556/556 492/492
f 493/493 557/557 492/492
f 558/558 557/557 493/493
f 494/494 558/558 493/493
f 559/559 558/558 494/494
f 495/495 559/559 494/494
f 560/560 559/559 495/495
f 496/496 560/560 495/495
f 561/561 560/560 496/496
f 497/497 561/561 496/496
f 562/562 561/561 497/497
f 498/498 562/562 497/497
f 563/563 562/562 498/498
f 499/499 563/563 498/498
f 564/564 563/563 499/499
f 500/500 564/564 499/499
f 565/565 564/564 500/500
f 501/501 565/565 500/500
f 566/566 565/565 501/501
f 502/502 566/566 501/501
f 567/567 566/566 502/502
f 503/503 567/567 502/502
f 568/568 567/567 503/503
f 504/504 568/568 503/503
f 569/569 568/568 504/504
f 505/505 569/569 504/504
f 570/570 569/569 505/505
f 506/506 570/570 505/505
f 571/571 570/570 506/506
f 507/507 571/571 506/506
f 572/572 571/571 507/507
f 508/508 572/572 507/507
f 573/573 572/572 508/508
f 509/509 573/573 508/508
f 574/574 573/573 509/509
f 510/510 574/574 509/509
f 575/575 574/574 510/510
f 511/511 575/575 510/510
f 576/576 575/575 511/511
f 512/512 576/576 511/511
f 578/578 577/577 513/513
f 514/514 578/578 513/513
f 579/579 578/578 514/514
f 515/515 579/579 514/514
f 580/580 579/579 515/515
f 516/516 580/580 515/515
f 581/581 580/580 516/516
f 517/517 581/581 516/516
f 582/582 581/581 517/517
f 518/518 582/582 517/517
f 583/583 582/582 518/518
f 519/519 583/583 518/518
f 584/584 583/583 519/519
f 520/520 584/584 519/519
f 585/585 584/584 520/520
f 521/521 585/585 520/520
f 586/586 585/585 521/521
f 522/522 586/586 521/521
f 587/587 586/586 522/522
f 523/523 587/587 522/522
f 588/588 587/587 523/523
f 524/524 588/588 523/523
f 589/589 588/588 524/524
f 525/525 589/589 524/524
f 590/590 589/589 525/525
f 526/526 590/590 525/525
f 591/591 590/590 526/526
f 527/527 591/591 526/526
f 592/592 591/591 527/527
f 528/528 592/592 527/527
f 593/593 592/592 528/528
f 529/529 593/593 528/528
f 594/594 593/593 529/529
f 530/530 594/594 529/529
f 595/595 594/594 530/530
f 531/531 595/595 530/530
f 596/596 595/595 531/531
f 532/532 596/596 531/531
f 597/597 596/596 532/532
f 533/533 597/597 532/532
f 598/598 597/597 533/533
f 534/534 598/598 533/533
f 599/599 598/598 534/534
f 535/535 599/599 534/534
f 600/600 599/599 535/535
f 536/536 600/600 535/535
f 601/601 600/600 536/536
f 537/537 601/601 536/536
f 602/602 601/601 537/537
f 538/538 602/602 537/537
f 603/603 602/602 538/538
f 539/539 603/603 538/538
f 604/604 603/603 539/539
f 540/540 604/604 539/539
f 605/605 604/604 540/540
f 541/541 605/605 540/540
f 606/606 605/605 541/541
f 542/542 606/606 541/541
f 607/607 606/606 542/542
f 543/543 607/607 542/542
f 608/608 607/607 543/543
f 544/544 608/608 543/543
f 609/609 608/608 544/544
f 545/545 609/609 544/544
f 610/610 609/609 545/545
f 546/546 610/610 545/545
f 611/611 610/610 546/546
f 547/547 611/611 546/546
f 612/612 611/611 547/547
f 548/548 612/612 547/547
f 613/613 612/612 548/548
f 549/549 613/613 548/548
f 614/614 613/613 549/549
f 550/550 614/614 549/549
f 615/615 614/614 550/550
f 551/551 615/615 550/550
f 616/616 615/615 551/551
f 552/552 616/616 551/551
f 617/617 616/616 552/552
f 553/553 617/617 552/552
f 618/618 617/617 553/553
f 554/554 618/618 553/553
f 619/619 618/618 554/554
f 555/555 619/619 554/554
f 620/620 619/619 555/555
f 556/556 620/620 555/555
f 621/621 620/620 556/556
f 557/557 621/621 556/556
f 622/622 621/621 557/557
f 558/558 622/622 557/557
f 623/623 622/622 558/558
f 559/559 623/623 558/558
f 624/624 623/623 559/559
f 560/560 624/624 559/559
f 625/625 624/624 560/560
f 561/561 625/625 560/560
f 626/626 625/625 561/561
f 562/562 626/626 561/561
f 627/627 626/626 562/562
f 563/563 627/627 562/562
f 628/628 627/627 563/563
f 564/564 628/628 563/563
f 629/629 628/628 564/564
f 565/565 629/629 564/564
f 630/630 629/629 565/565
f 566/566 630/630 565/565
f 631/631 630/630 566/566
f 567/567 631/631 566/566
f 632/632 631/631 567/567
f 568/568 632/632 567/567
f 633/633 632/632 568/568
f 569/569 633/633 568/568
f 634/634 633/633 569/569
f 570/570 634/634 569/569
f 635/635 634/634 570/570
f 571/571 635/635 570/570
f 636/636 635/635 571/571
f 572/572 636/636 571/571
f 637/637 636/636 572/572
f 573/573 637/637 572/572
f 638/638 637/637 573/573
f 574/574 638/638 573/573
f 639/639 638/638 574/574
f 575/575 639/639 574/574
f 640/640 639/639 575/575
f 576/576 640/640 575/575
f 642/642 641/641 577/577
f 578/578 642/642 577/577
f 643/643 642/642 578/578
f 579/579 643/643 578/578
f 644/644 643/643 579/579
f 580/580 644/644 579/579
f 645/645 644/644 580/580
f 581/581 645/645 580/580
f 646/646 645/645 581/581
f 582/582 646/646 581/581
f 647/647 646/646 582/582
f 583/583 647/647 582/582
f 648/648 647/647 583/583
f 584/584 648/648 583/583
f 649/649 648/648 584/584
f 585/585 649/649 584/584
f 650/650 649/649 585/585
f 586/586 650/650 585/585
f 651/651 650/650 586/586
f 587/587 651/651 586/586
f 652/652 651/651 587/587
f 588/588 652/652 587/587
f 653/653 652/652 588/588
f 589/589 653/653 588/588
f 654/654 653/653 589/589
f 590/590 654/654 589/589
f 655/655 654/654 590/590
f 591/591 655/655 590/590
f 656/656 655/655 591/591
f 592/592 656/656 591/591
f 657/657 656/656 592/592
f 593/593 657/657 592/592
f 658/658 657/657 593/593
f 594/594 658/658 593/593
f 659/659 658/658 594/594
f 595/595 659/659 594/594
f 660/660 659/659 595/595
f 596/596 660/660 595/595
f 661/661 660/660 596/596
f 597/597 661/661 596/596
f 662/662 661/661 597/597
f 598/598 662/662 597/597
f 663/663 662/662 598/598
f 599/599 663/663 598/598
f 664/664 663/663 599/599
f 600/600 664/664 599/599
f 665/665 664/664 600/600
f 601/601 665/665 600/600
f 666/666 665/665 601/601
f 602/602 666/666 601/601
f 667/667 666/666 602/602
f 603/603 667/667 602/602
f 668/668 667/667 603/603
f 604/604 668/668 603/603
f 669/669 668/668 604/604
f 605/605 669/669 604/604
f 670/670 669/669 605/605
f 606/606 670/670 605/605
f 671/671 670/670 606/606
f 607/607 671/671 606/606
f 672/672 671/671 607/607
f 608/608 672/672 607/607
f 673/673 672/672 608/608
f 609/609 673/673 608/608
f 674/674 673/673 609/609
f 610/610 674/674 609/609
f 675/675 674/674 610/610
f 611/611 675/675 610/610
f 676/676 675/675 611/611
f 612/612 676/676 611/611
f 677/677 676/676 612/612
f 613/613 677/677 612/612
f 678/678 677/677 613/613
f 614/614 678/678 613/613
f 679/679 678/678 614/614
f 615/615 679/679 614/614
f 680/680 679/679 615/615
f 616/616 680/680 615/615
f 681/681 680/680 616/616
f 617/617 681/681 616/616
f 682/682 681/681 617/617
f 618/618 682/682 617/617
f 683/683 682/682 618/618
f 619/619 683/683 618/618
f 684/684 683/683 619/619
f 620/620 684/684 619/619
f 685/685 684/684 620/620
f 621/621 685/685 620/620
f 686/686 685/685 621/621
f 622/622 686/686 621/621
f 687/687 686/686 622/622
f 623/623 687/687 622/622
f 688/688 687/687 623/623
f 624/624 688/688 623/623
f 689/689 688/688 624/624
f 625/625 689/689 624/624
f 690/690 689/689 625/625
f 626/626 690/690 625/625
f 691/691 690/690 626/626
f 627/627 691/691 626/626
f 692/692 691/691 627/627
f 628/628 692/692 627/627
f 693/693 692/692 628/628
f 629/629 693/693 628/628
f 694/694 693/693 629/629
f 630/630 694/694 629/629
f 695/695 694/694 630/630
f 631/631 695/695 630/630
f 696/696 695/695 631/631
f 632/632 696/696 631/631
f 697/697 696/696 632/632
f 633/633 697/697 632/632
f 698/698 697/697 633/633
f 634/634 698/698 633/633
f 699/699 698/698 634/634
f 635/635 699/699 634/634
f 700/700 699/699 635/635
f 636/636 700/700 635/635
f 701/701 700/700 636/636
f 637/637 701/701 636/636
f 702/702 701/701 637/637
f 638/638 702/702 637/637
f 703/703 702/702 638/638
f 639/639 703/703 638/638
f 704/704 703/703 639/639
f 640/640 704/704 639/639
f 706/706 705/705 641/641
f 642/642 706/706 641/641
f 707/707 706/706 642/642
f 643/643 707/707 642/642
f 708/708 707/707 643/643
f 644/644 708/708 643/643
f 709/709 708/708 644/644
f 645/645 709/709 644/644
f 710/710 709/709 645/645
f 646/646 710/710 645/645
f 711/711 710/710 646/646
f 647/647 711/711 646/646
f 712/712 711/711 647/647
f 648/648 712/712 647/647
f 713/713 712/712 648/648
f 649/649 713/713 648/648
f 714/714 713/713 649/649
f 650/650 714/714 649/649
f 715/715 714/714 650/650
f 651/651 715/715 650/650
f 716/716 715/715 651/651
f 652/652 716/716 651/651
f 717/717 716/716 652/652
f 653/653 717/717 652/652
f 718/718 717/717 653/653
f 654/654 718/718 653/653
f 719/719 718/718 654/654
f 655/655 719/719 654/654
f 720/720 719/719 655/655
f 656/656 720/720 655/655
f 721/721 720/720 656/656
f 657/657 721/721 656/656
f 722/722 721/721 657/657
f 658/658 722/722 657/657
f 723/723 722/722 658/658
f 659/659 723/723 658/658
f 724/724 723/723 659/659
f 660/660 724/724 659/659
f 725/725 724/724 660/660
f 661/661 725/725 660/660
f 726/726 725/725 661/661
f 662/662 726/726 661/661
f 727/727 726/726 662/662
f 663/663 727/727 662/662
f 728/728 727/727 663/663
f 664/664 728/728 663/663
f 729/729 728/728 664/664
f 665/665 729/729 664/664
f 730/730 729/729 665/665
f 666/666 730/730 665/665
f 731/731 730/730 666/666
f 667/667 731/731 666/666
f 732/732 731/731 667/667
f 668/668 732/732 667/667
f 733/733 732/732 668/668
f 669/669 733/733 668/668
f 734/734 733/733 669/669
f 670/670 734/734 669/669
f 735/735 734/734 670/670
f 671/671 735/735 670/670
f 736/736 735/735 671/671
f 672/672 736/736 671/671
f 737/737 736/736 672/672
f 673/673 737/737 672/672
f 738/738 737/737 673/673
f 674/674 738/738 673/673
f 739/739 738/738 674/674
f 675/675 739/739 674/674
f 740/740 739/739 675/675
f 676/676 740/740 675/675
f 741/741 740/740 676/676
f 677/677 741/741 676/676
f 742/742 741/741 677/677
f 678/678 742/742 677/677
f 743/743 742/742 678/678
f 679/679 743/743 678/678
f 744/744 743/743 679/679
f 680/680 744/744 679/679
f 745/745 744/744 680/680
f 681/681 745/745 680/680
f 746/746 745/745 681/681
f 682/682 746/746 681/681
f 747/747 746/746 682/682
f 683/683 747/747 682/682
f 748/748 747/747 683/683
f 684/684 748/748 683/683
f 749/749 748/748 684/684
f 685/685 749/749 684/684
f 750/750 749/749 685/685
f 686/686 750/750 685/685
f 751/751 750/750 686/686
f 687/687 751/751 686/686
f 752/752 751/751 687/687
f 688/688 752/752 687/687
f 753/753 752/752 688/688
f 689/689 753/753 688/688
f 754/754 753/753 689/689
f 690/690 754/754 689/689
f 755/755 754/754 690/690
f 691/691 755/755 690/690
f 756/756 755/755 691/691
f 692/692 756/756 691/691
f 757/757 756/756 692/692
f 693/693 757/757 692/692
f 758/758 757/757 693/693
f 694/694 758/758 693/693
f 759/759 758/758 694/694
f 695/695 759/759 694/694
f 760/760 759/759 695/695
f 696/696 760/760 695/695
f 761/761 760/760 696/696
f 697/697 761/761 696/696
f 762/762 761/761 697/697
f 698/698 762/762 697/697
f 763/763 762/762 698/698
f 699/699 763/763 698/698
f 764/764 763/763 699/699
f 700/700 764/764 699/699
f 765/765 764/764 700/700
f 701/701 765/765 700/700
f 766/766 765/765 701/701
f 702/702 766/766 701/701
f 767/767 766/766 702/702
f 703/703 767/767 702/702
f 768/768 767/767 703/703
f 704/704 768/768 703/703
f 770/770 769/769 705/705
f 706/706 770/770 705/705
f 771/771 770/770 706/706
f 707/707 771/771 706/706
f 772/772 771/771 707/707
f 708/708 772/772 707/707
f 773/773 772/772 708/708
f 709/709 773/773 708/708
f 774/774 773/773 709/709
f 710/710 774/774 709/709
f 775/775 774/774 710/710
f 711/711 775/775 710/710
f 776/776 775/775 711/711
f 712/712 776/776 711/711
f 777/777 776/776 712/712
f 713/713 777/777 712/712
f 778/778 777/777 713/713
f 714/714 778/778 713/713
f 779/779 778/778 714/714
f 715/715 779/779 714/714
f 780/780 779/779 715/715
f 716/716 780/780 715/715
f 781/781 780/780 716/716
f 717/717 781/781 716/716
f 782/782 781/781 717/717
f 718/718 782/782 717/717
f 783/783 782/782 718/718
f 719/719 783/783 718/718
f 784/784 783/783 719/719
f 720/720 784/784 719/719
f 785/785 784/784 720/720
f 721/721 785/785 720/720
f 786/786 785/785 721/721
f 722/722 786/786 721/721
f 787/787 786/786 722/722
f 723/723 787/787 722/722
f 788/788 787/787 723/723
f 724/724 788/788 723/723
f 789/789 788/788 724/724
f 725/725 789/789 724/724
f 790/790 789/789 725/725
f 726/726 790/790 725/725
f 791/791 790/790 726/726
f 727/727 791/791 726/726
f 792/792 791/791 727/727
f 728/728 792/792 727/727
f 793/793 792/792 728/728
f 729/729 793/793 728/728
f 794/794 793/793 729/729
f 730/730 794/794 729/729
f 795/795 794/794 730/730
f 731/731 795/795 730/730
f 796/796 795/795 731/731
f 732/732 796/796 731/731
f 797/797 796/796 732/732
f 733/733 797/797 732/732
f 798/798 797/797 733/733
f 734/734 798/798 733/733
f 799/799 798/798 734/734
f 735/735 799/799 734/734
f 800/800 799/799 735/735
f 736/736 800/800 735/735
f 801/801 800/800 736/736
f 737/737 801/801 736/736
f 802/802 801/801 737/737
f 738/738 802/802 737/737
f 803/803 802/802 738/738
f 739/739 803/803 738/738
f 804/804 803/803 739/739
f 740/740 804/804 739/739
f 805/805 804/804 740/740
f 741/741 805/805 740/740
f 806/806 805/805 741/741
f 742/742 806/806 741/741
f 807/807 806/806 742/742
f 743/743 807/807 742/742
f 808/808 807/807 743/743
f 744/744 808/808 743/743
f 809/809 808/808 744/744
f 745/745 809/809 744/744
f 810/810 809/809 745/745
f 746/746 810/810 745/745
f 811/811 810/810 746/746
f 747/747 811/811 746/746
f 812/812 811/811 747/747
f 748/748 812/812 747/747
f 813/813 812/812 748/748
f 749/749 813/813 748/748
f 814/814 813/813 749/749
f 750/750 814/814 749/749
f 815/815 814/814 750/750
f 751/751 815/815 750/750
f 816/816 815/815 751/751
f 752/752 816/816 751/751
f 817/817 816/816 752/752
f 753/753 817/817 752/752
f 818/818 817/817 753/753
f 754/754 818/818 753/753
f 819/819 818/818 754/754
f 755/755 819/819 754/754
f 820/820 819/819 755/755
f 756/756 820/820 755/755
f 821/821 820/820 756/756
f 757/757 821/821 756/756
f 822/822 821/821 757/757
f 758/758 822/822 757/757
f 823/823 822/822 758/758
f 759/759 823/823 758/758
f 824/824 823/823 759/759
f 760/760 824/824 759/759
f 825/825 824/824 760/760
f 761/761 825/825 760/760
f 826/826 825/825 761/761
f 762/762 826/826 761/761
f 827/827 826/826 762/762
f 763/763 827/827 762/762
f 828/828 827/827 763/763
f 764/764 828/828 763/763
f 829/829 828/828 764/764
f 765/765 829/829 764/764
f 830/830 829/829 765/765
f 766/766 830/830 765/765
f 831/831 830/830 766/766
f 767/767 831/831 766/766
f 832/832 831/831 767/767
f 768/768 832/832 767/767
f 834/834 833/833 769/769
f 770/770 834/834 769/769
f 835/835 834/834 770/770
f 771/771 835/835 770/770
f 836/836 835/835 771/771
f 772/772 836/836 771/771
f 837/837 836/836 772/772
f 773/773 837/837 772/772
f 838/838 837/837 773/773
f 774/774 838/838 773/773
f 839/839 838/838 774/774
f 775/775 839/839 774/774
f 840/840 839/839 775/775
f 776/776 840/840 775/775
f 841/841 840/840 776/776
f 777/777 841/841 776/776
f 842/842 841/841 777/777
f 778/778 842/842 777/777
f 843/843 842/842 778/778
f 779/779 843/843 778/778
f 844/844 843/843 779/779
f 780/780 844/844 779/779
f 845/845 844/844 780/780
f 781/781 845/845 780/780
f 846/846 845/845 781/781
f 782/782 846/846 781/781
f 847/847 846/846 782/782
f 783/783 847/847 782/782
f 848/848 847/847 783/783
f 784/784 848/848 783/783
f 849/849 848/848 784/784
f 785/785 849/849 784/784
f 850/850 849/849 785/785
f 786/786 850/850 785/785
f 851/851 850/850 786/786
f 787/787 851/851 786/786
f 852/852 851/851 787/787
f 788/788 852/852 787/787
f 853/853 852/852 788/788
f 789/789 853/853 788/788
f 854/854 853/853 789/789
f 790/790 854/854 789/789
f 855/855 854/854 790/790
f 791/791 855/855 790/790
f 856/856 855/855 791/791
f 792/792 856/856 791/791
f 857/857 856/856 792/792
f 793/793 857/857 792/792
f 858/858 857/857 793/793
f 794/794 858/858 793/793
f 859/859 858/858 794/794
f 795/795 859/859 794/794
f 860/860 859/859 795/795
f 796/796 860/860 795/795
f 861/861 860/860 796/796
f 797/797 861/861 796/796
f 862/862 861/861 797/797
f 798/798 862/862 797/797
f 863/863 862/862 798/798
f 799/799 863/863 798/798
f 864/864 863/863 799/799
f 800/800 864/864 799/799
f 865/865 864/864 800/800
f 801/801 865/865 800/800
f 866/866 865/865 801/801
f 802/802 866/866 801/801
f 867/867 866/866 802/802
f 803/803 867/867 802/802
f 868/868 867/867 803/803
f 804/804 868/868 803/803
f 869/869 868/868 804/804
f 805/805 869/869 804/804
f 870/870 869/869 805/805
f 806/806 870/870 805/805
f 871/871 870/870 806/806
f 807/807 871/871 806/806
f 872/872 871/871 807/807
f 808/808 872/872 807/807
f 873/873 872/872 808/808
f 809/809 873/873 808/808
f 874/874 873/873 809/809
f 810/810 874/874 809/809
f 875/875 874/874 810/810
f 811/811 875/875 810/810
f 876/876 875/875 811/811
f 812/812 876/876 811/811
f 877/877 876/876 812/812
f 813/813 877/877 812/812
f 878/878 877/877 813/813
f 814/814 878/878 813/813
f 879/879 878/878 814/814
f 815/815 879/879 814/814
f 880/880 879/879 815/815
f 816/816 880/880 815/815
f 881/881 880/880 816/816
f 817/817 881/881 816/816
f 882/882 881/881 817/817
f 818/818 882/882 817/817
f 883/883 882/882 818/818
f 819/819 883/883 818/818
f 884/884 883/883 819/819
f 820/820 884/884 819/819
f 885/885 884/884 820/820
f 821/821 885/885 820/820
f 886/886 885/885 821/821
f 822/822 886/886 821/821
f 887/887 886/886 822/822
f 823/823 887/887 822/822
f 888/888 887/887 823/823
f 824/824 888/888 823/823
f 889/889 888/888 824/824
f 825/825 889/889 824/824
f 890/890 889/889 825/825
f 826/826 890/890 825/825
f 891/891 890/890 826/826
f 827/827 891/891 826/826
f 892/892 891/891 827/827
f 828/828 892/892 827/827
f 893/893 892/892 828/828
f 829/829 893/893 828/828
f 894/894 893/893 829/829
f 830/830 894/894 829/829
f 895/895 894/894 830/830
f 831/831 895/895 830/830
f 896/896 895/895 831/831
f 832/832 896/896 831/831
f 898/898 897/897 833/833
f 834/834 898/898 833/833
f 899/899 898/898 834/834
f 835/835 899/899 834/834
f 900/900 899/899 835/835
f 836/836 900/900 835/835
f 901/901 900/900 836/836
f 837/837 901/901 836/836
f 902/902 901/901 837/837
f 838/838 902/902 837/837
f 903/903 902/902 838/838
f 839/839 903/903 838/838
f 904/904 903/903 839/839
f 840/840 904/904 839/839
f 905/905 904/904 840/840
f 841/841 905/905 840/840
f 906/906 905/905 841/841
f 842/842 906/906 841/841
f 907/907 906/906 842/842
f 843/843 907/907 842/842
f 908/908 907/907 843/843
f 844/844 908/908 843/843
f 909/909 908/908 844/844
f 845/845 909/909 844/844
f 910/910 909/909 845/845
f 846/846 910/910 845/845
f 911/911 910/910 846/846
f 847/847 911/911 846/846
f 912/912 911/911 847/847
f 848/848 912/912 847/847
f 913/913 912/912 848/848
f 849/849 913/913 848/848
f 914/914 913/913 849/849
f 850/850 914/914 849/849
f 915/915 914/914 850/850
f 851/851 915/915 850/850
f 916/916 915/915 851/851
f 852/852 916/916 851/851
f 917/917 916/916 852/852
f 853/853 917/917 852/852
f 918/918 917/917 853/853
f 854/854 918/918 853/853
f 919/919 918/918 854/854
f 855/855 919/919 854/854
f 920/920 919/919 855/855
f 856/856 920/920 855/855
f 921/921 920/920 856/856
f 857/857 921/921 856/856
f 922/922 921/921 857/857
f 858/858 922/922 857/857
f 923/923 922/922 858/858
f 859/859 923/923 858/858
f 924/924 923/923 859/859
f 860/860 924/924 859/859
f 925/925 924/924 860/860
f 861/861 925/925 860/860
f 926/926 925/925 861/861
f 862/862 926/926 861/861
f 927/927 926/926 862/862
f 863/863 927/927 862/862
f 928/928 927/927 863/863
f 864/864 928/928 863/863
f 929/929 928/928 864/864
f 865/865 929/929 864/864
f 930/930 929/929 865/865
f 866/866 930/930 865/865
f 931/931 930/930 866/866
f 867/867 931/931 866/866
f 932/932 931/931 867/867
f 868/868 932/932 867/867
f 933/933 932/932 868/868
f 869/869 933/933 868/868
f 934/934 933/933 869/869
f 870/870 934/934 869/869
f 935/935 934/934 870/870
f 871/871 935/935 870/870
f 936/936 935/935 871/871
f 872/872 936/936 871/871
f 937/937 936/936 872/872
f 873/873 937/937 872/872
f 938/938 937/937 873/873
f 874/874 938/938 873/873
f 939/939 938/938 874/874
f 875/875 939/939 874/874
f 940/940 939/939 875/875
f 876/876 940/940 875/875
f 941/941 940/940 876/876
f 877/877 941/941 876/876
f 942/942 941/941 877/877
f 878/878 942/942 877/877
f 943/943 942/942 878/878
f 879/879 943/943 878/878
f 944/944 943/943 879/879
f 880/880 944/944 879/879
f 945/945 944/944 880/880
f 881/881 945/945 880/880
f 946/946 945/945 881/881
f 882/882 946/946 881/881
f 947/947 946/946 882/882
f 883/883 947/947 882/882
f 948/948 947/947 883/883
f 884/884 948/948 883/883
f 949/949 948/948 884/884
f 885/885 949/949 884/884
f 950/950 949/949 885/885
f 886/886 950/950 885/885
f 951/951 950/950 886/886
f 887/887 951/951 886/886
f 952/952 951/951 887/887
f 888/888 952/952 887/887
f 953/953 952/952 888/888
f 889/889 953/953 888/888
f 954/954 953/953 889/889
f 890/890 954/954 889/889
f 955/955 954/954 890/890
f 891/891 955/955 890/890
f 956/956 955/955 891/891
f 892/892 956/956 891/891
f 957/957 956/956 892/892
f 893/893 957/957 892/892
f 958/958 957/957 893/893
f 894/894 958/958 893/893
f 959/959 958/958 894/894
f 895/895 959/959 894/894
f 960/960 959/959 895/895
f 896/896 960/960 895/895
f 962/962 961/961 897/897
f 898/898 962/962 897/897
f 963/963 962/962 898/898
f 899/899 963/963 898/898
f 964/964 963/963 899/899
f 900/900 964/964 899/899
f 965/965 964/964 900/900
f 901/901 965/965 900/900
f 966/966 965/965 901/901
f 902/902 966/966 901/901
f 967/967 966/966 902/902
f 903/903 967/967 902/902
f 968/968 967/967 903/903
f 904/904 968/968 903/903
f 969/969 968/968 904/904
f 905/905 969/969 904/904
f 970/970 969/969 905/905
f 906/906 970/970 905/905
f 971/971 970/970 906/906
f 907/907 971/971 906/906
f 972/972 971/971 907/907
f 908/908 972/972 907/907
f 973/973 972/972 908/908
f 909/909 973/973 908/908
f 974/974 973/973 909/909
f 910/910 974/974 909/909
f 975/975 974/974 910/910
f 911/911 975/975 910/910
f 976/976 975/975 911/911
f 912/912 976/976 911/911
f 977/977 976/976 912/912
f 913/913 977/977 912/912
f 978/978 977/977 913/913
f 914/914 978/978 913/913
f 979/979 978/978 914/914
f 915/915 979/979 914/914
f 980/980 979/979 915/915
f 916/916 980/980 915/915
f 981/981 980/980 916/916
f 917/917 981/981 916/916
f 982/982 981/981 917/917
f 918/918 982/982 917/917
f 983/983 982/982 918/918
f 919/919 983/983 918/918
f 984/984 983/983 919/919
f 920/920 984/984 919/919
f 985/985 984/984 920/920
f 921/921 985/985 920/920
f 986/986 985/985 921/921
f 922/922 986/986 921/921
f 987/987 986/986 922/922
f 923/923 987/987 922/922
f 988/988 987/987 923/923
f 924/924 988/988 923/923
f 989/989 988/988 924/924
f 925/925 989/989 924/924
f 990/990 989/989 925/925
f 926/926 990/990 925/925
f 991/991 990/990 926/926
f 927/927 991/991 926/926
f 992/992 991/991 927/927
f 928/928 992/992 927/927
f 993/993 992/992 928/928
f 929/929 993/993 928/928
f 994/994 993/993 929/929
f 930/930 994/994 929/929
f 995/995 994/994 930/930
f 931/931 995/995 930/930
f 996/996 995/995 931/931
f 932/932 996/996 931/931
f 997/997 996/996 932/932
f 933/933 997/997 932/932
f 998/998 997/997 933/933
f 934/934 998/998 933/933
f 999/999 998/998 934/934
f 935/935 999/999 934/934
f 1000/1000 999/999 935/935
f 936/936 1000/1000 935/935
f 1001/1001 1000/1000 936/936
f 937/937 1001/1001 936/936
f 1002/1002 1001/1001 937/937
f 938/938 1002/1002 937/937
f 1003/1003 1002/1002 938/938
f 939/939 1003/1003 938/938
f 1004/1004 1003/1003 939/939
f 940/940 1004/1004 939/939
f 1005/1005 1004/1004 940/940
f 941/941 1005/1005 940/940
f 1006/1006 1005/1005 941/941
f 942/942 1006/1006 941/941
f 1007/1007 1006/1006 942/942
f 943/943 1007/1007 942/942
f 1008/1008 1007/1007 943/943
f 944/944 1008/1008 943/943
f 1009/1009 1008/1008 944/944
f 945/945 1009/1009 944/944
f 1010/1010 1009/1009 945/945
f 946/946 1010/1010 945/945
f 1011/1011 1010/1010 946/946
f 947/947 1011/1011 946/946
f 1012/1012 1011/1011 947/947
f 948/948 1012/1012 947/947
f 1013/1013 1012/1012 948/948
f 949/949 1013/1013 948/948
f 1014/1014 1013/1013 949/949
f 950/950 1014/1014 949/949
f 1015/1015 1014/1014 950/950
f 951/951 1015/1015 950/950
f 1016/1016 1015/1015 951/951
f 952/952 1016/1016 951/951
f 1017/1017 1016/1016 952/952
f 953/953 1017/1017 952/952
f 1018/1018 1017/1017 953/953
f 954/954 1018/1018 953/953
f 1019/1019 1018/1018 954/954
f 955/955 1019/1019 954/954
f 1020/1020 1019/1019 955/955
f 956/956 1020/1020 955/955
f 1021/1021 1020/1020 956/956
f 957/957 1021/1021 956/956
f 1022/1022 1021/1021 957/957
f 958/958 1022/1022 957/957
f 1023/1023 1022/1022 958/958
f 959/959 1023/1023 958/958
f 1024/1024 1023/1023 959/959
f 960/960 1024/1024 959/959
f 1026/1026 1025/1025 961/961
f 962/962 1026/1026 961/961
f 1027/1027 1026/1026 962/962
f 963/963 1027/1027 962/962
f 1028/1028 1027/1027 963/963
f 964/964 1028/1028 963/963
f 1029/1029 1028/1028 964/964
f 965/965 1029/1029 964/964
f 1030/1030 1029/1029 965/965
f 966/966 1030/1030 965/965
f 1031/1031 1030/1030 966/966
f 967/967 1031/1031 966/966
f 1032/1032 1031/1031 967/967
f 968/968 1032/1032 967/967
f 1033/1033 1032/1032 968/968
f 969/969 1033/1033 968/968
f 1034/1034 1033/1033 969/969
f 970/970 1034/1034 969/969
f 1035/1035 1034/1034 970/970
f 971/971 1035/1035 970/970
f 1036/1036 1035/1035 971/971
f 972/972 1036/1036 971/971
f 1037/1037 1036/1036 972/972
f 973/973 1037/1037 972/972
f 1038/1038 1037/1037 973/973
f 974/974 1038/1038 973/973
f 1039/1039 1038/1038 974/974
f 975/975 1039/1039 974/974
f 1040/1040 1039/1039 975/975
f 976/976 1040/1040 975/975
f 1041/1041 1040/1040 976/976
f 977/977 1041/1041 976/976
f 1042/1042 1041/1041 977/977
f 978/978 1042/1042 977/977
f 1043/1043 1042/1042 978/978
f 979/979 1043/1043 978/978
f 1044/1044 1043/1043 979/979
f 980/980 1044/1044 979/979
f 1045/1045 1044/1044 980/980
f 981/981 1045/1045 980/980
f 1046/1046 1045/1045 981/981
f 982/982 1046/1046 981/981
f 1047/1047 1046/1046 982/982
f 983/983 1047/1047 982/982
f 1048/1048 1047/1047 983/983
f 984/984 1048/1048 983/983
f 1049/1049 1048/1048 984/984
f 985/985 1049/1049 984/984
f 1050/1050 1049/1049 985/985
f 986/986 1050/1050 985/985
f 1051/1051 1050/1050 986/986
f 987/987 1051/1051 986/986
f 1052/1052 1051/1051 987/987
f 988/988 1052/1052 987/987
f 1053/1053 1052/1052 988/988
f 989/989 1053/1053 988/988
f 1054/1054 1053/1053 989/989
f 990/990 1054/1054 989/989
f 1055/1055 1054/1054 990/990
f 991/991 1055/1055 990/990
f 1056/1056 1055/1055 991/991
f 992/992 1056/1056 991/991
f 1057/1057 1056/1056 992/992
f 993/993 1057/1057 992/992
f 1058/1058 1057/1057 993/993
f 994/994 1058/1058 993/993
f 1059/1059 1058/1058 994/994
f 995/995 1059/1059 994/994
f 1060/1060 1059/1059 995/995
f 996/996 1060/1060 995/995
f 1061/1061 1060/1060 996/996
f 997/997 1061/1061 996/996
f 1062/1062 1061/1061 997/997
f 998/998 1062/1062 997/997
f 1063/1063 1062/1062 998/998
f 999/999 1063/1063 998/998
f 1064/1064 1063/1063 999/999
f 1000/1000 1064/1064 999/999
f 1065/1065 1064/1064 1000/1000
f 1001/1001 1065/1065 1000/1000
f 1066/1066 1065/1065 1001/1001
f 1002/1002 1066/1066 1001/1001
f 1067/1067 1066/1066 1002/1002
f 1003/1003 1067/1067 1002/1002
f 1068/1068 1067/1067 1003/1003
f 1004/1004 1068/1068 1003/1003
f 1069/1069 1068/1068 1004/1004
f 1005/1005 1069/1069 1004/1004
f 1070/1070 1069/1069 1005/1005
f 1006/1006 1070/1070 1005/1005
f 1071/1071 1070/1070 1006/1006
f 1007/1007 1071/1071 1006/1006
f 1072/1072 1071/1071 1007/1007
f 1008/1008 1072/1072 1007/1007
f 1073/1073 1072/1072 1008/1008
f 1009/1009 1073/1073 1008/1008
f 1074/1074 1073/1073 1009/1009
f 1010/1010 1074/1074 1009/1009
f 1075/1075 1074/1074 1010/1010
f 1011/1011 1075/1075 1010/1010
f 1076/1076 1075/1075 1011/1011
f 1012/1012 1076/1076 1011/1011
f 1077/1077 1076/1076 1012/1012
f 1013/1013 1077/1077 1012/1012
f 1078/1078 1077/1077 1013/1013
f 1014/1014 1078/1078 1013/1013
f 1079/1079 1078/1078 1014/1014
f 1015/1015 1079/1079 1014/1014
f 1080/1080 1079/1079 1015/1015
f 1016/1016 1080/1080 1015/1015
f 1081/1081 1080/1080 1016/1016
f 1017/1017 1081/1081 1016/1016
f 1082/1082 1081/1081 1017/1017
f 1018/1018 1082/1082 1017/1017
f 1083/1083 1082/1082 1018/1018
f 1019/1019 1083/1083 1018/1018
f 1084/1084 1083/1083 1019/1019
f 1020/1020 1084/1084 1019/1019
f 1085/1085 1084/1084 1020/1020
f 1021/1021 1085/1085 1020/1020
f 1086/1086 1085/1085 1021/1021
f 1022/1022 1086/1086 1021/1021
f 1087/1087 1086/1086 1022/1022
f 1023/1023 1087/1087 1022/1022
f 1088/1088 1087/1087 1023/1023
f 1024/1024 1088/1088 1023/1023
f 1090/1090 1089/1089 1025/1025
f 1026/1026 1090/1090 1025/1025
f 1091/1091 1090/1090 1026/1026
f 1027/1027 1091/1091 1026/1026
f 1092/1092 1091/1091 1027/1027
f 1028/1028 1092/1092 1027/1027
f 1093/1093 1092/1092 1028/1028
f 1029/1029 1093/1093 1028/1028
f 1094/1094 1093/1093 1029/1029
f 1030/1030 1094/1094 1029/1029
f 1095/1095 1094/1094 1030/1030
f 1031/1031 1095/1095 1030/1030
f 1096/1096 1095/1095 1031/1031
f 1032/1032 1096/1096 1031/1031
f 1097/1097 1096/1096 1032/1032
f 1033/1033 1097/1097 1032/1032
f 1098/1098 1097/1097 1033/1033
f 1034/1034 1098/1098 1033/1033
f 1099/1099 1098/1098 1034/1034
f 1035/1035 1099/1099 1034/1034
f 1100/1100 1099/1099 1035/1035
f 1036/1036 1100/1100 1035/1035
f 1101/1101 1100/1100 1036/1036
f 1037/1037 1101/1101 1036/1036
f 1102/1102 1101/1101 1037/1037
f 1038/1038 1102/1102 1037/1037
f 1103/1103 1102/1102 1038/1038
f 1039/1039 1103/1103 1038/1038
f 1104/1104 1103/1103 1039/1039
f 1040/1040 1104/1104 1039/1039
f 1105/1105 1104/1104 1040/1040
f 1041/1041 1105/1105 1040/1040
f 1106/1106 1105/1105 1041/1041
f 1042/1042 1106/1106 1041/1041
f 1107/1107 1106/1106 1042/1042
f 1043/1043 1107/1107 1042/1042
f 1108/1108 1107/1107 1043/1043
f 1044/1044 1108/1108 1043/1043
f 1109/1109 1108/1108 1044/1044
f 1045/1045 1109/1109 1044/1044
f 1110/1110 1109/1109 1045/1045
f 1046/1046 1110/1110 1045/1045
f 1111/1111 1110/1110 1046/1046
f 1047/1047 1111/1111 1046/1046
f 1112/1112 1111/1111 1047/1047
f 1048/1048 1112/1112 1047/1047
f 1113/1113 1112/1112 1048/1048
f 1049/1049 1113/1113 1048/1048
f 1114/1114 1113/1113 1049/1049
f 1050/1050 1114/1114 1049/1049
f 1115/1115 1114/1114 1050/1050
f 1051/1051 1115/1115 1050/1050
f 1116/1116 1115/1115 1051/1051
f 1052/1052 1116/1116 1051/1051
f 1117/1117 1116/1116 1052/1052
f 1053/1053 1117/1117 1052/1052
f 1118/1118 1117/1117 1053/1053
f 1054/1054 1118/1118 1053/1053
f 1119/1119 1118/1118 1054/1054
f 1055/1055 1119/1119 1054/1054
f 1120/1120 1119/1119 1055/1055
f 1056/1056 1120/1120 1055/1055
f 1121/1121 1120/1120 1056/1056
f 1057/1057 1121/1121 1056/1056
f 1122/1122 1121/1121 1057/1057
f 1058/1058 1122/1122 1057/1057
f 1123/1123 1122/1122 1058/1058
f 1059/1059 1123/1123 1058/1058
f 1124/1124 1123/1123 1059/1059
f 1060/1060 1124/1124 1059/1059
f 1125/1125 1124/1124 1060/1060
f 1061/1061 1125/1125 1060/1060
f 1126/1126 1125/1125 1061/1061
f 1062/1062 1126/1126 1061/1061
f 1127/1127 1126/1126 1062/1062
f 1063/1063 1127/1127 1062/1062
f 1128/1128 1127/1127 1063/1063
f 1064/1064 1128/1128 1063/1063
f 1129/1129 1128/1128 1064/1064
f 1065/1065 1129/1129 1064/1064
f 1130/1130 1129/1129 1065/1065
f 1066/1066 1130/1130 1065/1065
f 1131/1131 1130/1130 1066/1066
f 1067/1067 1131/1131 1066/1066
f 1132/1132 1131/1131 1067/1067
f 1068/1068 1132/1132 1067/1067
f 1133/1133 1132/1132 1068/1068
f 1069/1069 1133/1133 1068/1068
f 1134/1134 1133/1133 1069/1069
f 1070/1070 1134/1134 1069/1069
f 1135/1135 1134/1134 1070/1070
f 1071/1071 1135/1135 1070/1070
f 1136/1136 1135/1135 1071/1071
f 1072/1072 1136/1136 1071/1071
f 1137/1137 1136/1136 1072/1072
f 1073/1073 1137/1137 1072/1072
f 1138/1138 1137/1137 1073/1073
f 1074/1074 1138/1138 1073/1073
f 1139/1139 1138/1138 1074/1074
f 1075/1075 1139/1139 1074/1074
f 1140/1140 1139/1139 1075/1075
f 1076/1076 1140/1140 1075/1075
f 1141/1141 1140/1140 1076/1076
f 1077/1077 1141/1141 1076/1076
f 1142/1142 1141/1141 1077/1077
f 1078/1078 1142/1142 1077/1077
f 1143/1143 1142/1142 1078/1078
f 1079/1079 1143/1143 1078/1078
f 1144/1144 1143/1143 1079/1079
f 1080/1080 1144/1144 1079/1079
f 1145/1145 1144/1144 1080/1080
f 1081/1081 1145/1145 1080/1080
f 1146/1146 1145/1145 1081/1081
f 1082/1082 1146/1146 1081/1081
f 1147/1147 1146/1146 1082/1082
f 1083/1083 1147/1147 1082/1082
f 1148/1148 1147/1147 1083/1083
f 1084/1084 1148/1148 1083/1083
f 1149/1149 1148/1148 1084/1084
f 1085/1085 1149/1149 1084/1084
f 1150/1150 1149/1149 1085/1085
f 1086/1086 1150/1150 1085/1085
f 1151/1151 1150/1150 1086/1086
f 1087/1087 1151/1151 1086/1086
f 1152/1152 1151/1151 1087/1087
f 1088/1088 1152/1152 1087/1087
f 1154/1154 1153/1153 1089/1089
f 1090/1090 1154/1154 1089/1089
f 1155/1155 1154/1154 1090/1090
f 1091/1091 1155/1155 1090/1090
f 1156/1156 1155/1155 1091/1091
f 1092/1092 1156/1156 1091/1091
f 1157/1157 1156/1156 1092/1092
f 1093/1093 1157/1157 1092/1092
f 1158/1158 1157/1157 1093/1093
f 1094/1094 1158/1158 1093/1093
f 1159/1159 1158/1158 1094/1094
f 1095/1095 1159/1159 1094/1094
f 1160/1160 1159/1159 1095/1095
f 1096/1096 1160/1160 1095/1095
f 1161/1161 1160/1160 1096/1096
f 1097/1097 1161/1161 1096/1096
f 1162/1162 1161/1161 1097/1097
f 1098/1098 1162/1162 1097/1097
f 1163/1163 1162/1162 1098/1098
f 1099/1099 1163/1163 1098/1098
f 1164/1164 1163/1163 1099/1099
f 1100/1100 1164/1164 1099/1099
f 1165/1165 1164/1164 1100/1100
f 1101/1101 1165/1165 1100/1100
f 1166/1166 1165/1165 1101/1101
f 1102/1102 1166/1166 1101/1101
f 1167/1167 1166/1166 1102/1102
f 1103/1103 1167/1167 1102/1102
f 1168/1168 1167/1167 1103/1103
f 1104/1104 1168/1168 1103/1103
f 1169/1169 1168/1168 1104/1104
f 1105/1105 1169/1169 1104/1104
f 1170/1170 1169/1169 1105/1105
f 1106/1106 1170/1170 1105/1105
f 1171/1171 1170/1170 1106/1106
f 1107/1107 1171/1171 1106/1106
f 1172/1172 1171/1171 1107/1107
f 1108/1108 1172/1172 1107/1107
f 1173/1173 1172/1172 1108/1108
f 1109/1109 1173/1173 1108/1108
f 1174/1174 1173/1173 1109/1109
f 1110/1110 1174/1174 1109/1109
f 1175/1175 1174/1174 1110/1110
f 1111/1111 1175/1175 1110/1110
f 1176/1176 1175/1175 1111/1111
f 1112/1112 1176/1176 1111/1111
f 1177/1177 1176/1176 1112/1112
f 1113/1113 1177/1177 1112/1112
f 1178/1178 1177/1177 1113/1113
f 1114/1114 1178/1178 1113/1113
f 1179/1179 1178/1178 1114/1114
f 1115/1115 1179/1179 1114/1114
f 1180/1180 1179/1179 1115/1115
f 1116/1116 1180/1180 1115/1115
f 1181/1181 1180/1180 1116/1116
f 1117/1117 1181/1181 1116/1116
f 1182/1182 1181/1181 1117/1117
f 1118/1118 1182/1182 1117/1117
f 1183/1183 1182/1182 1118/1118
f 1119/1119 1183/1183 1118/1118
f 1184/1184 1183/1183 1119/1119
f 1120/1120 1184/1184 1119/1119
f 1185/1185 1184/1184 1120/1120
f 1121/1121 1185/1185 1120/1120
f 1186/1186 1185/1185 1121/1121
f 1122/1122 1186/1186 1121/1121
f 1187/1187 1186/1186 1122/1122
f 1123/1123 1187/1187 1122/1122
f 1188/1188 1187/1187 1123/1123
f 1124/1124 1188/1188 1123/1123
f 1189/1189 1188/1188 1124/1124
f 1125/1125 1189/1189 1124/1124
f 1190/1190 1189/1189 1125/1125
f 1126/1126 1190/1190 1125/1125
f 1191/1191 1190/1190 1126/1126
f 1127/1127 1191/1191 1126/1126
f 1192/1192 1191/1191 1127/1127
f 1128/1128 1192/1192 1127/1127
f 1193/1193 1192/1192 1128/1128
f 1129/1129 1193/1193 1128/1128
f 1194/1194 1193/1193 1129/1129
f 1130/1130 1194/1194 1129/1129
f 1195/1195 1194/1194 1130/1130
f 1131/1131 1195/1195 1130/1130
f 1196/1196 1195/1195 1131/1131
f 1132/1132 1196/1196 1131/1131
f 1197/1197 1196/1196 1132/1132
f 1133/1133 1197/1197 1132/1132
f 1198/1198 1197/1197 1133/1133
f 1134/1134 1198/1198 1133/1133
f 1199/1199 1198/1198 1134/1134
f 1135/1135 1199/1199 1134/1134
f 1200/1200 1199/1199 1135/1135
f 1136/1136 1200/1200 1135/1135
f 1201/1201 1200/1200 1136/1136
f 1137/1137 1201/1201 1136/1136
f 1202/1202 1201/1201 1137/1137
f 1138/1138 1202/1202 1137/1137
f 1203/1203 1202/1202 1138/1138
f 1139/1139 1203/1203 1138/1138
f 1204/1204 1203/1203 1139/1139
f 1140/1140 1204/1204 1139/1139
f 1205/1205 1204/1204 1140/1140
f 1141/1141 1205/1205 1140/1140
f 1206/1206 1205/1205 1141/1141
f 1142/1142 1206/1206 1141/1141
f 1207/1207 1206/1206 1142/1142
f 1143/1143 1207/1207 1142/1142
f 1208/1208 1207/1207 1143/1143
f 1144/1144 1208/1208 1143/1143
f 1209/1209 1208/1208 1144/1144
f 1145/1145 1209/1209 1144/1144
f 1210/1210 1209/1209 1145/1145
f 1146/1146 1210/1210 1145/1145
f 1211/1211 1210/1210 1146/1146
f 1147/1147 1211/1211 1146/1146
f 1212/1212 1211/1211 1147/1147
f 1148/1148 1212/1212 1147/1147
f 1213/1213 1212/1212 1148/1148
f 1149/1149 1213/1213 1148/1148
f 1214/1214 1213/1213 1149/1149
f 1150/1150 1214/1214 1149/1149
f 1215/1215 1214/1214 1150/1150
f 1151/1151 1215/1215 1150/1150
f 1216/1216 1215/1215 1151/1151
f 1152/1152 1216/1216 1151/1151
f 1218/1218 1217/1217 1153/1153
f 1154/1154 1218/1218 1153/1153
f 1219/1219 1218/1218 1154/1154
f 1155/1155 1219/1219 1154/1154
f 1220/1220 1219/1219 1155/1155
f 1156/1156 1220/1220 1155/1155
f 1221/1221 1220/1220 1156/1156
f 1157/1157 1221/1221 1156/1156
f 1222/1222 1221/1221 1157/1157
f 1158/1158 1222/1222 1157/1157
f 1223/1223 1222/1222 1158/1158
f 1159/1159 1223/1223 1158/1158
f 1224/1224 1223/1223 1159/1159
f 1160/1160 1224/1224 1159/1159
f 1225/1225 1224/1224 1160/1160
f 1161/1161 1225/1225 1160/1160
f 1226/1226 1225/1225 1161/1161
f 1162/1162 1226/1226 1161/1161
f 1227/1227 1226/1226 1162/1162
f 1163/1163 1227/1227 1162/1162
f 1228/1228 1227/1227 1163/1163
f 1164/1164 1228/1228 1163/1163
f 1229/1229 1228/1228 1164/1164
f 1165/1165 1229/1229 1164/1164
f 1230/1230 1229/1229 1165/1165
f 1166/1166 1230/1230 1165/1165
f 1231/1231 1230/1230 1166/1166
f 1167/1167 1231/1231 1166/1166
f 1232/1232 1231/1231 1167/1167
f 1168/1168 1232/1232 1167/1167
f 1233/1233 1232/1232 1168/1168
f 1169/1169 1233/1233 1168/1168
f 1234/1234 1233/1233 1169/1169
f 1170/1170 1234/1234 1169/1169
f 1235/1235 1234/1234 1170/1170
f 1171/1171 1235/1235 1170/1170
f 1236/1236 1235/1235 1171/1171
f 1172/1172 1236/1236 1171/1171
f 1237/1237 1236/1236 1172/1172
f 1173/1173 1237/1237 1172/1172
f 1238/1238 1237/1237 1173/1173
f 1174/1174 1238/1238 1173/1173
f 1239/1239 1238/1238 1174/1174
f 1175/1175 1239/1239 1174/1174
f 1240/1240 1239/1239 1175/1175
f 1176/1176 1240/1240 1175/1175
f 1241/1241 1240/1240 1176/1176
f 1177/1177 1241/1241 1176/1176
f 1242/1242 1241/1241 1177/1177
f 1178/1178 1242/1242 1177/1177
f 1243/1243 1242/1242 1178/1178
f 1179/1179 1243/1243 1178/1178
f 1244/1244 1243/1243 1179/1179
f 1180/1180 1244/1244 1179/1179
f 1245/1245 1244/1244 1180/1180
f 1181/1181 1245/1245 1180/1180
f 1246/1246 1245/1245 1181/1181
f 1182/1182 1246/1246 1181/1181
f 1247/1247 1246/1246 1182/1182
f 1183/1183 1247/1247 1182/1182
f 1248/1248 1247/1247 1183/1183
f 1184/1184 1248/1248 1183/1183
f 1249/1249 1248/1248 1184/1184
f 1185/1185 1249/1249 1184/1184
f 1250/1250 1249/1249 1185/1185
f 1186/1186 1250/1250 1185/1185
f 1251/1251 1250/1250 1186/1186
f 1187/1187 1251/1251 1186/1186
f 1252/1252 1251/1251 1187/1187
f 1188/1188 1252/1252 1187/1187
f 1253/1253 1252/1252 1188/1188
f 1189/1189 1253/1253 1188/1188
f 1254/1254 1253/1253 1189/1189
f 1190/1190 1254/1254 1189/1189
f 1255/1255 1254/1254 1190/1190
f 1191/1191 1255/1255 1190/1190
f 1256/1256 1255/1255 1191/1191
f 1192/1192 1256/1256 1191/1191
f 1257/1257 1256/1256 1192/1192
f 1193/1193 1257/1257 1192/1192
f 1258/1258 1257/1257 1193/1193
f 1194/1194 1258/1258 1193/1193
f 1259/1259 1258/1258 1194/1194
f 1195/1195 1259/1259 1194/1194
f 1260/1260 1259/1259 1195/1195
f 1196/1196 1260/1260 1195/1195
f 1261/1261 1260/1260 1196/1196
f 1197/1197 1261/1261 1196/1196
f 1262/1262 1261/1261 1197/1197
f 1198/1198 1262/1262 1197/1197
f 1263/1263 1262/1262 1198/1198
f 1199/1199 1263/1263 1198/1198
f 1264/1264 1263/1263 1199/1199
f 1200/1200 1264/1264 1199/1199
f 1265/1265 1264/1264 1200/1200
f 1201/1201 1265/1265 1200/1200
f 1266/1266 1265/1265 1201/1201
f 1202/1202 1266/1266 1201/1201
f 1267/1267 1266/1266 1202/1202
f 1203/1203 1267/1267 1202/1202
f 1268/1268 1267/1267 1203/1203
f 1204/1204 1268/1268 1203/1203
f 1269/1269 1268/1268 1204/1204
f 1205/1205 1269/1269 1204/1204
f 1270/1270 1269/1269 1205/1205
f 1206/1206 1270/1270 1205/1205
f 1271/1271 1270/1270 1206/1206
f 1207/1207 1271/1271 1206/1206
f 1272/1272 1271/1271 1207/1207
f 1208/1208 1272/1272 1207/1207
f 1273/1273 1272/1272 1208/1208
f 1209/1209 1273/1273 1208/1208
f 1274/1274 1273/1273 1209/1209
f 1210/1210 1274/1274 1209/1209
f 1275/1275 1274/1274 1210/1210
f 1211/1211 1275/1275 1210/1210
f 1276/1276 1275/1275 1211/1211
f 1212/1212 1276/1276 1211/1211
f 1277/1277 1276/1276 1212/1212
f 1213/1213 1277/1277 1212/1212
f 1278/1278 1277/1277 1213/1213
f 1214/1214 1278/1278 1213/1213
f 1279/1279 1278/1278 1214/1214
f 1215/1215 1279/1279 1214/1214
f 1280/1280 1279/1279 1215/1215
f 1216/1216 1280/1280 1215/1215
f 1282/1282 1281/1281 1217/1217
f 1218/1218 1282/1282 1217/1217
f 1283/1283 1282/1282 1218/1218
f 1219/1219 1283/1283 1218/1218
f 1284/1284 1283/1283 1219/1219
f 1220/1220 1284/1284 1219/1219
f 1285/1285 1284/1284 1220/1220
f 1221/1221 1285/1285 1220/1220
f 1286/1286 1285/1285 1221/1221
f 1222/1222 1286/1286 1221/1221
f 1287/1287 1286/1286 1222/1222
f 1223/1223 1287/1287 1222/1222
f 1288/1288 1287/1287 1223/1223
f 1224/1224 1288/1288 1223/1223
f 1289/1289 1288/1288 1224/1224
f 1225/1225 1289/1289 1224/1224
f 1290/1290 1289/1289 1225/1225
f 1226/1226 1290/1290 1225/1225
f 1291/1291 1290/1290 1226/1226
f 1227/1227 1291/1291 1226/1226
f 1292/1292 1291/1291 1227/1227
f 1228/1228 1292/1292 1227/1227
f 1293/1293 1292/1292 1228/1228
f 1229/1229 1293/1293 1228/1228
f 1294/1294 1293/1293 1229/1229
f 1230/1230 1294/1294 1229/1229
f 1295/1295 1294/1294 1230/1230
f 1231/1231 1295/1295 1230/1230
f 1296/1296 1295/1295 1231/1231
f 1232/1232 1296/1296 1231/1231
f 1297/1297 1296/1296 1232/1232
f 1233/1233 1297/1297 1232/1232
f 1298/1298 1297/1297 1233/1233
f 1234/1234 1298/1298 1233/1233
f 1299/1299 1298/1298 1234/1234
f 1235/1235 1299/1299 1234/1234
f 1300/1300 1299/1299 1235/1235
f 1236/1236 1300/1300 1235/1235
f 1301/1301 1300/1300 1236/1236
f 1237/1237 1301/1301 1236/1236
f 1302/1302 1301/1301 1237/1237
f 1238/1238 1302/1302 1237/1237
f 1303/1303 1302/1302 1238/1238
f 1239/1239 1303/1303 1238/1238
f 1304/1304 1303/1303 1239/1239
f 1240/1240 1304/1304 1239/1239
f 1305/1305 1304/1304 1240/1240
f 1241/1241 1305/1305 1240/1240
f 1306/1306 1305/1305 1241/1241
f 1242/1242 1306/1306 1241/1241
f 1307/1307 1306/1306 1242/1242
f 1243/1243 1307/1307 1242/1242
f 1308/1308 1307/1307 1243/1243
f 1244/1244 1308/1308 1243/1243
f 1309/1309 1308/1308 1244/1244
f 1245/1245 1309/1309 1244/1244
f 1310/1310 1309/1309 1245/1245
f 1246/1246 1310/1310 1245/1245
f 1311/1311 1310/1310 1246/1246
f 1247/1247 1311/1311 1246/1246
f 1312/1312 1311/1311 1247/1247
f 1248/1248 1312/1312 1247/1247
f 1313/1313 1312/1312 1248/1248
f 1249/1249 1313/1313 1248/1248
f 1314/1314 1313/1313 1249/1249
f 1250/1250 1314/1314 1249/1249
f 1315/1315 1314/1314 1250/1250
f 1251/1251 1315/1315 1250/1250
f 1316/1316 1315/1315 1251/1251
f 1252/1252 1316/1316 1251/1251
f 1317/1317 1316/1316 1252/1252
f 1253/1253 1317/1317 1252/1252
f 1318/1318 1317/1317 1253/1253
f 1254/1254 1318/1318 1253/1253
f 1319/1319 1318/1318 1254/1254
f 1255/1255 1319/1319 1254/1254
f 1320/1320 1319/1319 1255/1255
f 1256/1256 1320/1320 1255/1255
f 1321/1321 1320/1320 1256/1256
f 1257/1257 1321/1321 1256/1256
f 1322/1322 1321/1321 1257/1257
f 1258/1258 1322/1322 1257/1257
f 1323/1323 1322/1322 1258/1258
f 1259/1259 1323/1323 1258/1258
f 1324/1324 1323/1323 1259/1259
f 1260/1260 1324/1324 1259/1259
f 1325/1325 1324/1324 1260/1260
f 1261/1261 1325/1325 1260/1260
f 1326/1326 1325/1325 1261/1261
f 1262/1262 1326/1326 1261/1261
f 1327/1327 1326/1326 1262/1262
f 1263/1263 1327/1327 1262/1262
f 1328/1328 1327/1327 1263/1263
f 1264/1264 1328/1328 1263/1263
f 1329/1329 1328/1328 1264/1264
f 1265/1265 1329/1329 1264/1264
f 1330/1330 1329/1329 1265/1265
f 1266/1266 1330/1330 1265/1265
f 1331/1331 1330/1330 1266/1266
f 1267/1267 1331/1331 1266/1266
f 1332/1332 1331/1331 1267/1267
f 1268/1268 1332/1332 1267/1267
f 1333/1333 1332/1332 1268/1268
f 1269/1269 1333/1333 1268/1268
f 1334/1334 1333/1333 1269/1269
f 1270/1270 1334/1334 1269/1269
f 1335/1335 1334/1334 1270/1270
f 1271/1271 1335/1335 1270/1270
f 1336/1336 1335/1335 1271/1271
f 1272/1272 1336/1336 1271/1271
f 1337/1337 1336/1336 1272/1272
f 1273/1273 1337/1337 1272/1272
f 1338/1338 1337/1337 1273/1273
f 1274/1274 1338/1338 1273/1273
f 1339/1339 1338/1338 1274/1274
f 1275/1275 1339/1339 1274/1274
f 1340/1340 1339/1339 1275/1275
f 1276/1276 1340/1340 1275/1275
f 1341/1341 1340/1340 1276/1276
f 1277/1277 1341/1341 1276/1276
f 1342/1342 1341/1341 1277/1277
f 1278/1278 1342/1342 1277/1277
f 1343/1343 1342/1342 1278/1278
f 1279/1279 1343/1343 1278/1278
f 1344/1344 1343/1343 1279/1279
f 1280/1280 1344/1344 1279/1279
f 1346/1346 1345/1345 1281/1281
f 1282/1282 1346/1346 1281/1281
f 1347/1347 1346/1346 1282/1282
f 1283/1283 1347/1347 1282/1282
f 1348/1348 1347/1347 1283/1283
f 1284/1284 1348/1348 1283/1283
f 1349/1349 1348/1348 1284/1284
f 1285/1285 1349/1349 1284/1284
f 1350/1350 1349/1349 1285/1285
f 1286/1286 1350/1350 1285/1285
f 1351/1351 1350/1350 1286/1286
f 1287/1287 1351/1351 1286/1286
f 1352/1352 1351/1351 1287/1287
f 1288/1288 1352/1352 1287/1287
f 1353/1353 1352/1352 1288/1288
f 1289/1289 1353/1353 1288/1288
f 1354/1354 1353/1353 1289/1289
f 1290/1290 1354/1354 1289/1289
f 1355/1355 1354/1354 1290/1290
f 1291/1291 1355/1355 1290/1290
f 1356/1356 1355/1355 1291/1291
f 1292/1292 1356/1356 1291/1291
f 1357/1357 1356/1356 1292/1292
f 1293/1293 1357/1357 1292/1292
f 1358/1358 1357/1357 1293/1293
f 1294/1294 1358/1358 1293/1293
f 1359/1359 1358/1358 1294/1294
f 1295/1295 1359/1359 1294/1294
f 1360/1360 1359/1359 1295/1295
f 1296/1296 1360/1360 1295/1295
f 1361/1361 1360/1360 1296/1296
f 1297/1297 1361/1361 1296/1296
f 1362/1362 1361/1361 1297/1297
f 1298/1298 1362/1362 1297/1297
f 1363/1363 1362/1362 1298/1298
f 1299/1299 1363/1363 1298/1298
f 1364/1364 1363/1363 1299/1299
f 1300/1300 1364/1364 1299/1299
f 1365/1365 1364/1364 1300/1300
f 1301/1301 1365/1365 1300/1300
f 1366/1366 1365/1365 1301/1301
f 1302/1302 1366/1366 1301/1301
f 1367/1367 1366/1366 1302/1302
f 1303/1303 1367/1367 1302/1302
f 1368/1368 1367/1367 1303/1303
f 1304/1304 1368/1368 1303/1303
f 1369/1369 1368/1368 1304/1304
f 1305/1305 1369/1369 1304/1304
f 1370/1370 1369/1369 1305/1305
f 1306/1306 1370/1370 1305/1305
f 1371/1371 1370/1370 1306/1306
f 1307/1307 1371/1371 1306/1306
f 1372/1372 1371/1371 1307/1307
f 1308/1308 1372/1372 1307/1307
f 1373/1373 1372/1372 1308/1308
f 1309/1309 1373/1373 1308/1308
f 1374/1374 1373/1373 1309/1309
f 1310/1310 1374/1374 1309/1309
f 1375/1375 1374/1374 1310/1310
f 1311/1311 1375/1375 1310/1310
f 1376/1376 1375/1375 1311/1311
f 1312/1312 1376/1376 1311/1311
f 1377/1377 1376/1376 1312/1312
f 1313/1313 1377/1377 1312/1312
f 1378/1378 1377/1377 1313/1313
f 1314/1314 1378/1378 1313/1313
f 1379/1379 1378/1378 1314/1314
f 1315/1315 1379/1379 1314/1314
f 1380/1380 1379/1379 1315/1315
f 1316/1316 1380/1380 1315/1315
f 1381/1381 1380/1380 1316/1316
f 1317/1317 1381/1381 1316/1316
f 1382/1382 1381/1381 1317/1317
f 1318/1318 1382/1382 1317/1317
f 1383/1383 1382/1382 1318/1318
f 1319/1319 1383/1383 1318/1318
f 1384/1384 1383/1383 1319/1319
f 1320/1320 1384/1384 1319/1319
f 1385/1385 1384/1384 1320/1320
f 1321/1321 1385/1385 1320/1320
f 1386/1386 1385/1385 1321/1321
f 1322/1322 1386/1386 1321/1321
f 1387/1387 1386/1386 1322/1322
f 1323/1323 1387/1387 1322/1322
f 1388/1388 1387/1387 1323/1323
f 1324/1324 1388/1388 1323/1323
f 1389/1389 1388/1388 1324/1324
f 1325/1325 1389/1389 1324/1324
f 1390/1390 1389/1389 1325/1325
f 1326/1326 1390/1390 1325/1325
f 1391/1391 1390/1390 1326/1326
f 1327/1327 1391/1391 1326/1326
f 1392/1392 1391/1391 1327/1327
f 1328/1328 1392/1392 1327/1327
f 1393/1393 1392/1392 1328/1328
f 1329/1329 1393/1393 1328/1328
f 1394/1394 1393/1393 1329/1329
f 1330/1330 1394/1394 1329/1329
f 1395/1395 1394/1394 1330/1330
f 1331/1331 1395/1395 1330/1330
f 1396/1396 1395/1395 1331/1331
f 1332/1332 1396/1396 1331/1331
f 1397/1397 1396/1396 1332/1332
f 1333/1333 1397/1397 1332/1332
f 1398/1398 1397/1397 1333/1333
f 1334/1334 1398/1398 1333/1333
f 1399/1399 1398/1398 1334/1334
f 1335/1335 1399/1399 1334/1334
f 1400/1400 1399/1399 1335/1335
f 1336/1336 1400/1400 1335/1335
f 1401/1401 1400/1400 1336/1336
f 1337/1337 1401/1401 1336/1336
f 1402/1402 1401/1401 1337/1337
f 1338/1338 1402/1402 1337/1337
f 1403/1403 1402/1402 1338/1338
f 1339/1339 1403/1403 1338/1338
f 1404/1404 1403/1403 1339/1339
f 1340/1340 1404/1404 1339/1339
f 1405/1405 1404/1404 1340/1340
f 1341/1341 1405/1405 1340/1340
f 1406/1406 1405/1405 1341/1341
f 1342/1342 1406/1406 1341/1341
f 1407/1407 1406/1406 1342/1342
f 1343/1343 1407/1407 1342/1342
f 1408/1408 1407/1407 1343/1343
f 1344/1344 1408/1408 1343/1343
f 1410/1410 1409/1409 1345/1345
f 1346/1346 1410/1410 1345/1345
f 1411/1411 1410/1410 1346/1346
f 1347/1347 1411/1411 1346/1346
f 1412/1412 1411/1411 1347/1347
f 1348/1348 1412/1412 1347/1347
f 1413/1413 1412/1412 1348/1348
f 1349/1349 1413/1413 1348/1348
f 1414/1414 1413/1413 1349/1349
f 1350/1350 1414/1414 1349/1349
f 1415/1415 1414/1414 1350/1350
f 1351/1351 1415/1415 1350/1350
f 1416/1416 1415/1415 1351/1351
f 1352/1352 1416/1416 1351/1351
f 1417/1417 1416/1416 1352/1352
f 1353/1353 1417/1417 1352/1352
f 1418/1418 1417/1417 1353/1353
f 1354/1354 1418/1418 1353/1353
f 1419/1419 1418/1418 1354/1354
f 1355/1355 1419/1419 1354/1354
f 1420/1420 1419/1419 1355/1355
f 1356/1356 1420/1420 1355/1355
f 1421/1421 1420/1420 1356/1356
f 1357/1357 1421/1421 1356/1356
f 1422/1422 1421/1421 1357/1357
f 1358/1358 1422/1422 1357/1357
f 1423/1423 1422/1422 1358/1358
f 1359/1359 1423/1423 1358/1358
f 1424/1424 1423/1423 1359/1359
f 1360/1360 1424/1424 1359/1359
f 1425/1425 1424/1424 1360/1360
f 1361/1361 1425/1425 1360/1360
f 1426/1426 1425/1425 1361/1361
f 1362/1362 1426/1426 1361/1361
f 1427/1427 1426/1426 1362/1362
f 1363/1363 1427/1427 1362/1362
f 1428/1428 1427/1427 1363/1363
f 1364/1364 1428/1428 1363/1363
f 1429/1429 1428/1428 1364/1364
f 1365/1365 1429/1429 1364/1364
f 1430/1430 1429/1429 1365/1365
f 1366/1366 1430/1430 1365/1365
f 1431/1431 1430/1430 1366/1366
f 1367/1367 1431/1431 1366/1366
f 1432/1432 1431/1431 1367/1367
f 1368/1368 1432/1432 1367/1367
f 1433/1433 1432/1432 1368/1368
f 1369/1369 1433/1433 1368/1368
f 1434/1434 1433/1433 1369/1369
f 1370/1370 1434/1434 1369/1369
f 1435/1435 1434/1434 1370/1370
f 1371/1371 1435/1435 1370/1370
f 1436/1436 1435/1435 1371/1371
f 1372/1372 1436/1436 1371/1371
f 1437/1437 1436/1436 1372/1372
f 1373/1373 1437/1437 1372/1372
f 1438/1438 1437/1437 1373/1373
f 1374/1374 1438/1438 1373/1373
f 1439/1439 1438/1438 1374/1374
f 1375/1375 1439/1439 1374/1374
f 1440/1440 1439/1439 1375/1375
f 1376/1376 1440/1440 1375/1375
f 1441/1441 1440/1440 1376/1376
f 1377/1377 1441/1441 1376/1376
f 1442/1442 1441/1441 1377/1377
f 1378/1378 1442/1442 1377/1377
f 1443/1443 1442/1442 1378/1378
f 1379/1379 1443/1443 1378/1378
f 1444/1444 1443/1443 1379/1379
f 1380/1380 1444/1444 1379/1379
f 1445/1445 1444/1444 1380/1380
f 1381/1381 1445/1445 1380/1380
f 1446/1446 1445/1445 1381/1381
f 1382/1382 1446/1446 1381/1381
f 1447/1447 1446/1446 1382/1382
f 1383/1383 1447/1447 1382/1382
f 1448/1448 1447/1447 1383/1383
f 1384/1384 1448/1448 1383/1383
f 1449/1449 1448/1448 1384/1384
f 1385/1385 1449/1449 1384/1384
f 1450/1450 1449/1449 1385/1385
f 1386/1386 1450/1450 1385/1385
f 1451/1451 1450/1450 1386/1386
f 1387/1387 1451/1451 1386/1386
f 1452/1452 1451/1451 1387/1387
f 1388/1388 1452/1452 1387/1387
f 1453/1453 1452/1452 1388/1388
f 1389/1389 1453/1453 1388/1388
f 1454/1454 1453/1453 1389/1389
f 1390/1390 1454/1454 1389/1389
f 1455/1455 1454/1454 1390/1390
f 1391/1391 1455/1455 1390/1390
f 1456/1456 1455/1455 1391/1391
f 1392/1392 1456/1456 1391/1391
f 1457/1457 1456/1456 1392/1392
f 1393/1393 1457/1457 1392/1392
f 1458/1458 1457/1457 1393/1393
f 1394/1394 1458/1458 1393/1393
f 1459/1459 1458/1458 1394/1394
f 1395/1395 1459/1459 1394/1394
f 1460/1460 1459/1459 1395/1395
f 1396/1396 1460/1460 1395/1395
f 1461/1461 1460/1460 1396/1396
f 1397/1397 1461/1461 1396/1396
f 1462/1462 1461/1461 1397/1397
f 1398/1398 1462/1462 1397/1397
f 1463/1463 1462/1462 1398/1398
f 1399/1399 1463/1463 1398/1398
f 1464/1464 1463/1463 1399/1399
f 1400/1400 1464/1464 1399/1399
f 1465/1465 1464/1464 1400/1400
f 1401/1401 1465/1465 1400/1400
f 1466/1466 1465/1465 1401/1401
f 1402/1402 1466/1466 1401/1401
f 1467/1467 1466/1466 1402/1402
f 1403/1403 1467/1467 1402/1402
f 1468/1468 1467/1467 1403/1403
f 1404/1404 1468/1468 1403/1403
f 1469/1469 1468/1468 1404/1404
f 1405/1405 1469/1469 1404/1404
f 1470/1470 1469/1469 1405/1405
f 1406/1406 1470/1470 1405/1405
f 1471/1471 1470/1470 1406/1406
f 1407/1407 1471/1471 1406/1406
f 1472/1472 1471/1471 1407/1407
f 1408/1408 1472/1472 1407/1407
f 1474/1474 1473/1473 1409/1409
f 1410/1410 1474/1474 1409/1409
f 1475/1475 1474/1474 1410/1410
f 1411/1411 1475/1475 1410/1410
f 1476/1476 1475/1475 1411/1411
f 1412/1412 1476/1476 1411/1411
f 1477/1477 1476/1476 1412/1412
f 1413/1413 1477/1477 1412/1412
f 1478/1478 1477/1477 1413/1413
f 1414/1414 1478/1478 1413/1413
f 1479/1479 1478/1478 1414/1414
f 1415/1415 1479/1479 1414/1414
f 1480/1480 1479/1479 1415/1415
f 1416/1416 1480/1480 1415/1415
f 1481/1481 1480/1480 1416/1416
f 1417/1417 1481/1481 1416/1416
f 1482/1482 1481/1481 1417/1417
f 1418/1418 1482/1482 1417/1417
f 1483/1483 1482/1482 1418/1418
f 1419/1419 1483/1483 1418/1418
f 1484/1484 1483/1483 1419/1419
f 1420/1420 1484/1484 1419/1419
f 1485/1485 1484/1484 1420/1420
f 1421/1421 1485/1485 1420/1420
f 1486/1486 1485/1485 1421/1421
f 1422/1422 1486/1486 1421/1421
f 1487/1487 1486/1486 1422/1422
f 1423/1423 1487/1487 1422/1422
f 1488/1488 1487/1487 1423/1423
f 1424/1424 1488/1488 1423/1423
f 1489/1489 1488/1488 1424/1424
f 1425/1425 1489/1489 1424/1424
f 1490/1490 1489/1489 1425/1425
f 1426/1426 1490/1490 1425/1425
f 1491/1491 1490/1490 1426/1426
f 1427/1427 1491/1491 1426/1426
f 1492/1492 1491/1491 1427/1427
f 1428/1428 1492/1492 1427/1427
f 1493/1493 1492/1492 1428/1428
f 1429/1429 1493/1493 1428/1428
f 1494/1494 1493/1493 1429/1429
f 1430/1430 1494/1494 1429/1429
f 1495/1495 1494/1494 1430/1430
f 1431/1431 1495/1495 1430/1430
f 1496/1496 1495/1495 1431/1431
f 1432/1432 1496/1496 1431/1431
f 1497/1497 1496/1496 1432/1432
f 1433/1433 1497/1497 1432/1432
f 1498/1498 1497/1497 1433/1433
f 1434/1434 1498/1498 1433/1433
f 1499/1499 1498/1498 1434/1434
f 1435/1435 1499/1499 1434/1434
f 1500/1500 1499/1499 1435/1435
f 1436/1436 1500/1500 1435/1435
f 1501/1501 1500/1500 1436/1436
f 1437/1437 1501/1501 1436/1436
f 1502/1502 1501/1501 1437/1437
f 1438/1438 1502/1502 1437/1437
f 1503/1503 1502/1502 1438/1438
f 1439/1439 1503/1503 1438/1438
f 1504/1504 1503/1503 1439/1439
f 1440/1440 1504/1504 1439/1439
f 1505/1505 1504/1504 1440/1440
f 1441/1441 1505/1505 1440/1440
f 1506/1506 1505/1505 1441/1441
f 1442/1442 1506/1506 1441/1441
f 1507/1507 1506/1506 1442/1442
f 1443/1443 1507/1507 1442/1442
f 1508/1508 1507/1507 1443/1443
f 1444/1444 1508/1508 1443/1443
f 1509/1509 1508/1508 1444/1444
f 1445/1445 1509/1509 1444/1444
f 1510/1510 1509/1509 1445/1445
f 1446/1446 1510/1510 1445/1445
f 1511/1511 1510/1510 1446/1446
f 1447/1447 1511/1511 1446/1446
f 1512/1512 1511/1511 1447/1447
f 1448/1448 1512/1512 1447/1447
f 1513/1513 1512/1512 1448/1448
f 1449/1449 1513/1513 1448/1448
f 1514/1514 1513/1513 1449/1449
f 1450/1450 1514/1514 1449/1449
f 1515/1515 1514/1514 1450/1450
f 1451/1451 1515/1515 1450/1450
f 1516/1516 1515/1515 1451/1451
f 1452/1452 1516/1516 1451/1451
f 1517/1517 1516/1516 1452/1452
f 1453/1453 1517/1517 1452/1452
f 1518/1518 1517/1517 1453/1453
f 1454/1454 1518/1518 1453/1453
f 1519/1519 1518/1518 1454/1454
f 1455/1455 1519/1519 1454/1454
f 1520/1520 1519/1519 1455/1455
f 1456/1456 1520/1520 1455/1455
f 1521/1521 1520/1520 1456/1456
f 1457/1457 1521/1521 1456/1456
f 1522/1522 1521/1521 1457/1457
f 1458/1458 1522/1522 1457/1457
f 1523/1523 1522/1522 1458/1458
f 1459/1459 1523/1523 1458/1458
f 1524/1524 1523/1523 1459/1459
f 1460/1460 1524/1524 1459/1459
f 1525/1525 1524/1524 1460/1460
f 1461/1461 1525/1525 1460/1460
f 1526/1526 1525/1525 1461/1461
f 1462/1462 1526/1526 1461/1461
f 1527/1527 1526/1526 1462/1462
f 1463/1463 1527/1527 1462/1462
f 1528/1528 1527/1527 1463/1463
f 1464/1464 1528/1528 1463/1463
f 1529/1529 1528/1528 1464/1464
f 1465/1465 1529/1529 1464/1464
f 1530/1530 1529/1529 1465/1465
f 1466/1466 1530/1530 1465/1465
f 1531/1531 1530/1530 1466/1466
f 1467/1467 1531/1531 1466/1466
f 1532/1532 1531/1531 1467/1467
f 1468/1468 1532/1532 1467/1467
f 1533/1533 1532/1532 1468/1468
f 1469/1469 1533/1533 1468/1468
f 1534/1534 1533/1533 1469/1469
f 1470/1470 1534/1534 1469/1469
f 1535/1535 1534/1534 1470/1470
f 1471/1471 1535/1535 1470/1470
f 1536/1536 1535/1535 1471/1471
f 1472/1472 1536/1536 1471/1471
f 1538/1538 1537/1537 1473/1473
f 1474/1474 1538/1538 1473/1473
f 1539/1539 1538/1538 1474/1474
f 1475/1475 1539/1539 1474/1474
f 1540/1540 1539/1539 1475/1475
f 1476/1476 1540/1540 1475/1475
f 1541/1541 1540/1540 1476/1476
f 1477/1477 1541/1541 1476/1476
f 1542/1542 1541/1541 1477/1477
f 1478/1478 1542/1542 1477/1477
f 1543/1543 1542/1542 1478/1478
f 1479/1479 1543/1543 1478/1478
f 1544/1544 1543/1543 1479/1479
f 1480/1480 1544/1544 1479/1479
f 1545/1545 1544/1544 1480/1480
f 1481/1481 1545/1545 1480/1480
f 1546/1546 1545/1545 1481/1481
f 1482/1482 1546/1546 1481/1481
f 1547/1547 1546/1546 1482/1482
f 1483/1483 1547/1547 1482/1482
f 1548/1548 1547/1547 1483/1483
f 1484/1484 1548/1548 1483/1483
f 1549/1549 1548/1548 1484/1484
f 1485/1485 1549/1549 1484/1484
f 1550/1550 1549/1549 1485/1485
f 1486/1486 1550/1550 1485/1485
f 1551/1551 1550/1550 1486/1486
f 1487/1487 1551/1551 1486/1486
f 1552/1552 1551/1551 1487/1487
f 1488/1488 1552/1552 1487/1487
f 1553/1553 1552/1552 1488/1488
f 1489/1489 1553/1553 1488/1488
f 1554/1554 1553/1553 1489/1489
f 1490/1490 1554/1554 1489/1489
f 1555/1555 1554/1554 1490/1490
f 1491/1491 1555/1555 1490/1490
f 1556/1556 1555/1555 1491/1491
f 1492/1492 1556/1556 1491/1491
f 1557/1557 1556/1556 1492/1492
f 1493/1493 1557/1557 1492/1492
f 1558/1558 1557/1557 1493/1493
f 1494/1494 1558/1558 1493/1493
f 1559/1559 1558/1558 1494/1494
f 1495/1495 1559/1559 1494/1494
f 1560/1560 1559/1559 1495/1495
f 1496/1496 1560/1560 1495/1495
f 1561/1561 1560/1560 1496/1496
f 1497/1497 1561/1561 1496/1496
f 1562/1562 1561/1561 1497/1497
f 1498/1498 1562/1562 1497/1497
f 1563/1563 1562/1562 1498/1498
f 1499/1499 1563/1563 1498/1498
f 1564/1564 1563/1563 1499/1499
f 1500/1500 1564/1564 1499/1499
f 1565/1565 1564/1564 1500/1500
f 1501/1501 1565/1565 1500/1500
f 1566/1566 1565/1565 1501/1501
f 1502/1502 1566/1566 1501/1501
f 1567/1567 1566/1566 1502/1502
f 1503/1503 1567/1567 1502/1502
f 1568/1568 1567/1567 1503/1503
f 1504/1504 1568/1568 1503/1503
f 1569/1569 1568/1568 1504/1504
f 1505/1505 1569/1569 1504/1504
f 1570/1570 1569/1569 1505/1505
f 1506/1506 1570/1570 1505/1505
f 1571/1571 1570/1570 1506/1506
f 1507/1507 1571/1571 1506/1506
f 1572/1572 1571/1571 1507/1507
f 1508/1508 1572/1572 1507/1507
f 1573/1573 1572/1572 1508/1508
f 1509/1509 1573/1573 1508/1508
f 1574/1574 1573/1573 1509/1509
f 1510/1510 1574/1574 1509/1509
f 1575/1575 1574/1574 1510/1510
f 1511/1511 1575/1575 1510/1510
f 1576/1576 1575/1575 1511/1511
f 1512/1512 1576/1576 1511/1511
f 1577/1577 1576/1576 1512/1512
f 1513/1513 1577/1577 1512/1512
f 1578/1578 1577/1577 1513/1513
f 1514/1514 1578/1578 1513/1513
f 1579/1579 1578/1578 1514/1514
f 1515/1515 1579/1579 1514/1514
f 1580/1580 1579/1579 1515/1515
f 1516/1516 1580/1580 1515/1515
f 1581/1581 1580/1580 1516/1516
f 1517/1517 1581/1581 1516/1516
f 1582/1582 1581/1581 1517/1517
f 1518/1518 1582/1582 1517/1517
f 1583/1583 1582/1582 1518/1518
f 1519/1519 1583/1583 1518/1518
f 1584/1584 1583/1583 1519/1519
f 1520/1520 1584/1584 1519/1519
f 1585/1585 1584/1584 1520/1520
f 1521/1521 1585/1585 1520/1520
f 1586/1586 1585/1585 1521/1521
f 1522/1522 1586/1586 1521/1521
f 1587/1587 1586/1586 1522/1522
f 1523/1523 1587/1587 1522/1522
f 1588/1588 1587/1587 1523/1523
f 1524/1524 1588/1588 1523/1523
f 1589/1589 1588/1588 1524/1524
f 1525/1525 1589/1589 1524/1524
f 1590/1590 1589/1589 1525/1525
f 1526/1526 1590/1590 1525/1525
f 1591/1591 1590/1590 1526/1526
f 1527/1527 1591/1591 1526/1526
f 1592/1592 1591/1591 1527/1527
f 1528/1528 1592/1592 1527/1527
f 1593/1593 1592/1592 1528/1528
f 1529/1529 1593/1593 1528/1528
f 1594/1594 1593/1593 1529/1529
f 1530/1530 1594/1594 1529/1529
f 1595/1595 1594/1594 1530/1530
f 1531/1531 1595/1595 1530/1530
f 1596/1596 1595/1595 1531/1531
f 1532/1532 1596/1596 1531/1531
f 1597/1597 1596/1596 1532/1532
f 1533/1533 1597/1597 1532/1532
f 1598/1598 1597/1597 1533/1533
f 1534/1534 1598/1598 1533/1533
f 1599/1599 1598/1598 1534/1534
f 1535/1535 1599/1599 1534/1534
f 1600/1600 1599/1599 1535/1535
f 1536/1536 1600/1600 1535/1535
f 1602/1602 1601/1601 1537/1537
f 1538/1538 1602/1602 1537/1537
f 1603/1603 1602/1602 1538/1538
f 1539/1539 1603/1603 1538/1538
f 1604/1604 1603/1603 1539/1539
f 1540/1540 1604/1604 1539/1539
f 1605/1605 1604/1604 1540/1540
f 1541/1541 1605/1605 1540/1540
f 1606/1606 1605/1605 1541/1541
f 1542/1542 1606/1606 1541/1541
f 1607/1607 1606/1606 1542/1542
f 1543/1543 1607/1607 1542/1542
f 1608/1608 1607/1607 1543/1543
f 1544/1544 1608/1608 1543/1543
f 1609/1609 1608/1608 1544/1544
f 1545/1545 1609/1609 1544/1544
f 1610/1610 1609/1609 1545/1545
f 1546/1546 1610/1610 1545/1545
f 1611/1611 1610/1610 1546/1546
f 1547/1547 1611/1611 1546/1546
f 1612/1612 1611/1611 1547/1547
f 1548/1548 1612/1612 1547/1547
f 1613/1613 1612/1612 1548/1548
f 1549/1549 1613/1613 1548/1548
f 1614/1614 1613/1613 1549/1549
f 1550/1550 1614/1614 1549/1549
f 1615/1615 1614/1614 1550/1550
f 1551/1551 1615/1615 1550/1550
f 1616/1616 1615/1615 1551/1551
f 1552/1552 1616/1616 1551/1551
f 1617/1617 1616/1616 1552/1552
f 1553/1553 1617/1617 1552/1552
f 1618/1618 1617/1617 1553/1553
f 1554/1554 1618/1618 1553/1553
f 1619/1619 1618/1618 1554/1554
f 1555/1555 1619/1619 1554/1554
f 1620/1620 1619/1619 1555/1555
f 1556/1556 1620/1620 1555/1555
f 1621/1621 1620/1620 1556/1556
f 1557/1557 1621/1621 1556/1556
f 1622/1622 1621/1621 1557/1557
f 1558/1558 1622/1622 1557/1557
f 1623/1623 1622/1622 1558/1558
f 1559/1559 1623/1623 1558/1558
f 1624/1624 1623/1623 1559/1559
f 1560/1560 1624/1624 1559/1559
f 1625/1625 1624/1624 1560/1560
f 1561/1561 1625/1625 1560/1560
f 1626/1626 1625/1625 1561/1561
f 1562/1562 1626/1626 1561/1561
f 1627/1627 1626/1626 1562/1562
f 1563/1563 1627/1627 1562/1562
f 1628/1628 1627/1627 1563/1563
f 1564/1564 1628/1628 1563/1563
f 1629/1629 1628/1628 1564/1564
f 1565/1565 1629/1629 1564/1564
f 1630/1630 1629/1629 1565/1565
f 1566/1566 1630/1630 1565/1565
f 1631/1631 1630/1630 1566/1566
f 1567/1567 1631/1631 1566/1566
f 1632/1632 1631/1631 1567/1567
f 1568/1568 1632/1632 1567/1567
f 1633/1633 1632/1632 1568/1568
f 1569/1569 1633/1633 1568/1568
f 1634/1634 1633/1633 1569/1569
f 1570/1570 1634/1634 1569/1569
f 1635/1635 1634/1634 1570/1570
f 1571/1571 1635/1635 1570/1570
f 1636/1636 1635/1635 1571/1571
f 1572/1572 1636/1636 1571/1571
f 1637/1637 1636/1636 1572/1572
f 1573/1573 1637/1637 1572/1572
f 1638/1638 1637/1637 1573/1573
f 1574/1574 1638/1638 1573/1573
f 1639/1639 1638/1638 1574/1574
f 1575/1575 1639/1639 1574/1574
f 1640/1640 1639/1639 1575/1575
f 1576/1576 1640/1640 1575/1575
f 1641/1641 1640/1640 1576/1576
f 1577/1577 1641/1641 1576/1576
f 1642/1642 1641/1641 1577/1577
f 1578/1578 1642/1642 1577/1577
f 1643/1643 1642/1642 1578/1578
f 1579/1579 1643/1643 1578/1578
f 1644/1644 1643/1643 1579/1579
f 1580/1580 1644/1644 1579/1579
f 1645/1645 1644/1644 1580/1580
f 1581/1581 1645/1645 1580/1580
f 1646/1646 1645/1645 1581/1581
f 1582/1582 1646/1646 1581/1581
f 1647/1647 1646/1646 1582/1582
f 1583/1583 1647/1647 1582/1582
f 1648/1648 1647/1647 1583/1583
f 1584/1584 1648/1648 1583/1583
f 1649/1649 1648/1648 1584/1584
f 1585/1585 1649/1649 1584/1584
f 1650/1650 1649/1649 1585/1585
f 1586/1586 1650/1650 1585/1585
f 1651/1651 1650/1650 1586/1586
f 1587/1587 1651/1651 1586/1586
f 1652/1652 1651/1651 1587/1587
f 1588/1588 1652/1652 1587/1587
f 1653/1653 1652/1652 1588/1588
f 1589/1589 1653/1653 1588/1588
f 1654/1654 1653/1653 1589/1589
f 1590/1590 1654/1654 1589/1589
f 1655/1655 1654/1654 1590/1590
f 1591/1591 1655/1655 1590/1590
f 1656/1656 1655/1655 1591/1591
f 1592/1592 1656/1656 1591/1591
f 1657/1657 1656/1656 1592/1592
f 1593/1593 1657/1657 1592/1592
f 1658/1658 1657/1657 1593/1593
f 1594/1594 1658/1658 1593/1593
f 1659/1659 1658/1658 1594/1594
f 1595/1595 1659/1659 1594/1594
f 1660/1660 1659/1659 1595/1595
f 1596/1596 1660/1660 1595/1595
f 1661/1661 1660/1660 1596/1596
f 1597/1597 1661/1661 1596/1596
f 1662/1662 1661/1661 1597/1597
f 1598/1598 1662/1662 1597/1597
f 1663/1663 1662/1662 1598/1598
f 1599/1599 1663/1663 1598/1598
f 1664/1664 1663/1663 1599/1599
f 1600/1600 1664/1664 1599/1599
f 1666/1666 1665/1665 1601/1601
f 1602/1602 1666/1666 1601/1601
f 1667/1667 1666/1666 1602/1602
f 1603/1603 1667/1667 1602/1602
f 1668/1668 1667/1667 1603/1603
f 1604/1604 1668/1668 1603/1603
f 1669/1669 1668/1668 1604/1604
f 1605/1605 1669/1669 1604/1604
f 1670/1670 1669/1669 1605/1605
f 1606/1606 1670/1670 1605/1605
f 1671/1671 1670/1670 1606/1606
f 1607/1607 1671/1671 1606/1606
f 1672/1672 1671/1671 1607/1607
f 1608/1608 1672/1672 1607/1607
f 1673/1673 1672/1672 1608/1608
f 1609/1609 1673/1673 1608/1608
f 1674/1674 1673/1673 1609/1609
f 1610/1610 1674/1674 1609/1609
f 1675/1675 1674/1674 1610/1610
f 1611/1611 1675/1675 1610/1610
f 1676/1676 1675/1675 1611/1611
f 1612/1612 1676/1676 1611/1611
f 1677/1677 1676/1676 1612/1612
f 1613/1613 1677/1677 1612/1612
f 1678/1678 1677/1677 1613/1613
f 1614/1614 1678/1678 1613/1613
f 1679/1679 1678/1678 1614/1614
f 1615/1615 1679/1679 1614/1614
f 1680/1680 1679/1679 1615/1615
f 1616/1616 1680/1680 1615/1615
f 1681/1681 1680/1680 1616/1616
f 1617/1617 1681/1681 1616/1616
f 1682/1682 1681/1681 1617/1617
f 1618/1618 1682/1682 1617/1617
f 1683/1683 1682/1682 1618/1618
f 1619/1619 1683/1683 1618/1618
f 1684/1684 1683/1683 1619/1619
f 1620/1620 1684/1684 1619/1619
f 1685/1685 1684/1684 1620/1620
f 1621/1621 1685/1685 1620/1620
f 1686/1686 1685/1685 1621/1621
f 1622/1622 1686/1686 1621/1621
f 1687/1687 1686/1686 1622/1622
f 1623/1623 1687/1687 1622/1622
f 1688/1688 1687/1687 1623/1623
f 1624/1624 1688/1688 1623/1623
f 1689/1689 1688/1688 1624/1624
f 1625/1625 1689/1689 1624/1624
f 1690/1690 1689/1689 1625/1625
f 1626/1626 1690/1690 1625/1625
f 1691/1691 1690/1690 1626/1626
f 1627/1627 1691/1691 1626/1626
f 1692/1692 1691/1691 1627/1627
f 1628/1628 1692/1692 1627/1627
f 1693/1693 1692/1692 1628/1628
f 1629/1629 1693/1693 1628/1628
f 1694/1694 1693/1693 1629/1629
f 1630/1630 1694/1694 1629/1629
f 1695/1695 1694/1694 1630/1630
f 1631/1631 1695/1695 1630/1630
f 1696/1696 1695/1695 1631/1631
f 1632/1632 1696/1696 1631/1631
f 1697/1697 1696/1696 1632/1632
f 1633/1633 1697/1697 1632/1632
f 1698/1698 1697/1697 1633/1633
f 1634/1634 1698/1698 1633/1633
f 1699/1699 1698/1698 1634/1634
f 1635/1635 1699/1699 1634/1634
f 1700/1700 1699/1699 1635/1635
f 1636/1636 1700/1700 1635/1635
f 1701/1701 1700/1700 1636/1636
f 1637/1637 1701/1701 1636/1636
f 1702/1702 1701/1701 1637/1637
f 1638/1638 1702/1702 1637/1637
f 1703/1703 1702/1702 1638/1638
f 1639/1639 1703/1703 1638/1638
f 1704/1704 1703/1703 1639/1639
f 1640/1640 1704/1704 1639/1639
f 1705/1705 1704/1704 1640/1640
f 1641/1641 1705/1705 1640/1640
f 1706/1706 1705/1705 1641/1641
f 1642/1642 1706/1706 1641/1641
f 1707/1707 1706/1706 1642/1642
f 1643/1643 1707/1707 1642/1642
f 1708/1708 1707/1707 1643/1643
f 1644/1644 1708/1708 1643/1643
f 1709/1709 1708/1708 1644/1644
f 1645/1645 1709/1709 1644/1644
f 1710/1710 1709/1709 1645/1645
f 1646/1646 1710/1710 1645/1645
f 1711/1711 1710/1710 1646/1646
f 1647/1647 1711/1711 1646/1646
f 1712/1712 1711/1711 1647/1647
f 1648/1648 1712/1712 1647/1647
f 1713/1713 1712/1712 1648/1648
f 1649/1649 1713/1713 1648/1648
f 1714/1714 1713/1713 1649/1649
f 1650/1650 1714/1714 1649/1649
f 1715/1715 1714/1714 1650/1650
f 1651/1651 1715/1715 1650/1650
f 1716/1716 1715/1715 1651/1651
f 1652/1652 1716/1716 1651/1651
f 1717/1717 1716/1716 1652/1652
f 1653/1653 1717/1717 1652/1652
f 1718/1718 1717/1717 1653/1653
f 1654/1654 1718/1718 1653/1653
f 1719/1719 1718/1718 1654/1654
f 1655/1655 1719/1719 1654/1654
f 1720/1720 1719/1719 1655/1655
f 1656/1656 1720/1720 1655/1655
f 1721/1721 1720/1720 1656/1656
f 1657/1657 1721/1721 1656/1656
f 1722/1722 1721/1721 1657/1657
f 1658/1658 1722/1722 1657/1657
f 1723/1723 1722/1722 1658/1658
f 1659/1659 1723/1723 1658/1658
f 1724/1724 1723/1723 1659/1659
f 1660/1660 1724/1724 1659/1659
f 1725/1725 1724/1724 1660/1660
f 1661/1661 1725/1725 1660/1660
f 1726/1726 1725/1725 1661/1661
f 1662/1662 1726/1726 1661/1661
f 1727/1727 1726/1726 1662/1662
f 1663/1663 1727/1727 1662/1662
f 1728/1728 1727/1727 1663/1663
f 1664/1664 1728/1728 1663/1663
f 1730/1730 1729/1729 1665/1665
f 1666/1666 1730/1730 1665/1665
f 1731/1731 1730/1730 1666/1666
f 1667/1667 1731/1731 1666/1666
f 1732/1732 1731/1731 1667/1667
f 1668/1668 1732/1732 1667/1667
f 1733/1733 1732/1732 1668/1668
f 1669/1669 1733/1733 1668/1668
f 1734/1734 1733/1733 1669/1669
f 1670/1670 1734/1734 1669/1669
f 1735/1735 1734/1734 1670/1670
f 1671/1671 1735/1735 1670/1670
f 1736/1736 1735/1735 1671/1671
f 1672/1672 1736/1736 1671/1671
f 1737/1737 1736/1736 1672/1672
f 1673/1673 1737/1737 1672/1672
f 1738/1738 1737/1737 1673/1673
f 1674/1674 1738/1738 1673/1673
f 1739/1739 1738/1738 1674/1674
f 1675/1675 1739/1739 1674/1674
f 1740/1740 1739/1739 1675/1675
f 1676/1676 1740/1740 1675/1675
f 1741/1741 1740/1740 1676/1676
f 1677/1677 1741/1741 1676/1676
f 1742/1742 1741/1741 1677/1677
f 1678/1678 1742/1742 1677/1677
f 1743/1743 1742/1742 1678/1678
f 1679/1679 1743/1743 1678/1678
f 1744/1744 1743/1743 1679/1679
f 1680/1680 1744/1744 1679/1679
f 1745/1745 1744/1744 1680/1680
f 1681/1681 1745/1745 1680/1680
f 1746/1746 1745/1745 1681/1681
f 1682/1682 1746/1746 1681/1681
f 1747/1747 1746/1746 1682/1682
f 1683/1683 1747/1747 1682/1682
f 1748/1748 1747/1747 1683/1683
f 1684/1684 1748/1748 1683/1683
f 1749/1749 1748/1748 1684/1684
f 1685/1685 1749/1749 1684/1684
f 1750/1750 1749/1749 1685/1685
f 1686/1686 1750/1750 1685/1685
f 1751/1751 1750/1750 1686/1686
f 1687/1687 1751/1751 1686/1686
f 1752/1752 1751/1751 1687/1687
f 1688/1688 1752/1752 1687/1687
f 1753/1753 1752/1752 1688/1688
f 1689/1689 1753/1753 1688/1688
f 1754/1754 1753/1753 1689/1689
f 1690/1690 1754/1754 1689/1689
f 1755/1755 1754/1754 1690/1690
f 1691/1691 1755/1755 1690/1690
f 1756/1756 1755/1755 1691/1691
f 1692/1692 1756/1756 1691/1691
f 1757/1757 1756/1756 1692/1692
f 1693/1693 1757/1757 1692/1692
f 1758/1758 1757/1757 1693/1693
f 1694/1694 1758/1758 1693/1693
f 1759/1759 1758/1758 1694/1694
f 1695/1695 1759/1759 1694/1694
f 1760/1760 1759/1759 1695/1695
f 1696/1696 1760/1760 1695/1695
f 1761/1761 1760/1760 1696/1696
f 1697/1697 1761/1761 1696/1696
f 1762/1762 1761/1761 1697/1697
f 1698/1698 1762/1762 1697/1697
f 1763/1763 1762/1762 1698/1698
f 1699/1699 1763/1763 1698/1698
f 1764/1764 1763/1763 1699/1699
f 1700/1700 1764/1764 1699/1699
f 1765/1765 1764/1764 1700/1700
f 1701/1701 1765/1765 1700/1700
f 1766/1766 1765/1765 1701/1701
f 1702/1702 1766/1766 1701/1701
f 1767/1767 1766/1766 1702/1702
f 1703/1703 1767/1767 1702/1702
f 1768/1768 1767/1767 1703/1703
f 1704/1704 1768/1768 1703/1703
f 1769/1769 1768/1768 1704/1704
f 1705/1705 1769/1769 1704/1704
f 1770/1770 1769/1769 1705/1705
f 1706/1706 1770/1770 1705/1705
f 1771/1771 1770/1770 1706/1706
f 1707/1707 1771/1771 1706/1706
f 1772/1772 1771/1771 1707/1707
f 1708/1708 1772/1772 1707/1707
f 1773/1773 1772/1772 1708/1708
f 1709/1709 1773/1773 1708/1708
f 1774/1774 1773/1773 1709/1709
f 1710/1710 1774/1774 1709/1709
f 1775/1775 1774/1774 1710/1710
f 1711/1711 1775/1775 1710/1710
f 1776/1776 1775/1775 1711/1711
f 1712/1712 1776/1776 1711/1711
f 1777/1777 1776/1776 1712/1712
f 1713/1713 1777/1777 1712/1712
f 1778/1778 1777/1777 1713/1713
f 1714/1714 1778/1778 1713/1713
f 1779/1779 1778/1778 1714/1714
f 1715/1715 1779/1779 1714/1714
f 1780/1780 1779/1779 1715/1715
f 1716/1716 1780/1780 1715/1715
f 1781/1781 1780/1780 1716/1716
f 1717/1717 1781/1781 1716/1716
f 1782/1782 1781/1781 1717/1717
f 1718/1718 1782/1782 1717/1717
f 1783/1783 1782/1782 1718/1718
f 1719/1719 1783/1783 1718/1718
f 1784/1784 1783/1783 1719/1719
f 1720/1720 1784/1784 1719/1719
f 1785/1785 1784/1784 1720/1720
f 1721/1721 1785/1785 1720/1720
f 1786/1786 1785/1785 1721/1721
f 1722/1722 1786/1786 1721/1721
f 1787/1787 1786/1786 1722/1722
f 1723/1723 1787/1787 1722/1722
f 1788/1788 1787/1787 1723/1723
f 1724/1724 1788/1788 1723/1723
f 1789/1789 1788/1788 1724/1724
f 1725/1725 1789/1789 1724/1724
f 1790/1790 1789/1789 1725/1725
f 1726/1726 1790/1790 1725/1725
f 1791/1791 1790/1790 1726/1726
f 1727/1727 1791/1791 1726/1726
f 1792/1792 1791/1791 1727/1727
f 1728/1728 1792/1792 1727/1727
f 1794/1794 1793/1793 1729/1729
f 1730/1730 1794/1794 1729/1729
f 1795/1795 1794/1794 1730/1730
f 1731/1731 1795/1795 1730/1730
f 1796/1796 1795/1795 1731/1731
f 1732/1732 1796/1796 1731/1731
f 1797/1797 1796/1796 1732/1732
f 1733/1733 1797/1797 1732/1732
f 1798/1798 1797/1797 1733/1733
f 1734/1734 1798/1798 1733/1733
f 1799/1799 1798/1798 1734/1734
f 1735/1735 1799/1799 1734/1734
f 1800/1800 1799/1799 1735/1735
f 1736/1736 1800/1800 1735/1735
f 1801/1801 1800/1800 1736/1736
f 1737/1737 1801/1801 1736/1736
f 1802/1802 1801/1801 1737/1737
f 1738/1738 1802/1802 1737/1737
f 1803/1803 1802/1802 1738/1738
f 1739/1739 1803/1803 1738/1738
f 1804/1804 1803/1803 1739/1739
f 1740/1740 1804/1804 1739/1739
f 1805/1805 1804/1804 1740/1740
f 1741/1741 1805/1805 1740/1740
f 1806/1806 1805/1805 1741/1741
f 1742/1742 1806/1806 1741/1741
f 1807/1807 1806/1806 1742/1742
f 1743/1743 1807/1807 1742/1742
f 1808/1808 1807/1807 1743/1743
f 1744/1744 1808/1808 1743/1743
f 1809/1809 1808/1808 1744/1744
f 1745/1745 1809/1809 1744/1744
f 1810/1810 1809/1809 1745/1745
f 1746/1746 1810/1810 1745/1745
f 1811/1811 1810/1810 1746/1746
f 1747/1747 1811/1811 1746/1746
f 1812/1812 1811/1811 1747/1747
f 1748/1748 1812/1812 1747/1747
f 1813/1813 1812/1812 1748/1748
f 1749/1749 1813/1813 1748/1748
f 1814/1814 1813/1813 1749/1749
f 1750/1750 1814/1814 1749/1749
f 1815/1815 1814/1814 1750/1750
f 1751/1751 1815/1815 1750/1750
f 1816/1816 1815/1815 1751/1751
f 1752/1752 1816/1816 1751/1751
f 1817/1817 1816/1816 1752/1752
f 1753/1753 1817/1817 1752/1752
f 1818/1818 1817/1817 1753/1753
f 1754/1754 1818/1818 1753/1753
f 1819/1819 1818/1818 1754/1754
f 1755/1755 1819/1819 1754/1754
f 1820/1820 1819/1819 1755/1755
f 1756/1756 1820/1820 1755/1755
f 1821/1821 1820/1820 1756/1756
f 1757/1757 1821/1821 1756/1756
f 1822/1822 1821/1821 1757/1757
f 1758/1758 1822/1822 1757/1757
f 1823/1823 1822/1822 1758/1758
f 1759/1759 1823/1823 1758/1758
f 1824/1824 1823/1823 1759/1759
f 1760/1760 1824/1824 1759/1759
f 1825/1825 1824/1824 1760/1760
f 1761/1761 1825/1825 1760/1760
f 1826/1826 1825/1825 1761/1761
f 1762/1762 1826/1826 1761/1761
f 1827/1827 1826/1826 1762/1762
f 1763/1763 1827/1827 1762/1762
f 1828/1828 1827/1827 1763/1763
f 1764/1764 1828/1828 1763/1763
f 1829/1829 1828/1828 1764/1764
f 1765/1765 1829/1829 1764/1764
f 1830/1830 1829/1829 1765/1765
f 1766/1766 1830/1830 1765/1765
f 1831/1831 1830/1830 1766/1766
f 1767/1767 1831/1831 1766/1766
f 1832/1832 1831/1831 1767/1767
f 1768/1768 1832/1832 1767/1767
f 1833/1833 1832/1832 1768/1768
f 1769/1769 1833/1833 1768/1768
f 1834/1834 1833/1833 1769/1769
f 1770/1770 1834/1834 1769/1769
f 1835/1835 1834/1834 1770/1770
f 1771/1771 1835/1835 1770/1770
f 1836/1836 1835/1835 1771/1771
f 1772/1772 1836/1836 1771/1771
f 1837/1837 1836/1836 1772/1772
f 1773/1773 1837/1837 1772/1772
f 1838/1838 1837/1837 1773/1773
f 1774/1774 1838/1838 1773/1773
f 1839/1839 1838/1838 1774/1774
f 1775/1775 1839/1839 1774/1774
f 1840/1840 1839/1839 1775/1775
f 1776/1776 1840/1840 1775/1775
f 1841/1841 1840/1840 1776/1776
f 1777/1777 1841/1841 1776/1776
f 1842/1842 1841/1841 1777/1777
f 1778/1778 1842/1842 1777/1777
f 1843/1843 1842/1842 1778/1778
f 1779/1779 1843/1843 1778/1778
f 1844/1844 1843/1843 1779/1779
f 1780/1780 1844/1844 1779/1779
f 1845/1845 1844/1844 1780/1780
f 1781/1781 1845/1845 1780/1780
f 1846/1846 1845/1845 1781/1781
f 1782/1782 1846/1846 1781/1781
f 1847/1847 1846/1846 1782/1782
f 1783/1783 1847/1847 1782/1782
f 1848/1848 1847/1847 1783/1783
f 1784/1784 1848/1848 1783/1783
f 1849/1849 1848/1848 1784/1784
f 1785/1785 1849/1849 1784/1784
f 1850/1850 1849/1849 1785/1785
f 1786/1786 1850/1850 1785/1785
f 1851/1851 1850/1850 1786/1786
f 1787/1787 1851/1851 1786/1786
f 1852/1852 1851/1851 1787/1787
f 1788/1788 1852/1852 1787/1787
f 1853/1853 1852/1852 1788/1788
f 1789/1789 1853/1853 1788/1788
f 1854/1854 1853/1853 1789/1789
f 1790/1790 1854/1854 1789/1789
f 1855/1855 1854/1854 1790/1790
f 1791/1791 1855/1855 1790/1790
f 1856/1856 1855/1855 1791/1791
f 1792/1792 1856/1856 1791/1791
f 1858/1858 1857/1857 1793/1793
f 1794/1794 1858/1858 1793/1793
f 1859/1859 1858/1858 1794/1794
f 1795/1795 1859/1859 1794/1794
f 1860/1860 1859/1859 1795/1795
f 1796/1796 1860/1860 1795/1795
f 1861/1861 1860/1860 1796/1796
f 1797/1797 1861/1861 1796/1796
f 1862/1862 1861/1861 1797/1797
f 1798/1798 1862/1862 1797/1797
f 1863/1863 1862/1862 1798/1798
f 1799/1799 1863/1863 1798/1798
f 1864/1864 1863/1863 1799/1799
f 1800/1800 1864/1864 1799/1799
f 1865/1865 1864/1864 1800/1800
f 1801/1801 1865/1865 1800/1800
f 1866/1866 1865/1865 1801/1801
f 1802/1802 1866/1866 1801/1801
f 1867/1867 1866/1866 1802/1802
f 1803/1803 1867/1867 1802/1802
f 1868/1868 1867/1867 1803/1803
f 1804/1804 1868/1868 1803/1803
f 1869/1869 1868/1868 1804/1804
f 1805/1805 1869/1869 1804/1804
f 1870/1870 1869/1869 1805/1805
f 1806/1806 1870/1870 1805/1805
f 1871/1871 1870/1870 1806/1806
f 1807/1807 1871/1871 1806/1806
f 1872/1872 1871/1871 1807/1807
f 1808/1808 1872/1872 1807/1807
f 1873/1873 1872/1872 1808/1808
f 1809/1809 1873/1873 1808/1808
f 1874/1874 1873/1873 1809/1809
f 1810/1810 1874/1874 1809/1809
f 1875/1875 1874/1874 1810/1810
f 1811/1811 1875/1875 1810/1810
f 1876/1876 1875/1875 1811/1811
f 1812/1812 1876/1876 1811/1811
f 1877/1877 1876/1876 1812/1812
f 1813/1813 1877/1877 1812/1812
f 1878/1878 1877/1877 1813/1813
f 1814/1814 1878/1878 1813/1813
f 1879/1879 1878/1878 1814/1814
f 1815/1815 1879/1879 1814/1814
f 1880/1880 1879/1879 1815/1815
f 1816/1816 1880/1880 1815/1815
f 1881/1881 1880/1880 1816/1816
f 1817/1817 1881/1881 1816/1816
f 1882/1882 1881/1881 1817/1817
f 1818/1818 1882/1882 1817/1817
f 1883/1883 1882/1882 1818/1818
f 1819/1819 1883/1883 1818/1818
f 1884/1884 1883/1883 1819/1819
f 1820/1820 1884/1884 1819/1819
f 1885/1885 1884/1884 1820/1820
f 1821/1821 1885/1885 1820/1820
f 1886/1886 1885/1885 1821/1821
f 1822/1822 1886/1886 1821/1821
f 1887/1887 1886/1886 1822/1822
f 1823/1823 1887/1887 1822/1822
f 1888/1888 1887/1887 1823/1823
f 1824/1824 1888/1888 1823/1823
f 1889/1889 1888/1888 1824/1824
f 1825/1825 1889/1889 1824/1824
f 1890/1890 1889/1889 1825/1825
f 1826/1826 1890/1890 1825/1825
f 1891/1891 1890/1890 1826/1826
f 1827/1827 1891/1891 1826/1826
f 1892/1892 1891/1891 1827/1827
f 1828/1828 1892/1892 1827/1827
f 1893/1893 1892/1892 1828/1828
f 1829/1829 1893/1893 1828/1828
f 1894/1894 1893/1893 1829/1829
f 1830/1830 1894/1894 1829/1829
f 1895/1895 1894/1894 1830/1830
f 1831/1831 1895/1895 1830/1830
f 1896/1896 1895/1895 1831/1831
f 1832/1832 1896/1896 1831/1831
f 1897/1897 1896/1896 1832/1832
f 1833/1833 1897/1897 1832/1832
f 1898/1898 1897/1897 1833/1833
f 1834/1834 1898/1898 1833/1833
f 1899/1899 1898/1898 1834/1834
f 1835/1835 1899/1899 1834/1834
f 1900/1900 1899/1899 1835/1835
f 1836/1836 1900/1900 1835/1835
f 1901/1901 1900/1900 1836/1836
f 1837/1837 1901/1901 1836/1836
f 1902/1902 1901/1901 1837/1837
f 1838/1838 1902/1902 1837/1837
f 1903/1903 1902/1902 1838/1838
f 1839/1839 1903/1903 1838/1838
f 1904/1904 1903/1903 1839/1839
f 1840/1840 1904/1904 1839/1839
f 1905/1905 1904/1904 1840/1840
f 1841/1841 1905/1905 1840/1840
f 1906/1906 1905/1905 1841/1841
f 1842/1842 1906/1906 1841/1841
f 1907/1907 1906/1906 1842/1842
f 1843/1843 1907/1907 1842/1842
f 1908/1908 1907/1907 1843/1843
f 1844/1844 1908/1908 1843/1843
f 1909/1909 1908/1908 1844/1844
f 1845/1845 1909/1909 1844/1844
f 1910/1910 1909/1909 1845/1845
f 1846/1846 1910/1910 1845/1845
f 1911/1911 1910/1910 1846/1846
f 1847/1847 1911/1911 1846/1846
f 1912/1912 1911/1911 1847/1847
f 1848/1848 1912/1912 1847/1847
f 1913/1913 1912/1912 1848/1848
f 1849/1849 1913/1913 1848/1848
f 1914/1914 1913/1913 1849/1849
f 1850/1850 1914/1914 1849/1849
f 1915/1915 1914/1914 1850/1850
f 1851/1851 1915/1915 1850/1850
f 1916/1916 1915/1915 1851/1851
f 1852/1852 1916/1916 1851/1851
f 1917/1917 1916/1916 1852/1852
f 1853/1853 1917/1917 1852/1852
f 1918/1918 1917/1917 1853/1853
f 1854/1854 1918/1918 1853/1853
f 1919/1919 1918/1918 1854/1854
f 1855/1855 1919/1919 1854/1854
f 1920/1920 1919/1919 1855/1855
f 1856/1856 1920/1920 1855/1855
f 1922/1922 1921/1921 1857/1857
f 1858/1858 1922/1922 1857/1857
f 1923/1923 1922/1922 1858/1858
f 1859/1859 1923/1923 1858/1858
f 1924/1924 1923/1923 1859/1859
f 1860/1860 1924/1924 1859/1859
f 1925/1925 1924/1924 1860/1860
f 1861/1861 1925/1925 1860/1860
f 1926/1926 1925/1925 1861/1861
f 1862/1862 1926/1926 1861/1861
f 1927/1927 1926/1926 1862/1862
f 1863/1863 1927/1927 1862/1862
f 1928/1928 1927/1927 1863/1863
f 1864/1864 1928/1928 1863/1863
f 1929/1929 1928/1928 1864/1864
f 1865/1865 1929/1929 1864/1864
f 1930/1930 1929/1929 1865/1865
f 1866/1866 1930/1930 1865/1865
f 1931/1931 1930/1930 1866/1866
f 1867/1867 1931/1931 1866/1866
f 1932/1932 1931/1931 1867/1867
f 1868/1868 1932/1932 1867/1867
f 1933/1933 1932/1932 1868/1868
f 1869/1869 1933/1933 1868/1868
f 1934/1934 1933/1933 1869/1869
f 1870/1870 1934/1934 1869/1869
f 1935/1935 1934/1934 1870/1870
f 1871/1871 1935/1935 1870/1870
f 1936/1936 1935/1935 1871/1871
f 1872/1872 1936/1936 1871/1871
f 1937/1937 1936/1936 1872/1872
f 1873/1873 1937/1937 1872/1872
f 1938/1938 1937/1937 1873/1873
f 1874/1874 1938/1938 1873/1873
f 1939/1939 1938/1938 1874/1874
f 1875/1875 1939/1939 1874/1874
f 1940/1940 1939/1939 1875/1875
f 1876/1876 1940/1940 1875/1875
f 1941/1941 1940/1940 1876/1876
f 1877/1877 1941/1941 1876/1876
f 1942/1942 1941/1941 1877/1877
f 1878/1878 1942/1942 1877/1877
f 1943/1943 1942/1942 1878/1878
f 1879/1879 1943/1943 1878/1878
f 1944/1944 1943/1943 1879/1879
f 1880/1880 1944/1944 1879/1879
f 1945/1945 1944/1944 1880/1880
f 1881/1881 1945/1945 1880/1880
f 1946/1946 1945/1945 1881/1881
f 1882/1882 1946/1946 1881/1881
f 1947/1947 1946/1946 1882/1882
f 1883/1883 1947/1947 1882/1882
f 1948/1948 1947/1947 1883/1883
f 1884/1884 1948/1948 1883/1883
f 1949/1949 1948/1948 1884/1884
f 1885/1885 1949/1949 1884/1884
f 1950/1950 1949/1949 1885/1885
f 1886/1886 1950/1950 1885/1885
f 1951/1951 1950/1950 1886/1886
f 1887/1887 1951/1951 1886/1886
f 1952/1952 1951/1951 1887/1887
f 1888/1888 1952/1952 1887/1887
f 1953/1953 1952/1952 1888/1888
f 1889/1889 1953/1953 1888/1888
f 1954/1954 1953/1953 1889/1889
f 1890/1890 1954/1954 1889/1889
f 1955/1955 1954/1954 1890/1890
f 1891/1891 1955/1955 1890/1890
f 1956/1956 1955/1955 1891/1891
f 1892/1892 1956/1956 1891/1891
f 1957/1957 1956/1956 1892/1892
f 1893/1893 1957/1957 1892/1892
f 1958/1958 1957/1957 1893/1893
f 1894/1894 1958/1958 1893/1893
f 1959/1959 1958/1958 1894/1894
f 1895/1895 1959/1959 1894/1894
f 1960/1960 1959/1959 1895/1895
f 1896/1896 1960/1960 1895/1895
f 1961/1961 1960/1960 1896/1896
f 1897/1897 1961/1961 1896/1896
f 1962/1962 1961/1961 1897/1897
f 1898/1898 1962/1962 1897/1897
f 1963/1963 1962/1962 1898/1898
f 1899/1899 1963/1963 1898/1898
f 1964/1964 1963/1963 1899/1899
f 1900/1900 1964/1964 1899/1899
f 1965/1965 1964/1964 1900/1900
f 1901/1901 1965/1965 1900/1900
f 1966/1966 1965/1965 1901/1901
f 1902/1902 1966/1966 1901/1901
f 1967/1967 1966/1966 1902/1902
f 1903/1903 1967/1967 1902/1902
f 1968/1968 1967/1967 1903/1903
f 1904/1904 1968/1968 1903/1903
f 1969/1969 1968/1968 1904/1904
f 1905/1905 1969/1969 1904/1904
f 1970/1970 1969/1969 1905/1905
f 1906/1906 1970/1970 1905/1905
f 1971/1971 1970/1970 1906/1906
f 1907/1907 1971/1971 1906/1906
f 1972/1972 1971/1971 1907/1907
f 1908/1908 1972/1972 1907/1907
f 1973/1973 1972/1972 1908/1908
f 1909/1909 1973/1973 1908/1908
f 1974/1974 1973/1973 1909/1909
f 1910/1910 1974/1974 1909/1909
f 1975/1975 1974/1974 1910/1910
f 1911/1911 1975/1975 1910/1910
f 1976/1976 1975/1975 1911/1911
f 1912/1912 1976/1976 1911/1911
f 1977/1977 1976/1976 1912/1912
f 1913/1913 1977/1977 1912/1912
f 1978/1978 1977/1977 1913/1913
f 1914/1914 1978/1978 1913/1913
f 1979/1979 1978/1978 1914/1914
f 1915/1915 1979/1979 1914/1914
f 1980/1980 1979/1979 1915/1915
f 1916/1916 1980/1980 1915/1915
f 1981/1981 1980/1980 1916/1916
f 1917/1917 1981/1981 1916/1916
f 1982/1982 1981/1981 1917/1917
f 1918/1918 1982/1982 1917/1917
f 1983/1983 1982/1982 1918/1918
f 1919/1919 1983/1983 1918/1918
f 1984/1984 1983/1983 1919/1919
f 1920/1920 1984/1984 1919/1919
f 1986/1986 1985/1985 1921/1921
f 1922/1922 1986/1986 1921/1921
f 1987/1987 1986/1986 1922/1922
f 1923/1923 1987/1987 1922/1922
f 1988/1988 1987/1987 1923/1923
f 1924/1924 1988/1988 1923/1923
f 1989/1989 1988/1988 1924/1924
f 1925/1925 1989/1989 1924/1924
f 1990/1990 1989/1989 1925/1925
f 1926/1926 1990/1990 1925/1925
f 1991/1991 1990/1990 1926/1926
f 1927/1927 1991/1991 1926/1926
f 1992/1992 1991/1991 1927/1927
f 1928/1928 1992/1992 1927/1927
f 1993/1993 1992/1992 1928/1928
f 1929/1929 1993/1993 1928/1928
f 1994/1994 1993/1993 1929/1929
f 1930/1930 1994/1994 1929/1929
f 1995/1995 1994/1994 1930/1930
f 1931/1931 1995/1995 1930/1930
f 1996/1996 1995/1995 1931/1931
f 1932/1932 1996/1996 1931/1931
f 1997/1997 1996/1996 1932/1932
f 1933/1933 1997/1997 1932/1932
f 1998/1998 1997/1997 1933/1933
f 1934/1934 1998/1998 1933/1933
f 1999/1999 1998/1998 1934/1934
f 1935/1935 1999/1999 1934/1934
f 2000/2000 1999/1999 1935/1935
f 1936/1936 2000/2000 1935/1935
f 2001/2001 2000/2000 1936/1936
f 1937/1937 2001/2001 1936/1936
f 2002/2002 2001/2001 1937/1937
f 1938/1938 2002/2002 1937/1937
f 2003/2003 2002/2002 1938/1938
f 1939/1939 2003/2003 1938/1938
f 2004/2004 2003/2003 1939/1939
f 1940/1940 2004/2004 1939/1939
f 2005/2005 2004/2004 1940/1940
f 1941/1941 2005/2005 1940/1940
f 2006/2006 2005/2005 1941/1941
f 1942/1942 2006/2006 1941/1941
f 2007/2007 2006/2006 1942/1942
f 1943/1943 2007/2007 1942/1942
f 2008/2008 2007/2007 1943/1943
f 1944/1944 2008/2008 1943/1943
f 2009/2009 2008/2008 1944/1944
f 1945/1945 2009/2009 1944/1944
f 2010/2010 2009/2009 1945/1945
f 1946/1946 2010/2010 1945/1945
f 2011/2011 2010/2010 1946/1946
f 1947/1947 2011/2011 1946/1946
f 2012/2012 2011/2011 1947/1947
f 1948/1948 2012/2012 1947/1947
f 2013/2013 2012/2012 1948/1948
f 1949/1949 2013/2013 1948/1948
f 2014/2014 2013/2013 1949/1949
f 1950/1950 2014/2014 1949/1949
f 2015/2015 2014/2014 1950/1950
f 1951/1951 2015/2015 1950/1950
f 2016/2016 2015/2015 1951/1951
f 1952/1952 2016/2016 1951/1951
f 2017/2017 2016/2016 1952/1952
f 1953/1953 2017/2017 1952/1952
f 2018/2018 2017/2017 1953/1953
f 1954/1954 2018/2018 1953/1953
f 2019/2019 2018/2018 1954/1954
f 1955/1955 2019/2019 1954/1954
f 2020/2020 2019/2019 1955/1955
f 1956/1956 2020/2020 1955/1955
f 2021/2021 2020/2020 1956/1956
f 1957/1957 2021/2021 1956/1956
f 2022/2022 2021/2021 1957/1957
f 1958/1958 2022/2022 1957/1957
f 2023/2023 2022/2022 1958/1958
f 1959/1959 2023/2023 1958/1958
f 2024/2024 2023/2023 1959/1959
f 1960/1960 2024/2024 1959/1959
f 2025/2025 2024/2024 1960/1960
f 1961/1961 2025/2025 1960/1960
f 2026/2026 2025/2025 1961/1961
f 1962/1962 2026/2026 1961/1961
f 2027/2027 2026/2026 1962/1962
f 1963/1963 2027/2027 1962/1962
f 2028/2028 2027/2027 1963/1963
f 1964/1964 2028/2028 1963/1963
f 2029/2029 2028/2028 1964/1964
f 1965/1965 2029/2029 1964/1964
f 2030/2030 2029/2029 1965/1965
f 1966/1966 2030/2030 1965/1965
f 2031/2031 2030/2030 1966/1966
f 1967/1967 2031/2031 1966/1966
f 2032/2032 2031/2031 1967/1967
f 1968/1968 2032/2032 1967/1967
f 2033/2033 2032/2032 1968/1968
f 1969/1969 2033/2033 1968/1968
f 2034/2034 2033/2033 1969/1969
f 1970/1970 2034/2034 1969/1969
f 2035/2035 2034/2034 1970/1970
f 1971/1971 2035/2035 1970/1970
f 2036/2036 2035/2035 1971/1971
f 1972/1972 2036/2036 1971/1971
f 2037/2037 2036/2036 1972/1972
f 1973/1973 2037/2037 1972/1972
f 2038/2038 2037/2037 1973/1973
f 1974/1974 2038/2038 1973/1973
f 2039/2039 2038/2038 1974/1974
f 1975/1975 2039/2039 1974/1974
f 2040/2040 2039/2039 1975/1975
f 1976/1976 2040/2040 1975/1975
f 2041/2041 2040/2040 1976/1976
f 1977/1977 2041/2041 1976/1976
f 2042/2042 2041/2041 1977/1977
f 1978/1978 2042/2042 1977/1977
f 2043/2043 2042/2042 1978/1978
f 1979/1979 2043/2043 1978/1978
f 2044/2044 2043/2043 1979/1979
f 1980/1980 2044/2044 1979/1979
f 2045/2045 2044/2044 1980/1980
f 1981/1981 2045/2045 1980/1980
f 2046/2046 2045/2045 1981/1981
f 1982/1982 2046/2046 1981/1981
f 2047/2047 2046/2046 1982/1982
f 1983/1983 2047/2047 1982/1982
f 2048/2048 2047/2047 1983/1983
f 1984/1984 2048/2048 1983/1983
f 2050/2050 2049/2049 1985/1985
f 1986/1986 2050/2050 1985/1985
f 2051/2051 2050/2050 1986/1986
f 1987/1987 2051/2051 1986/1986
f 2052/2052 2051/2051 1987/1987
f 1988/1988 2052/2052 1987/1987
f 2053/2053 2052/2052 1988/1988
f 1989/1989 2053/2053 1988/1988
f 2054/2054 2053/2053 1989/1989
f 1990/1990 2054/2054 1989/1989
f 2055/2055 2054/2054 1990/1990
f 1991/1991 2055/2055 1990/1990
f 2056/2056 2055/2055 1991/1991
f 1992/1992 2056/2056 1991/1991
f 2057/2057 2056/2056 1992/1992
f 1993/1993 2057/2057 1992/1992
f 2058/2058 2057/2057 1993/1993
f 1994/1994 2058/2058 1993/1993
f 2059/2059 2058/2058 1994/1994
f 1995/1995 2059/2059 1994/1994
f 2060/2060 2059/2059 1995/1995
f 1996/1996 2060/2060 1995/1995
f 2061/2061 2060/2060 1996/1996
f 1997/1997 2061/2061 1996/1996
f 2062/2062 2061/2061 1997/1997
f 1998/1998 2062/2062 1997/1997
f 2063/2063 2062/2062 1998/1998
f 1999/1999 2063/2063 1998/1998
f 2064/2064 2063/2063 1999/1999
f 2000/2000 2064/2064 1999/1999
f 2065/2065 2064/2064 2000/2000
f 2001/2001 2065/2065 2000/2000
f 2066/2066 2065/2065 2001/2001
f 2002/2002 2066/2066 2001/2001
f 2067/2067 2066/2066 2002/2002
f 2003/2003 2067/2067 2002/2002
f 2068/2068 2067/2067 2003/2003
f 2004/2004 2068/2068 2003/2003
f 2069/2069 2068/2068 2004/2004
f 2005/2005 2069/2069 2004/2004
f 2070/2070 2069/2069 2005/2005
f 2006/2006 2070/2070 2005/2005
f 2071/2071 2070/2070 2006/2006
f 2007/2007 2071/2071 2006/2006
f 2072/2072 2071/2071 2007/2007
f 2008/2008 2072/2072 2007/2007
f 2073/2073 2072/2072 2008/2008
f 2009/2009 2073/2073 2008/2008
f 2074/2074 2073/2073 2009/2009
f 2010/2010 2074/2074 2009/2009
f 2075/2075 2074/2074 2010/2010
f 2011/2011 2075/2075 2010/2010
f 2076/2076 2075/2075 2011/2011
f 2012/2012 2076/2076 2011/2011
f 2077/2077 2076/2076 2012/2012
f 2013/2013 2077/2077 2012/2012
f 2078/2078 2077/2077 2013/2013
f 2014/2014 2078/2078 2013/2013
f 2079/2079 2078/2078 2014/2014
f 2015/2015 2079/2079 2014/2014
f 2080/2080 2079/2079 2015/2015
f 2016/2016 2080/2080 2015/2015
f 2081/2081 2080/2080 2016/2016
f 2017/2017 2081/2081 2016/2016
f 2082/2082 2081/2081 2017/2017
f 2018/2018 2082/2082 2017/2017
f 2083/2083 2082/2082 2018/2018
f 2019/2019 2083/2083 2018/2018
f 2084/2084 2083/2083 2019/2019
f 2020/2020 2084/2084 2019/2019
f 2085/2085 2084/2084 2020/2020
f 2021/2021 2085/2085 2020/2020
f 2086/2086 2085/2085 2021/2021
f 2022/2022 2086/2086 2021/2021
f 2087/2087 2086/2086 2022/2022
f 2023/2023 2087/2087 2022/2022
f 2088/2088 2087/2087 2023/2023
f 2024/2024 2088/2088 2023/2023
f 2089/2089 2088/2088 2024/2024
f 2025/2025 2089/2089 2024/2024
f 2090/2090 2089/2089 2025/2025
f 2026/2026 2090/2090 2025/2025
f 2091/2091 2090/2090 2026/2026
f 2027/2027 2091/2091 2026/2026
f 2092/2092 2091/2091 2027/2027
f 2028/2028 2092/2092 2027/2027
f 2093/2093 2092/2092 2028/2028
f 2029/2029 2093/2093 2028/2028
f 2094/2094 2093/2093 2029/2029
f 2030/2030 2094/2094 2029/2029
f 2095/2095 2094/2094 2030/2030
f 2031/2031 2095/2095 2030/2030
f 2096/2096 2095/2095 2031/2031
f 2032/2032 2096/2096 2031/2031
f 2097/2097 2096/2096 2032/2032
f 2033/2033 2097/2097 2032/2032
f 2098/2098 2097/2097 2033/2033
f 2034/2034 2098/2098 2033/2033
f 2099/2099 2098/2098 2034/2034
f 2035/2035 2099/2099 2034/2034
f 2100/2100 2099/2099 2035/2035
f 2036/2036 2100/2100 2035/2035
f 2101/2101 2100/2100 2036/2036
f 2037/2037 2101/2101 2036/2036
f 2102/2102 2101/2101 2037/2037
f 2038/2038 2102/2102 2037/2037
f 2103/2103 2102/2102 2038/2038
f 2039/2039 2103/2103 2038/2038
f 2104/2104 2103/2103 2039/2039
f 2040/2040 2104/2104 2039/2039
f 2105/2105 2104/2104 2040/2040
f 2041/2041 2105/2105 2040/2040
f 2106/2106 2105/2105 2041/2041
f 2042/2042 2106/2106 2041/2041
f 2107/2107 2106/2106 2042/2042
f 2043/2043 2107/2107 2042/2042
f 2108/2108 2107/2107 2043/2043
f 2044/2044 2108/2108 2043/2043
f 2109/2109 2108/2108 2044/2044
f 2045/2045 2109/2109 2044/2044
f 2110/2110 2109/2109 2045/2045
f 2046/2046 2110/2110 2045/2045
f 2111/2111 2110/2110 2046/2046
f 2047/2047 2111/2111 2046/2046
f 2112/2112 2111/2111 2047/2047
f 2048/2048 2112/2112 2047/2047
f 2114/2114 2113/2113 2049/2049
f 2050/2050 2114/2114 2049/2049
f 2115/2115 2114/2114 2050/2050
f 2051/2051 2115/2115 2050/2050
f 2116/2116 2115/2115 2051/2051
f 2052/2052 2116/2116 2051/2051
f 2117/2117 2116/2116 2052/2052
f 2053/2053 2117/2117 2052/2052
f 2118/2118 2117/2117 2053/2053
f 2054/2054 2118/2118 2053/2053
f 2119/2119 2118/2118 2054/2054
f 2055/2055 2119/2119 2054/2054
f 2120/2120 2119/2119 2055/2055
f 2056/2056 2120/2120 2055/2055
f 2121/2121 2120/2120 2056/2056
f 2057/2057 2121/2121 2056/2056
f 2122/2122 2121/2121 2057/2057
f 2058/2058 2122/2122 2057/2057
f 2123/2123 2122/2122 2058/2058
f 2059/2059 2123/2123 2058/2058
f 2124/2124 2123/2123 2059/2059
f 2060/2060 2124/2124 2059/2059
f 2125/2125 2124/2124 2060/2060
f 2061/2061 2125/2125 2060/2060
f 2126/2126 2125/2125 2061/2061
f 2062/2062 2126/2126 2061/2061
f 2127/2127 2126/2126 2062/2062
f 2063/2063 2127/2127 2062/2062
f 2128/2128 2127/2127 2063/2063
f 2064/2064 2128/2128 2063/2063
f 2129/2129 2128/2128 2064/2064
f 2065/2065 2129/2129 2064/2064
f 2130/2130 2129/2129 2065/2065
f 2066/2066 2130/2130 2065/2065
f 2131/2131 2130/2130 2066/2066
f 2067/2067 2131/2131 2066/2066
f 2132/2132 2131/2131 2067/2067
f 2068/2068 2132/2132 2067/2067
f 2133/2133 2132/2132 2068/2068
f 2069/2069 2133/2133 2068/2068
f 2134/2134 2133/2133 2069/2069
f 2070/2070 2134/2134 2069/2069
f 2135/2135 2134/2134 2070/2070
f 2071/2071 2135/2135 2070/2070
f 2136/2136 2135/2135 2071/2071
f 2072/2072 2136/2136 2071/2071
f 2137/2137 2136/2136 2072/2072
f 2073/2073 2137/2137 2072/2072
f 2138/2138 2137/2137 2073/2073
f 2074/2074 2138/2138 2073/2073
f 2139/2139 2138/2138 2074/2074
f 2075/2075 2139/2139 2074/2074
f 2140/2140 2139/2139 2075/2075
f 2076/2076 2140/2140 2075/2075
f 2141/2141 2140/2140 2076/2076
f 2077/2077 2141/2141 2076/2076
f 2142/2142 2141/2141 2077/2077
f 2078/2078 2142/2142 2077/2077
f 2143/2143 2142/2142 2078/2078
f 2079/2079 2143/2143 2078/2078
f 2144/2144 2143/2143 2079/2079
f 2080/2080 2144/2144 2079/2079
f 2145/2145 2144/2144 2080/2080
f 2081/2081 2145/2145 2080/2080
f 2146/2146 2145/2145 2081/2081
f 2082/2082 2146/2146 2081/2081
f 2147/2147 2146/2146 2082/2082
f 2083/2083 2147/2147 2082/2082
f 2148/2148 2147/2147 2083/2083
f 2084/2084 2148/2148 2083/2083
f 2149/2149 2148/2148 2084/2084
f 2085/2085 2149/2149 2084/2084
f 2150/2150 2149/2149 2085/2085
f 2086/2086 2150/2150 2085/2085
f 2151/2151 2150/2150 2086/2086
f 2087/2087 2151/2151 2086/2086
f 2152/2152 2151/2151 2087/2087
f 2088/2088 2152/2152 2087/2087
f 2153/2153 2152/2152 2088/2088
f 2089/2089 2153/2153 2088/2088
f 2154/2154 2153/2153 2089/2089
f 2090/2090 2154/2154 2089/2089
f 2155/2155 2154/2154 2090/2090
f 2091/2091 2155/2155 2090/2090
f 2156/2156 2155/2155 2091/2091
f 2092/2092 2156/2156 2091/2091
f 2157/2157 2156/2156 2092/2092
f 2093/2093 2157/2157 2092/2092
f 2158/2158 2157/2157 2093/2093
f 2094/2094 2158/2158 2093/2093
f 2159/2159 2158/2158 2094/2094
f 2095/2095 2159/2159 2094/2094
f 2160/2160 2159/2159 2095/2095
f 2096/2096 2160/2160 2095/2095
f 2161/2161 2160/2160 2096/2096
f 2097/2097 2161/2161 2096/2096
f 2162/2162 2161/2161 2097/2097
f 2098/2098 2162/2162 2097/2097
f 2163/2163 2162/2162 2098/2098
f 2099/2099 2163/2163 2098/2098
f 2164/2164 2163/2163 2099/2099
f 2100/2100 2164/2164 2099/2099
f 2165/2165 2164/2164 2100/2100
f 2101/2101 2165/2165 2100/2100
f 2166/2166 2165/2165 2101/2101
f 2102/2102 2166/2166 2101/2101
f 2167/2167 2166/2166 2102/2102
f 2103/2103 2167/2167 2102/2102
f 2168/2168 2167/2167 2103/2103
f 2104/2104 2168/2168 2103/2103
f 2169/2169 2168/2168 2104/2104
f 2105/2105 2169/2169 2104/2104
f 2170/2170 2169/2169 2105/2105
f 2106/2106 2170/2170 2105/2105
f 2171/2171 2170/2170 2106/2106
f 2107/2107 2171/2171 2106/2106
f 2172/2172 2171/2171 2107/2107
f 2108/2108 2172/2172 2107/2107
f 2173/2173 2172/2172 2108/2108
f 2109/2109 2173/2173 2108/2108
f 2174/2174 2173/2173 2109/2109
f 2110/2110 2174/2174 2109/2109
f 2175/2175 2174/2174 2110/2110
f 2111/2111 2175/2175 2110/2110
f 2176/2176 2175/2175 2111/2111
f 2112/2112 2176/2176 2111/2111
f 2178/2178 2177/2177 2113/2113
f 2114/2114 2178/2178 2113/2113
f 2179/2179 2178/2178 2114/2114
f 2115/2115 2179/2179 2114/2114
f 2180/2180 2179/2179 2115/2115
f 2116/2116 2180/2180 2115/2115
f 2181/2181 2180/2180 2116/2116
f 2117/2117 2181/2181 2116/2116
f 2182/2182 2181/2181 2117/2117
f 2118/2118 2182/2182 2117/2117
f 2183/2183 2182/2182 2118/2118
f 2119/2119 2183/2183 2118/2118
f 2184/2184 2183/2183 2119/2119
f 2120/2120 2184/2184 2119/2119
f 2185/2185 2184/2184 2120/2120
f 2121/2121 2185/2185 2120/2120
f 2186/2186 2185/2185 2121/2121
f 2122/2122 2186/2186 2121/2121
f 2187/2187 2186/2186 2122/2122
f 2123/2123 2187/2187 2122/2122
f 2188/2188 2187/2187 2123/2123
f 2124/2124 2188/2188 2123/2123
f 2189/2189 2188/2188 2124/2124
f 2125/2125 2189/2189 2124/2124
f 2190/2190 2189/2189 2125/2125
f 2126/2126 2190/2190 2125/2125
f 2191/2191 2190/2190 2126/2126
f 2127/2127 2191/2191 2126/2126
f 2192/2192 2191/2191 2127/2127
f 2128/2128 2192/2192 2127/2127
f 2193/2193 2192/2192 2128/2128
f 2129/2129 2193/2193 2128/2128
f 2194/2194 2193/2193 2129/2129
f 2130/2130 2194/2194 2129/2129
f 2195/2195 2194/2194 2130/2130
f 2131/2131 2195/2195 2130/2130
f 2196/2196 2195/2195 2131/2131
f 2132/2132 2196/2196 2131/2131
f 2197/2197 2196/2196 2132/2132
f 2133/2133 2197/2197 2132/2132
f 2198/2198 2197/2197 2133/2133
f 2134/2134 2198/2198 2133/2133
f 2199/2199 2198/2198 2134/2134
f 2135/2135 2199/2199 2134/2134
f 2200/2200 2199/2199 2135/2135
f 2136/2136 2200/2200 2135/2135
f 2201/2201 2200/2200 2136/2136
f 2137/2137 2201/2201 2136/2136
f 2202/2202 2201/2201 2137/2137
f 2138/2138 2202/2202 2137/2137
f 2203/2203 2202/2202 2138/2138
f 2139/2139 2203/2203 2138/2138
f 2204/2204 2203/2203 2139/2139
f 2140/2140 2204/2204 2139/2139
f 2205/2205 2204/2204 2140/2140
f 2141/2141 2205/2205 2140/2140
f 2206/2206 2205/2205 2141/2141
f 2142/2142 2206/2206 2141/2141
f 2207/2207 2206/2206 2142/2142
f 2143/2143 2207/2207 2142/2142
f 2208/2208 2207/2207 2143/2143
f 2144/2144 2208/2208 2143/2143
f 2209/2209 2208/2208 2144/2144
f 2145/2145 2209/2209 2144/2144
f 2210/2210 2209/2209 2145/2145
f 2146/2146 2210/2210 2145/2145
f 2211/2211 2210/2210 2146/2146
f 2147/2147 2211/2211 2146/2146
f 2212/2212 2211/2211 2147/2147
f 2148/2148 2212/2212 2147/2147
f 2213/2213 2212/2212 2148/2148
f 2149/2149 2213/2213 2148/2148
f 2214/2214 2213/2213 2149/2149
f 2150/2150 2214/2214 2149/2149
f 2215/2215 2214/2214 2150/2150
f 2151/2151 2215/2215 2150/2150
f 2216/2216 2215/2215 2151/2151
f 2152/2152 2216/2216 2151/2151
f 2217/2217 2216/2216 2152/2152
f 2153/2153 2217/2217 2152/2152
f 2218/2218 2217/2217 2153/2153
f 2154/2154 2218/2218 2153/2153
f 2219/2219 2218/2218 2154/2154
f 2155/2155 2219/2219 2154/2154
f 2220/2220 2219/2219 2155/2155
f 2156/2156 2220/2220 2155/2155
f 2221/2221 2220/2220 2156/2156
f 2157/2157 2221/2221 2156/2156
f 2222/2222 2221/2221 2157/2157
f 2158/2158 2222/2222 2157/2157
f 2223/2223 2222/2222 2158/2158
f 2159/2159 2223/2223 2158/2158
f 2224/2224 2223/2223 2159/2159
f 2160/2160 2224/2224 2159/2159
f 2225/2225 2224/2224 2160/2160
f 2161/2161 2225/2225 2160/2160
f 2226/2226 2225/2225 2161/2161
f 2162/2162 2226/2226 2161/2161
f 2227/2227 2226/2226 2162/2162
f 2163/2163 2227/2227 2162/2162
f 2228/2228 2227/2227 2163/2163
f 2164/2164 2228/2228 2163/2163
f 2229/2229 2228/2228 2164/2164
f 2165/2165 2229/2229 2164/2164
f 2230/2230 2229/2229 2165/2165
f 2166/2166 2230/2230 2165/2165
f 2231/2231 2230/2230 2166/2166
f 2167/2167 2231/2231 2166/2166
f 2232/2232 2231/2231 2167/2167
f 2168/2168 2232/2232 2167/2167
f 2233/2233 2232/2232 2168/2168
f 2169/2169 2233/2233 2168/2168
f 2234/2234 2233/2233 2169/2169
f 2170/2170 2234/2234 2169/2169
f 2235/2235 2234/2234 2170/2170
f 2171/2171 2235/2235 2170/2170
f 2236/2236 2235/2235 2171/2171
f 2172/2172 2236/2236 2171/2171
f 2237/2237 2236/2236 2172/2172
f 2173/2173 2237/2237 2172/2172
f 2238/2238 2237/2237 2173/2173
f 2174/2174 2238/2238 2173/2173
f 2239/2239 2238/2238 2174/2174
f 2175/2175 2239/2239 2174/2174
f 2240/2240 2239/2239 2175/2175
f 2176/2176 2240/2240 2175/2175
f 2242/2242 2241/2241 2177/2177
f 2178/2178 2242/2242 2177/2177
f 2243/2243 2242/2242 2178/2178
f 2179/2179 2243/2243 2178/2178
f 2244/2244 2243/2243 2179/2179
f 2180/2180 2244/2244 2179/2179
f 2245/2245 2244/2244 2180/2180
f 2181/2181 2245/2245 2180/2180
f 2246/2246 2245/2245 2181/2181
f 2182/2182 2246/2246 2181/2181
f 2247/2247 2246/2246 2182/2182
f 2183/2183 2247/2247 2182/2182
f 2248/2248 2247/2247 2183/2183
f 2184/2184 2248/2248 2183/2183
f 2249/2249 2248/2248 2184/2184
f 2185/2185 2249/2249 2184/2184
f 2250/2250 2249/2249 2185/2185
f 2186/2186 2250/2250 2185/2185
f 2251/2251 2250/2250 2186/2186
f 2187/2187 2251/2251 2186/2186
f 2252/2252 2251/2251 2187/2187
f 2188/2188 2252/2252 2187/2187
f 2253/2253 2252/2252 2188/2188
f 2189/2189 2253/2253 2188/2188
f 2254/2254 2253/2253 2189/2189
f 2190/2190 2254/2254 2189/2189
f 2255/2255 2254/2254 2190/2190
f 2191/2191 2255/2255 2190/2190
f 2256/2256 2255/2255 2191/2191
f 2192/2192 2256/2256 2191/2191
f 2257/2257 2256/2256 2192/2192
f 2193/2193 2257/2257 2192/2192
f 2258/2258 2257/2257 2193/2193
f 2194/2194 2258/2258 2193/2193
f 2259/2259 2258/2258 2194/2194
f 2195/2195 2259/2259 2194/2194
f 2260/2260 2259/2259 2195/2195
f 2196/2196 2260/2260 2195/2195
f 2261/2261 2260/2260 2196/2196
f 2197/2197 2261/2261 2196/2196
f 2262/2262 2261/2261 2197/2197
f 2198/2198 2262/2262 2197/2197
f 2263/2263 2262/2262 2198/2198
f 2199/2199 2263/2263 2198/2198
f 2264/2264 2263/2263 2199/2199
f 2200/2200 2264/2264 2199/2199
f 2265/2265 2264/2264 2200/2200
f 2201/2201 2265/2265 2200/2200
f 2266/2266 2265/2265 2201/2201
f 2202/2202 2266/2266 2201/2201
f 2267/2267 2266/2266 2202/2202
f 2203/2203 2267/2267 2202/2202
f 2268/2268 2267/2267 2203/2203
f 2204/2204 2268/2268 2203/2203
f 2269/2269 2268/2268 2204/2204
f 2205/2205 2269/2269 2204/2204
f 2270/2270 2269/2269 2205/2205
f 2206/2206 2270/2270 2205/2205
f 2271/2271 2270/2270 2206/2206
f 2207/2207 2271/2271 2206/2206
f 2272/2272 2271/2271 2207/2207
f 2208/2208 2272/2272 2207/2207
f 2273/2273 2272/2272 2208/2208
f 2209/2209 2273/2273 2208/2208
f 2274/2274 2273/2273 2209/2209
f 2210/2210 2274/2274 2209/2209
f 2275/2275 2274/2274 2210/2210
f 2211/2211 2275/2275 2210/2210
f 2276/2276 2275/2275 2211/2211
f 2212/2212 2276/2276 2211/2211
f 2277/2277 2276/2276 2212/2212
f 2213/2213 2277/2277 2212/2212
f 2278/2278 2277/2277 2213/2213
f 2214/2214 2278/2278 2213/2213
f 2279/2279 2278/2278 2214/2214
f 2215/2215 2279/2279 2214/2214
f 2280/2280 2279/2279 2215/2215
f 2216/2216 2280/2280 2215/2215
f 2281/2281 2280/2280 2216/2216
f 2217/2217 2281/2281 2216/2216
f 2282/2282 2281/2281 2217/2217
f 2218/2218 2282/2282 2217/2217
f 2283/2283 2282/2282 2218/2218
f 2219/2219 2283/2283 2218/2218
f 2284/2284 2283/2283 2219/2219
f 2220/2220 2284/2284 2219/2219
f 2285/2285 2284/2284 2220/2220
f 2221/2221 2285/2285 2220/2220
f 2286/2286 2285/2285 2221/2221
f 2222/2222 2286/2286 2221/2221
f 2287/2287 2286/2286 2222/2222
f 2223/2223 2287/2287 2222/2222
f 2288/2288 2287/2287 2223/2223
f 2224/2224 2288/2288 2223/2223
f 2289/2289 2288/2288 2224/2224
f 2225/2225 2289/2289 2224/2224
f 2290/2290 2289/2289 2225/2225
f 2226/2226 2290/2290 2225/2225
f 2291/2291 2290/2290 2226/2226
f 2227/2227 2291/2291 2226/2226
f 2292/2292 2291/2291 2227/2227
f 2228/2228 2292/2292 2227/2227
f 2293/2293 2292/2292 2228/2228
f 2229/2229 2293/2293 2228/2228
f 2294/2294 2293/2293 2229/2229
f 2230/2230 2294/2294 2229/2229
f 2295/2295 2294/2294 2230/2230
f 2231/2231 2295/2295 2230/2230
f 2296/2296 2295/2295 2231/2231
f 2232/2232 2296/2296 2231/2231
f 2297/2297 2296/2296 2232/2232
f 2233/2233 2297/2297 2232/2232
f 2298/2298 2297/2297 2233/2233
f 2234/2234 2298/2298 2233/2233
f 2299/2299 2298/2298 2234/2234
f 2235/2235 2299/2299 2234/2234
f 2300/2300 2299/2299 2235/2235
f 2236/2236 2300/2300 2235/2235
f 2301/2301 2300/2300 2236/2236
f 2237/2237 2301/2301 2236/2236
f 2302/2302 2301/2301 2237/2237
f 2238/2238 2302/2302 2237/2237
f 2303/2303 2302/2302 2238/2238
f 2239/2239 2303/2303 2238/2238
f 2304/2304 2303/2303 2239/2239
f 2240/2240 2304/2304 2239/2239
f 2306/2306 2305/2305 2241/2241
f 2242/2242 2306/2306 2241/2241
f 2307/2307 2306/2306 2242/2242
f 2243/2243 2307/2307 2242/2242
f 2308/2308 2307/2307 2243/2243
f 2244/2244 2308/2308 2243/2243
f 2309/2309 2308/2308 2244/2244
f 2245/2245 2309/2309 2244/2244
f 2310/2310 2309/2309 2245/2245
f 2246/2246 2310/2310 2245/2245
f 2311/2311 2310/2310 2246/2246
f 2247/2247 2311/2311 2246/2246
f 2312/2312 2311/2311 2247/2247
f 2248/2248 2312/2312 2247/2247
f 2313/2313 2312/2312 2248/2248
f 2249/2249 2313/2313 2248/2248
f 2314/2314 2313/2313 2249/2249
f 2250/2250 2314/2314 2249/2249
f 2315/2315 2314/2314 2250/2250
f 2251/2251 2315/2315 2250/2250
f 2316/2316 2315/2315 2251/2251
f 2252/2252 2316/2316 2251/2251
f 2317/2317 2316/2316 2252/2252
f 2253/2253 2317/2317 2252/2252
f 2318/2318 2317/2317 2253/2253
f 2254/2254 2318/2318 2253/2253
f 2319/2319 2318/2318 2254/2254
f 2255/2255 2319/2319 2254/2254
f 2320/2320 2319/2319 2255/2255
f 2256/2256 2320/2320 2255/2255
f 2321/2321 2320/2320 2256/2256
f 2257/2257 2321/2321 2256/2256
f 2322/2322 2321/2321 2257/2257
f 2258/2258 2322/2322 2257/2257
f 2323/2323 2322/2322 2258/2258
f 2259/2259 2323/2323 2258/2258
f 2324/2324 2323/2323 2259/2259
f 2260/2260 2324/2324 2259/2259
f 2325/2325 2324/2324 2260/2260
f 2261/2261 2325/2325 2260/2260
f 2326/2326 2325/2325 2261/2261
f 2262/2262 2326/2326 2261/2261
f 2327/2327 2326/2326 2262/2262
f 2263/2263 2327/2327 2262/2262
f 2328/2328 2327/2327 2263/2263
f 2264/2264 2328/2328 2263/2263
f 2329/2329 2328/2328 2264/2264
f 2265/2265 2329/2329 2264/2264
f 2330/2330 2329/2329 2265/2265
f 2266/2266 2330/2330 2265/2265
f 2331/2331 2330/2330 2266/2266
f 2267/2267 2331/2331 2266/2266
f 2332/2332 2331/2331 2267/2267
f 2268/2268 2332/2332 2267/2267
f 2333/2333 2332/2332 2268/2268
f 2269/2269 2333/2333 2268/2268
f 2334/2334 2333/2333 2269/2269
f 2270/2270 2334/2334 2269/2269
f 2335/2335 2334/2334 2270/2270
f 2271/2271 2335/2335 2270/2270
f 2336/2336 2335/2335 2271/2271
f 2272/2272 2336/2336 2271/2271
f 2337/2337 2336/2336 2272/2272
f 2273/2273 2337/2337 2272/2272
f 2338/2338 2337/2337 2273/2273
f 2274/2274 2338/2338 2273/2273
f 2339/2339 2338/2338 2274/2274
f 2275/2275 2339/2339 2274/2274
f 2340/2340 2339/2339 2275/2275
f 2276/2276 2340/2340 2275/2275
f 2341/2341 2340/2340 2276/2276
f 2277/2277 2341/2341 2276/2276
f 2342/2342 2341/2341 2277/2277
f 2278/2278 2342/2342 2277/2277
f 2343/2343 2342/2342 2278/2278
f 2279/2279 2343/2343 2278/2278
f 2344/2344 2343/2343 2279/2279
f 2280/2280 2344/2344 2279/2279
f 2345/2345 2344/2344 2280/2280
f 2281/2281 2345/2345 2280/2280
f 2346/2346 2345/2345 2281/2281
f 2282/2282 2346/2346 2281/2281
f 2347/2347 2346/2346 2282/2282
f 2283/2283 2347/2347 2282/2282
f 2348/2348 2347/2347 2283/2283
f 2284/2284 2348/2348 2283/2283
f 2349/2349 2348/2348 2284/2284
f 2285/2285 2349/2349 2284/2284
f 2350/2350 2349/2349 2285/2285
f 2286/2286 2350/2350 2285/2285
f 2351/2351 2350/2350 2286/2286
f 2287/2287 2351/2351 2286/2286
f 2352/2352 2351/2351 2287/2287
f 2288/2288 2352/2352 2287/2287
f 2353/2353 2352/2352 2288/2288
f 2289/2289 2353/2353 2288/2288
f 2354/2354 2353/2353 2289/2289
f 2290/2290 2354/2354 2289/2289
f 2355/2355 2354/2354 2290/2290
f 2291/2291 2355/2355 2290/2290
f 2356/2356 2355/2355 2291/2291
f 2292/2292 2356/2356 2291/2291
f 2357/2357 2356/2356 2292/2292
f 2293/2293 2357/2357 2292/2292
f 2358/2358 2357/2357 2293/2293
f 2294/2294 2358/2358 2293/2293
f 2359/2359 2358/2358 2294/2294
f 2295/2295 2359/2359 2294/2294
f 2360/2360 2359/2359 2295/2295
f 2296/2296 2360/2360 2295/2295
f 2361/2361 2360/2360 2296/2296
f 2297/2297 2361/2361 2296/2296
f 2362/2362 2361/2361 2297/2297
f 2298/2298 2362/2362 2297/2297
f 2363/2363 2362/2362 2298/2298
f 2299/2299 2363/2363 2298/2298
f 2364/2364 2363/2363 2299/2299
f 2300/2300 2364/2364 2299/2299
f 2365/2365 2364/2364 2300/2300
f 2301/2301 2365/2365 2300/2300
f 2366/2366 2365/2365 2301/2301
f 2302/2302 2366/2366 2301/2301
f 2367/2367 2366/2366 2302/2302
f 2303/2303 2367/2367 2302/2302
f 2368/2368 2367/2367 2303/2303
f 2304/2304 2368/2368 2303/2303
f 2370/2370 2369/2369 2305/2305
f 2306/2306 2370/2370 2305/2305
f 2371/2371 2370/2370 2306/2306
f 2307/2307 2371/2371 2306/2306
f 2372/2372 2371/2371 2307/2307
f 2308/2308 2372/2372 2307/2307
f 2373/2373 2372/2372 2308/2308
f 2309/2309 2373/2373 2308/2308
f 2374/2374 2373/2373 2309/2309
f 2310/2310 2374/2374 2309/2309
f 2375/2375 2374/2374 2310/2310
f 2311/2311 2375/2375 2310/2310
f 2376/2376 2375/2375 2311/2311
f 2312/2312 2376/2376 2311/2311
f 2377/2377 2376/2376 2312/2312
f 2313/2313 2377/2377 2312/2312
f 2378/2378 2377/2377 2313/2313
f 2314/2314 2378/2378 2313/2313
f 2379/2379 2378/2378 2314/2314
f 2315/2315 2379/2379 2314/2314
f 2380/2380 2379/2379 2315/2315
f 2316/2316 2380/2380 2315/2315
f 2381/2381 2380/2380 2316/2316
f 2317/2317 2381/2381 2316/2316
f 2382/2382 2381/2381 2317/2317
f 2318/2318 2382/2382 2317/2317
f 2383/2383 2382/2382 2318/2318
f 2319/2319 2383/2383 2318/2318
f 2384/2384 2383/2383 2319/2319
f 2320/2320 2384/2384 2319/2319
f 2385/2385 2384/2384 2320/2320
f 2321/2321 2385/2385 2320/2320
f 2386/2386 2385/2385 2321/2321
f 2322/2322 2386/2386 2321/2321
f 2387/2387 2386/2386 2322/2322
f 2323/2323 2387/2387 2322/2322
f 2388/2388 2387/2387 2323/2323
f 2324/2324 2388/2388 2323/2323
f 2389/2389 2388/2388 2324/2324
f 2325/2325 2389/2389 2324/2324
f 2390/2390 2389/2389 2325/2325
f 2326/2326 2390/2390 2325/2325
f 2391/2391 2390/2390 2326/2326
f 2327/2327 2391/2391 2326/2326
f 2392/2392 2391/2391 2327/2327
f 2328/2328 2392/2392 2327/2327
f 2393/2393 2392/2392 2328/2328
f 2329/2329 2393/2393 2328/2328
f 2394/2394 2393/2393 2329/2329
f 2330/2330 2394/2394 2329/2329
f 2395/2395 2394/2394 2330/2330
f 2331/2331 2395/2395 2330/2330
f 2396/2396 2395/2395 2331/2331
f 2332/2332 2396/2396 2331/2331
f 2397/2397 2396/2396 2332/2332
f 2333/2333 2397/2397 2332/2332
f 2398/2398 2397/2397 2333/2333
f 2334/2334 2398/2398 2333/2333
f 2399/2399 2398/2398 2334/2334
f 2335/2335 2399/2399 2334/2334
f 2400/2400 2399/2399 2335/2335
f 2336/2336 2400/2400 2335/2335
f 2401/2401 2400/2400 2336/2336
f 2337/2337 2401/2401 2336/2336
f 2402/2402 2401/2401 2337/2337
f 2338/2338 2402/2402 2337/2337
f 2403/2403 2402/2402 2338/2338
f 2339/2339 2403/2403 2338/2338
f 2404/2404 2403/2403 2339/2339
f 2340/2340 2404/2404 2339/2339
f 2405/2405 2404/2404 2340/2340
f 2341/2341 2405/2405 2340/2340
f 2406/2406 2405/2405 2341/2341
f 2342/2342 2406/2406 2341/2341
f 2407/2407 2406/2406 2342/2342
f 2343/2343 2407/2407 2342/2342
f 2408/2408 2407/2407 2343/2343
f 2344/2344 2408/2408 2343/2343
f 2409/2409 2408/2408 2344/2344
f 2345/2345 2409/2409 2344/2344
f 2410/2410 2409/2409 2345/2345
f 2346/2346 2410/2410 2345/2345
f 2411/2411 2410/2410 2346/2346
f 2347/2347 2411/2411 2346/2346
f 2412/2412 2411/2411 2347/2347
f 2348/2348 2412/2412 2347/2347
f 2413/2413 2412/2412 2348/2348
f 2349/2349 2413/2413 2348/2348
f 2414/2414 2413/2413 2349/2349
f 2350/2350 2414/2414 2349/2349
f 2415/2415 2414/2414 2350/2350
f 2351/2351 2415/2415 2350/2350
f 2416/2416 2415/2415 2351/2351
f 2352/2352 2416/2416 2351/2351
f 2417/2417 2416/2416 2352/2352
f 2353/2353 2417/2417 2352/2352
f 2418/2418 2417/2417 2353/2353
f 2354/2354 2418/2418 2353/2353
f 2419/2419 2418/2418 2354/2354
f 2355/2355 2419/2419 2354/2354
f 2420/2420 2419/2419 2355/2355
f 2356/2356 2420/2420 2355/2355
f 2421/2421 2420/2420 2356/2356
f 2357/2357 2421/2421 2356/2356
f 2422/2422 2421/2421 2357/2357
f 2358/2358 2422/2422 2357/2357
f 2423/2423 2422/2422 2358/2358
f 2359/2359 2423/2423 2358/2358
f 2424/2424 2423/2423 2359/2359
f 2360/2360 2424/2424 2359/2359
f 2425/2425 2424/2424 2360/2360
f 2361/2361 2425/2425 2360/2360
f 2426/2426 2425/2425 2361/2361
f 2362/2362 2426/2426 2361/2361
f 2427/2427 2426/2426 2362/2362
f 2363/2363 2427/2427 2362/2362
f 2428/2428 2427/2427 2363/2363
f 2364/2364 2428/2428 2363/2363
f 2429/2429 2428/2428 2364/2364
f 2365/2365 2429/2429 2364/2364
f 2430/2430 2429/2429 2365/2365
f 2366/2366 2430/2430 2365/2365
f 2431/2431 2430/2430 2366/2366
f 2367/2367 2431/2431 2366/2366
f 2432/2432 2431/2431 2367/2367
f 2368/2368 2432/2432 2367/2367
f 2434/2434 2433/2433 2369/2369
f 2370/2370 2434/2434 2369/2369
f 2435/2435 2434/2434 2370/2370
f 2371/2371 2435/2435 2370/2370
f 2436/2436 2435/2435 2371/2371
f 2372/2372 2436/2436 2371/2371
f 2437/2437 2436/2436 2372/2372
f 2373/2373 2437/2437 2372/2372
f 2438/2438 2437/2437 2373/2373
f 2374/2374 2438/2438 2373/2373
f 2439/2439 2438/2438 2374/2374
f 2375/2375 2439/2439 2374/2374
f 2440/2440 2439/2439 2375/2375
f 2376/2376 2440/2440 2375/2375
f 2441/2441 2440/2440 2376/2376
f 2377/2377 2441/2441 2376/2376
f 2442/2442 2441/2441 2377/2377
f 2378/2378 2442/2442 2377/2377
f 2443/2443 2442/2442 2378/2378
f 2379/2379 2443/2443 2378/2378
f 2444/2444 2443/2443 2379/2379
f 2380/2380 2444/2444 2379/2379
f 2445/2445 2444/2444 2380/2380
f 2381/2381 2445/2445 2380/2380
f 2446/2446 2445/2445 2381/2381
f 2382/2382 2446/2446 2381/2381
f 2447/2447 2446/2446 2382/2382
f 2383/2383 2447/2447 2382/2382
f 2448/2448 2447/2447 2383/2383
f 2384/2384 2448/2448 2383/2383
f 2449/2449 2448/2448 2384/2384
f 2385/2385 2449/2449 2384/2384
f 2450/2450 2449/2449 2385/2385
f 2386/2386 2450/2450 2385/2385
f 2451/2451 2450/2450 2386/2386
f 2387/2387 2451/2451 2386/2386
f 2452/2452 2451/2451 2387/2387
f 2388/2388 2452/2452 2387/2387
f 2453/2453 2452/2452 2388/2388
f 2389/2389 2453/2453 2388/2388
f 2454/2454 2453/2453 2389/2389
f 2390/2390 2454/2454 2389/2389
f 2455/2455 2454/2454 2390/2390
f 2391/2391 2455/2455 2390/2390
f 2456/2456 2455/2455 2391/2391
f 2392/2392 2456/2456 2391/2391
f 2457/2457 2456/2456 2392/2392
f 2393/2393 2457/2457 2392/2392
f 2458/2458 2457/2457 2393/2393
f 2394/2394 2458/2458 2393/2393
f 2459/2459 2458/2458 2394/2394
f 2395/2395 2459/2459 2394/2394
f 2460/2460 2459/2459 2395/2395
f 2396/2396 2460/2460 2395/2395
f 2461/2461 2460/2460 2396/2396
f 2397/2397 2461/2461 2396/2396
f 2462/2462 2461/2461 2397/2397
f 2398/2398 2462/2462 2397/2397
f 2463/2463 2462/2462 2398/2398
f 2399/2399 2463/2463 2398/2398
f 2464/2464 2463/2463 2399/2399
f 2400/2400 2464/2464 2399/2399
f 2465/2465 2464/2464 2400/2400
f 2401/2401 2465/2465 2400/2400
f 2466/2466 2465/2465 2401/2401
f 2402/2402 2466/2466 2401/2401
f 2467/2467 2466/2466 2402/2402
f 2403/2403 2467/2467 2402/2402
f 2468/2468 2467/2467 2403/2403
f 2404/2404 2468/2468 2403/2403
f 2469/2469 2468/2468 2404/2404
f 2405/2405 2469/2469 2404/2404
f 2470/2470 2469/2469 2405/2405
f 2406/2406 2470/2470 2405/2405
f 2471/2471 2470/2470 2406/2406
f 2407/2407 2471/2471 2406/2406
f 2472/2472 2471/2471 2407/2407
f 2408/2408 2472/2472 2407/2407
f 2473/2473 2472/2472 2408/2408
f 2409/2409 2473/2473 2408/2408
f 2474/2474 2473/2473 2409/2409
f 2410/2410 2474/2474 2409/2409
f 2475/2475 2474/2474 2410/2410
f 2411/2411 2475/2475 2410/2410
f 2476/2476 2475/2475 2411/2411
f 2412/2412 2476/2476 2411/2411
f 2477/2477 2476/2476 2412/2412
f 2413/2413 2477/2477 2412/2412
f 2478/2478 2477/2477 2413/2413
f 2414/2414 2478/2478 2413/2413
f 2479/2479 2478/2478 2414/2414
f 2415/2415 2479/2479 2414/2414
f 2480/2480 2479/2479 2415/2415
f 2416/2416 2480/2480 2415/2415
f 2481/2481 2480/2480 2416/2416
f 2417/2417 2481/2481 2416/2416
f 2482/2482 2481/2481 2417/2417
f 2418/2418 2482/2482 2417/2417
f 2483/2483 2482/2482 2418/2418
f 2419/2419 2483/2483 2418/2418
f 2484/2484 2483/2483 2419/2419
f 2420/2420 2484/2484 2419/2419
f 2485/2485 2484/2484 2420/2420
f 2421/2421 2485/2485 2420/2420
f 2486/2486 2485/2485 2421/2421
f 2422/2422 2486/2486 2421/2421
f 2487/2487 2486/2486 2422/2422
f 2423/2423 2487/2487 2422/2422
f 2488/2488 2487/2487 2423/2423
f 2424/2424 2488/2488 2423/2423
f 2489/2489 2488/2488 2424/2424
f 2425/2425 2489/2489 2424/2424
f 2490/2490 2489/2489 2425/2425
f 2426/2426 2490/2490 2425/2425
f 2491/2491 2490/2490 2426/2426
f 2427/2427 2491/2491 2426/2426
f 2492/2492 2491/2491 2427/2427
f 2428/2428 2492/2492 2427/2427
f 2493/2493 2492/2492 2428/2428
f 2429/2429 2493/2493 2428/2428
f 2494/2494 2493/2493 2429/2429
f 2430/2430 2494/2494 2429/2429
f 2495/2495 2494/2494 2430/2430
f 2431/2431 2495/2495 2430/2430
f 2496/2496 2495/2495 2431/2431
f 2432/2432 2496/2496 2431/2431
f 2498/2498 2497/2497 2433/2433
f 2434/2434 2498/2498 2433/2433
f 2499/2499 2498/2498 2434/2434
f 2435/2435 2499/2499 2434/2434
f 2500/2500 2499/2499 2435/2435
f 2436/2436 2500/2500 2435/2435
f 2501/2501 2500/2500 2436/2436
f 2437/2437 2501/2501 2436/2436
f 2502/2502 2501/2501 2437/2437
f 2438/2438 2502/2502 2437/2437
f 2503/2503 2502/2502 2438/2438
f 2439/2439 2503/2503 2438/2438
f 2504/2504 2503/2503 2439/2439
f 2440/2440 2504/2504 2439/2439
f 2505/2505 2504/2504 2440/2440
f 2441/2441 2505/2505 2440/2440
f 2506/2506 2505/2505 2441/2441
f 2442/2442 2506/2506 2441/2441
f 2507/2507 2506/2506 2442/2442
f 2443/2443 2507/2507 2442/2442
f 2508/2508 2507/2507 2443/2443
f 2444/2444 2508/2508 2443/2443
f 2509/2509 2508/2508 2444/2444
f 2445/2445 2509/2509 2444/2444
f 2510/2510 2509/2509 2445/2445
f 2446/2446 2510/2510 2445/2445
f 2511/2511 2510/2510 2446/2446
f 2447/2447 2511/2511 2446/2446
f 2512/2512 2511/2511 2447/2447
f 2448/2448 2512/2512 2447/2447
f 2513/2513 2512/2512 2448/2448
f 2449/2449 2513/2513 2448/2448
f 2514/2514 2513/2513 2449/2449
f 2450/2450 2514/2514 2449/2449
f 2515/2515 2514/2514 2450/2450
f 2451/2451 2515/2515 2450/2450
f 2516/2516 2515/2515 2451/2451
f 2452/2452 2516/2516 2451/2451
f 2517/2517 2516/2516 2452/2452
f 2453/2453 2517/2517 2452/2452
f 2518/2518 2517/2517 2453/2453
f 2454/2454 2518/2518 2453/2453
f 2519/2519 2518/2518 2454/2454
f 2455/2455 2519/2519 2454/2454
f 2520/2520 2519/2519 2455/2455
f 2456/2456 2520/2520 2455/2455
f 2521/2521 2520/2520 2456/2456
f 2457/2457 2521/2521 2456/2456
f 2522/2522 2521/2521 2457/2457
f 2458/2458 2522/2522 2457/2457
f 2523/2523 2522/2522 2458/2458
f 2459/2459 2523/2523 2458/2458
f 2524/2524 2523/2523 2459/2459
f 2460/2460 2524/2524 2459/2459
f 2525/2525 2524/2524 2460/2460
f 2461/2461 2525/2525 2460/2460
f 2526/2526 2525/2525 2461/2461
f 2462/2462 2526/2526 2461/2461
f 2527/2527 2526/2526 2462/2462
f 2463/2463 2527/2527 2462/2462
f 2528/2528 2527/2527 2463/2463
f 2464/2464 2528/2528 2463/2463
f 2529/2529 2528/2528 2464/2464
f 2465/2465 2529/2529 2464/2464
f 2530/2530 2529/2529 2465/2465
f 2466/2466 2530/2530 2465/2465
f 2531/2531 2530/2530 2466/2466
f 2467/2467 2531/2531 2466/2466
f 2532/2532 2531/2531 2467/2467
f 2468/2468 2532/2532 2467/2467
f 2533/2533 2532/2532 2468/2468
f 2469/2469 2533/2533 2468/2468
f 2534/2534 2533/2533 2469/2469
f 2470/2470 2534/2534 2469/2469
f 2535/2535 2534/2534 2470/2470
f 2471/2471 2535/2535 2470/2470
f 2536/2536 2535/2535 2471/2471
f 2472/2472 2536/2536 2471/2471
f 2537/2537 2536/2536 2472/2472
f 2473/2473 2537/2537 2472/2472
f 2538/2538 2537/2537 2473/2473
f 2474/2474 2538/2538 2473/2473
f 2539/2539 2538/2538 2474/2474
f 2475/2475 2539/2539 2474/2474
f 2540/2540 2539/2539 2475/2475
f 2476/2476 2540/2540 2475/2475
f 2541/2541 2540/2540 2476/2476
f 2477/2477 2541/2541 2476/2476
f 2542/2542 2541/2541 2477/2477
f 2478/2478 2542/2542 2477/2477
f 2543/2543 2542/2542 2478/2478
f 2479/2479 2543/2543 2478/2478
f 2544/2544 2543/2543 2479/2479
f 2480/2480 2544/2544 2479/2479
f 2545/2545 2544/2544 2480/2480
f 2481/2481 2545/2545 2480/2480
f 2546/2546 2545/2545 2481/2481
f 2482/2482 2546/2546 2481/2481
f 2547/2547 2546/2546 2482/2482
f 2483/2483 2547/2547 2482/2482
f 2548/2548 2547/2547 2483/2483
f 2484/2484 2548/2548 2483/2483
f 2549/2549 2548/2548 2484/2484
f 2485/2485 2549/2549 2484/2484
f 2550/2550 2549/2549 2485/2485
f 2486/2486 2550/2550 2485/2485
f 2551/2551 2550/2550 2486/2486
f 2487/2487 2551/2551 2486/2486
f 2552/2552 2551/2551 2487/2487
f 2488/2488 2552/2552 2487/2487
f 2553/2553 2552/2552 2488/2488
f 2489/2489 2553/2553 2488/2488
f 2554/2554 2553/2553 2489/2489
f 2490/2490 2554/2554 2489/2489
f 2555/2555 2554/2554 2490/2490
f 2491/2491 2555/2555 2490/2490
f 2556/2556 2555/2555 2491/2491
f 2492/2492 2556/2556 2491/2491
f 2557/2557 2556/2556 2492/2492
f 2493/2493 2557/2557 2492/2492
f 2558/2558 2557/2557 2493/2493
f 2494/2494 2558/2558 2493/2493
f 2559/2559 2558/2558 2494/2494
f 2495/2495 2559/2559 2494/2494
f 2560/2560 2559/2559 2495/2495
f 2496/2496 2560/2560 2495/2495
f 2562/2562 2561/2561 2497/2497
f 2498/2498 2562/2562 2497/2497
f 2563/2563 2562/2562 2498/2498
f 2499/2499 2563/2563 2498/2498
f 2564/2564 2563/2563 2499/2499
f 2500/2500 2564/2564 2499/2499
f 2565/2565 2564/2564 2500/2500
f 2501/2501 2565/2565 2500/2500
f 2566/2566 2565/2565 2501/2501
f 2502/2502 2566/2566 2501/2501
f 2567/2567 2566/2566 2502/2502
f 2503/2503 2567/2567 2502/2502
f 2568/2568 2567/2567 2503/2503
f 2504/2504 2568/2568 2503/2503
f 2569/2569 2568/2568 2504/2504
f 2505/2505 2569/2569 2504/2504
f 2570/2570 2569/2569 2505/2505
f 2506/2506 2570/2570 2505/2505
f 2571/2571 2570/2570 2506/2506
f 2507/2507 2571/2571 2506/2506
f 2572/2572 2571/2571 2507/2507
f 2508/2508 2572/2572 2507/2507
f 2573/2573 2572/2572 2508/2508
f 2509/2509 2573/2573 2508/2508
f 2574/2574 2573/2573 2509/2509
f 2510/2510 2574/2574 2509/2509
f 2575/2575 2574/2574 2510/2510
f 2511/2511 2575/2575 2510/2510
f 2576/2576 2575/2575 2511/2511
f 2512/2512 2576/2576 2511/2511
f 2577/2577 2576/2576 2512/2512
f 2513/2513 2577/2577 2512/2512
f 2578/2578 2577/2577 2513/2513
f 2514/2514 2578/2578 2513/2513
f 2579/2579 2578/2578 2514/2514
f 2515/2515 2579/2579 2514/2514
f 2580/2580 2579/2579 2515/2515
f 2516/2516 2580/2580 2515/2515
f 2581/2581 2580/2580 2516/2516
f 2517/2517 2581/2581 2516/2516
f 2582/2582 2581/2581 2517/2517
f 2518/2518 2582/2582 2517/2517
f 2583/2583 2582/2582 2518/2518
f 2519/2519 2583/2583 2518/2518
f 2584/2584 2583/2583 2519/2519
f 2520/2520 2584/2584 2519/2519
f 2585/2585 2584/2584 2520/2520
f 2521/2521 2585/2585 2520/2520
f 2586/2586 2585/2585 2521/2521
f 2522/2522 2586/2586 2521/2521
f 2587/2587 2586/2586 2522/2522
f 2523/2523 2587/2587 2522/2522
f 2588/2588 2587/2587 2523/2523
f 2524/2524 2588/2588 2523/2523
f 2589/2589 2588/2588 2524/2524
f 2525/2525 2589/2589 2524/2524
f 2590/2590 2589/2589 2525/2525
f 2526/2526 2590/2590 2525/2525
f 2591/2591 2590/2590 2526/2526
f 2527/2527 2591/2591 2526/2526
f 2592/2592 2591/2591 2527/2527
f 2528/2528 2592/2592 2527/2527
f 2593/2593 2592/2592 2528/2528
f 2529/2529 2593/2593 2528/2528
f 2594/2594 2593/2593 2529/2529
f 2530/2530 2594/2594 2529/2529
f 2595/2595 2594/2594 2530/2530
f 2531/2531 2595/2595 2530/2530
f 2596/2596 2595/2595 2531/2531
f 2532/2532 2596/2596 2531/2531
f 2597/2597 2596/2596 2532/2532
f 2533/2533 2597/2597 2532/2532
f 2598/2598 2597/2597 2533/2533
f 2534/2534 2598/2598 2533/2533
f 2599/2599 2598/2598 2534/2534
f 2535/2535 2599/2599 2534/2534
f 2600/2600 2599/2599 2535/2535
f 2536/2536 2600/2600 2535/2535
f 2601/2601 2600/2600 2536/2536
f 2537/2537 2601/2601 2536/2536
f 2602/2602 2601/2601 2537/2537
f 2538/2538 2602/2602 2537/2537
f 2603/2603 2602/2602 2538/2538
f 2539/2539 2603/2603 2538/2538
f 2604/2604 2603/2603 2539/2539
f 2540/2540 2604/2604 2539/2539
f 2605/2605 2604/2604 2540/2540
f 2541/2541 2605/2605 2540/2540
f 2606/2606 2605/2605 2541/2541
f 2542/2542 2606/2606 2541/2541
f 2607/2607 2606/2606 2542/2542
f 2543/2543 2607/2607 2542/2542
f 2608/2608 2607/2607 2543/2543
f 2544/2544 2608/2608 2543/2543
f 2609/2609 2608/2608 2544/2544
f 2545/2545 2609/2609 2544/2544
f 2610/2610 2609/2609 2545/2545
f 2546/2546 2610/2610 2545/2545
f 2611/2611 2610/2610 2546/2546
f 2547/2547 2611/2611 2546/2546
f 2612/2612 2611/2611 2547/2547
f 2548/2548 2612/2612 2547/2547
f 2613/2613 2612/2612 2548/2548
f 2549/2549 2613/2613 2548/2548
f 2614/2614 2613/2613 2549/2549
f 2550/2550 2614/2614 2549/2549
f 2615/2615 2614/2614 2550/2550
f 2551/2551 2615/2615 2550/2550
f 2616/2616 2615/2615 2551/2551
f 2552/2552 2616/2616 2551/2551
f 2617/2617 2616/2616 2552/2552
f 2553/2553 2617/2617 2552/2552
f 2618/2618 2617/2617 2553/2553
f 2554/2554 2618/2618 2553/2553
f 2619/2619 2618/2618 2554/2554
f 2555/2555 2619/2619 2554/2554
f 2620/2620 2619/2619 2555/2555
f 2556/2556 2620/2620 2555/2555
f 2621/2621 2620/2620 2556/2556
f 2557/2557 2621/2621 2556/2556
f 2622/2622 2621/2621 2557/2557
f 2558/2558 2622/2622 2557/2557
f 2623/2623 2622/2622 2558/2558
f 2559/2559 2623/2623 2558/2558
f 2624/2624 2623/2623 2559/2559
f 2560/2560 2624/2624 2559/2559
f 2626/2626 2625/2625 2561/2561
f 2562/2562 2626/2626 2561/2561
f 2627/2627 2626/2626 2562/2562
f 2563/2563 2627/2627 2562/2562
f 2628/2628 2627/2627 2563/2563
f 2564/2564 2628/2628 2563/2563
f 2629/2629 2628/2628 2564/2564
f 2565/2565 2629/2629 2564/2564
f 2630/2630 2629/2629 2565/2565
f 2566/2566 2630/2630 2565/2565
f 2631/2631 2630/2630 2566/2566
f 2567/2567 2631/2631 2566/2566
f 2632/2632 2631/2631 2567/2567
f 2568/2568 2632/2632 2567/2567
f 2633/2633 2632/2632 2568/2568
f 2569/2569 2633/2633 2568/2568
f 2634/2634 2633/2633 2569/2569
f 2570/2570 2634/2634 2569/2569
f 2635/2635 2634/2634 2570/2570
f 2571/2571 2635/2635 2570/2570
f 2636/2636 2635/2635 2571/2571
f 2572/2572 2636/2636 2571/2571
f 2637/2637 2636/2636 2572/2572
f 2573/2573 2637/2637 2572/2572
f 2638/2638 2637/2637 2573/2573
f 2574/2574 2638/2638 2573/2573
f 2639/2639 2638/2638 2574/2574
f 2575/2575 2639/2639 2574/2574
f 2640/2640 2639/2639 2575/2575
f 2576/2576 2640/2640 2575/2575
f 2641/2641 2640/2640 2576/2576
f 2577/2577 2641/2641 2576/2576
f 2642/2642 2641/2641 2577/2577
f 2578/2578 2642/2642 2577/2577
f 2643/2643 2642/2642 2578/2578
f 2579/2579 2643/2643 2578/2578
f 2644/2644 2643/2643 2579/2579
f 2580/2580 2644/2644 2579/2579
f 2645/2645 2644/2644 2580/2580
f 2581/2581 2645/2645 2580/2580
f 2646/2646 2645/2645 2581/2581
f 2582/2582 2646/2646 2581/2581
f 2647/2647 2646/2646 2582/2582
f 2583/2583 2647/2647 2582/2582
f 2648/2648 2647/2647 2583/2583
f 2584/2584 2648/2648 2583/2583
f 2649/2649 2648/2648 2584/2584
f 2585/2585 2649/2649 2584/2584
f 2650/2650 2649/2649 2585/2585
f 2586/2586 2650/2650 2585/2585
f 2651/2651 2650/2650 2586/2586
f 2587/2587 2651/2651 2586/2586
f 2652/2652 2651/2651 2587/2587
f 2588/2588 2652/2652 2587/2587
f 2653/2653 2652/2652 2588/2588
f 2589/2589 2653/2653 2588/2588
f 2654/2654 2653/2653 2589/2589
f 2590/2590 2654/2654 2589/2589
f 2655/2655 2654/2654 2590/2590
f 2591/2591 2655/2655 2590/2590
f 2656/2656 2655/2655 2591/2591
f 2592/2592 2656/2656 2591/2591
f 2657/2657 2656/2656 2592/2592
f 2593/2593 2657/2657 2592/2592
f 2658/2658 2657/2657 2593/2593
f 2594/2594 2658/2658 2593/2593
f 2659/2659 2658/2658 2594/2594
f 2595/2595 2659/2659 2594/2594
f 2660/2660 2659/2659 2595/2595
f 2596/2596 2660/2660 2595/2595
f 2661/2661 2660/2660 2596/2596
f 2597/2597 2661/2661 2596/2596
f 2662/2662 2661/2661 2597/2597
f 2598/2598 2662/2662 2597/2597
f 2663/2663 2662/2662 2598/2598
f 2599/2599 2663/2663 2598/2598
f 2664/2664 2663/2663 2599/2599
f 2600/2600 2664/2664 2599/2599
f 2665/2665 2664/2664 2600/2600
f 2601/2601 2665/2665 2600/2600
f 2666/2666 2665/2665 2601/2601
f 2602/2602 2666/2666 2601/2601
f 2667/2667 2666/2666 2602/2602
f 2603/2603 2667/2667 2602/2602
f 2668/2668 2667/2667 2603/2603
f 2604/2604 2668/2668 2603/2603
f 2669/2669 2668/2668 2604/2604
f 2605/2605 2669/2669 2604/2604
f 2670/2670 2669/2669 2605/2605
f 2606/2606 2670/2670 2605/2605
f 2671/2671 2670/2670 2606/2606
f 2607/2607 2671/2671 2606/2606
f 2672/2672 2671/2671 2607/2607
f 2608/2608 2672/2672 2607/2607
f 2673/2673 2672/2672 2608/2608
f 2609/2609 2673/2673 2608/2608
f 2674/2674 2673/2673 2609/2609
f 2610/2610 2674/2674 2609/2609
f 2675/2675 2674/2674 2610/2610
f 2611/2611 2675/2675 2610/2610
f 2676/2676 2675/2675 2611/2611
f 2612/2612 2676/2676 2611/2611
f 2677/2677 2676/2676 2612/2612
f 2613/2613 2677/2677 2612/2612
f 2678/2678 2677/2677 2613/2613
f 2614/2614 2678/2678 2613/2613
f 2679/2679 2678/2678 2614/2614
f 2615/2615 2679/2679 2614/2614
f 2680/2680 2679/2679 2615/2615
f 2616/2616 2680/2680 2615/2615
f 2681/2681 2680/2680 2616/2616
f 2617/2617 2681/2681 2616/2616
f 2682/2682 2681/2681 2617/2617
f 2618/2618 2682/2682 2617/2617
f 2683/2683 2682/2682 2618/2618
f 2619/2619 2683/2683 2618/2618
f 2684/2684 2683/2683 2619/2619
f 2620/2620 2684/2684 2619/2619
f 2685/2685 2684/2684 2620/2620
f 2621/2621 2685/2685 2620/2620
f 2686/2686 2685/2685 2621/2621
f 2622/2622 2686/2686 2621/2621
f 2687/2687 2686/2686 2622/2622
f 2623/2623 2687/2687 2622/2622
f 2688/2688 2687/2687 2623/2623
f 2624/2624 2688/2688 2623/2623
f 2690/2690 2689/2689 2625/2625
f 2626/2626 2690/2690 2625/2625
f 2691/2691 2690/2690 2626/2626
f 2627/2627 2691/2691 2626/2626
f 2692/2692 2691/2691 2627/2627
f 2628/2628 2692/2692 2627/2627
f 2693/2693 2692/2692 2628/2628
f 2629/2629 2693/2693 2628/2628
f 2694/2694 2693/2693 2629/2629
f 2630/2630 2694/2694 2629/2629
f 2695/2695 2694/2694 2630/2630
f 2631/2631 2695/2695 2630/2630
f 2696/2696 2695/2695 2631/2631
f 2632/2632 2696/2696 2631/2631
f 2697/2697 2696/2696 2632/2632
f 2633/2633 2697/2697 2632/2632
f 2698/2698 2697/2697 2633/2633
f 2634/2634 2698/2698 2633/2633
f 2699/2699 2698/2698 2634/2634
f 2635/2635 2699/2699 2634/2634
f 2700/2700 2699/2699 2635/2635
f 2636/2636 2700/2700 2635/2635
f 2701/2701 2700/2700 2636/2636
f 2637/2637 2701/2701 2636/2636
f 2702/2702 2701/2701 2637/2637
f 2638/2638 2702/2702 2637/2637
f 2703/2703 2702/2702 2638/2638
f 2639/2639 2703/2703 2638/2638
f 2704/2704 2703/2703 2639/2639
f 2640/2640 2704/2704 2639/2639
f 2705/2705 2704/2704 2640/2640
f 2641/2641 2705/2705 2640/2640
f 2706/2706 2705/2705 2641/2641
f 2642/2642 2706/2706 2641/2641
f 2707/2707 2706/2706 2642/2642
f 2643/2643 2707/2707 2642/2642
f 2708/2708 2707/2707 2643/2643
f 2644/2644 2708/2708 2643/2643
f 2709/2709 2708/2708 2644/2644
f 2645/2645 2709/2709 2644/2644
f 2710/2710 2709/2709 2645/2645
f 2646/2646 2710/2710 2645/2645
f 2711/2711 2710/2710 2646/2646
f 2647/2647 2711/2711 2646/2646
f 2712/2712 2711/2711 2647/2647
f 2648/2648 2712/2712 2647/2647
f 2713/2713 2712/2712 2648/2648
f 2649/2649 2713/2713 2648/2648
f 2714/2714 2713/2713 2649/2649
f 2650/2650 2714/2714 2649/2649
f 2715/2715 2714/2714 2650/2650
f 2651/2651 2715/2715 2650/2650
f 2716/2716 2715/2715 2651/2651
f 2652/2652 2716/2716 2651/2651
f 2717/2717 2716/2716 2652/2652
f 2653/2653 2717/2717 2652/2652
f 2718/2718 2717/2717 2653/2653
f 2654/2654 2718/2718 2653/2653
f 2719/2719 2718/2718 2654/2654
f 2655/2655 2719/2719 2654/2654
f 2720/2720 2719/2719 2655/2655
f 2656/2656 2720/2720 2655/2655
f 2721/2721 2720/2720 2656/2656
f 2657/2657 2721/2721 2656/2656
f 2722/2722 2721/2721 2657/2657
f 2658/2658 2722/2722 2657/2657
f 2723/2723 2722/2722 2658/2658
f 2659/2659 2723/2723 2658/2658
f 2724/2724 2723/2723 2659/2659
f 2660/2660 2724/2724 2659/2659
f 2725/2725 2724/2724 2660/2660
f 2661/2661 2725/2725 2660/2660
f 2726/2726 2725/2725 2661/2661
f 2662/2662 2726/2726 2661/2661
f 2727/2727 2726/2726 2662/2662
f 2663/2663 2727/2727 2662/2662
f 2728/2728 2727/2727 2663/2663
f 2664/2664 2728/2728 2663/2663
f 2729/2729 2728/2728 2664/2664
f 2665/2665 2729/2729 2664/2664
f 2730/2730 2729/2729 2665/2665
f 2666/2666 2730/2730 2665/2665
f 2731/2731 2730/2730 2666/2666
f 2667/2667 2731/2731 2666/2666
f 2732/2732 2731/2731 2667/2667
f 2668/2668 2732/2732 2667/2667
f 2733/2733 2732/2732 2668/2668
f 2669/2669 2733/2733 2668/2668
f 2734/2734 2733/2733 2669/2669
f 2670/2670 2734/2734 2669/2669
f 2735/2735 2734/2734 2670/2670
f 2671/2671 2735/2735 2670/2670
f 2736/2736 2735/2735 2671/2671
f 2672/2672 2736/2736 2671/2671
f 2737/2737 2736/2736 2672/2672
f 2673/2673 2737/2737 2672/2672
f 2738/2738 2737/2737 2673/2673
f 2674/2674 2738/2738 2673/2673
f 2739/2739 2738/2738 2674/2674
f 2675/2675 2739/2739 2674/2674
f 2740/2740 2739/2739 2675/2675
f 2676/2676 2740/2740 2675/2675
f 2741/2741 2740/2740 2676/2676
f 2677/2677 2741/2741 2676/2676
f 2742/2742 2741/2741 2677/2677
f 2678/2678 2742/2742 2677/2677
f 2743/2743 2742/2742 2678/2678
f 2679/2679 2743/2743 2678/2678
f 2744/2744 2743/2743 2679/2679
f 2680/2680 2744/2744 2679/2679
f 2745/2745 2744/2744 2680/2680
f 2681/2681 2745/2745 2680/2680
f 2746/2746 2745/2745 2681/2681
f 2682/2682 2746/2746 2681/2681
f 2747/2747 2746/2746 2682/2682
f 2683/2683 2747/2747 2682/2682
f 2748/2748 2747/2747 2683/2683
f 2684/2684 2748/2748 2683/2683
f 2749/2749 2748/2748 2684/2684
f 2685/2685 2749/2749 2684/2684
f 2750/2750 2749/2749 2685/2685
f 2686/2686 2750/2750 2685/2685
f 2751/2751 2750/2750 2686/2686
f 2687/2687 2751/2751 2686/2686
f 2752/2752 2751/2751 2687/2687
f 2688/2688 2752/2752 2687/2687
f 2754/2754 2753/2753 2689/2689
f 2690/2690 2754/2754 2689/2689
f 2755/2755 2754/2754 2690/2690
f 2691/2691 2755/2755 2690/2690
f 2756/2756 2755/2755 2691/2691
f 2692/2692 2756/2756 2691/2691
f 2757/2757 2756/2756 2692/2692
f 2693/2693 2757/2757 2692/2692
f 2758/2758 2757/2757 2693/2693
f 2694/2694 2758/2758 2693/2693
f 2759/2759 2758/2758 2694/2694
f 2695/2695 2759/2759 2694/2694
f 2760/2760 2759/2759 2695/2695
f 2696/2696 2760/2760 2695/2695
f 2761/2761 2760/2760 2696/2696
f 2697/2697 2761/2761 2696/2696
f 2762/2762 2761/2761 2697/2697
f 2698/2698 2762/2762 2697/2697
f 2763/2763 2762/2762 2698/2698
f 2699/2699 2763/2763 2698/2698
f 2764/2764 2763/2763 2699/2699
f 2700/2700 2764/2764 2699/2699
f 2765/2765 2764/2764 2700/2700
f 2701/2701 2765/2765 2700/2700
f 2766/2766 2765/2765 2701/2701
f 2702/2702 2766/2766 2701/2701
f 2767/2767 2766/2766 2702/2702
f 2703/2703 2767/2767 2702/2702
f 2768/2768 2767/2767 2703/2703
f 2704/2704 2768/2768 2703/2703
f 2769/2769 2768/2768 2704/2704
f 2705/2705 2769/2769 2704/2704
f 2770/2770 2769/2769 2705/2705
f 2706/2706 2770/2770 2705/2705
f 2771/2771 2770/2770 2706/2706
f 2707/2707 2771/2771 2706/2706
f 2772/2772 2771/2771 2707/2707
f 2708/2708 2772/2772 2707/2707
f 2773/2773 2772/2772 2708/2708
f 2709/2709 2773/2773 2708/2708
f 2774/2774 2773/2773 2709/2709
f 2710/2710 2774/2774 2709/2709
f 2775/2775 2774/2774 2710/2710
f 2711/2711 2775/2775 2710/2710
f 2776/2776 2775/2775 2711/2711
f 2712/2712 2776/2776 2711/2711
f 2777/2777 2776/2776 2712/2712
f 2713/2713 2777/2777 2712/2712
f 2778/2778 2777/2777 2713/2713
f 2714/2714 2778/2778 2713/2713
f 2779/2779 2778/2778 2714/2714
f 2715/2715 2779/2779 2714/2714
f 2780/2780 2779/2779 2715/2715
f 2716/2716 2780/2780 2715/2715
f 2781/2781 2780/2780 2716/2716
f 2717/2717 2781/2781 2716/2716
f 2782/2782 2781/2781 2717/2717
f 2718/2718 2782/2782 2717/2717
f 2783/2783 2782/2782 2718/2718
f 2719/2719 2783/2783 2718/2718
f 2784/2784 2783/2783 2719/2719
f 2720/2720 2784/2784 2719/2719
f 2785/2785 2784/2784 2720/2720
f 2721/2721 2785/2785 2720/2720
f 2786/2786 2785/2785 2721/2721
f 2722/2722 2786/2786 2721/2721
f 2787/2787 2786/2786 2722/2722
f 2723/2723 2787/2787 2722/2722
f 2788/2788 2787/2787 2723/2723
f 2724/2724 2788/2788 2723/2723
f 2789/2789 2788/2788 2724/2724
f 2725/2725 2789/2789 2724/2724
f 2790/2790 2789/2789 2725/2725
f 2726/2726 2790/2790 2725/2725
f 2791/2791 2790/2790 2726/2726
f 2727/2727 2791/2791 2726/2726
f 2792/2792 2791/2791 2727/2727
f 2728/2728 2792/2792 2727/2727
f 2793/2793 2792/2792 2728/2728
f 2729/2729 2793/2793 2728/2728
f 2794/2794 2793/2793 2729/2729
f 2730/2730 2794/2794 2729/2729
f 2795/2795 2794/2794 2730/2730
f 2731/2731 2795/2795 2730/2730
f 2796/2796 2795/2795 2731/2731
f 2732/2732 2796/2796 2731/2731
f 2797/2797 2796/2796 2732/2732
f 2733/2733 2797/2797 2732/2732
f 2798/2798 2797/2797 2733/2733
f 2734/2734 2798/2798 2733/2733
f 2799/2799 2798/2798 2734/2734
f 2735/2735 2799/2799 2734/2734
f 2800/2800 2799/2799 2735/2735
f 2736/2736 2800/2800 2735/2735
f 2801/2801 2800/2800 2736/2736
f 2737/2737 2801/2801 2736/2736
f 2802/2802 2801/2801 2737/2737
f 2738/2738 2802/2802 2737/2737
f 2803/2803 2802/2802 2738/2738
f 2739/2739 2803/2803 2738/2738
f 2804/2804 2803/2803 2739/2739
f 2740/2740 2804/2804 2739/2739
f 2805/2805 2804/2804 2740/2740
f 2741/2741 2805/2805 2740/2740
f 2806/2806 2805/2805 2741/2741
f 2742/2742 2806/2806 2741/2741
f 2807/2807 2806/2806 2742/2742
f 2743/2743 2807/2807 2742/2742
f 2808/2808 2807/2807 2743/2743
f 2744/2744 2808/2808 2743/2743
f 2809/2809 2808/2808 2744/2744
f 2745/2745 2809/2809 2744/2744
f 2810/2810 2809/2809 2745/2745
f 2746/2746 2810/2810 2745/2745
f 2811/2811 2810/2810 2746/2746
f 2747/2747 2811/2811 2746/2746
f 2812/2812 2811/2811 2747/2747
f 2748/2748 2812/2812 2747/2747
f 2813/2813 2812/2812 2748/2748
f 2749/2749 2813/2813 2748/2748
f 2814/2814 2813/2813 2749/2749
f 2750/2750 2814/2814 2749/2749
f 2815/2815 2814/2814 2750/2750
f 2751/2751 2815/2815 2750/2750
f 2816/2816 2815/2815 2751/2751
f 2752/2752 2816/2816 2751/2751
f 2818/2818 2817/2817 2753/2753
f 2754/2754 2818/2818 2753/2753
f 2819/2819 2818/2818 2754/2754
f 2755/2755 2819/2819 2754/2754
f 2820/2820 2819/2819 2755/2755
f 2756/2756 2820/2820 2755/2755
f 2821/2821 2820/2820 2756/2756
f 2757/2757 2821/2821 2756/2756
f 2822/2822 2821/2821 2757/2757
f 2758/2758 2822/2822 2757/2757
f 2823/2823 2822/2822 2758/2758
f 2759/2759 2823/2823 2758/2758
f 2824/2824 2823/2823 2759/2759
f 2760/2760 2824/2824 2759/2759
f 2825/2825 2824/2824 2760/2760
f 2761/2761 2825/2825 2760/2760
f 2826/2826 2825/2825 2761/2761
f 2762/2762 2826/2826 2761/2761
f 2827/2827 2826/2826 2762/2762
f 2763/2763 2827/2827 2762/2762
f 2828/2828 2827/2827 2763/2763
f 2764/2764 2828/2828 2763/2763
f 2829/2829 2828/2828 2764/2764
f 2765/2765 2829/2829 2764/2764
f 2830/2830 2829/2829 2765/2765
f 2766/2766 2830/2830 2765/2765
f 2831/2831 2830/2830 2766/2766
f 2767/2767 2831/2831 2766/2766
f 2832/2832 2831/2831 2767/2767
f 2768/2768 2832/2832 2767/2767
f 2833/2833 2832/2832 2768/2768
f 2769/2769 2833/2833 2768/2768
f 2834/2834 2833/2833 2769/2769
f 2770/2770 2834/2834 2769/2769
f 2835/2835 2834/2834 2770/2770
f 2771/2771 2835/2835 2770/2770
f 2836/2836 2835/2835 2771/2771
f 2772/2772 2836/2836 2771/2771
f 2837/2837 2836/2836 2772/2772
f 2773/2773 2837/2837 2772/2772
f 2838/2838 2837/2837 2773/2773
f 2774/2774 2838/2838 2773/2773
f 2839/2839 2838/2838 2774/2774
f 2775/2775 2839/2839 2774/2774
f 2840/2840 2839/2839 2775/2775
f 2776/2776 2840/2840 2775/2775
f 2841/2841 2840/2840 2776/2776
f 2777/2777 2841/2841 2776/2776
f 2842/2842 2841/2841 2777/2777
f 2778/2778 2842/2842 2777/2777
f 2843/2843 2842/2842 2778/2778
f 2779/2779 2843/2843 2778/2778
f 2844/2844 2843/2843 2779/2779
f 2780/2780 2844/2844 2779/2779
f 2845/2845 2844/2844 2780/2780
f 2781/2781 2845/2845 2780/2780
f 2846/2846 2845/2845 2781/2781
f 2782/2782 2846/2846 2781/2781
f 2847/2847 2846/2846 2782/2782
f 2783/2783 2847/2847 2782/2782
f 2848/2848 2847/2847 2783/2783
f 2784/2784 2848/2848 2783/2783
f 2849/2849 2848/2848 2784/2784
f 2785/2785 2849/2849 2784/2784
f 2850/2850 2849/2849 2785/2785
f 2786/2786 2850/2850 2785/2785
f 2851/2851 2850/2850 2786/2786
f 2787/2787 2851/2851 2786/2786
f 2852/2852 2851/2851 2787/2787
f 2788/2788 2852/2852 2787/2787
f 2853/2853 2852/2852 2788/2788
f 2789/2789 2853/2853 2788/2788
f 2854/2854 2853/2853 2789/2789
f 2790/2790 2854/2854 2789/2789
f 2855/2855 2854/2854 2790/2790
f 2791/2791 2855/2855 2790/2790
f 2856/2856 2855/2855 2791/2791
f 2792/2792 2856/2856 2791/2791
f 2857/2857 2856/2856 2792/2792
f 2793/2793 2857/2857 2792/2792
f 2858/2858 2857/2857 2793/2793
f 2794/2794 2858/2858 2793/2793
f 2859/2859 2858/2858 2794/2794
f 2795/2795 2859/2859 2794/2794
f 2860/2860 2859/2859 2795/2795
f 2796/2796 2860/2860 2795/2795
f 2861/2861 2860/2860 2796/2796
f 2797/2797 2861/2861 2796/2796
f 2862/2862 2861/2861 2797/2797
f 2798/2798 2862/2862 2797/2797
f 2863/2863 2862/2862 2798/2798
f 2799/2799 2863/2863 2798/2798
f 2864/2864 2863/2863 2799/2799
f 2800/2800 2864/2864 2799/2799
f 2865/2865 2864/2864 2800/2800
f 2801/2801 2865/2865 2800/2800
f 2866/2866 2865/2865 2801/2801
f 2802/2802 2866/2866 2801/2801
f 2867/2867 2866/2866 2802/2802
f 2803/2803 2867/2867 2802/2802
f 2868/2868 2867/2867 2803/2803
f 2804/2804 2868/2868 2803/2803
f 2869/2869 2868/2868 2804/2804
f 2805/2805 2869/2869 2804/2804
f 2870/2870 2869/2869 2805/2805
f 2806/2806 2870/2870 2805/2805
f 2871/2871 2870/2870 2806/2806
f 2807/2807 2871/2871 2806/2806
f 2872/2872 2871/2871 2807/2807
f 2808/2808 2872/2872 2807/2807
f 2873/2873 2872/2872 2808/2808
f 2809/2809 2873/2873 2808/2808
f 2874/2874 2873/2873 2809/2809
f 2810/2810 2874/2874 2809/2809
f 2875/2875 2874/2874 2810/2810
f 2811/2811 2875/2875 2810/2810
f 2876/2876 2875/2875 2811/2811
f 2812/2812 2876/2876 2811/2811
f 2877/2877 2876/2876 2812/2812
f 2813/2813 2877/2877 2812/2812
f 2878/2878 2877/2877 2813/2813
f 2814/2814 2878/2878 2813/2813
f 2879/2879 2878/2878 2814/2814
f 2815/2815 2879/2879 2814/2814
f 2880/2880 2879/2879 2815/2815
f 2816/2816 2880/2880 2815/2815
f 2882/2882 2881/2881 2817/2817
f 2818/2818 2882/2882 2817/2817
f 2883/2883 2882/2882 2818/2818
f 2819/2819 2883/2883 2818/2818
f 2884/2884 2883/2883 2819/2819
f 2820/2820 2884/2884 2819/2819
f 2885/2885 2884/2884 2820/2820
f 2821/2821 2885/2885 2820/2820
f 2886/2886 2885/2885 2821/2821
f 2822/2822 2886/2886 2821/2821
f 2887/2887 2886/2886 2822/2822
f 2823/2823 2887/2887 2822/2822
f 2888/2888 2887/2887 2823/2823
f 2824/2824 2888/2888 2823/2823
f 2889/2889 2888/2888 2824/2824
f 2825/2825 2889/2889 2824/2824
f 2890/2890 2889/2889 2825/2825
f 2826/2826 2890/2890 2825/2825
f 2891/2891 2890/2890 2826/2826
f 2827/2827 2891/2891 2826/2826
f 2892/2892 2891/2891 2827/2827
f 2828/2828 2892/2892 2827/2827
f 2893/2893 2892/2892 2828/2828
f 2829/2829 2893/2893 2828/2828
f 2894/2894 2893/2893 2829/2829
f 2830/2830 2894/2894 2829/2829
f 2895/2895 2894/2894 2830/2830
f 2831/2831 2895/2895 2830/2830
f 2896/2896 2895/2895 2831/2831
f 2832/2832 2896/2896 2831/2831
f 2897/2897 2896/2896 2832/2832
f 2833/2833 2897/2897 2832/2832
f 2898/2898 2897/2897 2833/2833
f 2834/2834 2898/2898 2833/2833
f 2899/2899 2898/2898 2834/2834
f 2835/2835 2899/2899 2834/2834
f 2900/2900 2899/2899 2835/2835
f 2836/2836 2900/2900 2835/2835
f 2901/2901 2900/2900 2836/2836
f 2837/2837 2901/2901 2836/2836
f 2902/2902 2901/2901 2837/2837
f 2838/2838 2902/2902 2837/2837
f 2903/2903 2902/2902 2838/2838
f 2839/2839 2903/2903 2838/2838
f 2904/2904 2903/2903 2839/2839
f 2840/2840 2904/2904 2839/2839
f 2905/2905 2904/2904 2840/2840
f 2841/2841 2905/2905 2840/2840
f 2906/2906 2905/2905 2841/2841
f 2842/2842 2906/2906 2841/2841
f 2907/2907 2906/2906 2842/2842
f 2843/2843 2907/2907 2842/2842
f 2908/2908 2907/2907 2843/2843
f 2844/2844 2908/2908 2843/2843
f 2909/2909 2908/2908 2844/2844
f 2845/2845 2909/2909 2844/2844
f 2910/2910 2909/2909 2845/2845
f 2846/2846 2910/2910 2845/2845
f 2911/2911 2910/2910 2846/2846
f 2847/2847 2911/2911 2846/2846
f 2912/2912 2911/2911 2847/2847
f 2848/2848 2912/2912 2847/2847
f 2913/2913 2912/2912 2848/2848
f 2849/2849 2913/2913 2848/2848
f 2914/2914 2913/2913 2849/2849
f 2850/2850 2914/2914 2849/2849
f 2915/2915 2914/2914 2850/2850
f 2851/2851 2915/2915 2850/2850
f 2916/2916 2915/2915 2851/2851
f 2852/2852 2916/2916 2851/2851
f 2917/2917 2916/2916 2852/2852
f 2853/2853 2917/2917 2852/2852
f 2918/2918 2917/2917 2853/2853
f 2854/2854 2918/2918 2853/2853
f 2919/2919 2918/2918 2854/2854
f 2855/2855 2919/2919 2854/2854
f 2920/2920 2919/2919 2855/2855
f 2856/2856 2920/2920 2855/2855
f 2921/2921 2920/2920 2856/2856
f 2857/2857 2921/2921 2856/2856
f 2922/2922 2921/2921 2857/2857
f 2858/2858 2922/2922 2857/2857
f 2923/2923 2922/2922 2858/2858
f 2859/2859 2923/2923 2858/2858
f 2924/2924 2923/2923 2859/2859
f 2860/2860 2924/2924 2859/2859
f 2925/2925 2924/2924 2860/2860
f 2861/2861 2925/2925 2860/2860
f 2926/2926 2925/2925 2861/2861
f 2862/2862 2926/2926 2861/2861
f 2927/2927 2926/2926 2862/2862
f 2863/2863 2927/2927 2862/2862
f 2928/2928 2927/2927 2863/2863
f 2864/2864 2928/2928 2863/2863
f 2929/2929 2928/2928 2864/2864
f 2865/2865 2929/2929 2864/2864
f 2930/2930 2929/2929 2865/2865
f 2866/2866 2930/2930 2865/2865
f 2931/2931 2930/2930 2866/2866
f 2867/2867 2931/2931 2866/2866
f 2932/2932 2931/2931 2867/2867
f 2868/2868 2932/2932 2867/2867
f 2933/2933 2932/2932 2868/2868
f 2869/2869 2933/2933 2868/2868
f 2934/2934 2933/2933 2869/2869
f 2870/2870 2934/2934 2869/2869
f 2935/2935 2934/2934 2870/2870
f 2871/2871 2935/2935 2870/2870
f 2936/2936 2935/2935 2871/2871
f 2872/2872 2936/2936 2871/2871
f 2937/2937 2936/2936 2872/2872
f 2873/2873 2937/2937 2872/2872
f 2938/2938 2937/2937 2873/2873
f 2874/2874 2938/2938 2873/2873
f 2939/2939 2938/2938 2874/2874
f 2875/2875 2939/2939 2874/2874
f 2940/2940 2939/2939 2875/2875
f 2876/2876 2940/2940 2875/2875
f 2941/2941 2940/2940 2876/2876
f 2877/2877 2941/2941 2876/2876
f 2942/2942 2941/2941 2877/2877
f 2878/2878 2942/2942 2877/2877
f 2943/2943 2942/2942 2878/2878
f 2879/2879 2943/2943 2878/2878
f 2944/2944 2943/2943 2879/2879
f 2880/2880 2944/2944 2879/2879
f 2946/2946 2945/2945 2881/2881
f 2882/2882 2946/2946 2881/2881
f 2947/2947 2946/2946 2882/2882
f 2883/2883 2947/2947 2882/2882
f 2948/2948 2947/2947 2883/2883
f 2884/2884 2948/2948 2883/2883
f 2949/2949 2948/2948 2884/2884
f 2885/2885 2949/2949 2884/2884
f 2950/2950 2949/2949 2885/2885
f 2886/2886 2950/2950 2885/2885
f 2951/2951 2950/2950 2886/2886
f 2887/2887 2951/2951 2886/2886
f 2952/2952 2951/2951 2887/2887
f 2888/2888 2952/2952 2887/2887
f 2953/2953 2952/2952 2888/2888
f 2889/2889 2953/2953 2888/2888
f 2954/2954 2953/2953 2889/2889
f 2890/2890 2954/2954 2889/2889
f 2955/2955 2954/2954 2890/2890
f 2891/2891 2955/2955 2890/2890
f 2956/2956 2955/2955 2891/2891
f 2892/2892 2956/2956 2891/2891
f 2957/2957 2956/2956 2892/2892
f 2893/2893 2957/2957 2892/2892
f 2958/2958 2957/2957 2893/2893
f 2894/2894 2958/2958 2893/2893
f 2959/2959 2958/2958 2894/2894
f 2895/2895 2959/2959 2894/2894
f 2960/2960 2959/2959 2895/2895
f 2896/2896 2960/2960 2895/2895
f 2961/2961 2960/2960 2896/2896
f 2897/2897 2961/2961 2896/2896
f 2962/2962 2961/2961 2897/2897
f 2898/2898 2962/2962 2897/2897
f 2963/2963 2962/2962 2898/2898
f 2899/2899 2963/2963 2898/2898
f 2964/2964 2963/2963 2899/2899
f 2900/2900 2964/2964 2899/2899
f 2965/2965 2964/2964 2900/2900
f 2901/2901 2965/2965 2900/2900
f 2966/2966 2965/2965 2901/2901
f 2902/2902 2966/2966 2901/2901
f 2967/2967 2966/2966 2902/2902
f 2903/2903 2967/2967 2902/2902
f 2968/2968 2967/2967 2903/2903
f 2904/2904 2968/2968 2903/2903
f 2969/2969 2968/2968 2904/2904
f 2905/2905 2969/2969 2904/2904
f 2970/2970 2969/2969 2905/2905
f 2906/2906 2970/2970 2905/2905
f 2971/2971 2970/2970 2906/2906
f 2907/2907 2971/2971 2906/2906
f 2972/2972 2971/2971 2907/2907
f 2908/2908 2972/2972 2907/2907
f 2973/2973 2972/2972 2908/2908
f 2909/2909 2973/2973 2908/2908
f 2974/2974 2973/2973 2909/2909
f 2910/2910 2974/2974 2909/2909
f 2975/2975 2974/2974 2910/2910
f 2911/2911 2975/2975 2910/2910
f 2976/2976 2975/2975 2911/2911
f 2912/2912 2976/2976 2911/2911
f 2977/2977 2976/2976 2912/2912
f 2913/2913 2977/2977 2912/2912
f 2978/2978 2977/2977 2913/2913
f 2914/2914 2978/2978 2913/2913
f 2979/2979 2978/2978 2914/2914
f 2915/2915 2979/2979 2914/2914
f 2980/2980 2979/2979 2915/2915
f 2916/2916 2980/2980 2915/2915
f 2981/2981 2980/2980 2916/2916
f 2917/2917 2981/2981 2916/2916
f 2982/2982 2981/2981 2917/2917
f 2918/2918 2982/2982 2917/2917
f 2983/2983 2982/2982 2918/2918
f 2919/2919 2983/2983 2918/2918
f 2984/2984 2983/2983 2919/2919
f 2920/2920 2984/2984 2919/2919
f 2985/2985 2984/2984 2920/2920
f 2921/2921 2985/2985 2920/2920
f 2986/2986 2985/2985 2921/2921
f 2922/2922 2986/2986 2921/2921
f 2987/2987 2986/2986 2922/2922
f 2923/2923 2987/2987 2922/2922
f 2988/2988 2987/2987 2923/2923
f 2924/2924 2988/2988 2923/2923
f 2989/2989 2988/2988 2924/2924
f 2925/2925 2989/2989 2924/2924
f 2990/2990 2989/2989 2925/2925
f 2926/2926 2990/2990 2925/2925
f 2991/2991 2990/2990 2926/2926
f 2927/2927 2991/2991 2926/2926
f 2992/2992 2991/2991 2927/2927
f 2928/2928 2992/2992 2927/2927
f 2993/2993 2992/2992 2928/2928
f 2929/2929 2993/2993 2928/2928
f 2994/2994 2993/2993 2929/2929
f 2930/2930 2994/2994 2929/2929
f 2995/2995 2994/2994 2930/2930
f 2931/2931 2995/2995 2930/2930
f 2996/2996 2995/2995 2931/2931
f 2932/2932 2996/2996 2931/2931
f 2997/2997 2996/2996 2932/2932
f 2933/2933 2997/2997 2932/2932
f 2998/2998 2997/2997 2933/2933
f 2934/2934 2998/2998 2933/2933
f 2999/2999 2998/2998 2934/2934
f 2935/2935 2999/2999 2934/2934
f 3000/3000 2999/2999 2935/2935
f 2936/2936 3000/3000 2935/2935
f 3001/3001 3000/3000 2936/2936
f 2937/2937 3001/3001 2936/2936
f 3002/3002 3001/3001 2937/2937
f 2938/2938 3002/3002 2937/2937
f 3003/3003 3002/3002 2938/2938
f 2939/2939 3003/3003 2938/2938
f 3004/3004 3003/3003 2939/2939
f 2940/2940 3004/3004 2939/2939
f 3005/3005 3004/3004 2940/2940
f 2941/2941 3005/3005 2940/2940
f 3006/3006 3005/3005 2941/2941
f 2942/2942 3006/3006 2941/2941
f 3007/3007 3006/3006 2942/2942
f 2943/2943 3007/3007 2942/2942
f 3008/3008 3007/3007 2943/2943
f 2944/2944 3008/3008 2943/2943
f 3010/3010 3009/3009 2945/2945
f 2946/2946 3010/3010 2945/2945
f 3011/3011 3010/3010 2946/2946
f 2947/2947 3011/3011 2946/2946
f 3012/3012 3011/3011 2947/2947
f 2948/2948 3012/3012 2947/2947
f 3013/3013 3012/3012 2948/2948
f 2949/2949 3013/3013 2948/2948
f 3014/3014 3013/3013 2949/2949
f 2950/2950 3014/3014 2949/2949
f 3015/3015 3014/3014 2950/2950
f 2951/2951 3015/3015 2950/2950
f 3016/3016 3015/3015 2951/2951
f 2952/2952 3016/3016 2951/2951
f 3017/3017 3016/3016 2952/2952
f 2953/2953 3017/3017 2952/2952
f 3018/3018 3017/3017 2953/2953
f 2954/2954 3018/3018 2953/2953
f 3019/3019 3018/3018 2954/2954
f 2955/2955 3019/3019 2954/2954
f 3020/3020 3019/3019 2955/2955
f 2956/2956 3020/3020 2955/2955
f 3021/3021 3020/3020 2956/2956
f 2957/2957 3021/3021 2956/2956
f 3022/3022 3021/3021 2957/2957
f 2958/2958 3022/3022 2957/2957
f 3023/3023 3022/3022 2958/2958
f 2959/2959 3023/3023 2958/2958
f 3024/3024 3023/3023 2959/2959
f 2960/2960 3024/3024 2959/2959
f 3025/3025 3024/3024 2960/2960
f 2961/2961 3025/3025 2960/2960
f 3026/3026 3025/3025 2961/2961
f 2962/2962 3026/3026 2961/2961
f 3027/3027 3026/3026 2962/2962
f 2963/2963 3027/3027 2962/2962
f 3028/3028 3027/3027 2963/2963
f 2964/2964 3028/3028 2963/2963
f 3029/3029 3028/3028 2964/2964
f 2965/2965 3029/3029 2964/2964
f 3030/3030 3029/3029 2965/2965
f 2966/2966 3030/3030 2965/2965
f 3031/3031 3030/3030 2966/2966
f 2967/2967 3031/3031 2966/2966
f 3032/3032 3031/3031 2967/2967
f 2968/2968 3032/3032 2967/2967
f 3033/3033 3032/3032 2968/2968
f 2969/2969 3033/3033 2968/2968
f 3034/3034 3033/3033 2969/2969
f 2970/2970 3034/3034 2969/2969
f 3035/3035 3034/3034 2970/2970
f 2971/2971 3035/3035 2970/2970
f 3036/3036 3035/3035 2971/2971
f 2972/2972 3036/3036 2971/2971
f 3037/3037 3036/3036 2972/2972
f 2973/2973 3037/3037 2972/2972
f 3038/3038 3037/3037 2973/2973
f 2974/2974 3038/3038 2973/2973
f 3039/3039 3038/3038 2974/2974
f 2975/2975 3039/3039 2974/2974
f 3040/3040 3039/3039 2975/2975
f 2976/2976 3040/3040 2975/2975
f 3041/3041 3040/3040 2976/2976
f 2977/2977 3041/3041 2976/2976
f 3042/3042 3041/3041 2977/2977
f 2978/2978 3042/3042 2977/2977
f 3043/3043 3042/3042 2978/2978
f 2979/2979 3043/3043 2978/2978
f 3044/3044 3043/3043 2979/2979
f 2980/2980 3044/3044 2979/2979
f 3045/3045 3044/3044 2980/2980
f 2981/2981 3045/3045 2980/2980
f 3046/3046 3045/3045 2981/2981
f 2982/2982 3046/3046 2981/2981
f 3047/3047 3046/3046 2982/2982
f 2983/2983 3047/3047 2982/2982
f 3048/3048 3047/3047 2983/2983
f 2984/2984 3048/3048 2983/2983
f 3049/3049 3048/3048 2984/2984
f 2985/2985 3049/3049 2984/2984
f 3050/3050 3049/3049 2985/2985
f 2986/2986 3050/3050 2985/2985
f 3051/3051 3050/3050 2986/2986
f 2987/2987 3051/3051 2986/2986
f 3052/3052 3051/3051 2987/2987
f 2988/2988 3052/3052 2987/2987
f 3053/3053 3052/3052 2988/2988
f 2989/2989 3053/3053 2988/2988
f 3054/3054 3053/3053 2989/2989
f 2990/2990 3054/3054 2989/2989
f 3055/3055 3054/3054 2990/2990
f 2991/2991 3055/3055 2990/2990
f 3056/3056 3055/3055 2991/2991
f 2992/2992 3056/3056 2991/2991
f 3057/3057 3056/3056 2992/2992
f 2993/2993 3057/3057 2992/2992
f 3058/3058 3057/3057 2993/2993
f 2994/2994 3058/3058 2993/2993
f 3059/3059 3058/3058 2994/2994
f 2995/2995 3059/3059 2994/2994
f 3060/3060 3059/3059 2995/2995
f 2996/2996 3060/3060 2995/2995
f 3061/3061 3060/3060 2996/2996
f 2997/2997 3061/3061 2996/2996
f 3062/3062 3061/3061 2997/2997
f 2998/2998 3062/3062 2997/2997
f 3063/3063 3062/3062 2998/2998
f 2999/2999 3063/3063 2998/2998
f 3064/3064 3063/3063 2999/2999
f 3000/3000 3064/3064 2999/2999
f 3065/3065 3064/3064 3000/3000
f 3001/3001 3065/3065 3000/3000
f 3066/3066 3065/3065 3001/3001
f 3002/3002 3066/3066 3001/3001
f 3067/3067 3066/3066 3002/3002
f 3003/3003 3067/3067 3002/3002
f 3068/3068 3067/3067 3003/3003
f 3004/3004 3068/3068 3003/3003
f 3069/3069 3068/3068 3004/3004
f 3005/3005 3069/3069 3004/3004
f 3070/3070 3069/3069 3005/3005
f 3006/3006 3070/3070 3005/3005
f 3071/3071 3070/3070 3006/3006
f 3007/3007 3071/3071 3006/3006
f 3072/3072 3071/3071 3007/3007
f 3008/3008 3072/3072 3007/3007
f 3074/3074 3073/3073 3009/3009
f 3010/3010 3074/3074 3009/3009
f 3075/3075 3074/3074 3010/3010
f 3011/3011 3075/3075 3010/3010
f 3076/3076 3075/3075 3011/3011
f 3012/3012 3076/3076 3011/3011
f 3077/3077 3076/3076 3012/3012
f 3013/3013 3077/3077 3012/3012
f 3078/3078 3077/3077 3013/3013
f 3014/3014 3078/3078 3013/3013
f 3079/3079 3078/3078 3014/3014
f 3015/3015 3079/3079 3014/3014
f 3080/3080 3079/3079 3015/3015
f 3016/3016 3080/3080 3015/3015
f 3081/3081 3080/3080 3016/3016
f 3017/3017 3081/3081 3016/3016
f 3082/3082 3081/3081 3017/3017
f 3018/3018 3082/3082 3017/3017
f 3083/3083 3082/3082 3018/3018
f 3019/3019 3083/3083 3018/3018
f 3084/3084 3083/3083 3019/3019
f 3020/3020 3084/3084 3019/3019
f 3085/3085 3084/3084 3020/3020
f 3021/3021 3085/3085 3020/3020
f 3086/3086 3085/3085 3021/3021
f 3022/3022 3086/3086 3021/3021
f 3087/3087 3086/3086 3022/3022
f 3023/3023 3087/3087 3022/3022
f 3088/3088 3087/3087 3023/3023
f 3024/3024 3088/3088 3023/3023
f 3089/3089 3088/3088 3024/3024
f 3025/3025 3089/3089 3024/3024
f 3090/3090 3089/3089 3025/3025
f 3026/3026 3090/3090 3025/3025
f 3091/3091 3090/3090 3026/3026
f 3027/3027 3091/3091 3026/3026
f 3092/3092 3091/3091 3027/3027
f 3028/3028 3092/3092 3027/3027
f 3093/3093 3092/3092 3028/3028
f 3029/3029 3093/3093 3028/3028
f 3094/3094 3093/3093 3029/3029
f 3030/3030 3094/3094 3029/3029
f 3095/3095 3094/3094 3030/3030
f 3031/3031 3095/3095 3030/3030
f 3096/3096 3095/3095 3031/3031
f 3032/3032 3096/3096 3031/3031
f 3097/3097 3096/3096 3032/3032
f 3033/3033 3097/3097 3032/3032
f 3098/3098 3097/3097 3033/3033
f 3034/3034 3098/3098 3033/3033
f 3099/3099 3098/3098 3034/3034
f 3035/3035 3099/3099 3034/3034
f 3100/3100 3099/3099 3035/3035
f 3036/3036 3100/3100 3035/3035
f 3101/3101 3100/3100 3036/3036
f 3037/3037 3101/3101 3036/3036
f 3102/3102 3101/3101 3037/3037
f 3038/3038 3102/3102 3037/3037
f 3103/3103 3102/3102 3038/3038
f 3039/3039 3103/3103 3038/3038
f 3104/3104 3103/3103 3039/3039
f 3040/3040 3104/3104 3039/3039
f 3105/3105 3104/3104 3040/3040
f 3041/3041 3105/3105 3040/3040
f 3106/3106 3105/3105 3041/3041
f 3042/3042 3106/3106 3041/3041
f 3107/3107 3106/3106 3042/3042
f 3043/3043 3107/3107 3042/3042
f 3108/3108 3107/3107 3043/3043
f 3044/3044 3108/3108 3043/3043
f 3109/3109 3108/3108 3044/3044
f 3045/3045 3109/3109 3044/3044
f 3110/3110 3109/3109 3045/3045
f 3046/3046 3110/3110 3045/3045
f 3111/3111 3110/3110 3046/3046
f 3047/3047 3111/3111 3046/3046
f 3112/3112 3111/3111 3047/3047
f 3048/3048 3112/3112 3047/3047
f 3113/3113 3112/3112 3048/3048
f 3049/3049 3113/3113 3048/3048
f 3114/3114 3113/3113 3049/3049
f 3050/3050 3114/3114 3049/3049
f 3115/3115 3114/3114 3050/3050
f 3051/3051 3115/3115 3050/3050
f 3116/3116 3115/3115 3051/3051
f 3052/3052 3116/3116 3051/3051
f 3117/3117 3116/3116 3052/3052
f 3053/3053 3117/3117 3052/3052
f 3118/3118 3117/3117 3053/3053
f 3054/3054 3118/3118 3053/3053
f 3119/3119 3118/3118 3054/3054
f 3055/3055 3119/3119 3054/3054
f 3120/3120 3119/3119 3055/3055
f 3056/3056 3120/3120 3055/3055
f 3121/3121 3120/3120 3056/3056
f 3057/3057 3121/3121 3056/3056
f 3122/3122 3121/3121 3057/3057
f 3058/3058 3122/3122 3057/3057
f 3123/3123 3122/3122 3058/3058
f 3059/3059 3123/3123 3058/3058
f 3124/3124 3123/3123 3059/3059
f 3060/3060 3124/3124 3059/3059
f 3125/3125 3124/3124 3060/3060
f 3061/3061 3125/3125 3060/3060
f 3126/3126 3125/3125 3061/3061
f 3062/3062 3126/3126 3061/3061
f 3127/3127 3126/3126 3062/3062
f 3063/3063 3127/3127 3062/3062
f 3128/3128 3127/3127 3063/3063
f 3064/3064 3128/3128 3063/3063
f 3129/3129 3128/3128 3064/3064
f 3065/3065 3129/3129 3064/3064
f 3130/3130 3129/3129 3065/3065
f 3066/3066 3130/3130 3065/3065
f 3131/3131 3130/3130 3066/3066
f 3067/3067 3131/3131 3066/3066
f 3132/3132 3131/3131 3067/3067
f 3068/3068 3132/3132 3067/3067
f 3133/3133 3132/3132 3068/3068
f 3069/3069 3133/3133 3068/3068
f 3134/3134 3133/3133 3069/3069
f 3070/3070 3134/3134 3069/3069
f 3135/3135 3134/3134 3070/3070
f 3071/3071 3135/3135 3070/3070
f 3136/3136 3135/3135 3071/3071
f 3072/3072 3136/3136 3071/3071
f 3138/3138 3137/3137 3073/3073
f 3074/3074 3138/3138 3073/3073
f 3139/3139 3138/3138 3074/3074
f 3075/3075 3139/3139 3074/3074
f 3140/3140 3139/3139 3075/3075
f 3076/3076 3140/3140 3075/3075
f 3141/3141 3140/3140 3076/3076
f 3077/3077 3141/3141 3076/3076
f 3142/3142 3141/3141 3077/3077
f 3078/3078 3142/3142 3077/3077
f 3143/3143 3142/3142 3078/3078
f 3079/3079 3143/3143 3078/3078
f 3144/3144 3143/3143 3079/3079
f 3080/3080 3144/3144 3079/3079
f 3145/3145 3144/3144 3080/3080
f 3081/3081 3145/3145 3080/3080
f 3146/3146 3145/3145 3081/3081
f 3082/3082 3146/3146 3081/3081
f 3147/3147 3146/3146 3082/3082
f 3083/3083 3147/3147 3082/3082
f 3148/3148 3147/3147 3083/3083
f 3084/3084 3148/3148 3083/3083
f 3149/3149 3148/3148 3084/3084
f 3085/3085 3149/3149 3084/3084
f 3150/3150 3149/3149 3085/3085
f 3086/3086 3150/3150 3085/3085
f 3151/3151 3150/3150 3086/3086
f 3087/3087 3151/3151 3086/3086
f 3152/3152 3151/3151 3087/3087
f 3088/3088 3152/3152 3087/3087
f 3153/3153 3152/3152 3088/3088
f 3089/3089 3153/3153 3088/3088
f 3154/3154 3153/3153 3089/3089
f 3090/3090 3154/3154 3089/3089
f 3155/3155 3154/3154 3090/3090
f 3091/3091 3155/3155 3090/3090
f 3156/3156 3155/3155 3091/3091
f 3092/3092 3156/3156 3091/3091
f 3157/3157 3156/3156 3092/3092
f 3093/3093 3157/3157 3092/3092
f 3158/3158 3157/3157 3093/3093
f 3094/3094 3158/3158 3093/3093
f 3159/3159 3158/3158 3094/3094
f 3095/3095 3159/3159 3094/3094
f 3160/3160 3159/3159 3095/3095
f 3096/3096 3160/3160 3095/3095
f 3161/3161 3160/3160 3096/3096
f 3097/3097 3161/3161 3096/3096
f 3162/3162 3161/3161 3097/3097
f 3098/3098 3162/3162 3097/3097
f 3163/3163 3162/3162 3098/3098
f 3099/3099 3163/3163 3098/3098
f 3164/3164 3163/3163 3099/3099
f 3100/3100 3164/3164 3099/3099
f 3165/3165 3164/3164 3100/3100
f 3101/3101 3165/3165 3100/3100
f 3166/3166 3165/3165 3101/3101
f 3102/3102 3166/3166 3101/3101
f 3167/3167 3166/3166 3102/3102
f 3103/3103 3167/3167 3102/3102
f 3168/3168 3167/3167 3103/3103
f 3104/3104 3168/3168 3103/3103
f 3169/3169 3168/3168 3104/3104
f 3105/3105 3169/3169 3104/3104
f 3170/3170 3169/3169 3105/3105
f 3106/3106 3170/3170 3105/3105
f 3171/3171 3170/3170 3106/3106
f 3107/3107 3171/3171 3106/3106
f 3172/3172 3171/3171 3107/3107
f 3108/3108 3172/3172 3107/3107
f 3173/3173 3172/3172 3108/3108
f 3109/3109 3173/3173 3108/3108
f 3174/3174 3173/3173 3109/3109
f 3110/3110 3174/3174 3109/3109
f 3175/3175 3174/3174 3110/3110
f 3111/3111 3175/3175 3110/3110
f 3176/3176 3175/3175 3111/3111
f 3112/3112 3176/3176 3111/3111
f 3177/3177 3176/3176 3112/3112
f 3113/3113 3177/3177 3112/3112
f 3178/3178 3177/3177 3113/3113
f 3114/3114 3178/3178 3113/3113
f 3179/3179 3178/3178 3114/3114
f 3115/3115 3179/3179 3114/3114
f 3180/3180 3179/3179 3115/3115
f 3116/3116 3180/3180 3115/3115
f 3181/3181 3180/3180 3116/3116
f 3117/3117 3181/3181 3116/3116
f 3182/3182 3181/3181 3117/3117
f 3118/3118 3182/3182 3117/3117
f 3183/3183 3182/3182 3118/3118
f 3119/3119 3183/3183 3118/3118
f 3184/3184 3183/3183 3119/3119
f 3120/3120 3184/3184 3119/3119
f 3185/3185 3184/3184 3120/3120
f 3121/3121 3185/3185 3120/3120
f 3186/3186 3185/3185 3121/3121
f 3122/3122 3186/3186 3121/3121
f 3187/3187 3186/3186 3122/3122
f 3123/3123 3187/3187 3122/3122
f 3188/3188 3187/3187 3123/3123
f 3124/3124 3188/3188 3123/3123
f 3189/3189 3188/3188 3124/3124
f 3125/3125 3189/3189 3124/3124
f 3190/3190 3189/3189 3125/3125
f 3126/3126 3190/3190 3125/3125
f 3191/3191 3190/3190 3126/3126
f 3127/3127 3191/3191 3126/3126
f 3192/3192 3191/3191 3127/3127
f 3128/3128 3192/3192 3127/3127
f 3193/3193 3192/3192 3128/3128
f 3129/3129 3193/3193 3128/3128
f 3194/3194 3193/3193 3129/3129
f 3130/3130 3194/3194 3129/3129
f 3195/3195 3194/3194 3130/3130
f 3131/3131 3195/3195 3130/3130
f 3196/3196 3195/3195 3131/3131
f 3132/3132 3196/3196 3131/3131
f 3197/3197 3196/3196 3132/3132
f 3133/3133 3197/3197 3132/3132
f 3198/3198 3197/3197 3133/3133
f 3134/3134 3198/3198 3133/3133
f 3199/3199 3198/3198 3134/3134
f 3135/3135 3199/3199 3134/3134
f 3200/3200 3199/3199 3135/3135
f 3136/3136 3200/3200 3135/3135
f 3202/3202 3201/3201 3137/3137
f 3138/3138 3202/3202 3137/3137
f 3203/3203 3202/3202 3138/3138
f 3139/3139 3203/3203 3138/3138
f 3204/3204 3203/3203 3139/3139
f 3140/3140 3204/3204 3139/3139
f 3205/3205 3204/3204 3140/3140
f 3141/3141 3205/3205 3140/3140
f 3206/3206 3205/3205 3141/3141
f 3142/3142 3206/3206 3141/3141
f 3207/3207 3206/3206 3142/3142
f 3143/3143 3207/3207 3142/3142
f 3208/3208 3207/3207 3143/3143
f 3144/3144 3208/3208 3143/3143
f 3209/3209 3208/3208 3144/3144
f 3145/3145 3209/3209 3144/3144
f 3210/3210 3209/3209 3145/3145
f 3146/3146 3210/3210 3145/3145
f 3211/3211 3210/3210 3146/3146
f 3147/3147 3211/3211 3146/3146
f 3212/3212 3211/3211 3147/3147
f 3148/3148 3212/3212 3147/3147
f 3213/3213 3212/3212 3148/3148
f 3149/3149 3213/3213 3148/3148
f 3214/3214 3213/3213 3149/3149
f 3150/3150 3214/3214 3149/3149
f 3215/3215 3214/3214 3150/3150
f 3151/3151 3215/3215 3150/3150
f 3216/3216 3215/3215 3151/3151
f 3152/3152 3216/3216 3151/3151
f 3217/3217 3216/3216 3152/3152
f 3153/3153 3217/3217 3152/3152
f 3218/3218 3217/3217 3153/3153
f 3154/3154 3218/3218 3153/3153
f 3219/3219 3218/3218 3154/3154
f 3155/3155 3219/3219 3154/3154
f 3220/3220 3219/3219 3155/3155
f 3156/3156 3220/3220 3155/3155
f 3221/3221 3220/3220 3156/3156
f 3157/3157 3221/3221 3156/3156
f 3222/3222 3221/3221 3157/3157
f 3158/3158 3222/3222 3157/3157
f 3223/3223 3222/3222 3158/3158
f 3159/3159 3223/3223 3158/3158
f 3224/3224 3223/3223 3159/3159
f 3160/3160 3224/3224 3159/3159
f 3225/3225 3224/3224 3160/3160
f 3161/3161 3225/3225 3160/3160
f 3226/3226 3225/3225 3161/3161
f 3162/3162 3226/3226 3161/3161
f 3227/3227 3226/3226 3162/3162
f 3163/3163 3227/3227 3162/3162
f 3228/3228 3227/3227 3163/3163
f 3164/3164 3228/3228 3163/3163
f 3229/3229 3228/3228 3164/3164
f 3165/3165 3229/3229 3164/3164
f 3230/3230 3229/3229 3165/3165
f 3166/3166 3230/3230 3165/3165
f 3231/3231 3230/3230 3166/3166
f 3167/3167 3231/3231 3166/3166
f 3232/3232 3231/3231 3167/3167
f 3168/3168 3232/3232 3167/3167
f 3233/3233 3232/3232 3168/3168
f 3169/3169 3233/3233 3168/3168
f 3234/3234 3233/3233 3169/3169
f 3170/3170 3234/3234 3169/3169
f 3235/3235 3234/3234 3170/3170
f 3171/3171 3235/3235 3170/3170
f 3236/3236 3235/3235 3171/3171
f 3172/3172 3236/3236 3171/3171
f 3237/3237 3236/3236 3172/3172
f 3173/3173 3237/3237 3172/3172
f 3238/3238 3237/3237 3173/3173
f 3174/3174 3238/3238 3173/3173
f 3239/3239 3238/3238 3174/3174
f 3175/3175 3239/3239 3174/3174
f 3240/3240 3239/3239 3175/3175
f 3176/3176 3240/3240 3175/3175
f 3241/3241 3240/3240 3176/3176
f 3177/3177 3241/3241 3176/3176
f 3242/3242 3241/3241 3177/3177
f 3178/3178 3242/3242 3177/3177
f 3243/3243 3242/3242 3178/3178
f 3179/3179 3243/3243 3178/3178
f 3244/3244 3243/3243 3179/3179
f 3180/3180 3244/3244 3179/3179
f 3245/3245 3244/3244 3180/3180
f 3181/3181 3245/3245 3180/3180
f 3246/3246 3245/3245 3181/3181
f 3182/3182 3246/3246 3181/3181
f 3247/3247 3246/3246 3182/3182
f 3183/3183 3247/3247 3182/3182
f 3248/3248 3247/3247 3183/3183
f 3184/3184 3248/3248 3183/3183
f 3249/3249 3248/3248 3184/3184
f 3185/3185 3249/3249 3184/3184
f 3250/3250 3249/3249 3185/3185
f 3186/3186 3250/3250 3185/3185
f 3251/3251 3250/3250 3186/3186
f 3187/3187 3251/3251 3186/3186
f 3252/3252 3251/3251 3187/3187
f 3188/3188 3252/3252 3187/3187
f 3253/3253 3252/3252 3188/3188
f 3189/3189 3253/3253 3188/3188
f 3254/3254 3253/3253 3189/3189
f 3190/3190 3254/3254 3189/3189
f 3255/3255 3254/3254 3190/3190
f 3191/3191 3255/3255 3190/3190
f 3256/3256 3255/3255 3191/3191
f 3192/3192 3256/3256 3191/3191
f 3257/3257 3256/3256 3192/3192
f 3193/3193 3257/3257 3192/3192
f 3258/3258 3257/3257 3193/3193
f 3194/3194 3258/3258 3193/3193
f 3259/3259 3258/3258 3194/3194
f 3195/3195 3259/3259 3194/3194
f 3260/3260 3259/3259 3195/3195
f 3196/3196 3260/3260 3195/3195
f 3261/3261 3260/3260 3196/3196
f 3197/3197 3261/3261 3196/3196
f 3262/3262 3261/3261 3197/3197
f 3198/3198 3262/3262 3197/3197
f 3263/3263 3262/3262 3198/3198
f 3199/3199 3263/3263 3198/3198
f 3264/3264 3263/3263 3199/3199
f 3200/3200 3264/3264 3199/3199
f 3266/3266 3265/3265 3201/3201
f 3202/3202 3266/3266 3201/3201
f 3267/3267 3266/3266 3202/3202
f 3203/3203 3267/3267 3202/3202
f 3268/3268 3267/3267 3203/3203
f 3204/3204 3268/3268 3203/3203
f 3269/3269 3268/3268 3204/3204
f 3205/3205 3269/3269 3204/3204
f 3270/3270 3269/3269 3205/3205
f 3206/3206 3270/3270 3205/3205
f 3271/3271 3270/3270 3206/3206
f 3207/3207 3271/3271 3206/3206
f 3272/3272 3271/3271 3207/3207
f 3208/3208 3272/3272 3207/3207
f 3273/3273 3272/3272 3208/3208
f 3209/3209 3273/3273 3208/3208
f 3274/3274 3273/3273 3209/3209
f 3210/3210 3274/3274 3209/3209
f 3275/3275 3274/3274 3210/3210
f 3211/3211 3275/3275 3210/3210
f 3276/3276 3275/3275 3211/3211
f 3212/3212 3276/3276 3211/3211
f 3277/3277 3276/3276 3212/3212
f 3213/3213 3277/3277 3212/3212
f 3278/3278 3277/3277 3213/3213
f 3214/3214 3278/3278 3213/3213
f 3279/3279 3278/3278 3214/3214
f 3215/3215 3279/3279 3214/3214
f 3280/3280 3279/3279 3215/3215
f 3216/3216 3280/3280 3215/3215
f 3281/3281 3280/3280 3216/3216
f 3217/3217 3281/3281 3216/3216
f 3282/3282 3281/3281 3217/3217
f 3218/3218 3282/3282 3217/3217
f 3283/3283 3282/3282 3218/3218
f 3219/3219 3283/3283 3218/3218
f 3284/3284 3283/3283 3219/3219
f 3220/3220 3284/3284 3219/3219
f 3285/3285 3284/3284 3220/3220
f 3221/3221 3285/3285 3220/3220
f 3286/3286 3285/3285 3221/3221
f 3222/3222 3286/3286 3221/3221
f 3287/3287 3286/3286 3222/3222
f 3223/3223 3287/3287 3222/3222
f 3288/3288 3287/3287 3223/3223
f 3224/3224 3288/3288 3223/3223
f 3289/3289 3288/3288 3224/3224
f 3225/3225 3289/3289 3224/3224
f 3290/3290 3289/3289 3225/3225
f 3226/3226 3290/3290 3225/3225
f 3291/3291 3290/3290 3226/3226
f 3227/3227 3291/3291 3226/3226
f 3292/3292 3291/3291 3227/3227
f 3228/3228 3292/3292 3227/3227
f 3293/3293 3292/3292 3228/3228
f 3229/3229 3293/3293 3228/3228
f 3294/3294 3293/3293 3229/3229
f 3230/3230 3294/3294 3229/3229
f 3295/3295 3294/3294 3230/3230
f 3231/3231 3295/3295 3230/3230
f 3296/3296 3295/3295 3231/3231
f 3232/3232 3296/3296 3231/3231
f 3297/3297 3296/3296 3232/3232
f 3233/3233 3297/3297 3232/3232
f 3298/3298 3297/3297 3233/3233
f 3234/3234 3298/3298 3233/3233
f 3299/3299 3298/3298 3234/3234
f 3235/3235 3299/3299 3234/3234
f 3300/3300 3299/3299 3235/3235
f 3236/3236 3300/3300 3235/3235
f 3301/3301 3300/3300 3236/3236
f 3237/3237 3301/3301 3236/3236
f 3302/3302 3301/3301 3237/3237
f 3238/3238 3302/3302 3237/3237
f 3303/3303 3302/3302 3238/3238
f 3239/3239 3303/3303 3238/3238
f 3304/3304 3303/3303 3239/3239
f 3240/3240 3304/3304 3239/3239
f 3305/3305 3304/3304 3240/3240
f 3241/3241 3305/3305 3240/3240
f 3306/3306 3305/3305 3241/3241
f 3242/3242 3306/3306 3241/3241
f 3307/3307 3306/3306 3242/3242
f 3243/3243 3307/3307 3242/3242
f 3308/3308 3307/3307 3243/3243
f 3244/3244 3308/3308 3243/3243
f 3309/3309 3308/3308 3244/3244
f 3245/3245 3309/3309 3244/3244
f 3310/3310 3309/3309 3245/3245
f 3246/3246 3310/3310 3245/3245
f 3311/3311 3310/3310 3246/3246
f 3247/3247 3311/3311 3246/3246
f 3312/3312 3311/3311 3247/3247
f 3248/3248 3312/3312 3247/3247
f 3313/3313 3312/3312 3248/3248
f 3249/3249 3313/3313 3248/3248
f 3314/3314 3313/3313 3249/3249
f 3250/3250 3314/3314 3249/3249
f 3315/3315 3314/3314 3250/3250
f 3251/3251 3315/3315 3250/3250
f 3316/3316 3315/3315 3251/3251
f 3252/3252 3316/3316 3251/3251
f 3317/3317 3316/3316 3252/3252
f 3253/3253 3317/3317 3252/3252
f 3318/3318 3317/3317 3253/3253
f 3254/3254 3318/3318 3253/3253
f 3319/3319 3318/3318 3254/3254
f 3255/3255 3319/3319 3254/3254
f 3320/3320 3319/3319 3255/3255
f 3256/3256 3320/3320 3255/3255
f 3321/3321 3320/3320 3256/3256
f 3257/3257 3321/3321 3256/3256
f 3322/3322 3321/3321 3257/3257
f 3258/3258 3322/3322 3257/3257
f 3323/3323 3322/3322 3258/3258
f 3259/3259 3323/3323 3258/3258
f 3324/3324 3323/3323 3259/3259
f 3260/3260 3324/3324 3259/3259
f 3325/3325 3324/3324 3260/3260
f 3261/3261 3325/3325 3260/3260
f 3326/3326 3325/3325 3261/3261
f 3262/3262 3326/3326 3261/3261
f 3327/3327 3326/3326 3262/3262
f 3263/3263 3327/3327 3262/3262
f 3328/3328 3327/3327 3263/3263
f 3264/3264 3328/3328 3263/3263
f 3330/3330 3329/3329 3265/3265
f 3266/3266 3330/3330 3265/3265
f 3331/3331 3330/3330 3266/3266
f 3267/3267 3331/3331 3266/3266
f 3332/3332 3331/3331 3267/3267
f 3268/3268 3332/3332 3267/3267
f 3333/3333 3332/3332 3268/3268
f 3269/3269 3333/3333 3268/3268
f 3334/3334 3333/3333 3269/3269
f 3270/3270 3334/3334 3269/3269
f 3335/3335 3334/3334 3270/3270
f 3271/3271 3335/3335 3270/3270
f 3336/3336 3335/3335 3271/3271
f 3272/3272 3336/3336 3271/3271
f 3337/3337 3336/3336 3272/3272
f 3273/3273 3337/3337 3272/3272
f 3338/3338 3337/3337 3273/3273
f 3274/3274 3338/3338 3273/3273
f 3339/3339 3338/3338 3274/3274
f 3275/3275 3339/3339 3274/3274
f 3340/3340 3339/3339 3275/3275
f 3276/3276 3340/3340 3275/3275
f 3341/3341 3340/3340 3276/3276
f 3277/3277 3341/3341 3276/3276
f 3342/3342 3341/3341 3277/3277
f 3278/3278 3342/3342 3277/3277
f 3343/3343 3342/3342 3278/3278
f 3279/3279 3343/3343 3278/3278
f 3344/3344 3343/3343 3279/3279
f 3280/3280 3344/3344 3279/3279
f 3345/3345 3344/3344 3280/3280
f 3281/3281 3345/3345 3280/3280
f 3346/3346 3345/3345 3281/3281
f 3282/3282 3346/3346 3281/3281
f 3347/3347 3346/3346 3282/3282
f 3283/3283 3347/3347 3282/3282
f 3348/3348 3347/3347 3283/3283
f 3284/3284 3348/3348 3283/3283
f 3349/3349 3348/3348 3284/3284
f 3285/3285 3349/3349 3284/3284
f 3350/3350 3349/3349 3285/3285
f 3286/3286 3350/3350 3285/3285
f 3351/3351 3350/3350 3286/3286
f 3287/3287 3351/3351 3286/3286
f 3352/3352 3351/3351 3287/3287
f 3288/3288 3352/3352 3287/3287
f 3353/3353 3352/3352 3288/3288
f 3289/3289 3353/3353 3288/3288
f 3354/3354 3353/3353 3289/3289
f 3290/3290 3354/3354 3289/3289
f 3355/3355 3354/3354 3290/3290
f 3291/3291 3355/3355 3290/3290
f 3356/3356 3355/3355 3291/3291
f 3292/3292 3356/3356 3291/3291
f 3357/3357 3356/3356 3292/3292
f 3293/3293 3357/3357 3292/3292
f 3358/3358 3357/3357 3293/3293
f 3294/3294 3358/3358 3293/3293
f 3359/3359 3358/3358 3294/3294
f 3295/3295 3359/3359 3294/3294
f 3360/3360 3359/3359 3295/3295
f 3296/3296 3360/3360 3295/3295
f 3361/3361 3360/3360 3296/3296
f 3297/3297 3361/3361 3296/3296
f 3362/3362 3361/3361 3297/3297
f 3298/3298 3362/3362 3297/3297
f 3363/3363 3362/3362 3298/3298
f 3299/3299 3363/3363 3298/3298
f 3364/3364 3363/3363 3299/3299
f 3300/3300 3364/3364 3299/3299
f 3365/3365 3364/3364 3300/3300
f 3301/3301 3365/3365 3300/3300
f 3366/3366 3365/3365 3301/3301
f 3302/3302 3366/3366 3301/3301
f 3367/3367 3366/3366 3302/3302
f 3303/3303 3367/3367 3302/3302
f 3368/3368 3367/3367 3303/3303
f 3304/3304 3368/3368 3303/3303
f 3369/3369 3368/3368 3304/3304
f 3305/3305 3369/3369 3304/3304
f 3370/3370 3369/3369 3305/3305
f 3306/3306 3370/3370 3305/3305
f 3371/3371 3370/3370 3306/3306
f 3307/3307 3371/3371 3306/3306
f 3372/3372 3371/3371 3307/3307
f 3308/3308 3372/3372 3307/3307
f 3373/3373 3372/3372 3308/3308
f 3309/3309 3373/3373 3308/3308
f 3374/3374 3373/3373 3309/3309
f 3310/3310 3374/3374 3309/3309
f 3375/3375 3374/3374 3310/3310
f 3311/3311 3375/3375 3310/3310
f 3376/3376 3375/3375 3311/3311
f 3312/3312 3376/3376 3311/3311
f 3377/3377 3376/3376 3312/3312
f 3313/3313 3377/3377 3312/3312
f 3378/3378 3377/3377 3313/3313
f 3314/3314 3378/3378 3313/3313
f 3379/3379 3378/3378 3314/3314
f 3315/3315 3379/3379 3314/3314
f 3380/3380 3379/3379 3315/3315
f 3316/3316 3380/3380 3315/3315
f 3381/3381 3380/3380 3316/3316
f 3317/3317 3381/3381 3316/3316
f 3382/3382 3381/3381 3317/3317
f 3318/3318 3382/3382 3317/3317
f 3383/3383 3382/3382 3318/3318
f 3319/3319 3383/3383 3318/3318
f 3384/3384 3383/3383 3319/3319
f 3320/3320 3384/3384 3319/3319
f 3385/3385 3384/3384 3320/3320
f 3321/3321 3385/3385 3320/3320
f 3386/3386 3385/3385 3321/3321
f 3322/3322 3386/3386 3321/3321
f 3387/3387 3386/3386 3322/3322
f 3323/3323 3387/3387 3322/3322
f 3388/3388 3387/3387 3323/3323
f 3324/3324 3388/3388 3323/3323
f 3389/3389 3388/3388 3324/3324
f 3325/3325 3389/3389 3324/3324
f 3390/3390 3389/3389 3325/3325
f 3326/3326 3390/3390 3325/3325
f 3391/3391 3390/3390 3326/3326
f 3327/3327 3391/3391 3326/3326
f 3392/3392 3391/3391 3327/3327
f 3328/3328 3392/3392 3327/3327
f 3394/3394 3393/3393 3329/3329
f 3330/3330 3394/3394 3329/3329
f 3395/3395 3394/3394 3330/3330
f 3331/3331 3395/3395 3330/3330
f 3396/3396 3395/3395 3331/3331
f 3332/3332 3396/3396 3331/3331
f 3397/3397 3396/3396 3332/3332
f 3333/3333 3397/3397 3332/3332
f 3398/3398 3397/3397 3333/3333
f 3334/3334 3398/3398 3333/3333
f 3399/3399 3398/3398 3334/3334
f 3335/3335 3399/3399 3334/3334
f 3400/3400 3399/3399 3335/3335
f 3336/3336 3400/3400 3335/3335
f 3401/3401 3400/3400 3336/3336
f 3337/3337 3401/3401 3336/3336
f 3402/3402 3401/3401 3337/3337
f 3338/3338 3402/3402 3337/3337
f 3403/3403 3402/3402 3338/3338
f 3339/3339 3403/3403 3338/3338
f 3404/3404 3403/3403 3339/3339
f 3340/3340 3404/3404 3339/3339
f 3405/3405 3404/3404 3340/3340
f 3341/3341 3405/3405 3340/3340
f 3406/3406 3405/3405 3341/3341
f 3342/3342 3406/3406 3341/3341
f 3407/3407 3406/3406 3342/3342
f 3343/3343 3407/3407 3342/3342
f 3408/3408 3407/3407 3343/3343
f 3344/3344 3408/3408 3343/3343
f 3409/3409 3408/3408 3344/3344
f 3345/3345 3409/3409 3344/3344
f 3410/3410 3409/3409 3345/3345
f 3346/3346 3410/3410 3345/3345
f 3411/3411 3410/3410 3346/3346
f 3347/3347 3411/3411 3346/3346
f 3412/3412 3411/3411 3347/3347
f 3348/3348 3412/3412 3347/3347
f 3413/3413 3412/3412 3348/3348
f 3349/3349 3413/3413 3348/3348
f 3414/3414 3413/3413 3349/3349
f 3350/3350 3414/3414 3349/3349
f 3415/3415 3414/3414 3350/3350
f 3351/3351 3415/3415 3350/3350
f 3416/3416 3415/3415 3351/3351
f 3352/3352 3416/3416 3351/3351
f 3417/3417 3416/3416 3352/3352
f 3353/3353 3417/3417 3352/3352
f 3418/3418 3417/3417 3353/3353
f 3354/3354 3418/3418 3353/3353
f 3419/3419 3418/3418 3354/3354
f 3355/3355 3419/3419 3354/3354
f 3420/3420 3419/3419 3355/3355
f 3356/3356 3420/3420 3355/3355
f 3421/3421 3420/3420 3356/3356
f 3357/3357 3421/3421 3356/3356
f 3422/3422 3421/3421 3357/3357
f 3358/3358 3422/3422 3357/3357
f 3423/3423 3422/3422 3358/3358
f 3359/3359 3423/3423 3358/3358
f 3424/3424 3423/3423 3359/3359
f 3360/3360 3424/3424 3359/3359
f 3425/3425 3424/3424 3360/3360
f 3361/3361 3425/3425 3360/3360
f 3426/3426 3425/3425 3361/3361
f 3362/3362 3426/3426 3361/3361
f 3427/3427 3426/3426 3362/3362
f 3363/3363 3427/3427 3362/3362
f 3428/3428 3427/3427 3363/3363
f 3364/3364 3428/3428 3363/3363
f 3429/3429 3428/3428 3364/3364
f 3365/3365 3429/3429 3364/3364
f 3430/3430 3429/3429 3365/3365
f 3366/3366 3430/3430 3365/3365
f 3431/3431 3430/3430 3366/3366
f 3367/3367 3431/3431 3366/3366
f 3432/3432 3431/3431 3367/3367
f 3368/3368 3432/3432 3367/3367
f 3433/3433 3432/3432 3368/3368
f 3369/3369 3433/3433 3368/3368
f 3434/3434 3433/3433 3369/3369
f 3370/3370 3434/3434 3369/3369
f 3435/3435 3434/3434 3370/3370
f 3371/3371 3435/3435 3370/3370
f 3436/3436 3435/3435 3371/3371
f 3372/3372 3436/3436 3371/3371
f 3437/3437 3436/3436 3372/3372
f 3373/3373 3437/3437 3372/3372
f 3438/3438 3437/3437 3373/3373
f 3374/3374 3438/3438 3373/3373
f 3439/3439 3438/3438 3374/3374
f 3375/3375 3439/3439 3374/3374
f 3440/3440 3439/3439 3375/3375
f 3376/3376 3440/3440 3375/3375
f 3441/3441 3440/3440 3376/3376
f 3377/3377 3441/3441 3376/3376
f 3442/3442 3441/3441 3377/3377
f 3378/3378 3442/3442 3377/3377
f 3443/3443 3442/3442 3378/3378
f 3379/3379 3443/3443 3378/3378
f 3444/3444 3443/3443 3379/3379
f 3380/3380 3444/3444 3379/3379
f 3445/3445 3444/3444 3380/3380
f 3381/3381 3445/3445 3380/3380
f 3446/3446 3445/3445 3381/3381
f 3382/3382 3446/3446 3381/3381
f 3447/3447 3446/3446 3382/3382
f 3383/3383 3447/3447 3382/3382
f 3448/3448 3447/3447 3383/3383
f 3384/3384 3448/3448 3383/3383
f 3449/3449 3448/3448 3384/3384
f 3385/3385 3449/3449 3384/3384
f 3450/3450 3449/3449 3385/3385
f 3386/3386 3450/3450 3385/3385
f 3451/3451 3450/3450 3386/3386
f 3387/3387 3451/3451 3386/3386
f 3452/3452 3451/3451 3387/3387
f 3388/3388 3452/3452 3387/3387
f 3453/3453 3452/3452 3388/3388
f 3389/3389 3453/3453 3388/3388
f 3454/3454 3453/3453 3389/3389
f 3390/3390 3454/3454 3389/3389
f 3455/3455 3454/3454 3390/3390
f 3391/3391 3455/3455 3390/3390
f 3456/3456 3455/3455 3391/3391
f 3392/3392 3456/3456 3391/3391
f 3458/3458 3457/3457 3393/3393
f 3394/3394 3458/3458 3393/3393
f 3459/3459 3458/3458 3394/3394
f 3395/3395 3459/3459 3394/3394
f 3460/3460 3459/3459 3395/3395
f 3396/3396 3460/3460 3395/3395
f 3461/3461 3460/3460 3396/3396
f 3397/3397 3461/3461 3396/3396
f 3462/3462 3461/3461 3397/3397
f 3398/3398 3462/3462 3397/3397
f 3463/3463 3462/3462 3398/3398
f 3399/3399 3463/3463 3398/3398
f 3464/3464 3463/3463 3399/3399
f 3400/3400 3464/3464 3399/3399
f 3465/3465 3464/3464 3400/3400
f 3401/3401 3465/3465 3400/3400
f 3466/3466 3465/3465 3401/3401
f 3402/3402 3466/3466 3401/3401
f 3467/3467 3466/3466 3402/3402
f 3403/3403 3467/3467 3402/3402
f 3468/3468 3467/3467 3403/3403
f 3404/3404 3468/3468 3403/3403
f 3469/3469 3468/3468 3404/3404
f 3405/3405 3469/3469 3404/3404
f 3470/3470 3469/3469 3405/3405
f 3406/3406 3470/3470 3405/3405
f 3471/3471 3470/3470 3406/3406
f 3407/3407 3471/3471 3406/3406
f 3472/3472 3471/3471 3407/3407
f 3408/3408 3472/3472 3407/3407
f 3473/3473 3472/3472 3408/3408
f 3409/3409 3473/3473 3408/3408
f 3474/3474 3473/3473 3409/3409
f 3410/3410 3474/3474 3409/3409
f 3475/3475 3474/3474 3410/3410
f 3411/3411 3475/3475 3410/3410
f 3476/3476 3475/3475 3411/3411
f 3412/3412 3476/3476 3411/3411
f 3477/3477 3476/3476 3412/3412
f 3413/3413 3477/3477 3412/3412
f 3478/3478 3477/3477 3413/3413
f 3414/3414 3478/3478 3413/3413
f 3479/3479 3478/3478 3414/3414
f 3415/3415 3479/3479 3414/3414
f 3480/3480 3479/3479 3415/3415
f 3416/3416 3480/3480 3415/3415
f 3481/3481 3480/3480 3416/3416
f 3417/3417 3481/3481 3416/3416
f 3482/3482 3481/3481 3417/3417
f 3418/3418 3482/3482 3417/3417
f 3483/3483 3482/3482 3418/3418
f 3419/3419 3483/3483 3418/3418
f 3484/3484 3483/3483 3419/3419
f 3420/3420 3484/3484 3419/3419
f 3485/3485 3484/3484 3420/3420
f 3421/3421 3485/3485 3420/3420
f 3486/3486 3485/3485 3421/3421
f 3422/3422 3486/3486 3421/3421
f 3487/3487 3486/3486 3422/3422
f 3423/3423 3487/3487 3422/3422
f 3488/3488 3487/3487 3423/3423
f 3424/3424 3488/3488 3423/3423
f 3489/3489 3488/3488 3424/3424
f 3425/3425 3489/3489 3424/3424
f 3490/3490 3489/3489 3425/3425
f 3426/3426 3490/3490 3425/3425
f 3491/3491 3490/3490 3426/3426
f 3427/3427 3491/3491 3426/3426
f 3492/3492 3491/3491 3427/3427
f 3428/3428 3492/3492 3427/3427
f 3493/3493 3492/3492 3428/3428
f 3429/3429 3493/3493 3428/3428
f 3494/3494 3493/3493 3429/3429
f 3430/3430 3494/3494 3429/3429
f 3495/3495 3494/3494 3430/3430
f 3431/3431 3495/3495 3430/3430
f 3496/3496 3495/3495 3431/3431
f 3432/3432 3496/3496 3431/3431
f 3497/3497 3496/3496 3432/3432
f 3433/3433 3497/3497 3432/3432
f 3498/3498 3497/3497 3433/3433
f 3434/3434 3498/3498 3433/3433
f 3499/3499 3498/3498 3434/3434
f 3435/3435 3499/3499 3434/3434
f 3500/3500 3499/3499 3435/3435
f 3436/3436 3500/3500 3435/3435
f 3501/3501 3500/3500 3436/3436
f 3437/3437 3501/3501 3436/3436
f 3502/3502 3501/3501 3437/3437
f 3438/3438 3502/3502 3437/3437
f 3503/3503 3502/3502 3438/3438
f 3439/3439 3503/3503 3438/3438
f 3504/3504 3503/3503 3439/3439
f 3440/3440 3504/3504 3439/3439
f 3505/3505 3504/3504 3440/3440
f 3441/3441 3505/3505 3440/3440
f 3506/3506 3505/3505 3441/3441
f 3442/3442 3506/3506 3441/3441
f 3507/3507 3506/3506 3442/3442
f 3443/3443 3507/3507 3442/3442
f 3508/3508 3507/3507 3443/3443
f 3444/3444 3508/3508 3443/3443
f 3509/3509 3508/3508 3444/3444
f 3445/3445 3509/3509 3444/3444
f 3510/3510 3509/3509 3445/3445
f 3446/3446 3510/3510 3445/3445
f 3511/3511 3510/3510 3446/3446
f 3447/3447 3511/3511 3446/3446
f 3512/3512 3511/3511 3447/3447
f 3448/3448 3512/3512 3447/3447
f 3513/3513 3512/3512 3448/3448
f 3449/3449 3513/3513 3448/3448
f 3514/3514 3513/3513 3449/3449
f 3450/3450 3514/3514 3449/3449
f 3515/3515 3514/3514 3450/3450
f 3451/3451 3515/3515 3450/3450
f 3516/3516 3515/3515 3451/3451
f 3452/3452 3516/3516 3451/3451
f 3517/3517 3516/3516 3452/3452
f 3453/3453 3517/3517 3452/3452
f 3518/3518 3517/3517 3453/3453
f 3454/3454 3518/3518 3453/3453
f 3519/3519 3518/3518 3454/3454
f 3455/3455 3519/3519 3454/3454
f 3520/3520 3519/3519 3455/3455
f 3456/3456 3520/3520 3455/3455
f 3522/3522 3521/3521 3457/3457
f 3458/3458 3522/3522 3457/3457
f 3523/3523 3522/3522 3458/3458
f 3459/3459 3523/3523 3458/3458
f 3524/3524 3523/3523 3459/3459
f 3460/3460 3524/3524 3459/3459
f 3525/3525 3524/3524 3460/3460
f 3461/3461 3525/3525 3460/3460
f 3526/3526 3525/3525 3461/3461
f 3462/3462 3526/3526 3461/3461
f 3527/3527 3526/3526 3462/3462
f 3463/3463 3527/3527 3462/3462
f 3528/3528 3527/3527 3463/3463
f 3464/3464 3528/3528 3463/3463
f 3529/3529 3528/3528 3464/3464
f 3465/3465 3529/3529 3464/3464
f 3530/3530 3529/3529 3465/3465
f 3466/3466 3530/3530 3465/3465
f 3531/3531 3530/3530 3466/3466
f 3467/3467 3531/3531 3466/3466
f 3532/3532 3531/3531 3467/3467
f 3468/3468 3532/3532 3467/3467
f 3533/3533 3532/3532 3468/3468
f 3469/3469 3533/3533 3468/3468
f 3534/3534 3533/3533 3469/3469
f 3470/3470 3534/3534 3469/3469
f 3535/3535 3534/3534 3470/3470
f 3471/3471 3535/3535 3470/3470
f 3536/3536 3535/3535 3471/3471
f 3472/3472 3536/3536 3471/3471
f 3537/3537 3536/3536 3472/3472
f 3473/3473 3537/3537 3472/3472
f 3538/3538 3537/3537 3473/3473
f 3474/3474 3538/3538 3473/3473
f 3539/3539 3538/3538 3474/3474
f 3475/3475 3539/3539 3474/3474
f 3540/3540 3539/3539 3475/3475
f 3476/3476 3540/3540 3475/3475
f 3541/3541 3540/3540 3476/3476
f 3477/3477 3541/3541 3476/3476
f 3542/3542 3541/3541 3477/3477
f 3478/3478 3542/3542 3477/3477
f 3543/3543 3542/3542 3478/3478
f 3479/3479 3543/3543 3478/3478
f 3544/3544 3543/3543 3479/3479
f 3480/3480 3544/3544 3479/3479
f 3545/3545 3544/3544 3480/3480
f 3481/3481 3545/3545 3480/3480
f 3546/3546 3545/3545 3481/3481
f 3482/3482 3546/3546 3481/3481
f 3547/3547 3546/3546 3482/3482
f 3483/3483 3547/3547 3482/3482
f 3548/3548 3547/3547 3483/3483
f 3484/3484 3548/3548 3483/3483
f 3549/3549 3548/3548 3484/3484
f 3485/3485 3549/3549 3484/3484
f 3550/3550 3549/3549 3485/3485
f 3486/3486 3550/3550 3485/3485
f 3551/3551 3550/3550 3486/3486
f 3487/3487 3551/3551 3486/3486
f 3552/3552 3551/3551 3487/3487
f 3488/3488 3552/3552 3487/3487
f 3553/3553 3552/3552 3488/3488
f 3489/3489 3553/3553 3488/3488
f 3554/3554 3553/3553 3489/3489
f 3490/3490 3554/3554 3489/3489
f 3555/3555 3554/3554 3490/3490
f 3491/3491 3555/3555 3490/3490
f 3556/3556 3555/3555 3491/3491
f 3492/3492 3556/3556 3491/3491
f 3557/3557 3556/3556 3492/3492
f 3493/3493 3557/3557 3492/3492
f 3558/3558 3557/3557 3493/3493
f 3494/3494 3558/3558 3493/3493
f 3559/3559 3558/3558 3494/3494
f 3495/3495 3559/3559 3494/3494
f 3560/3560 3559/3559 3495/3495
f 3496/3496 3560/3560 3495/3495
f 3561/3561 3560/3560 3496/3496
f 3497/3497 3561/3561 3496/3496
f 3562/3562 3561/3561 3497/3497
f 3498/3498 3562/3562 3497/3497
f 3563/3563 3562/3562 3498/3498
f 3499/3499 3563/3563 3498/3498
f 3564/3564 3563/3563 3499/3499
f 3500/3500 3564/3564 3499/3499
f 3565/3565 3564/3564 3500/3500
f 3501/3501 3565/3565 3500/3500
f 3566/3566 3565/3565 3501/3501
f 3502/3502 3566/3566 3501/3501
f 3567/3567 3566/3566 3502/3502
f 3503/3503 3567/3567 3502/3502
f 3568/3568 3567/3567 3503/3503
f 3504/3504 3568/3568 3503/3503
f 3569/3569 3568/3568 3504/3504
f 3505/3505 3569/3569 3504/3504
f 3570/3570 3569/3569 3505/3505
f 3506/3506 3570/3570 3505/3505
f 3571/3571 3570/3570 3506/3506
f 3507/3507 3571/3571 3506/3506
f 3572/3572 3571/3571 3507/3507
f 3508/3508 3572/3572 3507/3507
f 3573/3573 3572/3572 3508/3508
f 3509/3509 3573/3573 3508/3508
f 3574/3574 3573/3573 3509/3509
f 3510/3510 3574/3574 3509/3509
f 3575/3575 3574/3574 3510/3510
f 3511/3511 3575/3575 3510/3510
f 3576/3576 3575/3575 3511/3511
f 3512/3512 3576/3576 3511/3511
f 3577/3577 3576/3576 3512/3512
f 3513/3513 3577/3577 3512/3512
f 3578/3578 3577/3577 3513/3513
f 3514/3514 3578/3578 3513/3513
f 3579/3579 3578/3578 3514/3514
f 3515/3515 3579/3579 3514/3514
f 3580/3580 3579/3579 3515/3515
f 3516/3516 3580/3580 3515/3515
f 3581/3581 3580/3580 3516/3516
f 3517/3517 3581/3581 3516/3516
f 3582/3582 3581/3581 3517/3517
f 3518/3518 3582/3582 3517/3517
f 3583/3583 3582/3582 3518/3518
f 3519/3519 3583/3583 3518/3518
f 3584/3584 3583/3583 3519/3519
f 3520/3520 3584/3584 3519/3519
f 3586/3586 3585/3585 3521/3521
f 3522/3522 3586/3586 3521/3521
f 3587/3587 3586/3586 3522/3522
f 3523/3523 3587/3587 3522/3522
f 3588/3588 3587/3587 3523/3523
f 3524/3524 3588/3588 3523/3523
f 3589/3589 3588/3588 3524/3524
f 3525/3525 3589/3589 3524/3524
f 3590/3590 3589/3589 3525/3525
f 3526/3526 3590/3590 3525/3525
f 3591/3591 3590/3590 3526/3526
f 3527/3527 3591/3591 3526/3526
f 3592/3592 3591/3591 3527/3527
f 3528/3528 3592/3592 3527/3527
f 3593/3593 3592/3592 3528/3528
f 3529/3529 3593/3593 3528/3528
f 3594/3594 3593/3593 3529/3529
f 3530/3530 3594/3594 3529/3529
f 3595/3595 3594/3594 3530/3530
f 3531/3531 3595/3595 3530/3530
f 3596/3596 3595/3595 3531/3531
f 3532/3532 3596/3596 3531/3531
f 3597/3597 3596/3596 3532/3532
f 3533/3533 3597/3597 3532/3532
f 3598/3598 3597/3597 3533/3533
f 3534/3534 3598/3598 3533/3533
f 3599/3599 3598/3598 3534/3534
f 3535/3535 3599/3599 3534/3534
f 3600/3600 3599/3599 3535/3535
f 3536/3536 3600/3600 3535/3535
f 3601/3601 3600/3600 3536/3536
f 3537/3537 3601/3601 3536/3536
f 3602/3602 3601/3601 3537/3537
f 3538/3538 3602/3602 3537/3537
f 3603/3603 3602/3602 3538/3538
f 3539/3539 3603/3603 3538/3538
f 3604/3604 3603/3603 3539/3539
f 3540/3540 3604/3604 3539/3539
f 3605/3605 3604/3604 3540/3540
f 3541/3541 3605/3605 3540/3540
f 3606/3606 3605/3605 3541/3541
f 3542/3542 3606/3606 3541/3541
f 3607/3607 3606/3606 3542/3542
f 3543/3543 3607/3607 3542/3542
f 3608/3608 3607/3607 3543/3543
f 3544/3544 3608/3608 3543/3543
f 3609/3609 3608/3608 3544/3544
f 3545/3545 3609/3609 3544/3544
f 3610/3610 3609/3609 3545/3545
f 3546/3546 3610/3610 3545/3545
f 3611/3611 3610/3610 3546/3546
f 3547/3547 3611/3611 3546/3546
f 3612/3612 3611/3611 3547/3547
f 3548/3548 3612/3612 3547/3547
f 3613/3613 3612/3612 3548/3548
f 3549/3549 3613/3613 3548/3548
f 3614/3614 3613/3613 3549/3549
f 3550/3550 3614/3614 3549/3549
f 3615/3615 3614/3614 3550/3550
f 3551/3551 3615/3615 3550/3550
f 3616/3616 3615/3615 3551/3551
f 3552/3552 3616/3616 3551/3551
f 3617/3617 3616/3616 3552/3552
f 3553/3553 3617/3617 3552/3552
f 3618/3618 3617/3617 3553/3553
f 3554/3554 3618/3618 3553/3553
f 3619/3619 3618/3618 3554/3554
f 3555/3555 3619/3619 3554/3554
f 3620/3620 3619/3619 3555/3555
f 3556/3556 3620/3620 3555/3555
f 3621/3621 3620/3620 3556/3556
f 3557/3557 3621/3621 3556/3556
f 3622/3622 3621/3621 3557/3557
f 3558/3558 3622/3622 3557/3557
f 3623/3623 3622/3622 3558/3558
f 3559/3559 3623/3623 3558/3558
f 3624/3624 3623/3623 3559/3559
f 3560/3560 3624/3624 3559/3559
f 3625/3625 3624/3624 3560/3560
f 3561/3561 3625/3625 3560/3560
f 3626/3626 3625/3625 3561/3561
f 3562/3562 3626/3626 3561/3561
f 3627/3627 3626/3626 3562/3562
f 3563/3563 3627/3627 3562/3562
f 3628/3628 3627/3627 3563/3563
f 3564/3564 3628/3628 3563/3563
f 3629/3629 3628/3628 3564/3564
f 3565/3565 3629/3629 3564/3564
f 3630/3630 3629/3629 3565/3565
f 3566/3566 3630/3630 3565/3565
f 3631/3631 3630/3630 3566/3566
f 3567/3567 3631/3631 3566/3566
f 3632/3632 3631/3631 3567/3567
f 3568/3568 3632/3632 3567/3567
f 3633/3633 3632/3632 3568/3568
f 3569/3569 3633/3633 3568/3568
f 3634/3634 3633/3633 3569/3569
f 3570/3570 3634/3634 3569/3569
f 3635/3635 3634/3634 3570/3570
f 3571/3571 3635/3635 3570/3570
f 3636/3636 3635/3635 3571/3571
f 3572/3572 3636/3636 3571/3571
f 3637/3637 3636/3636 3572/3572
f 3573/3573 3637/3637 3572/3572
f 3638/3638 3637/3637 3573/3573
f 3574/3574 3638/3638 3573/3573
f 3639/3639 3638/3638 3574/3574
f 3575/3575 3639/3639 3574/3574
f 3640/3640 3639/3639 3575/3575
f 3576/3576 3640/3640 3575/3575
f 3641/3641 3640/3640 3576/3576
f 3577/3577 3641/3641 3576/3576
f 3642/3642 3641/3641 3577/3577
f 3578/3578 3642/3642 3577/3577
f 3643/3643 3642/3642 3578/3578
f 3579/3579 3643/3643 3578/3578
f 3644/3644 3643/3643 3579/3579
f 3580/3580 3644/3644 3579/3579
f 3645/3645 3644/3644 3580/3580
f 3581/3581 3645/3645 3580/3580
f 3646/3646 3645/3645 3581/3581
f 3582/3582 3646/3646 3581/3581
f 3647/3647 3646/3646 3582/3582
f 3583/3583 3647/3647 3582/3582
f 3648/3648 3647/3647 3583/3583
f 3584/3584 3648/3648 3583/3583
f 3650/3650 3649/3649 3585/3585
f 3586/3586 3650/3650 3585/3585
f 3651/3651 3650/3650 3586/3586
f 3587/3587 3651/3651 3586/3586
f 3652/3652 3651/3651 3587/3587
f 3588/3588 3652/3652 3587/3587
f 3653/3653 3652/3652 3588/3588
f 3589/3589 3653/3653 3588/3588
f 3654/3654 3653/3653 3589/3589
f 3590/3590 3654/3654 3589/3589
f 3655/3655 3654/3654 3590/3590
f 3591/3591 3655/3655 3590/3590
f 3656/3656 3655/3655 3591/3591
f 3592/3592 3656/3656 3591/3591
f 3657/3657 3656/3656 3592/3592
f 3593/3593 3657/3657 3592/3592
f 3658/3658 3657/3657 3593/3593
f 3594/3594 3658/3658 3593/3593
f 3659/3659 3658/3658 3594/3594
f 3595/3595 3659/3659 3594/3594
f 3660/3660 3659/3659 3595/3595
f 3596/3596 3660/3660 3595/3595
f 3661/3661 3660/3660 3596/3596
f 3597/3597 3661/3661 3596/3596
f 3662/3662 3661/3661 3597/3597
f 3598/3598 3662/3662 3597/3597
f 3663/3663 3662/3662 3598/3598
f 3599/3599 3663/3663 3598/3598
f 3664/3664 3663/3663 3599/3599
f 3600/3600 3664/3664 3599/3599
f 3665/3665 3664/3664 3600/3600
f 3601/3601 3665/3665 3600/3600
f 3666/3666 3665/3665 3601/3601
f 3602/3602 3666/3666 3601/3601
f 3667/3667 3666/3666 3602/3602
f 3603/3603 3667/3667 3602/3602
f 3668/3668 3667/3667 3603/3603
f 3604/3604 3668/3668 3603/3603
f 3669/3669 3668/3668 3604/3604
f 3605/3605 3669/3669 3604/3604
f 3670/3670 3669/3669 3605/3605
f 3606/3606 3670/3670 3605/3605
f 3671/3671 3670/3670 3606/3606
f 3607/3607 3671/3671 3606/3606
f 3672/3672 3671/3671 3607/3607
f 3608/3608 3672/3672 3607/3607
f 3673/3673 3672/3672 3608/3608
f 3609/3609 3673/3673 3608/3608
f 3674/3674 3673/3673 3609/3609
f 3610/3610 3674/3674 3609/3609
f 3675/3675 3674/3674 3610/3610
f 3611/3611 3675/3675 3610/3610
f 3676/3676 3675/3675 3611/3611
f 3612/3612 3676/3676 3611/3611
f 3677/3677 3676/3676 3612/3612
f 3613/3613 3677/3677 3612/3612
f 3678/3678 3677/3677 3613/3613
f 3614/3614 3678/3678 3613/3613
f 3679/3679 3678/3678 3614/3614
f 3615/3615 3679/3679 3614/3614
f 3680/3680 3679/3679 3615/3615
f 3616/3616 3680/3680 3615/3615
f 3681/3681 3680/3680 3616/3616
f 3617/3617 3681/3681 3616/3616
f 3682/3682 3681/3681 3617/3617
f 3618/3618 3682/3682 3617/3617
f 3683/3683 3682/3682 3618/3618
f 3619/3619 3683/3683 3618/3618
f 3684/3684 3683/3683 3619/3619
f 3620/3620 3684/3684 3619/3619
f 3685/3685 3684/3684 3620/3620
f 3621/3621 3685/3685 3620/3620
f 3686/3686 3685/3685 3621/3621
f 3622/3622 3686/3686 3621/3621
f 3687/3687 3686/3686 3622/3622
f 3623/3623 3687/3687 3622/3622
f 3688/3688 3687/3687 3623/3623
f 3624/3624 3688/3688 3623/3623
f 3689/3689 3688/3688 3624/3624
f 3625/3625 3689/3689 3624/3624
f 3690/3690 3689/3689 3625/3625
f 3626/3626 3690/3690 3625/3625
f 3691/3691 3690/3690 3626/3626
f 3627/3627 3691/3691 3626/3626
f 3692/3692 3691/3691 3627/3627
f 3628/3628 3692/3692 3627/3627
f 3693/3693 3692/3692 3628/3628
f 3629/3629 3693/3693 3628/3628
f 3694/3694 3693/3693 3629/3629
f 3630/3630 3694/3694 3629/3629
f 3695/3695 3694/3694 3630/3630
f 3631/3631 3695/3695 3630/3630
f 3696/3696 3695/3695 3631/3631
f 3632/3632 3696/3696 3631/3631
f 3697/3697 3696/3696 3632/3632
f 3633/3633 3697/3697 3632/3632
f 3698/3698 3697/3697 3633/3633
f 3634/3634 3698/3698 3633/3633
f 3699/3699 3698/3698 3634/3634
f 3635/3635 3699/3699 3634/3634
f 3700/3700 3699/3699 3635/3635
f 3636/3636 3700/3700 3635/3635
f 3701/3701 3700/3700 3636/3636
f 3637/3637 3701/3701 3636/3636
f 3702/3702 3701/3701 3637/3637
f 3638/3638 3702/3702 3637/3637
f 3703/3703 3702/3702 3638/3638
f 3639/3639 3703/3703 3638/3638
f 3704/3704 3703/3703 3639/3639
f 3640/3640 3704/3704 3639/3639
f 3705/3705 3704/3704 3640/3640
f 3641/3641 3705/3705 3640/3640
f 3706/3706 3705/3705 3641/3641
f 3642/3642 3706/3706 3641/3641
f 3707/3707 3706/3706 3642/3642
f 3643/3643 3707/3707 3642/3642
f 3708/3708 3707/3707 3643/3643
f 3644/3644 3708/3708 3643/3643
f 3709/3709 3708/3708 3644/3644
f 3645/3645 3709/3709 3644/3644
f 3710/3710 3709/3709 3645/3645
f 3646/3646 3710/3710 3645/3645
f 3711/3711 3710/3710 3646/3646
f 3647/3647 3711/3711 3646/3646
f 3712/3712 3711/3711 3647/3647
f 3648/3648 3712/3712 3647/3647
f 3714/3714 3713/3713 3649/3649
f 3650/3650 3714/3714 3649/3649
f 3715/3715 3714/3714 3650/3650
f 3651/3651 3715/3715 3650/3650
f 3716/3716 3715/3715 3651/3651
f 3652/3652 3716/3716 3651/3651
f 3717/3717 3716/3716 3652/3652
f 3653/3653 3717/3717 3652/3652
f 3718/3718 3717/3717 3653/3653
f 3654/3654 3718/3718 3653/3653
f 3719/3719 3718/3718 3654/3654
f 3655/3655 3719/3719 3654/3654
f 3720/3720 3719/3719 3655/3655
f 3656/3656 3720/3720 3655/3655
f 3721/3721 3720/3720 3656/3656
f 3657/3657 3721/3721 3656/3656
f 3722/3722 3721/3721 3657/3657
f 3658/3658 3722/3722 3657/3657
f 3723/3723 3722/3722 3658/3658
f 3659/3659 3723/3723 3658/3658
f 3724/3724 3723/3723 3659/3659
f 3660/3660 3724/3724 3659/3659
f 3725/3725 3724/3724 3660/3660
f 3661/3661 3725/3725 3660/3660
f 3726/3726 3725/3725 3661/3661
f 3662/3662 3726/3726 3661/3661
f 3727/3727 3726/3726 3662/3662
f 3663/3663 3727/3727 3662/3662
f 3728/3728 3727/3727 3663/3663
f 3664/3664 3728/3728 3663/3663
f 3729/3729 3728/3728 3664/3664
f 3665/3665 3729/3729 3664/3664
f 3730/3730 3729/3729 3665/3665
f 3666/3666 3730/3730 3665/3665
f 3731/3731 3730/3730 3666/3666
f 3667/3667 3731/3731 3666/3666
f 3732/3732 3731/3731 3667/3667
f 3668/3668 3732/3732 3667/3667
f 3733/3733 3732/3732 3668/3668
f 3669/3669 3733/3733 3668/3668
f 3734/3734 3733/3733 3669/3669
f 3670/3670 3734/3734 3669/3669
f 3735/3735 3734/3734 3670/3670
f 3671/3671 3735/3735 3670/3670
f 3736/3736 3735/3735 3671/3671
f 3672/3672 3736/3736 3671/3671
f 3737/3737 3736/3736 3672/3672
f 3673/3673 3737/3737 3672/3672
f 3738/3738 3737/3737 3673/3673
f 3674/3674 3738/3738 3673/3673
f 3739/3739 3738/3738 3674/3674
f 3675/3675 3739/3739 3674/3674
f 3740/3740 3739/3739 3675/3675
f 3676/3676 3740/3740 3675/3675
f 3741/3741 3740/3740 3676/3676
f 3677/3677 3741/3741 3676/3676
f 3742/3742 3741/3741 3677/3677
f 3678/3678 3742/3742 3677/3677
f 3743/3743 3742/3742 3678/3678
f 3679/3679 3743/3743 3678/3678
f 3744/3744 3743/3743 3679/3679
f 3680/3680 3744/3744 3679/3679
f 3745/3745 3744/3744 3680/3680
f 3681/3681 3745/3745 3680/3680
f 3746/3746 3745/3745 3681/3681
f 3682/3682 3746/3746 3681/3681
f 3747/3747 3746/3746 3682/3682
f 3683/3683 3747/3747 3682/3682
f 3748/3748 3747/3747 3683/3683
f 3684/3684 3748/3748 3683/3683
f 3749/3749 3748/3748 3684/3684
f 3685/3685 3749/3749 3684/3684
f 3750/3750 3749/3749 3685/3685
f 3686/3686 3750/3750 3685/3685
f 3751/3751 3750/3750 3686/3686
f 3687/3687 3751/3751 3686/3686
f 3752/3752 3751/3751 3687/3687
f 3688/3688 3752/3752 3687/3687
f 3753/3753 3752/3752 3688/3688
f 3689/3689 3753/3753 3688/3688
f 3754/3754 3753/3753 3689/3689
f 3690/3690 3754/3754 3689/3689
f 3755/3755 3754/3754 3690/3690
f 3691/3691 3755/3755 3690/3690
f 3756/3756 3755/3755 3691/3691
f 3692/3692 3756/3756 3691/3691
f 3757/3757 3756/3756 3692/3692
f 3693/3693 3757/3757 3692/3692
f 3758/3758 3757/3757 3693/3693
f 3694/3694 3758/3758 3693/3693
f 3759/3759 3758/3758 3694/3694
f 3695/3695 3759/3759 3694/3694
f 3760/3760 3759/3759 3695/3695
f 3696/3696 3760/3760 3695/3695
f 3761/3761 3760/3760 3696/3696
f 3697/3697 3761/3761 3696/3696
f 3762/3762 3761/3761 3697/3697
f 3698/3698 3762/3762 3697/3697
f 3763/3763 3762/3762 3698/3698
f 3699/3699 3763/3763 3698/3698
f 3764/3764 3763/3763 3699/3699
f 3700/3700 3764/3764 3699/3699
f 3765/3765 3764/3764 3700/3700
f 3701/3701 3765/3765 3700/3700
f 3766/3766 3765/3765 3701/3701
f 3702/3702 3766/3766 3701/3701
f 3767/3767 3766/3766 3702/3702
f 3703/3703 3767/3767 3702/3702
f 3768/3768 3767/3767 3703/3703
f 3704/3704 3768/3768 3703/3703
f 3769/3769 3768/3768 3704/3704
f 3705/3705 3769/3769 3704/3704
f 3770/3770 3769/3769 3705/3705
f 3706/3706 3770/3770 3705/3705
f 3771/3771 3770/3770 3706/3706
f 3707/3707 3771/3771 3706/3706
f 3772/3772 3771/3771 3707/3707
f 3708/3708 3772/3772 3707/3707
f 3773/3773 3772/3772 3708/3708
f 3709/3709 3773/3773 3708/3708
f 3774/3774 3773/3773 3709/3709
f 3710/3710 3774/3774 3709/3709
f 3775/3775 3774/3774 3710/3710
f 3711/3711 3775/3775 3710/3710
f 3776/3776 3775/3775 3711/3711
f 3712/3712 3776/3776 3711/3711
f 3778/3778 3777/3777 3713/3713
f 3714/3714 3778/3778 3713/3713
f 3779/3779 3778/3778 3714/3714
f 3715/3715 3779/3779 3714/3714
f 3780/3780 3779/3779 3715/3715
f 3716/3716 3780/3780 3715/3715
f 3781/3781 3780/3780 3716/3716
f 3717/3717 3781/3781 3716/3716
f 3782/3782 3781/3781 3717/3717
f 3718/3718 3782/3782 3717/3717
f 3783/3783 3782/3782 3718/3718
f 3719/3719 3783/3783 3718/3718
f 3784/3784 3783/3783 3719/3719
f 3720/3720 3784/3784 3719/3719
f 3785/3785 3784/3784 3720/3720
f 3721/3721 3785/3785 3720/3720
f 3786/3786 3785/3785 3721/3721
f 3722/3722 3786/3786 3721/3721
f 3787/3787 3786/3786 3722/3722
f 3723/3723 3787/3787 3722/3722
f 3788/3788 3787/3787 3723/3723
f 3724/3724 3788/3788 3723/3723
f 3789/3789 3788/3788 3724/3724
f 3725/3725 3789/3789 3724/3724
f 3790/3790 3789/3789 3725/3725
f 3726/3726 3790/3790 3725/3725
f 3791/3791 3790/3790 3726/3726
f 3727/3727 3791/3791 3726/3726
f 3792/3792 3791/3791 3727/3727
f 3728/3728 3792/3792 3727/3727
f 3793/3793 3792/3792 3728/3728
f 3729/3729 3793/3793 3728/3728
f 3794/3794 3793/3793 3729/3729
f 3730/3730 3794/3794 3729/3729
f 3795/3795 3794/3794 3730/3730
f 3731/3731 3795/3795 3730/3730
f 3796/3796 3795/3795 3731/3731
f 3732/3732 3796/3796 3731/3731
f 3797/3797 3796/3796 3732/3732
f 3733/3733 3797/3797 3732/3732
f 3798/3798 3797/3797 3733/3733
f 3734/3734 3798/3798 3733/3733
f 3799/3799 3798/3798 3734/3734
f 3735/3735 3799/3799 3734/3734
f 3800/3800 3799/3799 3735/3735
f 3736/3736 3800/3800 3735/3735
f 3801/3801 3800/3800 3736/3736
f 3737/3737 3801/3801 3736/3736
f 3802/3802 3801/3801 3737/3737
f 3738/3738 3802/3802 3737/3737
f 3803/3803 3802/3802 3738/3738
f 3739/3739 3803/3803 3738/3738
f 3804/3804 3803/3803 3739/3739
f 3740/3740 3804/3804 3739/3739
f 3805/3805 3804/3804 3740/3740
f 3741/3741 3805/3805 3740/3740
f 3806/3806 3805/3805 3741/3741
f 3742/3742 3806/3806 3741/3741
f 3807/3807 3806/3806 3742/3742
f 3743/3743 3807/3807 3742/3742
f 3808/3808 3807/3807 3743/3743
f 3744/3744 3808/3808 3743/3743
f 3809/3809 3808/3808 3744/3744
f 3745/3745 3809/3809 3744/3744
f 3810/3810 3809/3809 3745/3745
f 3746/3746 3810/3810 3745/3745
f 3811/3811 3810/3810 3746/3746
f 3747/3747 3811/3811 3746/3746
f 3812/3812 3811/3811 3747/3747
f 3748/3748 3812/3812 3747/3747
f 3813/3813 3812/3812 3748/3748
f 3749/3749 3813/3813 3748/3748
f 3814/3814 3813/3813 3749/3749
f 3750/3750 3814/3814 3749/3749
f 3815/3815 3814/3814 3750/3750
f 3751/3751 3815/3815 3750/3750
f 3816/3816 3815/3815 3751/3751
f 3752/3752 3816/3816 3751/3751
f 3817/3817 3816/3816 3752/3752
f 3753/3753 3817/3817 3752/3752
f 3818/3818 3817/3817 3753/3753
f 3754/3754 3818/3818 3753/3753
f 3819/3819 3818/3818 3754/3754
f 3755/3755 3819/3819 3754/3754
f 3820/3820 3819/3819 3755/3755
f 3756/3756 3820/3820 3755/3755
f 3821/3821 3820/3820 3756/3756
f 3757/3757 3821/3821 3756/3756
f 3822/3822 3821/3821 3757/3757
f 3758/3758 3822/3822 3757/3757
f 3823/3823 3822/3822 3758/3758
f 3759/3759 3823/3823 3758/3758
f 3824/3824 3823/3823 3759/3759
f 3760/3760 3824/3824 3759/3759
f 3825/3825 3824/3824 3760/3760
f 3761/3761 3825/3825 3760/3760
f 3826/3826 3825/3825 3761/3761
f 3762/3762 3826/3826 3761/3761
f 3827/3827 3826/3826 3762/3762
f 3763/3763 3827/3827 3762/3762
f 3828/3828 3827/3827 3763/3763
f 3764/3764 3828/3828 3763/3763
f 3829/3829 3828/3828 3764/3764
f 3765/3765 3829/3829 3764/3764
f 3830/3830 3829/3829 3765/3765
f 3766/3766 3830/3830 3765/3765
f 3831/3831 3830/3830 3766/3766
f 3767/3767 3831/3831 3766/3766
f 3832/3832 3831/3831 3767/3767
f 3768/3768 3832/3832 3767/3767
f 3833/3833 3832/3832 3768/3768
f 3769/3769 3833/3833 3768/3768
f 3834/3834 3833/3833 3769/3769
f 3770/3770 3834/3834 3769/3769
f 3835/3835 3834/3834 3770/3770
f 3771/3771 3835/3835 3770/3770
f 3836/3836 3835/3835 3771/3771
f 3772/3772 3836/3836 3771/3771
f 3837/3837 3836/3836 3772/3772
f 3773/3773 3837/3837 3772/3772
f 3838/3838 3837/3837 3773/3773
f 3774/3774 3838/3838 3773/3773
f 3839/3839 3838/3838 3774/3774
f 3775/3775 3839/3839 3774/3774
f 3840/3840 3839/3839 3775/3775
f 3776/3776 3840/3840 3775/3775
f 3842/3842 3841/3841 3777/3777
f 3778/3778 3842/3842 3777/3777
f 3843/3843 3842/3842 3778/3778
f 3779/3779 3843/3843 3778/3778
f 3844/3844 3843/3843 3779/3779
f 3780/3780 3844/3844 3779/3779
f 3845/3845 3844/3844 3780/3780
f 3781/3781 3845/3845 3780/3780
f 3846/3846 3845/3845 3781/3781
f 3782/3782 3846/3846 3781/3781
f 3847/3847 3846/3846 3782/3782
f 3783/3783 3847/3847 3782/3782
f 3848/3848 3847/3847 3783/3783
f 3784/3784 3848/3848 3783/3783
f 3849/3849 3848/3848 3784/3784
f 3785/3785 3849/3849 3784/3784
f 3850/3850 3849/3849 3785/3785
f 3786/3786 3850/3850 3785/3785
f 3851/3851 3850/3850 3786/3786
f 3787/3787 3851/3851 3786/3786
f 3852/3852 3851/3851 3787/3787
f 3788/3788 3852/3852 3787/3787
f 3853/3853 3852/3852 3788/3788
f 3789/3789 3853/3853 3788/3788
f 3854/3854 3853/3853 3789/3789
f 3790/3790 3854/3854 3789/3789
f 3855/3855 3854/3854 3790/3790
f 3791/3791 3855/3855 3790/3790
f 3856/3856 3855/3855 3791/3791
f 3792/3792 3856/3856 3791/3791
f 3857/3857 3856/3856 3792/3792
f 3793/3793 3857/3857 3792/3792
f 3858/3858 3857/3857 3793/3793
f 3794/3794 3858/3858 3793/3793
f 3859/3859 3858/3858 3794/3794
f 3795/3795 3859/3859 3794/3794
f 3860/3860 3859/3859 3795/3795
f 3796/3796 3860/3860 3795/3795
f 3861/3861 3860/3860 3796/3796
f 3797/3797 3861/3861 3796/3796
f 3862/3862 3861/3861 3797/3797
f 3798/3798 3862/3862 3797/3797
f 3863/3863 3862/3862 3798/3798
f 3799/3799 3863/3863 3798/3798
f 3864/3864 3863/3863 3799/3799
f 3800/3800 3864/3864 3799/3799
f 3865/3865 3864/3864 3800/3800
f 3801/3801 3865/3865 3800/3800
f 3866/3866 3865/3865 3801/3801
f 3802/3802 3866/3866 3801/3801
f 3867/3867 3866/3866 3802/3802
f 3803/3803 3867/3867 3802/3802
f 3868/3868 3867/3867 3803/3803
f 3804/3804 3868/3868 3803/3803
f 3869/3869 3868/3868 3804/3804
f 3805/3805 3869/3869 3804/3804
f 3870/3870 3869/3869 3805/3805
f 3806/3806 3870/3870 3805/3805
f 3871/3871 3870/3870 3806/3806
f 3807/3807 3871/3871 3806/3806
f 3872/3872 3871/3871 3807/3807
f 3808/3808 3872/3872 3807/3807
f 3873/3873 3872/3872 3808/3808
f 3809/3809 3873/3873 3808/3808
f 3874/3874 3873/3873 3809/3809
f 3810/3810 3874/3874 3809/3809
f 3875/3875 3874/3874 3810/3810
f 3811/3811 3875/3875 3810/3810
f 3876/3876 3875/3875 3811/3811
f 3812/3812 3876/3876 3811/3811
f 3877/3877 3876/3876 3812/3812
f 3813/3813 3877/3877 3812/3812
f 3878/3878 3877/3877 3813/3813
f 3814/3814 3878/3878 3813/3813
f 3879/3879 3878/3878 3814/3814
f 3815/3815 3879/3879 3814/3814
f 3880/3880 3879/3879 3815/3815
f 3816/3816 3880/3880 3815/3815
f 3881/3881 3880/3880 3816/3816
f 3817/3817 3881/3881 3816/3816
f 3882/3882 3881/3881 3817/3817
f 3818/3818 3882/3882 3817/3817
f 3883/3883 3882/3882 3818/3818
f 3819/3819 3883/3883 3818/3818
f 3884/3884 3883/3883 3819/3819
f 3820/3820 3884/3884 3819/3819
f 3885/3885 3884/3884 3820/3820
f 3821/3821 3885/3885 3820/3820
f 3886/3886 3885/3885 3821/3821
f 3822/3822 3886/3886 3821/3821
f 3887/3887 3886/3886 3822/3822
f 3823/3823 3887/3887 3822/3822
f 3888/3888 3887/3887 3823/3823
f 3824/3824 3888/3888 3823/3823
f 3889/3889 3888/3888 3824/3824
f 3825/3825 3889/3889 3824/3824
f 3890/3890 3889/3889 3825/3825
f 3826/3826 3890/3890 3825/3825
f 3891/3891 3890/3890 3826/3826
f 3827/3827 3891/3891 3826/3826
f 3892/3892 3891/3891 3827/3827
f 3828/3828 3892/3892 3827/3827
f 3893/3893 3892/3892 3828/3828
f 3829/3829 3893/3893 3828/3828
f 3894/3894 3893/3893 3829/3829
f 3830/3830 3894/3894 3829/3829
f 3895/3895 3894/3894 3830/3830
f 3831/3831 3895/3895 3830/3830
f 3896/3896 3895/3895 3831/3831
f 3832/3832 3896/3896 3831/3831
f 3897/3897 3896/3896 3832/3832
f 3833/3833 3897/3897 3832/3832
f 3898/3898 3897/3897 3833/3833
f 3834/3834 3898/3898 3833/3833
f 3899/3899 3898/3898 3834/3834
f 3835/3835 3899/3899 3834/3834
f 3900/3900 3899/3899 3835/3835
f 3836/3836 3900/3900 3835/3835
f 3901/3901 3900/3900 3836/3836
f 3837/3837 3901/3901 3836/3836
f 3902/3902 3901/3901 3837/3837
f 3838/3838 3902/3902 3837/3837
f 3903/3903 3902/3902 3838/3838
f 3839/3839 3903/3903 3838/3838
f 3904/3904 3903/3903 3839/3839
f 3840/3840 3904/3904 3839/3839
f 3906/3906 3905/3905 3841/3841
f 3842/3842 3906/3906 3841/3841
f 3907/3907 3906/3906 3842/3842
f 3843/3843 3907/3907 3842/3842
f 3908/3908 3907/3907 3843/3843
f 3844/3844 3908/3908 3843/3843
f 3909/3909 3908/3908 3844/3844
f 3845/3845 3909/3909 3844/3844
f 3910/3910 3909/3909 3845/3845
f 3846/3846 3910/3910 3845/3845
f 3911/3911 3910/3910 3846/3846
f 3847/3847 3911/3911 3846/3846
f 3912/3912 3911/3911 3847/3847
f 3848/3848 3912/3912 3847/3847
f 3913/3913 3912/3912 3848/3848
f 3849/3849 3913/3913 3848/3848
f 3914/3914 3913/3913 3849/3849
f 3850/3850 3914/3914 3849/3849
f 3915/3915 3914/3914 3850/3850
f 3851/3851 3915/3915 3850/3850
f 3916/3916 3915/3915 3851/3851
f 3852/3852 3916/3916 3851/3851
f 3917/3917 3916/3916 3852/3852
f 3853/3853 3917/3917 3852/3852
f 3918/3918 3917/3917 3853/3853
f 3854/3854 3918/3918 3853/3853
f 3919/3919 3918/3918 3854/3854
f 3855/3855 3919/3919 3854/3854
f 3920/3920 3919/3919 3855/3855
f 3856/3856 3920/3920 3855/3855
f 3921/3921 3920/3920 3856/3856
f 3857/3857 3921/3921 3856/3856
f 3922/3922 3921/3921 3857/3857
f 3858/3858 3922/3922 3857/3857
f 3923/3923 3922/3922 3858/3858
f 3859/3859 3923/3923 3858/3858
f 3924/3924 3923/3923 3859/3859
f 3860/3860 3924/3924 3859/3859
f 3925/3925 3924/3924 3860/3860
f 3861/3861 3925/3925 3860/3860
f 3926/3926 3925/3925 3861/3861
f 3862/3862 3926/3926 3861/3861
f 3927/3927 3926/3926 3862/3862
f 3863/3863 3927/3927 3862/3862
f 3928/3928 3927/3927 3863/3863
f 3864/3864 3928/3928 3863/3863
f 3929/3929 3928/3928 3864/3864
f 3865/3865 3929/3929 3864/3864
f 3930/3930 3929/3929 3865/3865
f 3866/3866 3930/3930 3865/3865
f 3931/3931 3930/3930 3866/3866
f 3867/3867 3931/3931 3866/3866
f 3932/3932 3931/3931 3867/3867
f 3868/3868 3932/3932 3867/3867
f 3933/3933 3932/3932 3868/3868
f 3869/3869 3933/3933 3868/3868
f 3934/3934 3933/3933 3869/3869
f 3870/3870 3934/3934 3869/3869
f 3935/3935 3934/3934 3870/3870
f 3871/3871 3935/3935 3870/3870
f 3936/3936 3935/3935 3871/3871
f 3872/3872 3936/3936 3871/3871
f 3937/3937 3936/3936 3872/3872
f 3873/3873 3937/3937 3872/3872
f 3938/3938 3937/3937 3873/3873
f 3874/3874 3938/3938 3873/3873
f 3939/3939 3938/3938 3874/3874
f 3875/3875 3939/3939 3874/3874
f 3940/3940 3939/3939 3875/3875
f 3876/3876 3940/3940 3875/3875
f 3941/3941 3940/3940 3876/3876
f 3877/3877 3941/3941 3876/3876
f 3942/3942 3941/3941 3877/3877
f 3878/3878 3942/3942 3877/3877
f 3943/3943 3942/3942 3878/3878
f 3879/3879 3943/3943 3878/3878
f 3944/3944 3943/3943 3879/3879
f 3880/3880 3944/3944 3879/3879
f 3945/3945 3944/3944 3880/3880
f 3881/3881 3945/3945 3880/3880
f 3946/3946 3945/3945 3881/3881
f 3882/3882 3946/3946 3881/3881
f 3947/3947 3946/3946 3882/3882
f 3883/3883 3947/3947 3882/3882
f 3948/3948 3947/3947 3883/3883
f 3884/3884 3948/3948 3883/3883
f 3949/3949 3948/3948 3884/3884
f 3885/3885 3949/3949 3884/3884
f 3950/3950 3949/3949 3885/3885
f 3886/3886 3950/3950 3885/3885
f 3951/3951 3950/3950 3886/3886
f 3887/3887 3951/3951 3886/3886
f 3952/3952 3951/3951 3887/3887
f 3888/3888 3952/3952 3887/3887
f 3953/3953 3952/3952 3888/3888
f 3889/3889 3953/3953 3888/3888
f 3954/3954 3953/3953 3889/3889
f 3890/3890 3954/3954 3889/3889
f 3955/3955 3954/3954 3890/3890
f 3891/3891 3955/3955 3890/3890
f 3956/3956 3955/3955 3891/3891
f 3892/3892 3956/3956 3891/3891
f 3957/3957 3956/3956 3892/3892
f 3893/3893 3957/3957 3892/3892
f 3958/3958 3957/3957 3893/3893
f 3894/3894 3958/3958 3893/3893
f 3959/3959 3958/3958 3894/3894
f 3895/3895 3959/3959 3894/3894
f 3960/3960 3959/3959 3895/3895
f 3896/3896 3960/3960 3895/3895
f 3961/3961 3960/3960 3896/3896
f 3897/3897 3961/3961 3896/3896
f 3962/3962 3961/3961 3897/3897
f 3898/3898 3962/3962 3897/3897
f 3963/3963 3962/3962 3898/3898
f 3899/3899 3963/3963 3898/3898
f 3964/3964 3963/3963 3899/3899
f 3900/3900 3964/3964 3899/3899
f 3965/3965 3964/3964 3900/3900
f 3901/3901 3965/3965 3900/3900
f 3966/3966 3965/3965 3901/3901
f 3902/3902 3966/3966 3901/3901
f 3967/3967 3966/3966 3902/3902
f 3903/3903 3967/3967 3902/3902
f 3968/3968 3967/3967 3903/3903
f 3904/3904 3968/3968 3903/3903
f 3970/3970 3969/3969 3905/3905
f 3906/3906 3970/3970 3905/3905
f 3971/3971 3970/3970 3906/3906
f 3907/3907 3971/3971 3906/3906
f 3972/3972 3971/3971 3907/3907
f 3908/3908 3972/3972 3907/3907
f 3973/3973 3972/3972 3908/3908
f 3909/3909 3973/3973 3908/3908
f 3974/3974 3973/3973 3909/3909
f 3910/3910 3974/3974 3909/3909
f 3975/3975 3974/3974 3910/3910
f 3911/3911 3975/3975 3910/3910
f 3976/3976 3975/3975 3911/3911
f 3912/3912 3976/3976 3911/3911
f 3977/3977 3976/3976 3912/3912
f 3913/3913 3977/3977 3912/3912
f 3978/3978 3977/3977 3913/3913
f 3914/3914 3978/3978 3913/3913
f 3979/3979 3978/3978 3914/3914
f 3915/3915 3979/3979 3914/3914
f 3980/3980 3979/3979 3915/3915
f 3916/3916 3980/3980 3915/3915
f 3981/3981 3980/3980 3916/3916
f 3917/3917 3981/3981 3916/3916
f 3982/3982 3981/3981 3917/3917
f 3918/3918 3982/3982 3917/3917
f 3983/3983 3982/3982 3918/3918
f 3919/3919 3983/3983 3918/3918
f 3984/3984 3983/3983 3919/3919
f 3920/3920 3984/3984 3919/3919
f 3985/3985 3984/3984 3920/3920
f 3921/3921 3985/3985 3920/3920
f 3986/3986 3985/3985 3921/3921
f 3922/3922 3986/3986 3921/3921
f 3987/3987 3986/3986 3922/3922
f 3923/3923 3987/3987 3922/3922
f 3988/3988 3987/3987 3923/3923
f 3924/3924 3988/3988 3923/3923
f 3989/3989 3988/3988 3924/3924
f 3925/3925 3989/3989 3924/3924
f 3990/3990 3989/3989 3925/3925
f 3926/3926 3990/3990 3925/3925
f 3991/3991 3990/3990 3926/3926
f 3927/3927 3991/3991 3926/3926
f 3992/3992 3991/3991 3927/3927
f 3928/3928 3992/3992 3927/3927
f 3993/3993 3992/3992 3928/3928
f 3929/3929 3993/3993 3928/3928
f 3994/3994 3993/3993 3929/3929
f 3930/3930 3994/3994 3929/3929
f 3995/3995 3994/3994 3930/3930
f 3931/3931 3995/3995 3930/3930
f 3996/3996 3995/3995 3931/3931
f 3932/3932 3996/3996 3931/3931
f 3997/3997 3996/3996 3932/3932
f 3933/3933 3997/3997 3932/3932
f 3998/3998 3997/3997 3933/3933
f 3934/3934 3998/3998 3933/3933
f 3999/3999 3998/3998 3934/3934
f 3935/3935 3999/3999 3934/3934
f 4000/4000 3999/3999 3935/3935
f 3936/3936 4000/4000 3935/3935
f 4001/4001 4000/4000 3936/3936
f 3937/3937 4001/4001 3936/3936
f 4002/4002 4001/4001 3937/3937
f 3938/3938 4002/4002 3937/3937
f 4003/4003 4002/4002 3938/3938
f 3939/3939 4003/4003 3938/3938
f 4004/4004 4003/4003 3939/3939
f 3940/3940 4004/4004 3939/3939
f 4005/4005 4004/4004 3940/3940
f 3941/3941 4005/4005 3940/3940
f 4006/4006 4005/4005 3941/3941
f 3942/3942 4006/4006 3941/3941
f 4007/4007 4006/4006 3942/3942
f 3943/3943 4007/4007 3942/3942
f 4008/4008 4007/4007 3943/3943
f 3944/3944 4008/4008 3943/3943
f 4009/4009 4008/4008 3944/3944
f 3945/3945 4009/4009 3944/3944
f 4010/4010 4009/4009 3945/3945
f 3946/3946 4010/4010 3945/3945
f 4011/4011 4010/4010 3946/3946
f 3947/3947 4011/4011 3946/3946
f 4012/4012 4011/4011 3947/3947
f 3948/3948 4012/4012 3947/3947
f 4013/4013 4012/4012 3948/3948
f 3949/3949 4013/4013 3948/3948
f 4014/4014 4013/4013 3949/3949
f 3950/3950 4014/4014 3949/3949
f 4015/4015 4014/4014 3950/3950
f 3951/3951 4015/4015 3950/3950
f 4016/4016 4015/4015 3951/3951
f 3952/3952 4016/4016 3951/3951
f 4017/4017 4016/4016 3952/3952
f 3953/3953 4017/4017 3952/3952
f 4018/4018 4017/4017 3953/3953
f 3954/3954 4018/4018 3953/3953
f 4019/4019 4018/4018 3954/3954
f 3955/3955 4019/4019 3954/3954
f 4020/4020 4019/4019 3955/3955
f 3956/3956 4020/4020 3955/3955
f 4021/4021 4020/4020 3956/3956
f 3957/3957 4021/4021 3956/3956
f 4022/4022 4021/4021 3957/3957
f 3958/3958 4022/4022 3957/3957
f 4023/4023 4022/4022 3958/3958
f 3959/3959 4023/4023 3958/3958
f 4024/4024 4023/4023 3959/3959
f 3960/3960 4024/4024 3959/3959
f 4025/4025 4024/4024 3960/3960
f 3961/3961 4025/4025 3960/3960
f 4026/4026 4025/4025 3961/3961
f 3962/3962 4026/4026 3961/3961
f 4027/4027 4026/4026 3962/3962
f 3963/3963 4027/4027 3962/3962
f 4028/4028 4027/4027 3963/3963
f 3964/3964 4028/4028 3963/3963
f 4029/4029 4028/4028 3964/3964
f 3965/3965 4029/4029 3964/3964
f 4030/4030 4029/4029 3965/3965
f 3966/3966 4030/4030 3965/3965
f 4031/4031 4030/4030 3966/3966
f 3967/3967 4031/4031 3966/3966
f 4032/4032 4031/4031 3967/3967
f 3968/3968 4032/4032 3967/3967
f 4034/4034 4033/4033 3969/3969
f 3970/3970 4034/4034 3969/3969
f 4035/4035 4034/4034 3970/3970
f 3971/3971 4035/4035 3970/3970
f 4036/4036 4035/4035 3971/3971
f 3972/3972 4036/4036 3971/3971
f 4037/4037 4036/4036 3972/3972
f 3973/3973 4037/4037 3972/3972
f 4038/4038 4037/4037 3973/3973
f 3974/3974 4038/4038 3973/3973
f 4039/4039 4038/4038 3974/3974
f 3975/3975 4039/4039 3974/3974
f 4040/4040 4039/4039 3975/3975
f 3976/3976 4040/4040 3975/3975
f 4041/4041 4040/4040 3976/3976
f 3977/3977 4041/4041 3976/3976
f 4042/4042 4041/4041 3977/3977
f 3978/3978 4042/4042 3977/3977
f 4043/4043 4042/4042 3978/3978
f 3979/3979 4043/4043 3978/3978
f 4044/4044 4043/4043 3979/3979
f 3980/3980 4044/4044 3979/3979
f 4045/4045 4044/4044 3980/3980
f 3981/3981 4045/4045 3980/3980
f 4046/4046 4045/4045 3981/3981
f 3982/3982 4046/4046 3981/3981
f 4047/4047 4046/4046 3982/3982
f 3983/3983 4047/4047 3982/3982
f 4048/4048 4047/4047 3983/3983
f 3984/3984 4048/4048 3983/3983
f 4049/4049 4048/4048 3984/3984
f 3985/3985 4049/4049 3984/3984
f 4050/4050 4049/4049 3985/3985
f 3986/3986 4050/4050 3985/3985
f 4051/4051 4050/4050 3986/3986
f 3987/3987 4051/4051 3986/3986
f 4052/4052 4051/4051 3987/3987
f 3988/3988 4052/4052 3987/3987
f 4053/4053 4052/4052 3988/3988
f 3989/3989 4053/4053 3988/3988
f 4054/4054 4053/4053 3989/3989
f 3990/3990 4054/4054 3989/3989
f 4055/4055 4054/4054 3990/3990
f 3991/3991 4055/4055 3990/3990
f 4056/4056 4055/4055 3991/3991
f 3992/3992 4056/4056 3991/3991
f 4057/4057 4056/4056 3992/3992
f 3993/3993 4057/4057 3992/3992
f 4058/4058 4057/4057 3993/3993
f 3994/3994 4058/4058 3993/3993
f 4059/4059 4058/4058 3994/3994
f 3995/3995 4059/4059 3994/3994
f 4060/4060 4059/4059 3995/3995
f 3996/3996 4060/4060 3995/3995
f 4061/4061 4060/4060 3996/3996
f 3997/3997 4061/4061 3996/3996
f 4062/4062 4061/4061 3997/3997
f 3998/3998 4062/4062 3997/3997
f 4063/4063 4062/4062 3998/3998
f 3999/3999 4063/4063 3998/3998
f 4064/4064 4063/4063 3999/3999
f 4000/4000 4064/4064 3999/3999
f 4065/4065 4064/4064 4000/4000
f 4001/4001 4065/4065 4000/4000
f 4066/4066 4065/4065 4001/4001
f 4002/4002 4066/4066 4001/4001
f 4067/4067 4066/4066 4002/4002
f 4003/4003 4067/4067 4002/4002
f 4068/4068 4067/4067 4003/4003
f 4004/4004 4068/4068 4003/4003
f 4069/4069 4068/4068 4004/4004
f 4005/4005 4069/4069 4004/4004
f 4070/4070 4069/4069 4005/4005
f 4006/4006 4070/4070 4005/4005
f 4071/4071 4070/4070 4006/4006
f 4007/4007 4071/4071 4006/4006
f 4072/4072 4071/4071 4007/4007
f 4008/4008 4072/4072 4007/4007
f 4073/4073 4072/4072 4008/4008
f 4009/4009 4073/4073 4008/4008
f 4074/4074 4073/4073 4009/4009
f 4010/4010 4074/4074 4009/4009
f 4075/4075 4074/4074 4010/4010
f 4011/4011 4075/4075 4010/4010
f 4076/4076 4075/4075 4011/4011
f 4012/4012 4076/4076 4011/4011
f 4077/4077 4076/4076 4012/4012
f 4013/4013 4077/4077 4012/4012
f 4078/4078 4077/4077 4013/4013
f 4014/4014 4078/4078 4013/4013
f 4079/4079 4078/4078 4014/4014
f 4015/4015 4079/4079 4014/4014
f 4080/4080 4079/4079 4015/4015
f 4016/4016 4080/4080 4015/4015
f 4081/4081 4080/4080 4016/4016
f 4017/4017 4081/4081 4016/4016
f 4082/4082 4081/4081 4017/4017
f 4018/4018 4082/4082 4017/4017
f 4083/4083 4082/4082 4018/4018
f 4019/4019 4083/4083 4018/4018
f 4084/4084 4083/4083 4019/4019
f 4020/4020 4084/4084 4019/4019
f 4085/4085 4084/4084 4020/4020
f 4021/4021 4085/4085 4020/4020
f 4086/4086 4085/4085 4021/4021
f 4022/4022 4086/4086 4021/4021
f 4087/4087 4086/4086 4022/4022
f 4023/4023 4087/4087 4022/4022
f 4088/4088 4087/4087 4023/4023
f 4024/4024 4088/4088 4023/4023
f 4089/4089 4088/4088 4024/4024
f 4025/4025 4089/4089 4024/4024
f 4090/4090 4089/4089 4025/4025
f 4026/4026 4090/4090 4025/4025
f 4091/4091 4090/4090 4026/4026
f 4027/4027 4091/4091 4026/4026
f 4092/4092 4091/4091 4027/4027
f 4028/4028 4092/4092 4027/4027
f 4093/4093 4092/4092 4028/4028
f 4029/4029 4093/4093 4028/4028
f 4094/4094 4093/4093 4029/4029
f 4030/4030 4094/4094 4029/4029
f 4095/4095 4094/4094 4030/4030
f 4031/4031 4095/4095 4030/4030
f 4096/4096 4095/4095 4031/4031
f 4032/4032 4096/4096 4031/4031
f 1/1 1/1 1/1
f 1/1 1/1 1/1
f 1/1 1/1 1/1
f 1/1 1/1 1/1
f 1/1 1/1 1/1
f 1/1 1/1 1/1
f 1/1 1/1 1/1
f 1/1 1/1 1/1
f 1/1 1/1 1/1
f 1/1 1/1 1/1
f 1/1 1/1 1/1
f 1/1 1/1 1/1
f 1/1 1/1 1/1
f 1/1 1/1 1/1
f 1/1 1/1 1/1
f 1/1 1/1 1/1
f 1/1 1/1 1/1
f 1/1 1/1 1/1
f 1/1 1/1 1/1
f 1/1 1/1 1/1
f 1/1 1/1 1/1
f 1/1 1/1 1/1
f 1/1 1/1 1/1
f 1/1 1/1 1/1
f 1/1 1/1 1/1
f 1/1 1/1 1/1
f 1/1 1/1 1/1
f 1/1 1/1 1/1
f 1/1 1/1 1/1
f 1/1 1/1 1/1
f 1/1 1/1 1/1
f 1/1 1/1 1/1
f 1/1 1/1 1/1
f 1/1 1/1 1/1
f 1/1 1/1 1/1
f 1/1 1/1 1/1
f 1/1 1/1 1/1
f 1/1 1/1 1/1
f 1/1 1/1 1/1
f 1/1 1/1 1/1
f 1/1 1/1 1/1
f 1/1 1/1 1/1
f 1/1 1/1 1/1
f 1/1 1/1 1/1
f 1/1 1/1 1/1
f 1/1 1/1 1/1
f 1/1 1/1 1/1
f 1/1 1/1 1/1
f 1/1 1/1 1/1
f 1/1 1/1 1/1
f 1/1 1/1 1/1
f 1/1 1/1 1/1
f 1/1 1/1 1/1
f 1/1 1/1 1/1
f 1/1 1/1 1/1
f 1/1 1/1 1/1
f 1/1 1/1 1/1
f 1/1 1/1 1/1
f 1/1 1/1 1/1
f 1/1 1/1 1/1
f 1/1 1/1 1/1
f 1/1 1/1 1/1
f 1/1 1/1 1/1
f 1/1 1/1 1/1
f 1/1 1/1 1/1
f 1/1 1/1 1/1
f 1/1 1/1 1/1
f 1/1 1/1 1/1
f 1/1 1/1 1/1
f 1/1 1/1 1/1
f 1/1 1/1 1/1
f 1/1 1/1 1/1
f 1/1 1/1 1/1
f 1/1 1/1 1/1
f 1/1 1/1 1/1
f 1/1 1/1 1/1
f 1/1 1/1 1/1
f 1/1 1/1 1/1
f 1/1 1/1 1/1
f 1/1 1/1 1/1
f 1/1 1/1 1/1
f 1/1 1/1 1/1
f 1/1 1/1 1/1
f 1/1 1/1 1/1
f 1/1 1/1 1/1
f 1/1 1/1 1/1
f 1/1 1/1 1/1
f 1/1 1/1 1/1
f 1/1 1/1 1/1
f 1/1 1/1 1/1
f 1/1 1/1 1/1
f 1/1 1/1 1/1
f 1/1 1/1 1/1
f 1/1 1/1 1/1
f 1/1 1/1 1/1
f 1/1 1/1 1/1
f 1/1 1/1 1/1
f 1/1 1/1 1/1
f 1/1 1/1 1/1
f 1/1 1/1 1/1
f 1/1 1/1 1/1
f 1/1 1/1 1/1
f 1/1 1/1 1/1
f 1/1 1/1 1/1
f 1/1 1/1 1/1
f 1/1 1/1 1/1
f 1/1 1/1 1/1
f 1/1 1/1 1/1
f 1/1 1/1 1/1
f 1/1 1/1 1/1
f 1/1 1/1 1/1
f 1/1 1/1 1/1
f 1/1 1/1 1/1
f 1/1 1/1 1/1
f 1/1 1/1 1/1
f 1/1 1/1 1/1
f 1/1 1/1 1/1
f 1/1 1/1 1/1
f 1/1 1/1 1/1
f 1/1 1/1 1/1
f 1/1 1/1 1/1
f 1/1 1/1 1/1
f 1/1 1/1 1/1
f 1/1 1/1 1/1
f 1/1 1/1 1/1
f 1/1 1/1 1/1
f 1/1 1/1 1/1
f 1/1 1/1 1/1
f 1/1 1/1 1/1
f 1/1 1/1 1/1
f 1/1 1/1 1/1
f 1/1 1/1 1/1
f 1/1 1/1 1/1
f 1/1 1/1 1/1
f 1/1 1/1 1/1
f 1/1 1/1 1/1
f 1/1 1/1 1/1
f 1/1 1/1 1/1
f 1/1 1/1 1/1
f 1/1 1/1 1/1
f 1/1 1/1 1/1
f 1/1 1/1 1/1
f 1/1 1/1 1/1
f 1/1 1/1 1/1
f 1/1 1/1 1/1
f 1/1 1/1 1/1
f 1/1 1/1 1/1
f 1/1 1/1 1/1
f 1/1 1/1 1/1
f 1/1 1/1 1/1
f 1/1 1/1 1/1
f 1/1 1/1 1/1
f 1/1 1/1 1/1
f 1/1 1/1 1/1
f 1/1 1/1 1/1
f 1/1 1/1 1/1
f 1/1 1/1 1/1
f 1/1 1/1 1/1
f 1/1 1/1 1/1
f 1/1 1/1 1/1
f 1/1 1/1 1/1
f 1/1 1/1 1/1
f 1/1 1/1 1/1
f 1/1 1/1 1/1
f 1/1 1/1 1/1
f 1/1 1/1 1/1
f 1/1 1/1 1/1
f 1/1 1/1 1/1
f 1/1 1/1 1/1
f 1/1 1/1 1/1
f 1/1 1/1 1/1
f 1/1 1/1 1/1
f 1/1 1/1 1/1
f 1/1 1/1 1/1
f 1/1 1/1 1/1
f 1/1 1/1 1/1
f 1/1 1/1 1/1
f 1/1 1/1 1/1
f 1/1 1/1 1/1
f 1/1 1/1 1/1
f 1/1 1/1 1/1
f 1/1 1/1 1/1
f 1/1 1/1 1/1
f 1/1 1/1 1/1
f 1/1 1/1 1/1
f 1/1 1/1 1/1
f 1/1 1/1 1/1
f 1/1 1/1 1/1
f 1/1 1/1 1/1
f 1/1 1/1 1/1
f 1/1 1/1 1/1
f 1/1 1/1 1/1
f 1/1 1/1 1/1
f 1/1 1/1 1/1
f 1/1 1/1 1/1
f 1/1 1/1 1/1
f 1/1 1/1 1/1
f 1/1 1/1 1/1
f 1/1 1/1 1/1
f 1/1 1/1 1/1
f 1/1 1/1 1/1
f 1/1 1/1 1/1
f 1/1 1/1 1/1
f 1/1 1/1 1/1
f 1/1 1/1 1/1
f 1/1 1/1 1/1
f 1/1 1/1 1/1
f 1/1 1/1 1/1
f 1/1 1/1 1/1
f 1/1 1/1 1/1
f 1/1 1/1 1/1
f 1/1 1/1 1/1
f 1/1 1/1 1/1
f 1/1 1/1 1/1
f 1/1 1/1 1/1
f 1/1 1/1 1/1
f 1/1 1/1 1/1
f 1/1 1/1 1/1
f 1/1 1/1 1/1
f 1/1 1/1 1/1
f 1/1 1/1 1/1
f 1/1 1/1 1/1
f 1/1 1/1 1/1
f 1/1 1/1 1/1
f 1/1 1/1 1/1
f 1/1 1/1 1/1
f 1/1 1/1 1/1
f 1/1 1/1 1/1
f 1/1 1/1 1/1
f 1/1 1/1 1/1
f 1/1 1/1 1/1
f 1/1 1/1 1/1
f 1/1 1/1 1/1
f 1/1 1/1 1/1
f 1/1 1/1 1/1
f 1/1 1/1 1/1
f 1/1 1/1 1/1
f 1/1 1/1 1/1
f 1/1 1/1 1/1
f 1/1 1/1 1/1
f 1/1 1/1 1/1
f 1/1 1/1 1/1
f 1/1 1/1 1/1
f 1/1 1/1 1/1
f 1/1 1/1 1/1
f 1/1 1/1 1/1
f 1/1 1/1 1/1
f 1/1 1/1 1/1
f 1/1 1/1 1/1
f 1/1 1/1 1/1
f 1/1 1/1 1/1
f 1/1 1/1 1/1
f 1/1 1/1 1/1
f 1/1 1/1 1/1

