# MagicaVoxel @ Ephtracy

# group
o 

# material
mtllib My First Voxel Scene.mtl
usemtl palette

# normals
vn -1 0 0
vn 1 0 0
vn 0 0 1
vn 0 0 -1
vn 0 -1 0
vn 0 1 0

# texcoords
vt 0.146484 0.5
vt 0.197266 0.5
vt 0.208984 0.5
vt 0.244141 0.5
vt 0.271484 0.5
vt 0.302734 0.5
vt 0.306641 0.5
vt 0.310547 0.5
vt 0.337891 0.5
vt 0.341797 0.5
vt 0.427734 0.5
vt 0.482422 0.5
vt 0.501953 0.5
vt 0.556641 0.5
vt 0.560547 0.5
vt 0.572266 0.5
vt 0.583984 0.5
vt 0.595703 0.5
vt 0.607422 0.5
vt 0.615234 0.5
vt 0.623047 0.5
vt 0.720703 0.5
vt 0.736328 0.5
vt 0.751953 0.5
vt 0.755859 0.5
vt 0.763672 0.5
vt 0.849609 0.5
vt 0.904297 0.5
vt 0.912109 0.5
vt 0.916016 0.5
vt 0.919922 0.5
vt 0.958984 0.5
vt 0.966797 0.5

# verts
v -2 0 2
v -2 0 -2
v -2 0.1 2
v -2 0.1 1
v -2 0.1 0.9
v -2 0.1 0.3
v -2 0.1 0.2
v -2 0.1 -2
v -2 0.2 1.1
v -2 0.2 1
v -2 0.2 0.9
v -2 0.2 0.3
v -2 0.2 0.2
v -2 0.2 0.0999999
v -2 0.3 1.2
v -2 0.3 1.1
v -2 0.3 1
v -2 0.3 0.2
v -2 0.3 0.0999999
v -2 0.3 -2.38419e-07
v -2 0.4 2
v -2 0.4 1.8
v -2 0.4 1.6
v -2 0.4 1.2
v -2 0.4 1.1
v -2 0.4 0.0999999
v -2 0.4 -2.38419e-07
v -2 0.4 -0.1
v -2 0.4 -0.3
v -2 0.4 -0.4
v -2 0.4 -0.6
v -2 0.4 -0.8
v -2 0.4 -1
v -2 0.4 -1.1
v -2 0.4 -1.2
v -2 0.4 -1.7
v -2 0.4 -1.9
v -2 0.5 2
v -2 0.5 1.8
v -2 0.5 1.6
v -2 0.5 1.1
v -2 0.5 0.0999999
v -2 0.5 -0.1
v -2 0.5 -0.3
v -2 0.5 -0.4
v -2 0.5 -0.6
v -2 0.5 -0.8
v -2 0.5 -1
v -2 0.5 -1.1
v -2 0.5 -1.2
v -2 0.5 -1.3
v -2 0.5 -1.7
v -2 0.5 -1.9
v -2 0.5 -2
v -2 0.6 -1.2
v -2 0.6 -1.3
v -2 0.7 -0.6
v -2 0.7 -0.7
v -2 0.7 -0.8
v -2 0.8 -0.7
v -2 0.8 -0.8
v -2 0.8 -1.1
v -2 0.8 -1.2
v -2 0.9 -0.6
v -2 0.9 -0.7
v -2 0.9 -0.8
v -2 1 -0.6
v -2 1 -0.7
v -2 1 -0.8
v -2 1.1 -0.6
v -2 1.1 -0.8
v -1.9 0.5 -0.6
v -1.9 0.5 -0.8
v -1.9 0.7 1.7
v -1.9 0.7 1.5
v -1.9 0.7 -0.5
v -1.9 0.7 -0.6
v -1.9 0.7 -0.7
v -1.9 0.7 -0.8
v -1.9 0.7 -0.9
v -1.9 0.8 1.7
v -1.9 0.8 1.6
v -1.9 0.8 -0.5
v -1.9 0.8 -0.6
v -1.9 0.8 -0.8
v -1.9 0.9 1.7
v -1.9 0.9 1.6
v -1.9 0.9 -0.6
v -1.9 0.9 -0.8
v -1.9 1 1.6
v -1.9 1 1.5
v -1.9 1 -0.5
v -1.9 1 -0.6
v -1.9 1 -0.8
v -1.9 1 -0.9
v -1.9 1.1 1.7
v -1.9 1.1 1.6
v -1.9 1.1 1.5
v -1.9 1.1 -0.5
v -1.9 1.1 -0.6
v -1.9 1.1 -0.7
v -1.9 1.1 -0.8
v -1.9 1.1 -0.9
v -1.9 1.2 -0.6
v -1.9 1.2 -0.7
v -1.9 1.2 -0.8
v -1.8 0.5 1.7
v -1.8 0.5 1.5
v -1.8 0.7 1.8
v -1.8 0.7 1.7
v -1.8 0.7 1.5
v -1.8 0.7 1.4
v -1.8 0.8 1.7
v -1.8 0.8 1.5
v -1.8 0.8 1.4
v -1.8 0.9 1.8
v -1.8 0.9 1.7
v -1.8 1 1.8
v -1.8 1 1.7
v -1.8 1 1.5
v -1.8 1.1 1.8
v -1.8 1.1 1.7
v -1.8 1.1 1.6
v -1.8 1.1 1.5
v -1.8 1.1 1.4
v -1.8 1.2 1.7
v -1.8 1.2 1.6
v -1.8 1.2 1.5
v -1.7 0.6 -1.8
v -1.7 0.6 -1.9
v -1.7 0.7 -1.8
v -1.7 0.7 -1.9
v -1.7 0.8 -1.8
v -1.7 0.8 -1.9
v -1.7 0.9 -1.8
v -1.7 0.9 -1.9
v -1.6 0.5 -0.1
v -1.6 0.5 -0.2
v -1.6 0.5 -1.8
v -1.6 0.5 -1.9
v -1.6 0.6 -0.1
v -1.6 0.6 -0.2
v -1.6 0.6 -1.8
v -1.6 0.6 -1.9
v -1.6 0.7 -1.8
v -1.6 0.7 -1.9
v -1.6 0.7 -2
v -1.6 0.8 -1.7
v -1.6 0.8 -1.8
v -1.6 0.8 -1.9
v -1.6 0.8 -2
v -1.6 0.9 -1.7
v -1.6 0.9 -1.8
v -1.6 0.9 -1.9
v -1.6 0.9 -2
v -1.5 0.5 -1.4
v -1.5 0.5 -1.5
v -1.5 0.6 -1.4
v -1.5 0.6 -1.5
v -1.4 0.5 1.3
v -1.4 0.5 1.2
v -1.4 0.6 1.3
v -1.4 0.6 1.2
v -1.2 0.6 -0.3
v -1.2 0.6 -0.4
v -1.2 0.6 -1
v -1.2 0.6 -1.1
v -1.2 0.7 -0.3
v -1.2 0.7 -0.4
v -1.2 0.7 -1
v -1.2 0.7 -1.1
v -1.2 0.8 -0.3
v -1.2 0.8 -0.4
v -1.2 0.8 -1
v -1.2 0.8 -1.1
v -1.2 0.9 -0.3
v -1.2 0.9 -0.4
v -1.2 0.9 -1
v -1.2 0.9 -1.1
v -1.1 0.5 -0.3
v -1.1 0.5 -0.4
v -1.1 0.5 -1
v -1.1 0.5 -1.1
v -1.1 0.6 -0.3
v -1.1 0.6 -0.4
v -1.1 0.6 -1
v -1.1 0.6 -1.1
v -1.1 0.7 -0.3
v -1.1 0.7 -0.4
v -1.1 0.7 -0.5
v -1.1 0.7 -1
v -1.1 0.7 -1.1
v -1.1 0.7 -1.2
v -1.1 0.8 -0.2
v -1.1 0.8 -0.3
v -1.1 0.8 -0.4
v -1.1 0.8 -0.5
v -1.1 0.8 -0.9
v -1.1 0.8 -1
v -1.1 0.8 -1.1
v -1.1 0.8 -1.2
v -1.1 0.9 -0.2
v -1.1 0.9 -0.3
v -1.1 0.9 -0.4
v -1.1 0.9 -0.5
v -1.1 0.9 -0.9
v -1.1 0.9 -1
v -1.1 0.9 -1.1
v -1.1 0.9 -1.2
v -1 0.5 1.6
v -1 0.5 1.5
v -1 0.6 1.9
v -1 0.6 1.8
v -1 0.6 1.6
v -1 0.6 1.5
v -1 0.7 1.9
v -1 0.7 1.8
v -1 0.8 1.9
v -1 0.8 1.8
v -1 0.9 1.9
v -1 0.9 1.8
v -0.9 0.5 1.9
v -0.9 0.5 1.8
v -0.9 0.6 1.9
v -0.9 0.6 1.8
v -0.9 0.7 1.9
v -0.9 0.7 1.8
v -0.9 0.7 1.7
v -0.9 0.8 2
v -0.9 0.8 1.9
v -0.9 0.8 1.8
v -0.9 0.8 1.7
v -0.9 0.9 2
v -0.9 0.9 1.9
v -0.9 0.9 1.8
v -0.9 0.9 1.7
v -0.8 0.5 -1.2
v -0.8 0.5 -1.3
v -0.8 0.6 -1.2
v -0.8 0.6 -1.3
v -0.6 0.4 1.1
v -0.6 0.4 1
v -0.6 0.4 0.2
v -0.6 0.4 0.0999999
v -0.6 0.5 1.3
v -0.6 0.5 1.2
v -0.6 0.5 1.1
v -0.6 0.5 0.0999999
v -0.6 0.5 -2.38419e-07
v -0.6 0.5 -0.1
v -0.6 0.6 1.2
v -0.6 0.6 1.1
v -0.6 0.6 1
v -0.6 0.6 0.8
v -0.6 0.6 0.4
v -0.6 0.6 0.2
v -0.6 0.6 0.0999999
v -0.6 0.6 -2.38419e-07
v -0.6 0.7 1.1
v -0.6 0.7 1
v -0.6 0.7 0.9
v -0.6 0.7 0.8
v -0.6 0.7 0.4
v -0.6 0.7 0.3
v -0.6 0.7 0.2
v -0.6 0.7 0.0999999
v -0.6 0.8 1.2
v -0.6 0.8 1.1
v -0.6 0.8 0.9
v -0.6 0.8 0.8
v -0.6 0.8 0.4
v -0.6 0.8 0.3
v -0.6 0.8 0.0999999
v -0.6 0.8 -2.38419e-07
v -0.6 0.9 1.3
v -0.6 0.9 1.1
v -0.6 0.9 1
v -0.6 0.9 0.9
v -0.6 0.9 0.3
v -0.6 0.9 0.2
v -0.6 0.9 0.0999999
v -0.6 0.9 -0.1
v -0.6 1 1.1
v -0.6 1 0.9
v -0.6 1 0.8
v -0.6 1 0.4
v -0.6 1 0.3
v -0.6 1 0.0999999
v -0.6 1.1 0.9
v -0.6 1.1 0.3
v -0.4 0.5 -0.3
v -0.4 0.5 -0.4
v -0.4 0.6 -0.3
v -0.4 0.6 -0.4
v -0.3 0.5 1.8
v -0.3 0.5 1.7
v -0.3 0.5 -0.9
v -0.3 0.5 -1.1
v -0.3 0.6 1.8
v -0.3 0.6 1.7
v -0.3 0.6 -1
v -0.3 0.6 -1.1
v -0.3 0.7 -0.9
v -0.3 0.7 -1
v 2.38419e-07 0.5 -1.5
v 2.38419e-07 0.5 -1.6
v 2.38419e-07 0.7 -1.5
v 2.38419e-07 0.7 -1.6
v 0.1 0.5 1.3
v 0.1 0.5 1.2
v 0.1 0.5 -2.38419e-07
v 0.1 0.5 -0.1
v 0.1 0.6 1.2
v 0.1 0.6 -2.38419e-07
v 0.1 0.7 1.1
v 0.1 0.7 1
v 0.1 0.7 0.2
v 0.1 0.7 0.0999999
v 0.1 0.8 1.2
v 0.1 0.8 1.1
v 0.1 0.8 0.9
v 0.1 0.8 0.8
v 0.1 0.8 0.4
v 0.1 0.8 0.3
v 0.1 0.8 0.0999999
v 0.1 0.8 -2.38419e-07
v 0.1 0.9 1.3
v 0.1 0.9 1.1
v 0.1 0.9 1
v 0.1 0.9 0.9
v 0.1 0.9 0.3
v 0.1 0.9 0.2
v 0.1 0.9 0.0999999
v 0.1 0.9 -0.1
v 0.1 1 1.1
v 0.1 1 0.9
v 0.1 1 0.8
v 0.1 1 0.4
v 0.1 1 0.3
v 0.1 1 0.0999999
v 0.1 1.1 0.9
v 0.1 1.1 0.3
v 0.2 0.5 -0.6
v 0.2 0.5 -0.7
v 0.2 0.6 -0.6
v 0.2 0.6 -0.7
v 0.3 0.5 1.9
v 0.3 0.5 1.8
v 0.3 0.7 1.9
v 0.3 0.7 1.8
v 0.6 0.7 1.8
v 0.6 0.7 1.7
v 0.6 0.7 1.6
v 0.6 0.8 1.7
v 0.6 0.8 1.6
v 0.6 0.9 1.8
v 0.6 0.9 1.7
v 0.6 1 1.8
v 0.6 1 1.7
v 0.6 1.1 1.8
v 0.6 1.1 1.6
v 0.7 0.5 1.8
v 0.7 0.5 1.7
v 0.7 0.5 1.6
v 0.7 0.5 -1.1
v 0.7 0.5 -1.2
v 0.7 0.5 -1.3
v 0.7 0.5 -1.4
v 0.7 0.6 -1.2
v 0.7 0.6 -1.3
v 0.7 0.6 -1.4
v 0.7 0.7 1.9
v 0.7 0.7 1.8
v 0.7 0.7 1.7
v 0.7 0.7 1.6
v 0.7 0.7 1.5
v 0.7 0.7 -1.1
v 0.7 0.7 -1.2
v 0.7 0.8 1.9
v 0.7 0.8 1.8
v 0.7 0.8 1.6
v 0.7 0.9 1.8
v 0.7 1 1.9
v 0.7 1 1.8
v 0.7 1 1.6
v 0.7 1 1.5
v 0.7 1.1 1.9
v 0.7 1.1 1.8
v 0.7 1.1 1.7
v 0.7 1.1 1.6
v 0.7 1.1 1.5
v 0.7 1.2 1.8
v 0.7 1.2 1.7
v 0.7 1.2 1.6
v 0.8 0.6 -1.2
v 0.8 0.6 -1.3
v 0.8 0.6 -1.4
v 0.8 0.7 -1.2
v 0.8 0.7 -1.3
v 0.8 0.7 -1.4
v 0.8 1.3 -0.4
v 0.8 1.3 -1.5
v 0.8 1.4 -0.4
v 0.8 1.4 -1.5
v 0.9 0.5 -0.3
v 0.9 0.5 -0.5
v 0.9 0.5 -0.6
v 0.9 0.5 -0.7
v 0.9 0.5 -0.9
v 0.9 0.5 -1
v 0.9 0.5 -1.1
v 0.9 0.6 -0.3
v 0.9 0.6 -0.4
v 0.9 0.6 -1.1
v 0.9 0.6 -1.2
v 0.9 0.7 -0.4
v 0.9 0.7 -0.5
v 0.9 0.7 -1.1
v 0.9 0.7 -1.2
v 0.9 0.7 -1.3
v 0.9 0.7 -1.4
v 0.9 0.9 -0.7
v 0.9 0.9 -0.9
v 0.9 0.9 -1
v 0.9 0.9 -1.1
v 0.9 0.9 -1.2
v 0.9 0.9 -1.3
v 0.9 1 -0.6
v 0.9 1 -1
v 0.9 1 -1.1
v 0.9 1 -1.2
v 0.9 1 -1.3
v 0.9 1.1 -1.3
v 0.9 1.1 -1.4
v 0.9 1.2 -0.6
v 0.9 1.2 -0.7
v 0.9 1.2 -1
v 0.9 1.2 -1.1
v 0.9 1.2 -1.2
v 0.9 1.2 -1.3
v 0.9 1.3 -0.5
v 0.9 1.3 -0.6
v 0.9 1.3 -0.7
v 0.9 1.3 -1.2
v 0.9 1.3 -1.4
v 0.9 1.4 -0.5
v 0.9 1.4 -1.4
v 0.9 1.5 -0.5
v 0.9 1.5 -0.8
v 0.9 1.5 -1.1
v 0.9 1.5 -1.4
v 0.9 1.6 -0.8
v 0.9 1.6 -0.9
v 0.9 1.6 -1
v 0.9 1.6 -1.1
v 0.9 1.7 -0.9
v 0.9 1.7 -1
v 1 0.5 -0.7
v 1 0.5 -0.9
v 1 0.6 -0.7
v 1 0.6 -0.8
v 1 0.7 -0.7
v 1 0.7 -0.8
v 1 0.7 -1.1
v 1 0.7 -1.3
v 1 0.9 -0.7
v 1 0.9 -0.9
v 1 0.9 -1.1
v 1 0.9 -1.2
v 1 0.9 -1.3
v 1 1 -0.6
v 1 1 -1
v 1 1 -1.1
v 1 1 -1.2
v 1 1 -1.3
v 1 1.1 -1.3
v 1 1.2 -0.6
v 1 1.2 -0.7
v 1 1.2 -1
v 1 1.2 -1.1
v 1 1.2 -1.2
v 1 1.2 -1.3
v 1 1.5 -0.6
v 1 1.5 -0.8
v 1 1.5 -1.1
v 1 1.5 -1.3
v 1 1.6 -0.6
v 1 1.6 -0.7
v 1 1.6 -0.8
v 1 1.6 -0.9
v 1 1.6 -1
v 1 1.6 -1.1
v 1 1.6 -1.2
v 1 1.6 -1.3
v 1 1.7 -0.7
v 1 1.7 -0.8
v 1 1.7 -0.9
v 1 1.7 -1
v 1 1.7 -1.1
v 1 1.7 -1.2
v 1 1.8 -0.8
v 1 1.8 -1.1
v 1.1 0.6 -0.3
v 1.1 0.6 -0.4
v 1.1 0.7 -0.3
v 1.1 0.7 -0.4
v 1.2 0.5 1.5
v 1.2 0.5 1.4
v 1.2 0.6 1.5
v 1.2 0.6 1.4
v 1.2 0.6 -0.4
v 1.2 0.6 -0.5
v 1.2 0.6 -1.6
v 1.2 0.6 -1.7
v 1.2 0.7 -0.4
v 1.2 0.7 -0.5
v 1.2 0.7 -1.6
v 1.2 0.7 -1.7
v 1.2 0.8 -1.6
v 1.2 0.8 -1.7
v 1.2 0.9 -1.6
v 1.2 0.9 -1.7
v 1.3 0.5 -1.6
v 1.3 0.5 -1.7
v 1.3 0.6 -1.6
v 1.3 0.6 -1.7
v 1.3 0.7 -0.5
v 1.3 0.7 -0.6
v 1.3 0.7 -1.3
v 1.3 0.7 -1.4
v 1.3 0.7 -1.6
v 1.3 0.7 -1.7
v 1.3 0.7 -1.8
v 1.3 0.8 -1.5
v 1.3 0.8 -1.6
v 1.3 0.8 -1.7
v 1.3 0.8 -1.8
v 1.3 0.9 -0.5
v 1.3 0.9 -0.6
v 1.3 0.9 -1.3
v 1.3 0.9 -1.4
v 1.3 0.9 -1.5
v 1.3 0.9 -1.6
v 1.3 0.9 -1.7
v 1.3 0.9 -1.8
v 1.5 0.5 1.6
v 1.5 0.5 1.5
v 1.5 0.6 1.6
v 1.5 0.6 1.5
v 1.5 0.6 -0.3
v 1.5 0.6 -0.4
v 1.5 0.6 -0.5
v 1.5 0.7 -0.3
v 1.5 0.7 -0.5
v 1.5 1 -1.3
v 1.5 1 -1.4
v 1.5 1.2 -1.3
v 1.5 1.2 -1.4
v 1.7 0.7 -1.3
v 1.7 0.7 -1.4
v 1.7 0.9 -1.3
v 1.7 0.9 -1.4
v 1.7 1 -0.5
v 1.7 1 -0.6
v 1.7 1.2 -0.5
v 1.7 1.2 -0.6
v 1.9 0 1.8
v 1.9 0 -2
v 1.9 0.1 1.8
v 1.9 0.1 1
v 1.9 0.1 0.9
v 1.9 0.1 0.3
v 1.9 0.1 0.2
v 1.9 0.1 -2
v 1.9 0.2 1.8
v 1.9 0.2 1.1
v 1.9 0.2 1
v 1.9 0.2 0.9
v 1.9 0.2 0.3
v 1.9 0.2 0.2
v 1.9 0.2 0.0999999
v 1.9 0.2 -2
v -1.9 0 1.8
v -1.9 0 -2
v -1.9 0.1 1.8
v -1.9 0.1 1
v -1.9 0.1 0.9
v -1.9 0.1 0.3
v -1.9 0.1 0.2
v -1.9 0.1 -2
v -1.9 0.2 1.8
v -1.9 0.2 1
v -1.9 0.2 0.9
v -1.9 0.2 0.3
v -1.9 0.2 0.2
v -1.9 0.2 -2
v -1.9 0.7 -1.1
v -1.9 0.7 -1.2
v -1.9 0.8 -1.1
v -1.9 0.8 -1.2
v -1.8 0.5 -1.1
v -1.8 0.5 -1.3
v -1.8 0.6 -1.2
v -1.8 0.6 -1.3
v -1.8 0.7 -1.1
v -1.8 0.7 -1.2
v -1.7 0.5 -0.6
v -1.7 0.5 -0.8
v -1.7 0.7 -0.5
v -1.7 0.7 -0.6
v -1.7 0.7 -0.8
v -1.7 0.7 -0.9
v -1.7 0.8 -0.6
v -1.7 0.8 -0.8
v -1.7 0.8 -0.9
v -1.7 0.9 -0.6
v -1.7 0.9 -0.8
v -1.7 0.9 -0.9
v -1.7 1 -0.6
v -1.7 1.1 -0.5
v -1.7 1.1 -0.6
v -1.7 1.1 -0.7
v -1.7 1.1 -0.8
v -1.7 1.1 -0.9
v -1.7 1.2 -0.6
v -1.7 1.2 -0.7
v -1.7 1.2 -0.8
v -1.6 0.5 1.7
v -1.6 0.5 1.5
v -1.6 0.7 1.8
v -1.6 0.7 1.7
v -1.6 0.7 1.6
v -1.6 0.7 1.5
v -1.6 0.7 1.4
v -1.6 0.7 -0.6
v -1.6 0.7 -0.8
v -1.6 0.8 1.8
v -1.6 0.8 1.7
v -1.6 0.8 1.5
v -1.6 0.8 -0.6
v -1.6 0.8 -0.7
v -1.6 0.8 -0.8
v -1.6 0.9 1.7
v -1.6 0.9 1.5
v -1.6 0.9 -0.6
v -1.6 0.9 -0.7
v -1.6 0.9 -0.8
v -1.6 1 1.8
v -1.6 1 1.7
v -1.6 1 -0.6
v -1.6 1 -0.7
v -1.6 1.1 1.8
v -1.6 1.1 1.7
v -1.6 1.1 1.5
v -1.6 1.1 1.4
v -1.6 1.1 -0.6
v -1.6 1.1 -0.8
v -1.6 1.2 1.7
v -1.6 1.2 1.5
v -1.5 0.5 -0.1
v -1.5 0.5 -0.2
v -1.5 0.5 -1.8
v -1.5 0.5 -1.9
v -1.5 0.6 -0.1
v -1.5 0.6 -0.2
v -1.5 0.7 1.7
v -1.5 0.7 1.6
v -1.5 0.7 1.5
v -1.5 0.7 -1.9
v -1.5 0.7 -2
v -1.5 0.8 1.7
v -1.5 0.8 1.6
v -1.5 0.8 1.5
v -1.5 0.8 -1.7
v -1.5 0.8 -1.8
v -1.5 0.8 -1.9
v -1.5 0.8 -2
v -1.5 0.9 1.7
v -1.5 0.9 1.6
v -1.5 0.9 1.5
v -1.5 0.9 -1.7
v -1.5 0.9 -1.8
v -1.5 0.9 -1.9
v -1.5 0.9 -2
v -1.5 1 1.7
v -1.5 1 1.6
v -1.5 1.1 1.7
v -1.5 1.1 1.5
v -1.4 0.5 -1.4
v -1.4 0.5 -1.5
v -1.4 0.6 -1.4
v -1.4 0.6 -1.5
v -1.4 0.8 -1.8
v -1.4 0.8 -1.9
v -1.4 0.9 -1.8
v -1.4 0.9 -1.9
v -1.3 0.5 1.3
v -1.3 0.5 1.2
v -1.3 0.6 1.3
v -1.3 0.6 1.2
v -1 0.5 -0.3
v -1 0.5 -0.4
v -1 0.5 -1
v -1 0.5 -1.1
v -1 0.7 -0.4
v -1 0.7 -0.5
v -1 0.7 -1.1
v -1 0.7 -1.2
v -1 0.8 -0.2
v -1 0.8 -0.3
v -1 0.8 -0.4
v -1 0.8 -0.5
v -1 0.8 -0.9
v -1 0.8 -1
v -1 0.8 -1.1
v -1 0.8 -1.2
v -1 0.9 -0.2
v -1 0.9 -0.3
v -1 0.9 -0.4
v -1 0.9 -0.5
v -1 0.9 -0.9
v -1 0.9 -1
v -1 0.9 -1.1
v -1 0.9 -1.2
v -0.9 0.5 1.6
v -0.9 0.5 1.5
v -0.9 0.6 1.6
v -0.9 0.6 1.5
v -0.9 0.8 -0.3
v -0.9 0.8 -0.4
v -0.9 0.8 -1
v -0.9 0.8 -1.1
v -0.9 0.9 -0.3
v -0.9 0.9 -0.4
v -0.9 0.9 -1
v -0.9 0.9 -1.1
v -0.8 0.5 1.9
v -0.8 0.5 1.8
v -0.8 0.7 1.8
v -0.8 0.7 1.7
v -0.8 0.8 2
v -0.8 0.8 1.9
v -0.8 0.8 1.8
v -0.8 0.8 1.7
v -0.8 0.9 2
v -0.8 0.9 1.9
v -0.8 0.9 1.8
v -0.8 0.9 1.7
v -0.7 0.5 -1.2
v -0.7 0.5 -1.3
v -0.7 0.6 -1.2
v -0.7 0.6 -1.3
v -0.7 0.8 1.9
v -0.7 0.8 1.8
v -0.7 0.9 1.9
v -0.7 0.9 1.8
v -0.5 0.5 1.3
v -0.5 0.5 1.2
v -0.5 0.5 -2.38419e-07
v -0.5 0.5 -0.1
v -0.5 0.6 1.2
v -0.5 0.6 -2.38419e-07
v -0.5 0.7 1.1
v -0.5 0.7 1
v -0.5 0.7 0.2
v -0.5 0.7 0.0999999
v -0.5 0.8 1.2
v -0.5 0.8 1.1
v -0.5 0.8 0.9
v -0.5 0.8 0.8
v -0.5 0.8 0.4
v -0.5 0.8 0.3
v -0.5 0.8 0.0999999
v -0.5 0.8 -2.38419e-07
v -0.5 0.9 1.3
v -0.5 0.9 1.1
v -0.5 0.9 1
v -0.5 0.9 0.9
v -0.5 0.9 0.3
v -0.5 0.9 0.2
v -0.5 0.9 0.0999999
v -0.5 0.9 -0.1
v -0.5 1 1.1
v -0.5 1 0.9
v -0.5 1 0.8
v -0.5 1 0.4
v -0.5 1 0.3
v -0.5 1 0.0999999
v -0.5 1.1 0.9
v -0.5 1.1 0.3
v -0.3 0.5 -0.3
v -0.3 0.5 -0.4
v -0.3 0.6 -0.3
v -0.3 0.6 -0.4
v -0.2 0.5 1.8
v -0.2 0.5 1.7
v -0.2 0.5 -1
v -0.2 0.5 -1.1
v -0.2 0.6 1.8
v -0.2 0.6 1.7
v -0.2 0.6 -0.9
v -0.2 0.6 -1
v -0.2 0.6 -1.1
v -0.2 0.7 -0.9
v -0.2 0.7 -1
v -0.0999999 0.5 -0.9
v -0.0999999 0.5 -1
v -0.0999999 0.6 -0.9
v -0.0999999 0.6 -1
v 0.1 0.5 -1.5
v 0.1 0.5 -1.6
v 0.1 0.7 -1.5
v 0.1 0.7 -1.6
v 0.2 0.4 1.1
v 0.2 0.4 1
v 0.2 0.4 0.2
v 0.2 0.4 0.0999999
v 0.2 0.5 1.3
v 0.2 0.5 1.2
v 0.2 0.5 1.1
v 0.2 0.5 0.0999999
v 0.2 0.5 -2.38419e-07
v 0.2 0.5 -0.1
v 0.2 0.6 1.2
v 0.2 0.6 1.1
v 0.2 0.6 1
v 0.2 0.6 0.8
v 0.2 0.6 0.4
v 0.2 0.6 0.2
v 0.2 0.6 0.0999999
v 0.2 0.6 -2.38419e-07
v 0.2 0.7 1.1
v 0.2 0.7 1
v 0.2 0.7 0.9
v 0.2 0.7 0.8
v 0.2 0.7 0.4
v 0.2 0.7 0.3
v 0.2 0.7 0.2
v 0.2 0.7 0.0999999
v 0.2 0.8 1.2
v 0.2 0.8 1.1
v 0.2 0.8 0.9
v 0.2 0.8 0.8
v 0.2 0.8 0.4
v 0.2 0.8 0.3
v 0.2 0.8 0.0999999
v 0.2 0.8 -2.38419e-07
v 0.2 0.9 1.3
v 0.2 0.9 1.1
v 0.2 0.9 1
v 0.2 0.9 0.9
v 0.2 0.9 0.3
v 0.2 0.9 0.2
v 0.2 0.9 0.0999999
v 0.2 0.9 -0.1
v 0.2 1 1.1
v 0.2 1 0.9
v 0.2 1 0.8
v 0.2 1 0.4
v 0.2 1 0.3
v 0.2 1 0.0999999
v 0.2 1.1 0.9
v 0.2 1.1 0.3
v 0.3 0.5 -0.6
v 0.3 0.5 -0.7
v 0.3 0.6 -0.6
v 0.3 0.6 -0.7
v 0.4 0.5 1.9
v 0.4 0.5 1.8
v 0.4 0.7 1.9
v 0.4 0.7 1.8
v 0.8 0.6 -1.1
v 0.8 0.6 -1.2
v 0.8 0.7 -1.1
v 0.8 0.7 -1.2
v 0.9 0.5 1.8
v 0.9 0.5 1.6
v 0.9 0.7 1.9
v 0.9 0.7 1.8
v 0.9 0.7 1.7
v 0.9 0.7 1.6
v 0.9 0.7 1.5
v 0.9 0.8 1.9
v 0.9 0.8 1.8
v 0.9 0.8 1.6
v 0.9 0.8 1.5
v 0.9 0.9 1.9
v 0.9 0.9 1.8
v 0.9 0.9 1.6
v 0.9 0.9 1.5
v 0.9 1 1.8
v 0.9 1 1.6
v 0.9 1 1.5
v 0.9 1.1 1.9
v 0.9 1.1 1.8
v 0.9 1.1 1.7
v 0.9 1.1 1.6
v 0.9 1.1 1.5
v 0.9 1.2 1.8
v 0.9 1.2 1.7
v 0.9 1.2 1.6
v 1 0.6 -0.4
v 1 0.6 -0.5
v 1 0.7 1.8
v 1 0.7 1.7
v 1 0.7 1.6
v 1 0.7 -0.4
v 1 0.7 -0.5
v 1 0.7 -0.6
v 1 0.7 -1.3
v 1 0.7 -1.4
v 1 0.8 1.8
v 1 0.8 1.7
v 1 0.8 1.6
v 1 0.9 1.8
v 1 0.9 1.7
v 1 0.9 -0.5
v 1 0.9 -0.6
v 1 0.9 -1.3
v 1 0.9 -1.4
v 1 1 1.8
v 1 1 1.7
v 1 1.1 1.8
v 1 1.1 1.6
v 1.3 0.5 1.5
v 1.3 0.5 1.4
v 1.3 0.6 1.5
v 1.3 0.6 1.4
v 1.3 0.6 -0.3
v 1.3 0.6 -0.4
v 1.3 0.6 -0.5
v 1.3 0.7 -0.3
v 1.3 0.7 -0.4
v 1.3 0.7 -0.5
v 1.3 1 -1.3
v 1.3 1 -1.4
v 1.3 1.2 -1.3
v 1.3 1.2 -1.4
v 1.4 0.5 -1.6
v 1.4 0.5 -1.7
v 1.4 0.7 -1.7
v 1.4 0.7 -1.8
v 1.4 0.8 -1.5
v 1.4 0.8 -1.6
v 1.4 0.8 -1.7
v 1.4 0.8 -1.8
v 1.4 0.9 -1.5
v 1.4 0.9 -1.6
v 1.4 0.9 -1.7
v 1.4 0.9 -1.8
v 1.4 1 -0.5
v 1.4 1 -0.6
v 1.4 1.1 -0.5
v 1.4 1.1 -0.6
v 1.4 1.2 -0.5
v 1.4 1.2 -0.6
v 1.5 0.7 -1.3
v 1.5 0.7 -1.4
v 1.5 0.8 -1.3
v 1.5 0.8 -1.4
v 1.5 0.8 -1.6
v 1.5 0.8 -1.7
v 1.5 0.9 -1.3
v 1.5 0.9 -1.4
v 1.5 0.9 -1.6
v 1.5 0.9 -1.7
v 1.6 0.5 1.6
v 1.6 0.5 1.5
v 1.6 0.6 1.6
v 1.6 0.6 1.5
v 1.6 0.6 -0.3
v 1.6 0.6 -0.4
v 1.6 0.7 -0.3
v 1.6 0.7 -0.4
v 1.7 0.6 -0.4
v 1.7 0.6 -0.5
v 1.7 0.7 -0.4
v 1.7 0.7 -0.5
v 1.7 1.5 -0.6
v 1.7 1.5 -1.3
v 1.7 1.6 -0.6
v 1.7 1.6 -0.7
v 1.7 1.6 -1.2
v 1.7 1.6 -1.3
v 1.7 1.7 -0.7
v 1.7 1.7 -0.8
v 1.7 1.7 -1.1
v 1.7 1.7 -1.2
v 1.7 1.8 -0.8
v 1.7 1.8 -1.1
v 1.8 0.5 -0.3
v 1.8 0.5 -0.5
v 1.8 0.5 -0.6
v 1.8 0.5 -1.3
v 1.8 0.5 -1.4
v 1.8 0.6 -0.3
v 1.8 0.6 -0.5
v 1.8 0.6 -0.6
v 1.8 0.6 -0.7
v 1.8 0.6 -1.2
v 1.8 0.6 -1.3
v 1.8 0.6 -1.4
v 1.8 0.7 -0.5
v 1.8 0.7 -0.6
v 1.8 0.7 -0.7
v 1.8 0.7 -0.9
v 1.8 0.7 -1.1
v 1.8 0.7 -1.2
v 1.8 0.7 -1.3
v 1.8 0.8 -0.5
v 1.8 0.8 -0.7
v 1.8 0.8 -0.9
v 1.8 0.8 -1
v 1.8 0.8 -1.1
v 1.8 0.9 -0.5
v 1.8 0.9 -0.7
v 1.8 0.9 -0.9
v 1.8 0.9 -1
v 1.8 0.9 -1.2
v 1.8 0.9 -1.4
v 1.8 1 -0.5
v 1.8 1 -0.7
v 1.8 1 -1.1
v 1.8 1 -1.2
v 1.8 1 -1.3
v 1.8 1 -1.4
v 1.8 1.1 -0.8
v 1.8 1.1 -0.9
v 1.8 1.1 -1.1
v 1.8 1.1 -1.3
v 1.8 1.2 -0.8
v 1.8 1.2 -0.9
v 1.8 1.2 -1
v 1.8 1.2 -1.1
v 1.8 1.3 -0.5
v 1.8 1.3 -0.9
v 1.8 1.3 -1
v 1.8 1.3 -1.4
v 1.8 1.4 -0.5
v 1.8 1.4 -1.4
v 1.8 1.5 -0.5
v 1.8 1.5 -1.4
v 1.9 1.3 -0.4
v 1.9 1.3 -1.5
v 1.9 1.4 -0.4
v 1.9 1.4 -1.5
v 2 0 2
v 2 0 -2
v 2 0.1 2
v 2 0.1 1
v 2 0.1 0.9
v 2 0.1 0.3
v 2 0.1 0.2
v 2 0.1 -2
v 2 0.2 1.1
v 2 0.2 1
v 2 0.2 0.9
v 2 0.2 0.3
v 2 0.2 0.2
v 2 0.2 0.0999999
v 2 0.3 1.2
v 2 0.3 1.1
v 2 0.3 1
v 2 0.3 0.2
v 2 0.3 0.0999999
v 2 0.3 -2.38419e-07
v 2 0.4 1.2
v 2 0.4 1.1
v 2 0.4 0.0999999
v 2 0.4 -2.38419e-07
v 2 0.4 -0.1
v 2 0.4 -0.5
v 2 0.4 -1
v 2 0.4 -1.2
v 2 0.5 2
v 2 0.5 1.1
v 2 0.5 0.0999999
v 2 0.5 -0.1
v 2 0.5 -0.5
v 2 0.5 -1
v 2 0.5 -1.2
v 2 0.5 -2
v -2 0 2
v -2 0.1 2
v -2 0.4 2
v -2 0.5 2
v -1.9 0.4 2
v -1.9 0.5 2
v -1.8 0.4 2
v -1.8 0.5 2
v -1.6 0.4 2
v -1.6 0.5 2
v -1.5 0.4 2
v -1.5 0.5 2
v -1.4 0.4 2
v -1.4 0.5 2
v -1 0.4 2
v -1 0.5 2
v -0.9 0.8 2
v -0.9 0.9 2
v -0.8 0.4 2
v -0.8 0.5 2
v -0.8 0.8 2
v -0.8 0.9 2
v -0.7 0.4 2
v -0.7 0.5 2
v -0.6 0.4 2
v -0.6 0.5 2
v -0.5 0.4 2
v -0.5 0.5 2
v -0.3 0.4 2
v -0.3 0.5 2
v 0.1 0.4 2
v 0.1 0.5 2
v 0.5 0.4 2
v 0.5 0.5 2
v 0.7 0.4 2
v 0.7 0.5 2
v 1 0.4 2
v 1 0.5 2
v 1.3 0.4 2
v 1.3 0.5 2
v 1.6 0.4 2
v 1.6 0.5 2
v 2 0 2
v 2 0.1 2
v 2 0.5 2
v -1 0.6 1.9
v -1 0.7 1.9
v -1 0.8 1.9
v -1 0.9 1.9
v -0.9 0.5 1.9
v -0.9 0.6 1.9
v -0.9 0.7 1.9
v -0.9 0.8 1.9
v -0.9 0.9 1.9
v -0.8 0.5 1.9
v -0.8 0.8 1.9
v -0.8 0.9 1.9
v -0.7 0.8 1.9
v -0.7 0.9 1.9
v 0.3 0.5 1.9
v 0.3 0.7 1.9
v 0.4 0.5 1.9
v 0.4 0.7 1.9
v 0.7 0.7 1.9
v 0.7 0.8 1.9
v 0.7 1 1.9
v 0.7 1.1 1.9
v 0.8 0.7 1.9
v 0.8 0.8 1.9
v 0.8 0.9 1.9
v 0.8 1 1.9
v 0.8 1.1 1.9
v 0.9 0.7 1.9
v 0.9 0.8 1.9
v 0.9 0.9 1.9
v 0.9 1.1 1.9
v -1.8 0.7 1.8
v -1.8 0.9 1.8
v -1.8 1 1.8
v -1.8 1.1 1.8
v -1.7 0.7 1.8
v -1.7 0.8 1.8
v -1.7 0.9 1.8
v -1.7 1 1.8
v -1.7 1.1 1.8
v -1.6 0.7 1.8
v -1.6 0.8 1.8
v -1.6 1 1.8
v -1.6 1.1 1.8
v -0.3 0.5 1.8
v -0.3 0.6 1.8
v -0.2 0.5 1.8
v -0.2 0.6 1.8
v 0.6 0.7 1.8
v 0.6 0.9 1.8
v 0.6 1 1.8
v 0.6 1.1 1.8
v 0.7 0.5 1.8
v 0.7 0.7 1.8
v 0.7 0.8 1.8
v 0.7 0.9 1.8
v 0.7 1 1.8
v 0.7 1.1 1.8
v 0.7 1.2 1.8
v 0.8 0.7 1.8
v 0.8 1.1 1.8
v 0.9 0.5 1.8
v 0.9 0.7 1.8
v 0.9 0.8 1.8
v 0.9 0.9 1.8
v 0.9 1 1.8
v 0.9 1.1 1.8
v 0.9 1.2 1.8
v 1 0.7 1.8
v 1 0.8 1.8
v 1 0.9 1.8
v 1 1 1.8
v 1 1.1 1.8
v -1.9 0.7 1.7
v -1.9 0.8 1.7
v -1.9 0.9 1.7
v -1.9 1.1 1.7
v -1.8 0.5 1.7
v -1.8 0.7 1.7
v -1.8 0.8 1.7
v -1.8 0.9 1.7
v -1.8 1 1.7
v -1.8 1.1 1.7
v -1.8 1.2 1.7
v -1.7 0.5 1.7
v -1.7 0.7 1.7
v -1.7 1.1 1.7
v -1.6 0.5 1.7
v -1.6 0.7 1.7
v -1.6 0.8 1.7
v -1.6 0.9 1.7
v -1.6 1 1.7
v -1.6 1.1 1.7
v -1.6 1.2 1.7
v -1.5 0.7 1.7
v -1.5 0.8 1.7
v -1.5 0.9 1.7
v -1.5 1 1.7
v -1.5 1.1 1.7
v -1 0.5 1.6
v -1 0.6 1.6
v -0.9 0.5 1.6
v -0.9 0.6 1.6
v 1.5 0.5 1.6
v 1.5 0.6 1.6
v 1.6 0.5 1.6
v 1.6 0.6 1.6
v 1.2 0.5 1.5
v 1.2 0.6 1.5
v 1.3 0.5 1.5
v 1.3 0.6 1.5
v -1.4 0.5 1.3
v -1.4 0.6 1.3
v -1.3 0.5 1.3
v -1.3 0.6 1.3
v -0.6 0.5 1.3
v -0.6 0.9 1.3
v -0.5 0.5 1.3
v -0.5 0.9 1.3
v 0.1 0.5 1.3
v 0.1 0.9 1.3
v 0.2 0.5 1.3
v 0.2 0.9 1.3
v -0.5 0.5 1.2
v -0.5 0.6 1.2
v 0.1 0.5 1.2
v 0.1 0.6 1.2
v -0.6 0.6 1.1
v -0.6 0.7 1.1
v -0.6 0.8 1.1
v -0.6 0.9 1.1
v -0.6 1 1.1
v -0.5 0.7 1.1
v -0.5 0.8 1.1
v -0.5 0.9 1.1
v -0.5 1 1.1
v 0.1 0.7 1.1
v 0.1 0.8 1.1
v 0.1 0.9 1.1
v 0.1 1 1.1
v 0.2 0.6 1.1
v 0.2 0.7 1.1
v 0.2 0.8 1.1
v 0.2 0.9 1.1
v 0.2 1 1.1
v -0.6 0.7 0.9
v -0.6 0.8 0.9
v -0.6 0.9 0.9
v -0.6 1 0.9
v -0.6 1.1 0.9
v -0.5 0.8 0.9
v -0.5 0.9 0.9
v -0.5 1 0.9
v -0.5 1.1 0.9
v 0.1 0.8 0.9
v 0.1 0.9 0.9
v 0.1 1 0.9
v 0.1 1.1 0.9
v 0.2 0.7 0.9
v 0.2 0.8 0.9
v 0.2 0.9 0.9
v 0.2 1 0.9
v 0.2 1.1 0.9
v -0.6 0.6 0.4
v -0.6 0.7 0.4
v -0.6 0.8 0.4
v -0.6 1 0.4
v -0.5 0.8 0.4
v -0.5 1 0.4
v 0.1 0.8 0.4
v 0.1 1 0.4
v 0.2 0.6 0.4
v 0.2 0.7 0.4
v 0.2 0.8 0.4
v 0.2 1 0.4
v -0.6 0.4 0.2
v -0.6 0.6 0.2
v -0.6 0.7 0.2
v -0.6 0.9 0.2
v -0.5 0.7 0.2
v -0.5 0.9 0.2
v 0.1 0.7 0.2
v 0.1 0.9 0.2
v 0.2 0.4 0.2
v 0.2 0.6 0.2
v 0.2 0.7 0.2
v 0.2 0.9 0.2
v -2 0.4 0.0999999
v -2 0.5 0.0999999
v -1.9 0.4 0.0999999
v -1.9 0.5 0.0999999
v -1.8 0.4 0.0999999
v -1.8 0.5 0.0999999
v -1.6 0.4 0.0999999
v -1.6 0.5 0.0999999
v -1.5 0.4 0.0999999
v -1.5 0.5 0.0999999
v -1.4 0.4 0.0999999
v -1.4 0.5 0.0999999
v -0.9 0.4 0.0999999
v -0.9 0.5 0.0999999
v -0.6 0.4 0.0999999
v -0.6 0.5 0.0999999
v 0.2 0.4 0.0999999
v 0.2 0.5 0.0999999
v 0.5 0.4 0.0999999
v 0.5 0.5 0.0999999
v 1.1 0.4 0.0999999
v 1.1 0.5 0.0999999
v 1.2 0.4 0.0999999
v 1.2 0.5 0.0999999
v 1.9 0.4 0.0999999
v 1.9 0.5 0.0999999
v 2 0.4 0.0999999
v 2 0.5 0.0999999
v -0.6 0.6 -2.38419e-07
v -0.6 0.8 -2.38419e-07
v -0.5 0.6 -2.38419e-07
v -0.5 0.8 -2.38419e-07
v 0.1 0.6 -2.38419e-07
v 0.1 0.8 -2.38419e-07
v 0.2 0.6 -2.38419e-07
v 0.2 0.8 -2.38419e-07
v -1.6 0.5 -0.1
v -1.6 0.6 -0.1
v -1.5 0.5 -0.1
v -1.5 0.6 -0.1
v -1.1 0.8 -0.2
v -1.1 0.9 -0.2
v -1 0.8 -0.2
v -1 0.9 -0.2
v -1.2 0.6 -0.3
v -1.2 0.7 -0.3
v -1.2 0.8 -0.3
v -1.2 0.9 -0.3
v -1.1 0.5 -0.3
v -1.1 0.6 -0.3
v -1.1 0.7 -0.3
v -1.1 0.8 -0.3
v -1.1 0.9 -0.3
v -1 0.5 -0.3
v -1 0.8 -0.3
v -1 0.9 -0.3
v -0.9 0.8 -0.3
v -0.9 0.9 -0.3
v -0.4 0.5 -0.3
v -0.4 0.6 -0.3
v -0.3 0.5 -0.3
v -0.3 0.6 -0.3
v 0.9 0.5 -0.3
v 0.9 0.6 -0.3
v 1.1 0.5 -0.3
v 1.1 0.6 -0.3
v 1.1 0.7 -0.3
v 1.2 0.6 -0.3
v 1.2 0.7 -0.3
v 1.3 0.6 -0.3
v 1.3 0.7 -0.3
v 1.4 0.5 -0.3
v 1.4 0.6 -0.3
v 1.5 0.5 -0.3
v 1.5 0.6 -0.3
v 1.5 0.7 -0.3
v 1.6 0.5 -0.3
v 1.6 0.6 -0.3
v 1.6 0.7 -0.3
v 1.7 0.5 -0.3
v 1.8 0.5 -0.3
v 1.8 0.6 -0.3
v 0.8 1.3 -0.4
v 0.8 1.4 -0.4
v 0.9 0.6 -0.4
v 0.9 0.7 -0.4
v 1 0.6 -0.4
v 1 0.7 -0.4
v 1.6 0.6 -0.4
v 1.6 0.7 -0.4
v 1.7 0.6 -0.4
v 1.7 0.7 -0.4
v 1.9 1.3 -0.4
v 1.9 1.4 -0.4
v -1.9 0.7 -0.5
v -1.9 0.8 -0.5
v -1.9 1 -0.5
v -1.9 1.1 -0.5
v -1.8 0.7 -0.5
v -1.8 0.8 -0.5
v -1.8 1 -0.5
v -1.8 1.1 -0.5
v -1.7 0.7 -0.5
v -1.7 1.1 -0.5
v 0.9 0.7 -0.5
v 0.9 1.3 -0.5
v 0.9 1.4 -0.5
v 0.9 1.5 -0.5
v 1 0.6 -0.5
v 1 0.7 -0.5
v 1 0.9 -0.5
v 1 1 -0.5
v 1 1.1 -0.5
v 1.1 0.6 -0.5
v 1.1 0.9 -0.5
v 1.1 1 -0.5
v 1.2 0.6 -0.5
v 1.2 0.7 -0.5
v 1.2 1 -0.5
v 1.2 1.1 -0.5
v 1.2 1.2 -0.5
v 1.2 1.3 -0.5
v 1.3 0.6 -0.5
v 1.3 0.7 -0.5
v 1.3 0.9 -0.5
v 1.3 1.2 -0.5
v 1.3 1.3 -0.5
v 1.4 0.6 -0.5
v 1.4 0.7 -0.5
v 1.4 0.9 -0.5
v 1.4 1 -0.5
v 1.4 1.1 -0.5
v 1.4 1.2 -0.5
v 1.5 0.6 -0.5
v 1.5 0.7 -0.5
v 1.5 0.8 -0.5
v 1.5 0.9 -0.5
v 1.7 0.6 -0.5
v 1.7 0.7 -0.5
v 1.7 0.8 -0.5
v 1.7 0.9 -0.5
v 1.7 1 -0.5
v 1.7 1.2 -0.5
v 1.8 0.6 -0.5
v 1.8 0.7 -0.5
v 1.8 0.8 -0.5
v 1.8 0.9 -0.5
v 1.8 1 -0.5
v 1.8 1.3 -0.5
v 1.8 1.4 -0.5
v 1.8 1.5 -0.5
v -2 0.7 -0.6
v -2 0.9 -0.6
v -2 1 -0.6
v -2 1.1 -0.6
v -1.9 0.5 -0.6
v -1.9 0.7 -0.6
v -1.9 0.8 -0.6
v -1.9 0.9 -0.6
v -1.9 1 -0.6
v -1.9 1.1 -0.6
v -1.9 1.2 -0.6
v -1.8 0.7 -0.6
v -1.8 1.1 -0.6
v -1.8 1.2 -0.6
v -1.7 0.5 -0.6
v -1.7 0.7 -0.6
v -1.7 0.8 -0.6
v -1.7 0.9 -0.6
v -1.7 1 -0.6
v -1.7 1.1 -0.6
v -1.7 1.2 -0.6
v -1.6 0.7 -0.6
v -1.6 0.8 -0.6
v -1.6 0.9 -0.6
v -1.6 1 -0.6
v -1.6 1.1 -0.6
v 0.2 0.5 -0.6
v 0.2 0.6 -0.6
v 0.3 0.5 -0.6
v 0.3 0.6 -0.6
v 1 0.7 -0.6
v 1 0.9 -0.6
v 1 1.5 -0.6
v 1 1.6 -0.6
v 1.1 0.9 -0.6
v 1.3 0.7 -0.6
v 1.3 0.9 -0.6
v 1.4 1 -0.6
v 1.4 1.1 -0.6
v 1.4 1.2 -0.6
v 1.7 1 -0.6
v 1.7 1.2 -0.6
v 1.7 1.5 -0.6
v 1.7 1.6 -0.6
v 1 1.6 -0.7
v 1 1.7 -0.7
v 1.7 1.6 -0.7
v 1.7 1.7 -0.7
v 0.9 1.5 -0.8
v 0.9 1.6 -0.8
v 1 1.5 -0.8
v 1 1.6 -0.8
v 1 1.7 -0.8
v 1 1.8 -0.8
v 1.7 1.7 -0.8
v 1.7 1.8 -0.8
v -1.1 0.8 -0.9
v -1.1 0.9 -0.9
v -1 0.8 -0.9
v -1 0.9 -0.9
v -0.3 0.5 -0.9
v -0.3 0.7 -0.9
v -0.2 0.6 -0.9
v -0.2 0.7 -0.9
v -0.0999999 0.5 -0.9
v -0.0999999 0.6 -0.9
v 0.9 0.5 -0.9
v 0.9 0.9 -0.9
v 0.9 1.6 -0.9
v 0.9 1.7 -0.9
v 1 0.5 -0.9
v 1 0.9 -0.9
v 1 1.6 -0.9
v 1 1.7 -0.9
v -1.2 0.6 -1
v -1.2 0.7 -1
v -1.2 0.8 -1
v -1.2 0.9 -1
v -1.1 0.5 -1
v -1.1 0.6 -1
v -1.1 0.7 -1
v -1.1 0.8 -1
v -1.1 0.9 -1
v -1 0.5 -1
v -1 0.8 -1
v -1 0.9 -1
v -0.9 0.8 -1
v -0.9 0.9 -1
v 0.9 1 -1
v 0.9 1.2 -1
v 1 1 -1
v 1 1.2 -1
v -2 0.5 -1.1
v -2 0.8 -1.1
v -1.9 0.7 -1.1
v -1.9 0.8 -1.1
v -1.8 0.5 -1.1
v -1.8 0.7 -1.1
v 0.7 0.5 -1.1
v 0.7 0.7 -1.1
v 0.8 0.5 -1.1
v 0.8 0.6 -1.1
v 0.8 0.7 -1.1
v 0.9 0.5 -1.1
v 0.9 0.6 -1.1
v -0.8 0.5 -1.2
v -0.8 0.6 -1.2
v -0.7 0.5 -1.2
v -0.7 0.6 -1.2
v 0.8 0.6 -1.2
v 0.8 0.7 -1.2
v 0.9 0.6 -1.2
v 0.9 0.7 -1.2
v 0.9 0.7 -1.3
v 0.9 0.9 -1.3
v 0.9 1 -1.3
v 0.9 1.1 -1.3
v 0.9 1.2 -1.3
v 1 0.7 -1.3
v 1 0.9 -1.3
v 1 1 -1.3
v 1 1.1 -1.3
v 1 1.2 -1.3
v -1.5 0.5 -1.4
v -1.5 0.6 -1.4
v -1.4 0.5 -1.4
v -1.4 0.6 -1.4
v 2.38419e-07 0.5 -1.5
v 2.38419e-07 0.7 -1.5
v 0.1 0.5 -1.5
v 0.1 0.7 -1.5
v 1.3 0.8 -1.5
v 1.3 0.9 -1.5
v 1.4 0.8 -1.5
v 1.4 0.9 -1.5
v 1.2 0.6 -1.6
v 1.2 0.7 -1.6
v 1.2 0.8 -1.6
v 1.2 0.9 -1.6
v 1.3 0.5 -1.6
v 1.3 0.6 -1.6
v 1.3 0.7 -1.6
v 1.3 0.8 -1.6
v 1.3 0.9 -1.6
v 1.4 0.5 -1.6
v 1.4 0.8 -1.6
v 1.4 0.9 -1.6
v 1.5 0.8 -1.6
v 1.5 0.9 -1.6
v -1.6 0.8 -1.7
v -1.6 0.9 -1.7
v -1.5 0.8 -1.7
v -1.5 0.9 -1.7
v -1.7 0.6 -1.8
v -1.7 0.7 -1.8
v -1.7 0.8 -1.8
v -1.7 0.9 -1.8
v -1.6 0.5 -1.8
v -1.6 0.6 -1.8
v -1.6 0.7 -1.8
v -1.6 0.8 -1.8
v -1.6 0.9 -1.8
v -1.5 0.5 -1.8
v -1.5 0.8 -1.8
v -1.5 0.9 -1.8
v -1.4 0.8 -1.8
v -1.4 0.9 -1.8
v -1.9 0 1.8
v -1.9 0.1 1.8
v -1.9 0.2 1.8
v -1 0.6 1.8
v -1 0.7 1.8
v -1 0.8 1.8
v -1 0.9 1.8
v -0.9 0.5 1.8
v -0.9 0.6 1.8
v -0.9 0.7 1.8
v -0.9 0.8 1.8
v -0.9 0.9 1.8
v -0.8 0.5 1.8
v -0.8 0.7 1.8
v -0.8 0.8 1.8
v -0.8 0.9 1.8
v -0.7 0.8 1.8
v -0.7 0.9 1.8
v 0.3 0.5 1.8
v 0.3 0.7 1.8
v 0.4 0.5 1.8
v 0.4 0.7 1.8
v 1.9 0 1.8
v 1.9 0.1 1.8
v 1.9 0.2 1.8
v -0.9 0.7 1.7
v -0.9 0.8 1.7
v -0.9 0.9 1.7
v -0.8 0.7 1.7
v -0.8 0.8 1.7
v -0.8 0.9 1.7
v -0.3 0.5 1.7
v -0.3 0.6 1.7
v -0.2 0.5 1.7
v -0.2 0.6 1.7
v 0.6 0.7 1.6
v 0.6 0.8 1.6
v 0.6 1.1 1.6
v 0.7 0.5 1.6
v 0.7 0.7 1.6
v 0.7 0.8 1.6
v 0.7 1 1.6
v 0.7 1.1 1.6
v 0.7 1.2 1.6
v 0.8 0.5 1.6
v 0.8 1.1 1.6
v 0.8 1.2 1.6
v 0.9 0.5 1.6
v 0.9 0.7 1.6
v 0.9 0.8 1.6
v 0.9 0.9 1.6
v 0.9 1 1.6
v 0.9 1.1 1.6
v 0.9 1.2 1.6
v 1 0.7 1.6
v 1 0.8 1.6
v 1 1.1 1.6
v -1.9 0.7 1.5
v -1.9 1 1.5
v -1.9 1.1 1.5
v -1.8 0.5 1.5
v -1.8 0.7 1.5
v -1.8 0.8 1.5
v -1.8 1 1.5
v -1.8 1.1 1.5
v -1.8 1.2 1.5
v -1.7 0.7 1.5
v -1.7 1.1 1.5
v -1.7 1.2 1.5
v -1.6 0.5 1.5
v -1.6 0.7 1.5
v -1.6 0.8 1.5
v -1.6 0.9 1.5
v -1.6 1.1 1.5
v -1.6 1.2 1.5
v -1.5 0.7 1.5
v -1.5 0.8 1.5
v -1.5 0.9 1.5
v -1.5 1.1 1.5
v -1 0.5 1.5
v -1 0.6 1.5
v -0.9 0.5 1.5
v -0.9 0.6 1.5
v 0.7 0.7 1.5
v 0.7 1 1.5
v 0.7 1.1 1.5
v 0.8 0.8 1.5
v 0.8 0.9 1.5
v 0.8 1 1.5
v 0.8 1.1 1.5
v 0.9 0.7 1.5
v 0.9 0.8 1.5
v 0.9 0.9 1.5
v 0.9 1 1.5
v 0.9 1.1 1.5
v 1.5 0.5 1.5
v 1.5 0.6 1.5
v 1.6 0.5 1.5
v 1.6 0.6 1.5
v -1.8 0.7 1.4
v -1.8 0.8 1.4
v -1.8 1.1 1.4
v -1.7 0.7 1.4
v -1.7 0.8 1.4
v -1.6 0.7 1.4
v -1.6 1.1 1.4
v 1.2 0.5 1.4
v 1.2 0.6 1.4
v 1.3 0.5 1.4
v 1.3 0.6 1.4
v -1.4 0.5 1.2
v -1.4 0.6 1.2
v -1.3 0.5 1.2
v -1.3 0.6 1.2
v -0.6 0.6 1.2
v -0.6 0.8 1.2
v -0.5 0.6 1.2
v -0.5 0.8 1.2
v 0.1 0.6 1.2
v 0.1 0.8 1.2
v 0.2 0.6 1.2
v 0.2 0.8 1.2
v -2 0.4 1.1
v -2 0.5 1.1
v -1.9 0.4 1.1
v -1.9 0.5 1.1
v -1.2 0.4 1.1
v -1.2 0.5 1.1
v -1 0.4 1.1
v -1 0.5 1.1
v -0.9 0.4 1.1
v -0.8 0.4 1.1
v -0.8 0.5 1.1
v -0.6 0.4 1.1
v -0.6 0.5 1.1
v 0.2 0.4 1.1
v 0.2 0.5 1.1
v 0.3 0.4 1.1
v 0.3 0.5 1.1
v 0.5 0.4 1.1
v 0.5 0.5 1.1
v 0.6 0.4 1.1
v 0.6 0.5 1.1
v 1.1 0.4 1.1
v 1.1 0.5 1.1
v 1.5 0.4 1.1
v 1.5 0.5 1.1
v 1.7 0.4 1.1
v 1.7 0.5 1.1
v 1.8 0.4 1.1
v 1.8 0.5 1.1
v 1.9 0.4 1.1
v 1.9 0.5 1.1
v 2 0.4 1.1
v 2 0.5 1.1
v -0.6 0.4 1
v -0.6 0.6 1
v -0.6 0.7 1
v -0.6 0.9 1
v -0.5 0.7 1
v -0.5 0.9 1
v 0.1 0.7 1
v 0.1 0.9 1
v 0.2 0.4 1
v 0.2 0.6 1
v 0.2 0.7 1
v 0.2 0.9 1
v -0.6 0.6 0.8
v -0.6 0.7 0.8
v -0.6 0.8 0.8
v -0.6 1 0.8
v -0.5 0.8 0.8
v -0.5 1 0.8
v 0.1 0.8 0.8
v 0.1 1 0.8
v 0.2 0.6 0.8
v 0.2 0.7 0.8
v 0.2 0.8 0.8
v 0.2 1 0.8
v -0.6 0.7 0.3
v -0.6 0.8 0.3
v -0.6 0.9 0.3
v -0.6 1 0.3
v -0.6 1.1 0.3
v -0.5 0.8 0.3
v -0.5 0.9 0.3
v -0.5 1 0.3
v -0.5 1.1 0.3
v 0.1 0.8 0.3
v 0.1 0.9 0.3
v 0.1 1 0.3
v 0.1 1.1 0.3
v 0.2 0.7 0.3
v 0.2 0.8 0.3
v 0.2 0.9 0.3
v 0.2 1 0.3
v 0.2 1.1 0.3
v -0.6 0.6 0.0999999
v -0.6 0.7 0.0999999
v -0.6 0.8 0.0999999
v -0.6 0.9 0.0999999
v -0.6 1 0.0999999
v -0.5 0.7 0.0999999
v -0.5 0.8 0.0999999
v -0.5 0.9 0.0999999
v -0.5 1 0.0999999
v 0.1 0.7 0.0999999
v 0.1 0.8 0.0999999
v 0.1 0.9 0.0999999
v 0.1 1 0.0999999
v 0.2 0.6 0.0999999
v 0.2 0.7 0.0999999
v 0.2 0.8 0.0999999
v 0.2 0.9 0.0999999
v 0.2 1 0.0999999
v -0.5 0.5 -2.38419e-07
v -0.5 0.6 -2.38419e-07
v -0.0999999 0.5 -2.38419e-07
v 2.38419e-07 0.5 -2.38419e-07
v 0.1 0.5 -2.38419e-07
v 0.1 0.6 -2.38419e-07
v -0.6 0.5 -0.1
v -0.6 0.9 -0.1
v -0.5 0.5 -0.1
v -0.5 0.9 -0.1
v 0.1 0.5 -0.1
v 0.1 0.9 -0.1
v 0.2 0.5 -0.1
v 0.2 0.9 -0.1
v -1.6 0.5 -0.2
v -1.6 0.6 -0.2
v -1.5 0.5 -0.2
v -1.5 0.6 -0.2
v -1.2 0.6 -0.4
v -1.2 0.7 -0.4
v -1.2 0.8 -0.4
v -1.2 0.9 -0.4
v -1.1 0.5 -0.4
v -1.1 0.6 -0.4
v -1.1 0.7 -0.4
v -1.1 0.8 -0.4
v -1.1 0.9 -0.4
v -1 0.5 -0.4
v -1 0.7 -0.4
v -1 0.8 -0.4
v -1 0.9 -0.4
v -0.9 0.8 -0.4
v -0.9 0.9 -0.4
v -0.4 0.5 -0.4
v -0.4 0.6 -0.4
v -0.3 0.5 -0.4
v -0.3 0.6 -0.4
v 1.1 0.6 -0.4
v 1.1 0.7 -0.4
v 1.2 0.6 -0.4
v 1.2 0.7 -0.4
v -1.1 0.7 -0.5
v -1.1 0.8 -0.5
v -1.1 0.9 -0.5
v -1 0.7 -0.5
v -1 0.8 -0.5
v -1 0.9 -0.5
v 0.9 1 -0.6
v 0.9 1.2 -0.6
v 1 1 -0.6
v 1 1.2 -0.6
v 0.2 0.5 -0.7
v 0.2 0.6 -0.7
v 0.3 0.5 -0.7
v 0.3 0.6 -0.7
v 0.9 0.5 -0.7
v 0.9 0.9 -0.7
v 1 0.5 -0.7
v 1 0.6 -0.7
v 1 0.7 -0.7
v 1 0.9 -0.7
v -2 0.7 -0.8
v -2 0.8 -0.8
v -2 0.9 -0.8
v -2 1 -0.8
v -2 1.1 -0.8
v -1.9 0.5 -0.8
v -1.9 0.7 -0.8
v -1.9 0.8 -0.8
v -1.9 0.9 -0.8
v -1.9 1 -0.8
v -1.9 1.1 -0.8
v -1.9 1.2 -0.8
v -1.8 1.1 -0.8
v -1.8 1.2 -0.8
v -1.7 0.5 -0.8
v -1.7 0.7 -0.8
v -1.7 0.8 -0.8
v -1.7 0.9 -0.8
v -1.7 1.1 -0.8
v -1.7 1.2 -0.8
v -1.6 0.7 -0.8
v -1.6 0.8 -0.8
v -1.6 0.9 -0.8
v -1.6 1.1 -0.8
v -1.9 0.7 -0.9
v -1.9 1 -0.9
v -1.9 1.1 -0.9
v -1.8 0.8 -0.9
v -1.8 0.9 -0.9
v -1.8 1 -0.9
v -1.8 1.1 -0.9
v -1.7 0.7 -0.9
v -1.7 0.8 -0.9
v -1.7 0.9 -0.9
v -1.7 1.1 -0.9
v -0.3 0.6 -1
v -0.3 0.7 -1
v -0.2 0.5 -1
v -0.2 0.6 -1
v -0.2 0.7 -1
v -0.0999999 0.5 -1
v -0.0999999 0.6 -1
v 0.9 1.6 -1
v 0.9 1.7 -1
v 1 1.6 -1
v 1 1.7 -1
v -1.2 0.6 -1.1
v -1.2 0.7 -1.1
v -1.2 0.8 -1.1
v -1.2 0.9 -1.1
v -1.1 0.5 -1.1
v -1.1 0.6 -1.1
v -1.1 0.7 -1.1
v -1.1 0.8 -1.1
v -1.1 0.9 -1.1
v -1 0.5 -1.1
v -1 0.7 -1.1
v -1 0.8 -1.1
v -1 0.9 -1.1
v -0.9 0.8 -1.1
v -0.9 0.9 -1.1
v -0.3 0.5 -1.1
v -0.3 0.6 -1.1
v -0.2 0.5 -1.1
v -0.2 0.6 -1.1
v 0.9 0.7 -1.1
v 0.9 0.9 -1.1
v 0.9 1 -1.1
v 0.9 1.2 -1.1
v 0.9 1.5 -1.1
v 0.9 1.6 -1.1
v 1 0.7 -1.1
v 1 0.9 -1.1
v 1 1 -1.1
v 1 1.2 -1.1
v 1 1.5 -1.1
v 1 1.6 -1.1
v 1 1.7 -1.1
v 1 1.8 -1.1
v 1.7 1.7 -1.1
v 1.7 1.8 -1.1
v -2 0.6 -1.2
v -2 0.8 -1.2
v -1.9 0.7 -1.2
v -1.9 0.8 -1.2
v -1.8 0.6 -1.2
v -1.8 0.7 -1.2
v -1.1 0.7 -1.2
v -1.1 0.8 -1.2
v -1.1 0.9 -1.2
v -1 0.7 -1.2
v -1 0.8 -1.2
v -1 0.9 -1.2
v 0.7 0.6 -1.2
v 0.7 0.7 -1.2
v 0.8 0.6 -1.2
v 0.8 0.7 -1.2
v 1 1.6 -1.2
v 1 1.7 -1.2
v 1.7 1.6 -1.2
v 1.7 1.7 -1.2
v -2 0.5 -1.3
v -2 0.6 -1.3
v -1.8 0.5 -1.3
v -1.8 0.6 -1.3
v -0.8 0.5 -1.3
v -0.8 0.6 -1.3
v -0.7 0.5 -1.3
v -0.7 0.6 -1.3
v 1 0.7 -1.3
v 1 0.9 -1.3
v 1 1.5 -1.3
v 1 1.6 -1.3
v 1.1 0.9 -1.3
v 1.2 0.7 -1.3
v 1.3 0.7 -1.3
v 1.3 0.9 -1.3
v 1.3 1 -1.3
v 1.3 1.2 -1.3
v 1.5 0.7 -1.3
v 1.5 0.8 -1.3
v 1.5 0.9 -1.3
v 1.5 1 -1.3
v 1.5 1.2 -1.3
v 1.7 0.7 -1.3
v 1.7 0.9 -1.3
v 1.7 1.5 -1.3
v 1.7 1.6 -1.3
v 0.7 0.5 -1.4
v 0.7 0.6 -1.4
v 0.8 0.5 -1.4
v 0.8 0.6 -1.4
v 0.8 0.7 -1.4
v 0.9 0.5 -1.4
v 0.9 0.7 -1.4
v 0.9 1.1 -1.4
v 0.9 1.3 -1.4
v 0.9 1.4 -1.4
v 0.9 1.5 -1.4
v 1 0.6 -1.4
v 1 0.7 -1.4
v 1 0.9 -1.4
v 1 1.1 -1.4
v 1 1.2 -1.4
v 1.1 0.9 -1.4
v 1.1 1 -1.4
v 1.1 1.1 -1.4
v 1.1 1.2 -1.4
v 1.1 1.3 -1.4
v 1.2 0.6 -1.4
v 1.2 0.7 -1.4
v 1.3 0.7 -1.4
v 1.3 0.9 -1.4
v 1.3 1 -1.4
v 1.3 1.2 -1.4
v 1.4 0.7 -1.4
v 1.4 0.8 -1.4
v 1.5 0.7 -1.4
v 1.5 0.8 -1.4
v 1.5 0.9 -1.4
v 1.5 1 -1.4
v 1.5 1.2 -1.4
v 1.5 1.3 -1.4
v 1.6 1.1 -1.4
v 1.6 1.2 -1.4
v 1.7 0.5 -1.4
v 1.7 0.6 -1.4
v 1.7 0.7 -1.4
v 1.7 0.9 -1.4
v 1.7 1 -1.4
v 1.7 1.1 -1.4
v 1.7 1.2 -1.4
v 1.7 1.3 -1.4
v 1.8 0.5 -1.4
v 1.8 0.6 -1.4
v 1.8 0.9 -1.4
v 1.8 1 -1.4
v 1.8 1.3 -1.4
v 1.8 1.4 -1.4
v 1.8 1.5 -1.4
v -1.5 0.5 -1.5
v -1.5 0.6 -1.5
v -1.4 0.5 -1.5
v -1.4 0.6 -1.5
v 0.8 1.3 -1.5
v 0.8 1.4 -1.5
v 1.9 1.3 -1.5
v 1.9 1.4 -1.5
v 2.38419e-07 0.5 -1.6
v 2.38419e-07 0.7 -1.6
v 0.1 0.5 -1.6
v 0.1 0.7 -1.6
v 1.2 0.6 -1.7
v 1.2 0.7 -1.7
v 1.2 0.8 -1.7
v 1.2 0.9 -1.7
v 1.3 0.5 -1.7
v 1.3 0.6 -1.7
v 1.3 0.7 -1.7
v 1.3 0.8 -1.7
v 1.3 0.9 -1.7
v 1.4 0.5 -1.7
v 1.4 0.7 -1.7
v 1.4 0.8 -1.7
v 1.4 0.9 -1.7
v 1.5 0.8 -1.7
v 1.5 0.9 -1.7
v 1.3 0.7 -1.8
v 1.3 0.8 -1.8
v 1.3 0.9 -1.8
v 1.4 0.7 -1.8
v 1.4 0.8 -1.8
v 1.4 0.9 -1.8
v -1.7 0.6 -1.9
v -1.7 0.7 -1.9
v -1.7 0.8 -1.9
v -1.7 0.9 -1.9
v -1.6 0.5 -1.9
v -1.6 0.6 -1.9
v -1.6 0.7 -1.9
v -1.6 0.8 -1.9
v -1.6 0.9 -1.9
v -1.5 0.5 -1.9
v -1.5 0.7 -1.9
v -1.5 0.8 -1.9
v -1.5 0.9 -1.9
v -1.4 0.8 -1.9
v -1.4 0.9 -1.9
v -2 0 -2
v -2 0.1 -2
v -2 0.5 -2
v -1.9 0 -2
v -1.9 0.1 -2
v -1.9 0.2 -2
v -1.6 0.7 -2
v -1.6 0.8 -2
v -1.6 0.9 -2
v -1.5 0.4 -2
v -1.5 0.5 -2
v -1.5 0.7 -2
v -1.5 0.8 -2
v -1.5 0.9 -2
v -1.4 0.4 -2
v -1.4 0.5 -2
v -1.2 0.4 -2
v -1.2 0.5 -2
v -1.1 0.4 -2
v -1.1 0.5 -2
v -1 0.4 -2
v -1 0.5 -2
v -0.8 0.4 -2
v -0.8 0.5 -2
v -0.7 0.4 -2
v -0.7 0.5 -2
v -0.4 0.4 -2
v -0.4 0.5 -2
v 0.1 0.4 -2
v 0.1 0.5 -2
v 1.1 0.4 -2
v 1.1 0.5 -2
v 1.2 0.4 -2
v 1.2 0.5 -2
v 1.3 0.4 -2
v 1.3 0.5 -2
v 1.6 0.4 -2
v 1.6 0.5 -2
v 1.9 0 -2
v 1.9 0.1 -2
v 1.9 0.2 -2
v 2 0 -2
v 2 0.1 -2
v 2 0.5 -2
v -2 0 2
v 2 0 2
v -1.9 0 1.8
v 1.9 0 1.8
v -2 0 -2
v -1.9 0 -2
v 1.9 0 -2
v 2 0 -2
v -1.9 0.2 1.8
v 1.9 0.2 1.8
v 1.8 0.2 1.1
v 1.9 0.2 1.1
v -1.9 0.2 1
v 1.9 0.2 1
v -1.9 0.2 0.9
v 1.9 0.2 0.9
v -1.9 0.2 0.3
v 1.9 0.2 0.3
v -1.9 0.2 0.2
v 1.9 0.2 0.2
v 1.8 0.2 0.0999999
v 1.9 0.2 0.0999999
v -1.9 0.2 -2
v 1.9 0.2 -2
v -1 0.6 1.9
v -0.9 0.6 1.9
v -1 0.6 1.8
v -0.9 0.6 1.8
v -0.6 0.6 1
v 0.2 0.6 1
v -0.6 0.6 0.8
v 0.2 0.6 0.8
v -0.6 0.6 0.4
v 0.2 0.6 0.4
v -0.6 0.6 0.2
v 0.2 0.6 0.2
v -1.2 0.6 -0.3
v -1.1 0.6 -0.3
v -1.2 0.6 -0.4
v -1.1 0.6 -0.4
v -1.2 0.6 -1
v -1.1 0.6 -1
v -1.2 0.6 -1.1
v -1.1 0.6 -1.1
v 1.2 0.6 -1.6
v 1.3 0.6 -1.6
v 1.2 0.6 -1.7
v 1.3 0.6 -1.7
v -1.7 0.6 -1.8
v -1.6 0.6 -1.8
v -1.7 0.6 -1.9
v -1.6 0.6 -1.9
v 0.7 0.7 1.9
v 0.8 0.7 1.9
v 0.9 0.7 1.9
v -1.8 0.7 1.8
v -1.7 0.7 1.8
v -1.6 0.7 1.8
v -0.9 0.7 1.8
v -0.8 0.7 1.8
v 0.6 0.7 1.8
v 0.7 0.7 1.8
v 0.8 0.7 1.8
v 0.9 0.7 1.8
v 1 0.7 1.8
v -1.9 0.7 1.7
v -1.8 0.7 1.7
v -1.7 0.7 1.7
v -1.6 0.7 1.7
v -1.5 0.7 1.7
v -0.9 0.7 1.7
v -0.8 0.7 1.7
v 0.6 0.7 1.7
v 0.7 0.7 1.7
v 0.9 0.7 1.7
v 1 0.7 1.7
v -1.6 0.7 1.6
v -1.5 0.7 1.6
v 0.6 0.7 1.6
v 0.7 0.7 1.6
v 0.9 0.7 1.6
v 1 0.7 1.6
v -1.9 0.7 1.5
v -1.8 0.7 1.5
v -1.7 0.7 1.5
v -1.6 0.7 1.5
v -1.5 0.7 1.5
v 0.7 0.7 1.5
v 0.9 0.7 1.5
v -1.8 0.7 1.4
v -1.7 0.7 1.4
v -1.6 0.7 1.4
v -0.6 0.7 0.8
v 0.2 0.7 0.8
v -0.6 0.7 0.4
v 0.2 0.7 0.4
v -1.1 0.7 -0.4
v -1 0.7 -0.4
v -1.9 0.7 -0.5
v -1.8 0.7 -0.5
v -1.7 0.7 -0.5
v -1.1 0.7 -0.5
v -1 0.7 -0.5
v -2 0.7 -0.6
v -1.9 0.7 -0.6
v -1.8 0.7 -0.6
v -1.7 0.7 -0.6
v -1.6 0.7 -0.6
v -2 0.7 -0.7
v -1.9 0.7 -0.7
v -2 0.7 -0.8
v -1.9 0.7 -0.8
v -1.7 0.7 -0.8
v -1.6 0.7 -0.8
v -1.9 0.7 -0.9
v -1.7 0.7 -0.9
v -1.1 0.7 -1.1
v -1 0.7 -1.1
v -1.1 0.7 -1.2
v -1 0.7 -1.2
v 1.3 0.7 -1.7
v 1.4 0.7 -1.7
v 1.3 0.7 -1.8
v 1.4 0.7 -1.8
v -1.6 0.7 -1.9
v -1.5 0.7 -1.9
v -1.6 0.7 -2
v -1.5 0.7 -2
v -0.9 0.8 2
v -0.8 0.8 2
v -1 0.8 1.9
v -0.9 0.8 1.9
v -0.8 0.8 1.9
v -0.7 0.8 1.9
v -1 0.8 1.8
v -0.9 0.8 1.8
v -0.8 0.8 1.8
v -0.7 0.8 1.8
v -0.6 0.8 1.2
v -0.5 0.8 1.2
v 0.1 0.8 1.2
v 0.2 0.8 1.2
v -0.6 0.8 1.1
v -0.5 0.8 1.1
v 0.1 0.8 1.1
v 0.2 0.8 1.1
v -0.6 0.8 0.0999999
v -0.5 0.8 0.0999999
v 0.1 0.8 0.0999999
v 0.2 0.8 0.0999999
v -0.6 0.8 -2.38419e-07
v -0.5 0.8 -2.38419e-07
v 0.1 0.8 -2.38419e-07
v 0.2 0.8 -2.38419e-07
v -1.1 0.8 -0.2
v -1 0.8 -0.2
v -1.2 0.8 -0.3
v -1.1 0.8 -0.3
v -1 0.8 -0.3
v -0.9 0.8 -0.3
v -1.2 0.8 -0.4
v -1.1 0.8 -0.4
v -1 0.8 -0.4
v -0.9 0.8 -0.4
v -1.1 0.8 -0.9
v -1 0.8 -0.9
v -1.2 0.8 -1
v -1.1 0.8 -1
v -1 0.8 -1
v -0.9 0.8 -1
v -1.2 0.8 -1.1
v -1.1 0.8 -1.1
v -1 0.8 -1.1
v -0.9 0.8 -1.1
v 1.3 0.8 -1.5
v 1.4 0.8 -1.5
v 1.2 0.8 -1.6
v 1.3 0.8 -1.6
v 1.4 0.8 -1.6
v 1.5 0.8 -1.6
v -1.6 0.8 -1.7
v -1.5 0.8 -1.7
v 1.2 0.8 -1.7
v 1.3 0.8 -1.7
v 1.4 0.8 -1.7
v 1.5 0.8 -1.7
v -1.7 0.8 -1.8
v -1.6 0.8 -1.8
v -1.5 0.8 -1.8
v -1.4 0.8 -1.8
v -1.7 0.8 -1.9
v -1.6 0.8 -1.9
v -1.5 0.8 -1.9
v -1.4 0.8 -1.9
v -0.6 0.9 1
v -0.5 0.9 1
v 0.1 0.9 1
v 0.2 0.9 1
v -0.6 0.9 0.9
v -0.5 0.9 0.9
v 0.1 0.9 0.9
v 0.2 0.9 0.9
v -0.6 0.9 0.3
v -0.5 0.9 0.3
v 0.1 0.9 0.3
v 0.2 0.9 0.3
v -0.6 0.9 0.2
v -0.5 0.9 0.2
v 0.1 0.9 0.2
v 0.2 0.9 0.2
v 1 0.9 -0.5
v 1.1 0.9 -0.5
v 1.3 0.9 -0.5
v 1 0.9 -0.6
v 1.1 0.9 -0.6
v 1.3 0.9 -0.6
v 0.9 0.9 -0.7
v 1 0.9 -0.7
v 0.9 0.9 -0.9
v 1 0.9 -0.9
v 0.9 0.9 -1.1
v 1 0.9 -1.1
v 0.9 0.9 -1.2
v 1 0.9 -1.2
v 0.9 0.9 -1.3
v 1 0.9 -1.3
v 1.1 0.9 -1.3
v 1.3 0.9 -1.3
v 1.5 0.9 -1.3
v 1.7 0.9 -1.3
v 1 0.9 -1.4
v 1.1 0.9 -1.4
v 1.3 0.9 -1.4
v 1.5 0.9 -1.4
v 1.7 0.9 -1.4
v -0.6 1 0.8
v -0.5 1 0.8
v 0.1 1 0.8
v 0.2 1 0.8
v -0.6 1 0.4
v -0.5 1 0.4
v 0.1 1 0.4
v 0.2 1 0.4
v 1.4 1.2 -0.5
v 1.7 1.2 -0.5
v 0.9 1.2 -0.6
v 1 1.2 -0.6
v 1.4 1.2 -0.6
v 1.7 1.2 -0.6
v 0.9 1.2 -0.7
v 1 1.2 -0.7
v 0.9 1.2 -1
v 1 1.2 -1
v 0.9 1.2 -1.1
v 1 1.2 -1.1
v 0.9 1.2 -1.2
v 1 1.2 -1.2
v 0.9 1.2 -1.3
v 1 1.2 -1.3
v 1.3 1.2 -1.3
v 1.5 1.2 -1.3
v 1.3 1.2 -1.4
v 1.5 1.2 -1.4
v 0.8 1.3 -0.4
v 1.9 1.3 -0.4
v 0.9 1.3 -0.5
v 1.2 1.3 -0.5
v 1.3 1.3 -0.5
v 1.8 1.3 -0.5
v 0.9 1.3 -0.6
v 0.9 1.3 -0.7
v 1.8 1.3 -0.9
v 1.8 1.3 -1
v 0.9 1.3 -1.2
v 0.9 1.3 -1.4
v 1.1 1.3 -1.4
v 1.5 1.3 -1.4
v 1.7 1.3 -1.4
v 1.8 1.3 -1.4
v 0.8 1.3 -1.5
v 1.9 1.3 -1.5
v -2 0.4 1.1
v -1.9 0.4 1.1
v -1.2 0.4 1.1
v -1 0.4 1.1
v -0.9 0.4 1.1
v -0.8 0.4 1.1
v -0.6 0.4 1.1
v 0.2 0.4 1.1
v 0.3 0.4 1.1
v 0.5 0.4 1.1
v 0.6 0.4 1.1
v 1.1 0.4 1.1
v 1.5 0.4 1.1
v 1.7 0.4 1.1
v 1.8 0.4 1.1
v 1.9 0.4 1.1
v 2 0.4 1.1
v -0.6 0.4 1
v 0.2 0.4 1
v 0.4 0.4 1
v 0.5 0.4 1
v 0.7 0.4 1
v -1.7 0.4 0.9
v -1.4 0.4 0.9
v -1.2 0.4 0.9
v -0.9 0.4 0.9
v -0.8 0.4 0.9
v -0.6 0.4 0.9
v 0.4 0.4 0.9
v 0.5 0.4 0.9
v 0.7 0.4 0.9
v 0.9 0.4 0.9
v 1.1 0.4 0.9
v 1.2 0.4 0.9
v 1.4 0.4 0.9
v -1.7 0.4 0.8
v -1.6 0.4 0.8
v -1.4 0.4 0.8
v -0.9 0.4 0.8
v -0.8 0.4 0.8
v -0.6 0.4 0.8
v 0.5 0.4 0.8
v 0.9 0.4 0.8
v 1 0.4 0.8
v 1.1 0.4 0.8
v 1.2 0.4 0.8
v 1.3 0.4 0.8
v 1.4 0.4 0.8
v -1.7 0.4 0.7
v -1.6 0.4 0.7
v -1.4 0.4 0.7
v -0.9 0.4 0.7
v -0.6 0.4 0.7
v 0.2 0.4 0.7
v 0.5 0.4 0.7
v 1 0.4 0.7
v 1.1 0.4 0.7
v 1.3 0.4 0.7
v 1.4 0.4 0.7
v -1 0.4 0.6
v -0.8 0.4 0.6
v 2.38419e-07 0.4 0.6
v 0.2 0.4 0.6
v 0.4 0.4 0.6
v 0.5 0.4 0.6
v 0.6 0.4 0.6
v 1 0.4 0.6
v 1.4 0.4 0.6
v -1.9 0.4 0.5
v -1.7 0.4 0.5
v -1.4 0.4 0.5
v -1.3 0.4 0.5
v -1.1 0.4 0.5
v -1 0.4 0.5
v -0.8 0.4 0.5
v -0.0999999 0.4 0.5
v 2.38419e-07 0.4 0.5
v 0.2 0.4 0.5
v 0.3 0.4 0.5
v 0.4 0.4 0.5
v 0.5 0.4 0.5
v 0.6 0.4 0.5
v 0.7 0.4 0.5
v 1 0.4 0.5
v 1.2 0.4 0.5
v 1.3 0.4 0.5
v 1.6 0.4 0.5
v 1.8 0.4 0.5
v -1.4 0.4 0.4
v -1.3 0.4 0.4
v -1.1 0.4 0.4
v -0.0999999 0.4 0.4
v 0.3 0.4 0.4
v 0.7 0.4 0.4
v 1 0.4 0.4
v 1.2 0.4 0.4
v 1.3 0.4 0.4
v 1.5 0.4 0.4
v 1.6 0.4 0.4
v 1.7 0.4 0.4
v 1.8 0.4 0.4
v -1.9 0.4 0.3
v -1.7 0.4 0.3
v -1.3 0.4 0.3
v -0.9 0.4 0.3
v -0.8 0.4 0.3
v -0.7 0.4 0.3
v 1.3 0.4 0.3
v 1.5 0.4 0.3
v 1.7 0.4 0.3
v 1.8 0.4 0.3
v -0.9 0.4 0.2
v -0.7 0.4 0.2
v -0.6 0.4 0.2
v 0.2 0.4 0.2
v -2 0.4 0.0999999
v -1.9 0.4 0.0999999
v -1.8 0.4 0.0999999
v -1.6 0.4 0.0999999
v -1.5 0.4 0.0999999
v -1.4 0.4 0.0999999
v -0.9 0.4 0.0999999
v -0.6 0.4 0.0999999
v 0.2 0.4 0.0999999
v 0.5 0.4 0.0999999
v 1.1 0.4 0.0999999
v 1.2 0.4 0.0999999
v 1.9 0.4 0.0999999
v 2 0.4 0.0999999
v -2 0.5 2
v -1.9 0.5 2
v -1.8 0.5 2
v -1.6 0.5 2
v -1.5 0.5 2
v -1.4 0.5 2
v -1 0.5 2
v -0.8 0.5 2
v -0.7 0.5 2
v -0.6 0.5 2
v -0.5 0.5 2
v -0.3 0.5 2
v 0.1 0.5 2
v 0.5 0.5 2
v 0.7 0.5 2
v 1 0.5 2
v 1.3 0.5 2
v 1.6 0.5 2
v 2 0.5 2
v -1 0.5 1.9
v -0.9 0.5 1.9
v -0.8 0.5 1.9
v -0.6 0.5 1.9
v -0.5 0.5 1.9
v 2.38419e-07 0.5 1.9
v 0.1 0.5 1.9
v 0.3 0.5 1.9
v 0.4 0.5 1.9
v 1.1 0.5 1.9
v 1.2 0.5 1.9
v 1.3 0.5 1.9
v 1.4 0.5 1.9
v 1.6 0.5 1.9
v -2 0.5 1.8
v -1.9 0.5 1.8
v -1.8 0.5 1.8
v -1.7 0.5 1.8
v -1.6 0.5 1.8
v -1.4 0.5 1.8
v -1.2 0.5 1.8
v -1.1 0.5 1.8
v -0.9 0.5 1.8
v -0.8 0.5 1.8
v -0.7 0.5 1.8
v -0.5 0.5 1.8
v -0.3 0.5 1.8
v -0.2 0.5 1.8
v 2.38419e-07 0.5 1.8
v 0.1 0.5 1.8
v 0.3 0.5 1.8
v 0.4 0.5 1.8
v 0.5 0.5 1.8
v 0.7 0.5 1.8
v 0.9 0.5 1.8
v 1 0.5 1.8
v 1.1 0.5 1.8
v -1.9 0.5 1.7
v -1.8 0.5 1.7
v -1.7 0.5 1.7
v -1.6 0.5 1.7
v -1.5 0.5 1.7
v -1.4 0.5 1.7
v -1.2 0.5 1.7
v -1.1 0.5 1.7
v -1 0.5 1.7
v -0.7 0.5 1.7
v -0.5 0.5 1.7
v -0.3 0.5 1.7
v -0.2 0.5 1.7
v 0.1 0.5 1.7
v 0.6 0.5 1.7
v 0.7 0.5 1.7
v 1 0.5 1.7
v 1.2 0.5 1.7
v 1.3 0.5 1.7
v -2 0.5 1.6
v -1.9 0.5 1.6
v -1.4 0.5 1.6
v -1.2 0.5 1.6
v -1 0.5 1.6
v -0.9 0.5 1.6
v -0.6 0.5 1.6
v -0.5 0.5 1.6
v -0.0999999 0.5 1.6
v 0.7 0.5 1.6
v 0.8 0.5 1.6
v 0.9 0.5 1.6
v 1 0.5 1.6
v 1.2 0.5 1.6
v 1.4 0.5 1.6
v 1.5 0.5 1.6
v 1.6 0.5 1.6
v 1.7 0.5 1.6
v -1.9 0.5 1.5
v -1.8 0.5 1.5
v -1.6 0.5 1.5
v -1.4 0.5 1.5
v -1 0.5 1.5
v -0.9 0.5 1.5
v -0.7 0.5 1.5
v -0.6 0.5 1.5
v -0.5 0.5 1.5
v -0.0999999 0.5 1.5
v 0.1 0.5 1.5
v 0.6 0.5 1.5
v 0.8 0.5 1.5
v 1 0.5 1.5
v 1.2 0.5 1.5
v 1.3 0.5 1.5
v 1.5 0.5 1.5
v 1.6 0.5 1.5
v -1.8 0.5 1.4
v -1.7 0.5 1.4
v -1.4 0.5 1.4
v -1.3 0.5 1.4
v -1.2 0.5 1.4
v -1 0.5 1.4
v -0.7 0.5 1.4
v -0.5 0.5 1.4
v 1.2 0.5 1.4
v 1.3 0.5 1.4
v -1.8 0.5 1.3
v -1.7 0.5 1.3
v -1.4 0.5 1.3
v -1.3 0.5 1.3
v -1.2 0.5 1.3
v -1 0.5 1.3
v -0.6 0.5 1.3
v -0.5 0.5 1.3
v 0.1 0.5 1.3
v 0.2 0.5 1.3
v 0.8 0.5 1.3
v 1 0.5 1.3
v 1.2 0.5 1.3
v 1.6 0.5 1.3
v 1.7 0.5 1.3
v -1.9 0.5 1.2
v -1.4 0.5 1.2
v -1.3 0.5 1.2
v -1.2 0.5 1.2
v -1 0.5 1.2
v -0.8 0.5 1.2
v -0.6 0.5 1.2
v -0.5 0.5 1.2
v 0.1 0.5 1.2
v 0.2 0.5 1.2
v 0.3 0.5 1.2
v 0.5 0.5 1.2
v 0.6 0.5 1.2
v 1.1 0.5 1.2
v 1.2 0.5 1.2
v 1.5 0.5 1.2
v 1.6 0.5 1.2
v 1.7 0.5 1.2
v 1.8 0.5 1.2
v 1.9 0.5 1.2
v -2 0.5 1.1
v -1.9 0.5 1.1
v -1.2 0.5 1.1
v -1 0.5 1.1
v -0.8 0.5 1.1
v -0.6 0.5 1.1
v 0.2 0.5 1.1
v 0.3 0.5 1.1
v 0.5 0.5 1.1
v 0.6 0.5 1.1
v 1.1 0.5 1.1
v 1.5 0.5 1.1
v 1.7 0.5 1.1
v 1.8 0.5 1.1
v 1.9 0.5 1.1
v 2 0.5 1.1
v -2 0.5 0.0999999
v -1.9 0.5 0.0999999
v -1.8 0.5 0.0999999
v -1.6 0.5 0.0999999
v -1.5 0.5 0.0999999
v -1.4 0.5 0.0999999
v -0.9 0.5 0.0999999
v -0.6 0.5 0.0999999
v 0.2 0.5 0.0999999
v 0.5 0.5 0.0999999
v 1.1 0.5 0.0999999
v 1.2 0.5 0.0999999
v 1.9 0.5 0.0999999
v 2 0.5 0.0999999
v -1.9 0.5 -2.38419e-07
v -1.8 0.5 -2.38419e-07
v -1.6 0.5 -2.38419e-07
v -1.5 0.5 -2.38419e-07
v -1.4 0.5 -2.38419e-07
v -0.9 0.5 -2.38419e-07
v -0.6 0.5 -2.38419e-07
v -0.5 0.5 -2.38419e-07
v -0.0999999 0.5 -2.38419e-07
v 2.38419e-07 0.5 -2.38419e-07
v 0.1 0.5 -2.38419e-07
v 0.2 0.5 -2.38419e-07
v 0.5 0.5 -2.38419e-07
v 1.1 0.5 -2.38419e-07
v 1.2 0.5 -2.38419e-07
v 1.9 0.5 -2.38419e-07
v -2 0.5 -0.1
v -1.7 0.5 -0.1
v -1.6 0.5 -0.1
v -1.5 0.5 -0.1
v -0.9 0.5 -0.1
v -0.6 0.5 -0.1
v -0.5 0.5 -0.1
v -0.3 0.5 -0.1
v -0.0999999 0.5 -0.1
v 2.38419e-07 0.5 -0.1
v 0.1 0.5 -0.1
v 0.2 0.5 -0.1
v 0.4 0.5 -0.1
v 0.5 0.5 -0.1
v 1.6 0.5 -0.1
v 1.7 0.5 -0.1
v 1.9 0.5 -0.1
v 2 0.5 -0.1
v -1.6 0.5 -0.2
v -1.5 0.5 -0.2
v -0.6 0.5 -0.2
v -0.5 0.5 -0.2
v -0.4 0.5 -0.2
v -0.3 0.5 -0.2
v -0.0999999 0.5 -0.2
v 0.1 0.5 -0.2
v 0.2 0.5 -0.2
v 0.4 0.5 -0.2
v 0.5 0.5 -0.2
v 0.8 0.5 -0.2
v 1.1 0.5 -0.2
v 1.4 0.5 -0.2
v 1.6 0.5 -0.2
v -2 0.5 -0.3
v -1.7 0.5 -0.3
v -1.6 0.5 -0.3
v -1.3 0.5 -0.3
v -1.1 0.5 -0.3
v -1 0.5 -0.3
v -0.9 0.5 -0.3
v -0.8 0.5 -0.3
v -0.7 0.5 -0.3
v -0.6 0.5 -0.3
v -0.5 0.5 -0.3
v -0.4 0.5 -0.3
v -0.3 0.5 -0.3
v -0.0999999 0.5 -0.3
v 2.38419e-07 0.5 -0.3
v 0.1 0.5 -0.3
v 0.4 0.5 -0.3
v 0.8 0.5 -0.3
v 0.9 0.5 -0.3
v 1.1 0.5 -0.3
v 1.4 0.5 -0.3
v 1.5 0.5 -0.3
v 1.6 0.5 -0.3
v 1.7 0.5 -0.3
v 1.8 0.5 -0.3
v -2 0.5 -0.4
v -1.7 0.5 -0.4
v -1.4 0.5 -0.4
v -1.3 0.5 -0.4
v -1.1 0.5 -0.4
v -1 0.5 -0.4
v -0.8 0.5 -0.4
v -0.7 0.5 -0.4
v -0.5 0.5 -0.4
v -0.4 0.5 -0.4
v -0.3 0.5 -0.4
v -0.2 0.5 -0.4
v -0.0999999 0.5 -0.4
v 2.38419e-07 0.5 -0.4
v 0.1 0.5 -0.4
v 0.5 0.5 -0.4
v 0.8 0.5 -0.4
v -1.4 0.5 -0.5
v -1.3 0.5 -0.5
v -0.9 0.5 -0.5
v -0.8 0.5 -0.5
v -0.7 0.5 -0.5
v -0.5 0.5 -0.5
v -0.4 0.5 -0.5
v -0.3 0.5 -0.5
v -0.2 0.5 -0.5
v -0.0999999 0.5 -0.5
v 0.8 0.5 -0.5
v 0.9 0.5 -0.5
v 1.8 0.5 -0.5
v 1.9 0.5 -0.5
v 2 0.5 -0.5
v -2 0.5 -0.6
v -1.9 0.5 -0.6
v -1.7 0.5 -0.6
v -1.6 0.5 -0.6
v -1.5 0.5 -0.6
v -1.3 0.5 -0.6
v -1.2 0.5 -0.6
v -1.1 0.5 -0.6
v -0.9 0.5 -0.6
v -0.6 0.5 -0.6
v -0.5 0.5 -0.6
v -0.4 0.5 -0.6
v -0.0999999 0.5 -0.6
v 0.1 0.5 -0.6
v 0.2 0.5 -0.6
v 0.3 0.5 -0.6
v 0.4 0.5 -0.6
v 0.5 0.5 -0.6
v 0.6 0.5 -0.6
v 0.7 0.5 -0.6
v 0.9 0.5 -0.6
v 1.8 0.5 -0.6
v 1.9 0.5 -0.6
v -1.4 0.5 -0.7
v -1.3 0.5 -0.7
v -1.2 0.5 -0.7
v -1.1 0.5 -0.7
v -0.9 0.5 -0.7
v -0.6 0.5 -0.7
v -0.5 0.5 -0.7
v -0.4 0.5 -0.7
v -0.3 0.5 -0.7
v -0.0999999 0.5 -0.7
v 2.38419e-07 0.5 -0.7
v 0.2 0.5 -0.7
v 0.3 0.5 -0.7
v 0.4 0.5 -0.7
v 0.5 0.5 -0.7
v 0.6 0.5 -0.7
v 0.7 0.5 -0.7
v 0.8 0.5 -0.7
v 0.9 0.5 -0.7
v 1 0.5 -0.7
v -2 0.5 -0.8
v -1.9 0.5 -0.8
v -1.7 0.5 -0.8
v -1.6 0.5 -0.8
v -1.5 0.5 -0.8
v -1.4 0.5 -0.8
v -1.3 0.5 -0.8
v -1.1 0.5 -0.8
v -0.8 0.5 -0.8
v -0.6 0.5 -0.8
v -0.5 0.5 -0.8
v -0.4 0.5 -0.8
v -0.0999999 0.5 -0.8
v 2.38419e-07 0.5 -0.8
v 0.5 0.5 -0.8
v 0.6 0.5 -0.8
v 0.7 0.5 -0.8
v 0.8 0.5 -0.8
v -1.7 0.5 -0.9
v -1.6 0.5 -0.9
v -1.5 0.5 -0.9
v -1.4 0.5 -0.9
v -1.3 0.5 -0.9
v -1.1 0.5 -0.9
v -0.8 0.5 -0.9
v -0.7 0.5 -0.9
v -0.6 0.5 -0.9
v -0.4 0.5 -0.9
v -0.3 0.5 -0.9
v -0.0999999 0.5 -0.9
v 0.2 0.5 -0.9
v 0.3 0.5 -0.9
v 0.4 0.5 -0.9
v 0.5 0.5 -0.9
v 0.6 0.5 -0.9
v 0.7 0.5 -0.9
v 0.9 0.5 -0.9
v 1 0.5 -0.9
v -2 0.5 -1
v -1.8 0.5 -1
v -1.7 0.5 -1
v -1.6 0.5 -1
v -1.4 0.5 -1
v -1.2 0.5 -1
v -1.1 0.5 -1
v -1 0.5 -1
v -0.2 0.5 -1
v -0.0999999 0.5 -1
v 0.2 0.5 -1
v 0.4 0.5 -1
v 0.7 0.5 -1
v 0.9 0.5 -1
v 1.9 0.5 -1
v 2 0.5 -1
v -2 0.5 -1.1
v -1.8 0.5 -1.1
v -1.1 0.5 -1.1
v -1 0.5 -1.1
v -0.8 0.5 -1.1
v -0.7 0.5 -1.1
v -0.6 0.5 -1.1
v -0.3 0.5 -1.1
v -0.2 0.5 -1.1
v 0.2 0.5 -1.1
v 0.3 0.5 -1.1
v 0.7 0.5 -1.1
v 0.8 0.5 -1.1
v 0.9 0.5 -1.1
v -1.2 0.5 -1.2
v -0.8 0.5 -1.2
v -0.7 0.5 -1.2
v 0.7 0.5 -1.2
v 1.9 0.5 -1.2
v 2 0.5 -1.2
v -2 0.5 -1.3
v -1.8 0.5 -1.3
v -0.8 0.5 -1.3
v -0.7 0.5 -1.3
v 0.7 0.5 -1.3
v 1.8 0.5 -1.3
v -1.5 0.5 -1.4
v -1.4 0.5 -1.4
v 0.7 0.5 -1.4
v 0.8 0.5 -1.4
v 0.9 0.5 -1.4
v 1.7 0.5 -1.4
v 1.8 0.5 -1.4
v -1.5 0.5 -1.5
v -1.4 0.5 -1.5
v -0.7 0.5 -1.5
v -0.6 0.5 -1.5
v -0.0999999 0.5 -1.5
v 2.38419e-07 0.5 -1.5
v 0.1 0.5 -1.5
v 0.5 0.5 -1.5
v 1.5 0.5 -1.5
v 1.6 0.5 -1.5
v -1.9 0.5 -1.6
v -1.6 0.5 -1.6
v -1.4 0.5 -1.6
v -1.2 0.5 -1.6
v -1.1 0.5 -1.6
v -0.7 0.5 -1.6
v -0.4 0.5 -1.6
v -0.3 0.5 -1.6
v -0.2 0.5 -1.6
v -0.0999999 0.5 -1.6
v 2.38419e-07 0.5 -1.6
v 0.1 0.5 -1.6
v 0.5 0.5 -1.6
v 0.7 0.5 -1.6
v 0.9 0.5 -1.6
v 1.3 0.5 -1.6
v 1.4 0.5 -1.6
v 1.5 0.5 -1.6
v 1.6 0.5 -1.6
v 1.7 0.5 -1.6
v -2 0.5 -1.7
v -1.9 0.5 -1.7
v -1.6 0.5 -1.7
v -1.3 0.5 -1.7
v -1.2 0.5 -1.7
v -1.1 0.5 -1.7
v -0.8 0.5 -1.7
v -0.6 0.5 -1.7
v -0.5 0.5 -1.7
v -0.4 0.5 -1.7
v -0.3 0.5 -1.7
v -0.2 0.5 -1.7
v -0.0999999 0.5 -1.7
v 0.1 0.5 -1.7
v 0.2 0.5 -1.7
v 0.3 0.5 -1.7
v 0.4 0.5 -1.7
v 0.5 0.5 -1.7
v 0.7 0.5 -1.7
v 0.9 0.5 -1.7
v 1.1 0.5 -1.7
v 1.3 0.5 -1.7
v 1.4 0.5 -1.7
v 1.6 0.5 -1.7
v 1.7 0.5 -1.7
v -1.9 0.5 -1.8
v -1.8 0.5 -1.8
v -1.7 0.5 -1.8
v -1.6 0.5 -1.8
v -1.5 0.5 -1.8
v -1.3 0.5 -1.8
v -1.2 0.5 -1.8
v -1.1 0.5 -1.8
v -1 0.5 -1.8
v -0.6 0.5 -1.8
v -0.5 0.5 -1.8
v -0.4 0.5 -1.8
v -0.3 0.5 -1.8
v -0.2 0.5 -1.8
v -0.0999999 0.5 -1.8
v 2.38419e-07 0.5 -1.8
v 0.1 0.5 -1.8
v 0.2 0.5 -1.8
v 0.3 0.5 -1.8
v 0.4 0.5 -1.8
v 0.5 0.5 -1.8
v 0.7 0.5 -1.8
v 1.1 0.5 -1.8
v 1.3 0.5 -1.8
v 1.6 0.5 -1.8
v -2 0.5 -1.9
v -1.9 0.5 -1.9
v -1.8 0.5 -1.9
v -1.7 0.5 -1.9
v -1.6 0.5 -1.9
v -1.5 0.5 -1.9
v -1.4 0.5 -1.9
v -1.2 0.5 -1.9
v -1.1 0.5 -1.9
v -1 0.5 -1.9
v -0.8 0.5 -1.9
v -0.7 0.5 -1.9
v -0.5 0.5 -1.9
v -0.4 0.5 -1.9
v -0.2 0.5 -1.9
v 2.38419e-07 0.5 -1.9
v 0.1 0.5 -1.9
v 0.2 0.5 -1.9
v 0.3 0.5 -1.9
v 0.4 0.5 -1.9
v 0.5 0.5 -1.9
v 0.9 0.5 -1.9
v 1.1 0.5 -1.9
v 1.2 0.5 -1.9
v 1.3 0.5 -1.9
v -2 0.5 -2
v -1.5 0.5 -2
v -1.4 0.5 -2
v -1.2 0.5 -2
v -1.1 0.5 -2
v -1 0.5 -2
v -0.8 0.5 -2
v -0.7 0.5 -2
v -0.4 0.5 -2
v 0.1 0.5 -2
v 1.1 0.5 -2
v 1.2 0.5 -2
v 1.3 0.5 -2
v 1.6 0.5 -2
v 2 0.5 -2
v -0.3 0.6 1.8
v -0.2 0.6 1.8
v -0.3 0.6 1.7
v -0.2 0.6 1.7
v -1 0.6 1.6
v -0.9 0.6 1.6
v 1.5 0.6 1.6
v 1.6 0.6 1.6
v -1 0.6 1.5
v -0.9 0.6 1.5
v 1.2 0.6 1.5
v 1.3 0.6 1.5
v 1.5 0.6 1.5
v 1.6 0.6 1.5
v 1.2 0.6 1.4
v 1.3 0.6 1.4
v -1.4 0.6 1.3
v -1.3 0.6 1.3
v -1.4 0.6 1.2
v -1.3 0.6 1.2
v -0.6 0.6 1.2
v -0.5 0.6 1.2
v 0.1 0.6 1.2
v 0.2 0.6 1.2
v -0.6 0.6 1.1
v 0.2 0.6 1.1
v -0.6 0.6 0.0999999
v 0.2 0.6 0.0999999
v -0.6 0.6 -2.38419e-07
v -0.5 0.6 -2.38419e-07
v 0.1 0.6 -2.38419e-07
v 0.2 0.6 -2.38419e-07
v -1.6 0.6 -0.1
v -1.5 0.6 -0.1
v -1.6 0.6 -0.2
v -1.5 0.6 -0.2
v -0.4 0.6 -0.3
v -0.3 0.6 -0.3
v 0.9 0.6 -0.3
v 1.1 0.6 -0.3
v 1.3 0.6 -0.3
v 1.4 0.6 -0.3
v 1.5 0.6 -0.3
v 1.6 0.6 -0.3
v 1.8 0.6 -0.3
v -0.4 0.6 -0.4
v -0.3 0.6 -0.4
v 0.9 0.6 -0.4
v 1 0.6 -0.4
v 1.1 0.6 -0.4
v 1.2 0.6 -0.4
v 1.3 0.6 -0.4
v 1.4 0.6 -0.4
v 1.5 0.6 -0.4
v 1.6 0.6 -0.4
v 1.7 0.6 -0.4
v 1 0.6 -0.5
v 1.1 0.6 -0.5
v 1.2 0.6 -0.5
v 1.3 0.6 -0.5
v 1.4 0.6 -0.5
v 1.5 0.6 -0.5
v 1.7 0.6 -0.5
v 1.8 0.6 -0.5
v 0.2 0.6 -0.6
v 0.3 0.6 -0.6
v 0.2 0.6 -0.7
v 0.3 0.6 -0.7
v -0.2 0.6 -0.9
v -0.0999999 0.6 -0.9
v -0.3 0.6 -1
v -0.2 0.6 -1
v -0.0999999 0.6 -1
v -0.3 0.6 -1.1
v -0.2 0.6 -1.1
v 0.8 0.6 -1.1
v 0.9 0.6 -1.1
v -2 0.6 -1.2
v -1.8 0.6 -1.2
v -0.8 0.6 -1.2
v -0.7 0.6 -1.2
v 0.7 0.6 -1.2
v 0.8 0.6 -1.2
v 0.9 0.6 -1.2
v -2 0.6 -1.3
v -1.8 0.6 -1.3
v -0.8 0.6 -1.3
v -0.7 0.6 -1.3
v 0.7 0.6 -1.3
v 0.8 0.6 -1.3
v -1.5 0.6 -1.4
v -1.4 0.6 -1.4
v 0.7 0.6 -1.4
v 0.8 0.6 -1.4
v -1.5 0.6 -1.5
v -1.4 0.6 -1.5
v -1 0.7 1.9
v -0.9 0.7 1.9
v 0.3 0.7 1.9
v 0.4 0.7 1.9
v -1 0.7 1.8
v -0.9 0.7 1.8
v 0.3 0.7 1.8
v 0.4 0.7 1.8
v -0.5 0.7 1.1
v 0.1 0.7 1.1
v -0.6 0.7 1
v -0.5 0.7 1
v 0.1 0.7 1
v 0.2 0.7 1
v -0.6 0.7 0.9
v 0.2 0.7 0.9
v -0.6 0.7 0.3
v 0.2 0.7 0.3
v -0.6 0.7 0.2
v -0.5 0.7 0.2
v 0.1 0.7 0.2
v 0.2 0.7 0.2
v -0.5 0.7 0.0999999
v 0.1 0.7 0.0999999
v -1.2 0.7 -0.3
v -1.1 0.7 -0.3
v 1.1 0.7 -0.3
v 1.2 0.7 -0.3
v 1.3 0.7 -0.3
v 1.5 0.7 -0.3
v 1.6 0.7 -0.3
v -1.2 0.7 -0.4
v -1.1 0.7 -0.4
v 0.9 0.7 -0.4
v 1 0.7 -0.4
v 1.1 0.7 -0.4
v 1.2 0.7 -0.4
v 1.3 0.7 -0.4
v 1.6 0.7 -0.4
v 1.7 0.7 -0.4
v 0.9 0.7 -0.5
v 1 0.7 -0.5
v 1.2 0.7 -0.5
v 1.3 0.7 -0.5
v 1.5 0.7 -0.5
v 1.7 0.7 -0.5
v 1 0.7 -0.6
v 1.3 0.7 -0.6
v -0.3 0.7 -0.9
v -0.2 0.7 -0.9
v -1.2 0.7 -1
v -1.1 0.7 -1
v -0.3 0.7 -1
v -0.2 0.7 -1
v -1.9 0.7 -1.1
v -1.8 0.7 -1.1
v -1.2 0.7 -1.1
v -1.1 0.7 -1.1
v 0.7 0.7 -1.1
v 0.8 0.7 -1.1
v 0.9 0.7 -1.1
v 1 0.7 -1.1
v -1.9 0.7 -1.2
v -1.8 0.7 -1.2
v 0.7 0.7 -1.2
v 0.8 0.7 -1.2
v 0.9 0.7 -1.2
v 0.8 0.7 -1.3
v 0.9 0.7 -1.3
v 1 0.7 -1.3
v 1.2 0.7 -1.3
v 1.3 0.7 -1.3
v 1.5 0.7 -1.3
v 1.7 0.7 -1.3
v 0.8 0.7 -1.4
v 0.9 0.7 -1.4
v 1 0.7 -1.4
v 1.2 0.7 -1.4
v 1.3 0.7 -1.4
v 1.5 0.7 -1.4
v 1.7 0.7 -1.4
v 2.38419e-07 0.7 -1.5
v 0.1 0.7 -1.5
v 2.38419e-07 0.7 -1.6
v 0.1 0.7 -1.6
v 1.2 0.7 -1.6
v 1.3 0.7 -1.6
v 1.2 0.7 -1.7
v 1.3 0.7 -1.7
v -1.7 0.7 -1.8
v -1.6 0.7 -1.8
v -1.7 0.7 -1.9
v -1.6 0.7 -1.9
v -0.5 0.8 0.9
v 0.1 0.8 0.9
v -0.6 0.8 0.8
v -0.5 0.8 0.8
v 0.1 0.8 0.8
v 0.2 0.8 0.8
v -0.6 0.8 0.4
v -0.5 0.8 0.4
v 0.1 0.8 0.4
v 0.2 0.8 0.4
v -0.5 0.8 0.3
v 0.1 0.8 0.3
v -2 0.8 -1.1
v -1.9 0.8 -1.1
v -2 0.8 -1.2
v -1.9 0.8 -1.2
v -0.9 0.9 2
v -0.8 0.9 2
v -1 0.9 1.9
v -0.9 0.9 1.9
v -0.8 0.9 1.9
v -0.7 0.9 1.9
v -1 0.9 1.8
v -0.9 0.9 1.8
v -0.8 0.9 1.8
v -0.7 0.9 1.8
v -0.9 0.9 1.7
v -0.8 0.9 1.7
v -0.6 0.9 1.3
v -0.5 0.9 1.3
v 0.1 0.9 1.3
v 0.2 0.9 1.3
v -0.6 0.9 1.1
v -0.5 0.9 1.1
v 0.1 0.9 1.1
v 0.2 0.9 1.1
v -0.6 0.9 0.0999999
v -0.5 0.9 0.0999999
v 0.1 0.9 0.0999999
v 0.2 0.9 0.0999999
v -0.6 0.9 -0.1
v -0.5 0.9 -0.1
v 0.1 0.9 -0.1
v 0.2 0.9 -0.1
v -1.1 0.9 -0.2
v -1 0.9 -0.2
v -1.2 0.9 -0.3
v -1.1 0.9 -0.3
v -1 0.9 -0.3
v -0.9 0.9 -0.3
v -1.2 0.9 -0.4
v -1.1 0.9 -0.4
v -1 0.9 -0.4
v -0.9 0.9 -0.4
v -1.1 0.9 -0.5
v -1 0.9 -0.5
v -1.1 0.9 -0.9
v -1 0.9 -0.9
v -1.2 0.9 -1
v -1.1 0.9 -1
v -1 0.9 -1
v -0.9 0.9 -1
v -1.2 0.9 -1.1
v -1.1 0.9 -1.1
v -1 0.9 -1.1
v -0.9 0.9 -1.1
v -1.1 0.9 -1.2
v -1 0.9 -1.2
v 1.3 0.9 -1.5
v 1.4 0.9 -1.5
v 1.2 0.9 -1.6
v 1.3 0.9 -1.6
v 1.4 0.9 -1.6
v 1.5 0.9 -1.6
v -1.6 0.9 -1.7
v -1.5 0.9 -1.7
v 1.2 0.9 -1.7
v 1.3 0.9 -1.7
v 1.4 0.9 -1.7
v 1.5 0.9 -1.7
v -1.7 0.9 -1.8
v -1.6 0.9 -1.8
v -1.5 0.9 -1.8
v -1.4 0.9 -1.8
v 1.3 0.9 -1.8
v 1.4 0.9 -1.8
v -1.7 0.9 -1.9
v -1.6 0.9 -1.9
v -1.5 0.9 -1.9
v -1.4 0.9 -1.9
v -1.6 0.9 -2
v -1.5 0.9 -2
v -0.6 1 1.1
v -0.5 1 1.1
v 0.1 1 1.1
v 0.2 1 1.1
v -0.6 1 0.9
v -0.5 1 0.9
v 0.1 1 0.9
v 0.2 1 0.9
v -0.6 1 0.3
v -0.5 1 0.3
v 0.1 1 0.3
v 0.2 1 0.3
v -0.6 1 0.0999999
v -0.5 1 0.0999999
v 0.1 1 0.0999999
v 0.2 1 0.0999999
v 1.4 1 -0.5
v 1.7 1 -0.5
v 0.9 1 -0.6
v 1 1 -0.6
v 1.4 1 -0.6
v 1.7 1 -0.6
v 0.9 1 -1
v 1 1 -1
v 0.9 1 -1.1
v 1 1 -1.1
v 0.9 1 -1.2
v 1 1 -1.2
v 0.9 1 -1.3
v 1 1 -1.3
v 1.3 1 -1.3
v 1.5 1 -1.3
v 1.3 1 -1.4
v 1.5 1 -1.4
v 0.7 1.1 1.9
v 0.8 1.1 1.9
v 0.9 1.1 1.9
v -1.8 1.1 1.8
v -1.7 1.1 1.8
v -1.6 1.1 1.8
v 0.6 1.1 1.8
v 0.7 1.1 1.8
v 0.8 1.1 1.8
v 0.9 1.1 1.8
v 1 1.1 1.8
v -1.9 1.1 1.7
v -1.8 1.1 1.7
v -1.7 1.1 1.7
v -1.6 1.1 1.7
v -1.5 1.1 1.7
v 0.7 1.1 1.7
v 0.9 1.1 1.7
v -1.9 1.1 1.6
v -1.8 1.1 1.6
v 0.6 1.1 1.6
v 0.7 1.1 1.6
v 0.8 1.1 1.6
v 0.9 1.1 1.6
v 1 1.1 1.6
v -1.9 1.1 1.5
v -1.8 1.1 1.5
v -1.7 1.1 1.5
v -1.6 1.1 1.5
v -1.5 1.1 1.5
v 0.7 1.1 1.5
v 0.8 1.1 1.5
v 0.9 1.1 1.5
v -1.8 1.1 1.4
v -1.6 1.1 1.4
v -0.6 1.1 0.9
v -0.5 1.1 0.9
v 0.1 1.1 0.9
v 0.2 1.1 0.9
v -0.6 1.1 0.3
v -0.5 1.1 0.3
v 0.1 1.1 0.3
v 0.2 1.1 0.3
v -1.9 1.1 -0.5
v -1.8 1.1 -0.5
v -1.7 1.1 -0.5
v -2 1.1 -0.6
v -1.9 1.1 -0.6
v -1.8 1.1 -0.6
v -1.7 1.1 -0.6
v -1.6 1.1 -0.6
v -1.9 1.1 -0.7
v -1.7 1.1 -0.7
v -2 1.1 -0.8
v -1.9 1.1 -0.8
v -1.8 1.1 -0.8
v -1.7 1.1 -0.8
v -1.6 1.1 -0.8
v -1.9 1.1 -0.9
v -1.8 1.1 -0.9
v -1.7 1.1 -0.9
v 0.7 1.2 1.8
v 0.9 1.2 1.8
v -1.8 1.2 1.7
v -1.6 1.2 1.7
v 0.7 1.2 1.7
v 0.8 1.2 1.7
v 0.9 1.2 1.7
v -1.8 1.2 1.6
v -1.7 1.2 1.6
v 0.7 1.2 1.6
v 0.8 1.2 1.6
v 0.9 1.2 1.6
v -1.8 1.2 1.5
v -1.7 1.2 1.5
v -1.6 1.2 1.5
v -1.9 1.2 -0.6
v -1.8 1.2 -0.6
v -1.7 1.2 -0.6
v -1.9 1.2 -0.7
v -1.8 1.2 -0.7
v -1.7 1.2 -0.7
v -1.9 1.2 -0.8
v -1.8 1.2 -0.8
v -1.7 1.2 -0.8
v 0.8 1.4 -0.4
v 1.9 1.4 -0.4
v 0.9 1.4 -0.5
v 1.8 1.4 -0.5
v 0.9 1.4 -1.4
v 1.8 1.4 -1.4
v 0.8 1.4 -1.5
v 1.9 1.4 -1.5
v 0.9 1.5 -0.5
v 1.8 1.5 -0.5
v 1 1.5 -0.6
v 1.7 1.5 -0.6
v 0.9 1.5 -0.8
v 1 1.5 -0.8
v 0.9 1.5 -1.1
v 1 1.5 -1.1
v 1 1.5 -1.3
v 1.7 1.5 -1.3
v 0.9 1.5 -1.4
v 1.8 1.5 -1.4
v 1 1.6 -0.6
v 1.7 1.6 -0.6
v 1 1.6 -0.7
v 1.7 1.6 -0.7
v 0.9 1.6 -0.8
v 1 1.6 -0.8
v 0.9 1.6 -0.9
v 1 1.6 -0.9
v 0.9 1.6 -1
v 1 1.6 -1
v 0.9 1.6 -1.1
v 1 1.6 -1.1
v 1 1.6 -1.2
v 1.7 1.6 -1.2
v 1 1.6 -1.3
v 1.7 1.6 -1.3
v 1 1.7 -0.7
v 1.7 1.7 -0.7
v 1 1.7 -0.8
v 1.7 1.7 -0.8
v 0.9 1.7 -0.9
v 1 1.7 -0.9
v 0.9 1.7 -1
v 1 1.7 -1
v 1 1.7 -1.1
v 1.7 1.7 -1.1
v 1 1.7 -1.2
v 1.7 1.7 -1.2
v 1 1.8 -0.8
v 1.7 1.8 -0.8
v 1 1.8 -1.1
v 1.7 1.8 -1.1

# faces
f 3/9/1 2/9/1 1/9/1
f 4/9/1 2/9/1 3/9/1
f 5/9/1 2/9/1 4/9/1
f 6/9/1 2/9/1 5/9/1
f 7/9/1 2/9/1 6/9/1
f 8/9/1 2/9/1 7/9/1
f 9/14/1 4/14/1 3/14/1
f 10/9/1 5/9/1 4/9/1
f 10/14/1 4/14/1 9/14/1
f 11/25/1 6/25/1 5/25/1
f 11/9/1 5/9/1 10/9/1
f 12/9/1 7/9/1 6/9/1
f 12/25/1 6/25/1 11/25/1
f 13/14/1 8/14/1 7/14/1
f 13/9/1 7/9/1 12/9/1
f 14/14/1 8/14/1 13/14/1
f 15/14/1 9/14/1 3/14/1
f 16/9/1 10/9/1 9/9/1
f 16/14/1 9/14/1 15/14/1
f 17/25/1 11/25/1 10/25/1
f 17/9/1 10/9/1 16/9/1
f 17/25/1 12/25/1 11/25/1
f 17/25/1 13/25/1 12/25/1
f 18/9/1 14/9/1 13/9/1
f 18/25/1 13/25/1 17/25/1
f 19/14/1 8/14/1 14/14/1
f 19/9/1 14/9/1 18/9/1
f 20/14/1 8/14/1 19/14/1
f 21/14/1 15/14/1 3/14/1
f 22/14/1 15/14/1 21/14/1
f 23/14/1 15/14/1 22/14/1
f 24/9/1 16/9/1 15/9/1
f 24/14/1 15/14/1 23/14/1
f 25/25/1 18/25/1 17/25/1
f 25/9/1 16/9/1 24/9/1
f 25/25/1 17/25/1 16/25/1
f 25/25/1 19/25/1 18/25/1
f 26/9/1 20/9/1 19/9/1
f 26/25/1 19/25/1 25/25/1
f 27/14/1 8/14/1 20/14/1
f 27/9/1 20/9/1 26/9/1
f 28/14/1 8/14/1 27/14/1
f 29/14/1 8/14/1 28/14/1
f 30/14/1 8/14/1 29/14/1
f 31/14/1 8/14/1 30/14/1
f 32/14/1 8/14/1 31/14/1
f 33/14/1 8/14/1 32/14/1
f 34/14/1 8/14/1 33/14/1
f 35/14/1 8/14/1 34/14/1
f 36/14/1 8/14/1 35/14/1
f 37/14/1 8/14/1 36/14/1
f 38/20/1 22/20/1 21/20/1
f 39/15/1 23/15/1 22/15/1
f 39/20/1 22/20/1 38/20/1
f 40/14/1 24/14/1 23/14/1
f 40/15/1 23/15/1 39/15/1
f 40/14/1 25/14/1 24/14/1
f 41/14/1 25/14/1 40/14/1
f 42/14/1 27/14/1 26/14/1
f 42/14/1 28/14/1 27/14/1
f 43/15/1 29/15/1 28/15/1
f 43/14/1 28/14/1 42/14/1
f 44/10/1 30/10/1 29/10/1
f 44/15/1 29/15/1 43/15/1
f 45/13/1 31/13/1 30/13/1
f 45/10/1 30/10/1 44/10/1
f 46/10/1 32/10/1 31/10/1
f 46/13/1 31/13/1 45/13/1
f 47/14/1 33/14/1 32/14/1
f 47/10/1 32/10/1 46/10/1
f 48/15/1 34/15/1 33/15/1
f 48/14/1 33/14/1 47/14/1
f 49/17/1 35/17/1 34/17/1
f 49/15/1 34/15/1 48/15/1
f 50/14/1 36/14/1 35/14/1
f 50/17/1 35/17/1 49/17/1
f 51/14/1 36/14/1 50/14/1
f 52/15/1 37/15/1 36/15/1
f 52/14/1 36/14/1 51/14/1
f 53/14/1 8/14/1 37/14/1
f 53/15/1 37/15/1 52/15/1
f 54/14/1 8/14/1 53/14/1
f 55/18/1 50/18/1 49/18/1
f 55/18/1 51/18/1 50/18/1
f 56/18/1 51/18/1 55/18/1
f 60/3/1 58/3/1 57/3/1
f 60/1/1 59/1/1 58/1/1
f 61/1/1 59/1/1 60/1/1
f 62/18/1 55/18/1 49/18/1
f 63/18/1 55/18/1 62/18/1
f 64/3/1 61/3/1 60/3/1
f 64/3/1 60/3/1 57/3/1
f 65/3/1 61/3/1 64/3/1
f 66/3/1 61/3/1 65/3/1
f 67/1/1 65/1/1 64/1/1
f 68/11/1 66/11/1 65/11/1
f 68/1/1 65/1/1 67/1/1
f 69/11/1 66/11/1 68/11/1
f 70/3/1 68/3/1 67/3/1
f 70/3/1 69/3/1 68/3/1
f 71/3/1 69/3/1 70/3/1
f 77/10/1 73/10/1 72/10/1
f 78/10/1 73/10/1 77/10/1
f 79/10/1 73/10/1 78/10/1
f 81/1/1 75/1/1 74/1/1
f 82/1/1 75/1/1 81/1/1
f 83/1/1 77/1/1 76/1/1
f 84/1/1 77/1/1 83/1/1
f 85/3/1 80/3/1 79/3/1
f 86/3/1 82/3/1 81/3/1
f 87/1/1 75/1/1 82/1/1
f 87/3/1 82/3/1 86/3/1
f 88/3/1 84/3/1 83/3/1
f 89/3/1 80/3/1 85/3/1
f 90/1/1 75/1/1 87/1/1
f 90/1/1 87/1/1 86/1/1
f 91/1/1 75/1/1 90/1/1
f 92/3/1 88/3/1 83/3/1
f 93/3/1 88/3/1 92/3/1
f 94/3/1 80/3/1 89/3/1
f 95/3/1 80/3/1 94/3/1
f 96/1/1 90/1/1 86/1/1
f 97/3/1 91/3/1 90/3/1
f 97/1/1 90/1/1 96/1/1
f 98/3/1 91/3/1 97/3/1
f 99/1/1 93/1/1 92/1/1
f 100/1/1 93/1/1 99/1/1
f 102/1/1 95/1/1 94/1/1
f 103/1/1 95/1/1 102/1/1
f 104/11/1 101/11/1 100/11/1
f 105/3/1 102/3/1 101/3/1
f 105/11/1 101/11/1 104/11/1
f 106/3/1 102/3/1 105/3/1
f 110/10/1 108/10/1 107/10/1
f 111/10/1 108/10/1 110/10/1
f 113/1/1 110/1/1 109/1/1
f 114/3/1 112/3/1 111/3/1
f 115/3/1 112/3/1 114/3/1
f 116/1/1 113/1/1 109/1/1
f 117/1/1 113/1/1 116/1/1
f 118/3/1 117/3/1 116/3/1
f 119/3/1 117/3/1 118/3/1
f 120/1/1 115/1/1 114/1/1
f 121/1/1 119/1/1 118/1/1
f 122/1/1 119/1/1 121/1/1
f 124/1/1 115/1/1 120/1/1
f 125/1/1 115/1/1 124/1/1
f 126/1/1 123/1/1 122/1/1
f 127/3/1 124/3/1 123/3/1
f 127/1/1 123/1/1 126/1/1
f 128/3/1 124/3/1 127/3/1
f 131/19/1 130/19/1 129/19/1
f 132/19/1 130/19/1 131/19/1
f 135/11/1 134/11/1 133/11/1
f 136/11/1 134/11/1 135/11/1
f 141/18/1 138/18/1 137/18/1
f 142/18/1 138/18/1 141/18/1
f 143/19/1 140/19/1 139/19/1
f 144/19/1 140/19/1 143/19/1
f 149/19/1 146/19/1 145/19/1
f 149/19/1 147/19/1 146/19/1
f 150/19/1 147/19/1 149/19/1
f 151/19/1 147/19/1 150/19/1
f 152/11/1 149/11/1 148/11/1
f 153/11/1 149/11/1 152/11/1
f 154/11/1 151/11/1 150/11/1
f 155/11/1 151/11/1 154/11/1
f 158/18/1 157/18/1 156/18/1
f 159/18/1 157/18/1 158/18/1
f 162/18/1 161/18/1 160/18/1
f 163/18/1 161/18/1 162/18/1
f 168/19/1 165/19/1 164/19/1
f 169/19/1 165/19/1 168/19/1
f 170/19/1 167/19/1 166/19/1
f 171/19/1 167/19/1 170/19/1
f 176/28/1 173/28/1 172/28/1
f 177/28/1 173/28/1 176/28/1
f 178/28/1 175/28/1 174/28/1
f 179/28/1 175/28/1 178/28/1
f 184/19/1 181/19/1 180/19/1
f 185/19/1 181/19/1 184/19/1
f 186/19/1 183/19/1 182/19/1
f 187/19/1 183/19/1 186/19/1
f 195/19/1 189/19/1 188/19/1
f 195/19/1 190/19/1 189/19/1
f 196/19/1 190/19/1 195/19/1
f 197/19/1 190/19/1 196/19/1
f 199/19/1 192/19/1 191/19/1
f 199/19/1 193/19/1 192/19/1
f 200/19/1 193/19/1 199/19/1
f 201/19/1 193/19/1 200/19/1
f 202/28/1 195/28/1 194/28/1
f 203/28/1 195/28/1 202/28/1
f 204/28/1 197/28/1 196/28/1
f 205/28/1 197/28/1 204/28/1
f 206/28/1 199/28/1 198/28/1
f 207/28/1 199/28/1 206/28/1
f 208/28/1 201/28/1 200/28/1
f 209/28/1 201/28/1 208/28/1
f 214/18/1 211/18/1 210/18/1
f 215/18/1 211/18/1 214/18/1
f 216/19/1 213/19/1 212/19/1
f 217/19/1 213/19/1 216/19/1
f 220/30/1 219/30/1 218/30/1
f 221/30/1 219/30/1 220/30/1
f 224/19/1 223/19/1 222/19/1
f 225/19/1 223/19/1 224/19/1
f 230/19/1 227/19/1 226/19/1
f 230/19/1 228/19/1 227/19/1
f 231/19/1 228/19/1 230/19/1
f 232/19/1 228/19/1 231/19/1
f 233/30/1 230/30/1 229/30/1
f 234/30/1 230/30/1 233/30/1
f 235/30/1 232/30/1 231/30/1
f 236/30/1 232/30/1 235/30/1
f 239/18/1 238/18/1 237/18/1
f 240/18/1 238/18/1 239/18/1
f 247/7/1 242/7/1 241/7/1
f 248/7/1 244/7/1 243/7/1
f 251/6/1 246/6/1 245/6/1
f 251/7/1 247/7/1 246/7/1
f 252/7/1 242/7/1 247/7/1
f 252/7/1 247/7/1 251/7/1
f 253/7/1 242/7/1 252/7/1
f 256/7/1 249/7/1 248/7/1
f 256/7/1 248/7/1 243/7/1
f 257/7/1 249/7/1 256/7/1
f 258/6/1 250/6/1 249/6/1
f 258/7/1 249/7/1 257/7/1
f 259/7/1 254/7/1 253/7/1
f 259/7/1 253/7/1 252/7/1
f 260/7/1 254/7/1 259/7/1
f 261/7/1 254/7/1 260/7/1
f 262/7/1 254/7/1 261/7/1
f 263/7/1 257/7/1 256/7/1
f 263/7/1 256/7/1 255/7/1
f 264/7/1 257/7/1 263/7/1
f 265/7/1 257/7/1 264/7/1
f 266/7/1 257/7/1 265/7/1
f 267/6/1 251/6/1 245/6/1
f 268/6/1 260/6/1 259/6/1
f 269/7/1 262/7/1 261/7/1
f 269/7/1 263/7/1 262/7/1
f 269/7/1 264/7/1 263/7/1
f 270/7/1 264/7/1 269/7/1
f 271/7/1 264/7/1 270/7/1
f 272/7/1 264/7/1 271/7/1
f 273/6/1 266/6/1 265/6/1
f 274/6/1 250/6/1 258/6/1
f 275/6/1 268/6/1 267/6/1
f 275/6/1 267/6/1 245/6/1
f 276/6/1 260/6/1 268/6/1
f 276/6/1 268/6/1 275/6/1
f 277/6/1 260/6/1 276/6/1
f 278/6/1 270/6/1 269/6/1
f 279/6/1 272/6/1 271/6/1
f 280/6/1 274/6/1 273/6/1
f 280/6/1 273/6/1 265/6/1
f 281/6/1 274/6/1 280/6/1
f 282/6/1 250/6/1 274/6/1
f 282/6/1 274/6/1 281/6/1
f 283/6/1 278/6/1 277/6/1
f 283/6/1 277/6/1 276/6/1
f 284/6/1 270/6/1 278/6/1
f 284/6/1 278/6/1 283/6/1
f 285/6/1 270/6/1 284/6/1
f 286/6/1 279/6/1 271/6/1
f 286/6/1 281/6/1 280/6/1
f 286/6/1 280/6/1 279/6/1
f 287/6/1 281/6/1 286/6/1
f 288/6/1 281/6/1 287/6/1
f 289/6/1 285/6/1 284/6/1
f 289/6/1 287/6/1 286/6/1
f 289/6/1 286/6/1 285/6/1
f 290/6/1 287/6/1 289/6/1
f 293/18/1 292/18/1 291/18/1
f 294/18/1 292/18/1 293/18/1
f 299/18/1 296/18/1 295/18/1
f 300/18/1 296/18/1 299/18/1
f 301/18/1 298/18/1 297/18/1
f 302/18/1 298/18/1 301/18/1
f 303/18/1 301/18/1 297/18/1
f 304/18/1 301/18/1 303/18/1
f 307/18/1 306/18/1 305/18/1
f 308/18/1 306/18/1 307/18/1
f 313/6/1 310/6/1 309/6/1
f 314/6/1 312/6/1 311/6/1
f 319/6/1 313/6/1 309/6/1
f 320/6/1 316/6/1 315/6/1
f 325/6/1 318/6/1 317/6/1
f 326/6/1 312/6/1 314/6/1
f 327/6/1 319/6/1 309/6/1
f 327/6/1 320/6/1 319/6/1
f 328/6/1 316/6/1 320/6/1
f 328/6/1 320/6/1 327/6/1
f 329/6/1 316/6/1 328/6/1
f 330/6/1 322/6/1 321/6/1
f 331/6/1 324/6/1 323/6/1
f 332/6/1 325/6/1 317/6/1
f 332/6/1 326/6/1 325/6/1
f 333/6/1 326/6/1 332/6/1
f 334/6/1 312/6/1 326/6/1
f 334/6/1 326/6/1 333/6/1
f 335/6/1 330/6/1 329/6/1
f 335/6/1 329/6/1 328/6/1
f 336/6/1 322/6/1 330/6/1
f 336/6/1 330/6/1 335/6/1
f 337/6/1 322/6/1 336/6/1
f 338/6/1 331/6/1 323/6/1
f 338/6/1 333/6/1 332/6/1
f 338/6/1 332/6/1 331/6/1
f 339/6/1 333/6/1 338/6/1
f 340/6/1 333/6/1 339/6/1
f 341/6/1 337/6/1 336/6/1
f 341/6/1 339/6/1 338/6/1
f 341/6/1 338/6/1 337/6/1
f 342/6/1 339/6/1 341/6/1
f 345/18/1 344/18/1 343/18/1
f 346/18/1 344/18/1 345/18/1
f 349/18/1 348/18/1 347/18/1
f 350/18/1 348/18/1 349/18/1
f 354/11/1 352/11/1 351/11/1
f 354/1/1 353/1/1 352/1/1
f 355/1/1 353/1/1 354/1/1
f 356/11/1 354/11/1 351/11/1
f 356/11/1 355/11/1 354/11/1
f 357/11/1 355/11/1 356/11/1
f 358/1/1 357/1/1 356/1/1
f 359/11/1 355/11/1 357/11/1
f 359/1/1 357/1/1 358/1/1
f 360/11/1 359/11/1 358/11/1
f 361/11/1 355/11/1 359/11/1
f 361/11/1 359/11/1 360/11/1
f 369/21/1 366/21/1 365/21/1
f 369/18/1 367/18/1 366/18/1
f 370/21/1 368/21/1 367/21/1
f 370/18/1 367/18/1 369/18/1
f 371/21/1 368/21/1 370/21/1
f 373/10/1 363/10/1 362/10/1
f 373/10/1 364/10/1 363/10/1
f 374/10/1 364/10/1 373/10/1
f 375/10/1 364/10/1 374/10/1
f 377/21/1 369/21/1 365/21/1
f 378/21/1 369/21/1 377/21/1
f 379/1/1 373/1/1 372/1/1
f 380/1/1 373/1/1 379/1/1
f 381/11/1 376/11/1 375/11/1
f 382/11/1 380/11/1 379/11/1
f 383/11/1 382/11/1 379/11/1
f 384/11/1 382/11/1 383/11/1
f 385/11/1 376/11/1 381/11/1
f 386/11/1 376/11/1 385/11/1
f 387/1/1 384/1/1 383/1/1
f 388/1/1 384/1/1 387/1/1
f 390/1/1 386/1/1 385/1/1
f 391/1/1 386/1/1 390/1/1
f 392/11/1 389/11/1 388/11/1
f 393/3/1 390/3/1 389/3/1
f 393/11/1 389/11/1 392/11/1
f 394/3/1 390/3/1 393/3/1
f 398/21/1 396/21/1 395/21/1
f 399/18/1 397/18/1 396/18/1
f 399/21/1 396/21/1 398/21/1
f 400/18/1 397/18/1 399/18/1
f 403/26/1 402/26/1 401/26/1
f 404/26/1 402/26/1 403/26/1
f 412/21/1 406/21/1 405/21/1
f 413/21/1 406/21/1 412/21/1
f 414/7/1 411/7/1 410/7/1
f 416/21/1 406/21/1 413/21/1
f 417/7/1 407/7/1 406/7/1
f 417/21/1 406/21/1 416/21/1
f 418/7/1 415/7/1 414/7/1
f 418/7/1 414/7/1 410/7/1
f 419/7/1 415/7/1 418/7/1
f 422/2/1 408/2/1 407/2/1
f 423/2/1 410/2/1 409/2/1
f 424/7/1 418/7/1 410/7/1
f 424/2/1 410/2/1 423/2/1
f 425/7/1 418/7/1 424/7/1
f 427/7/1 421/7/1 420/7/1
f 428/7/1 407/7/1 417/7/1
f 428/2/1 422/2/1 407/2/1
f 428/2/1 423/2/1 422/2/1
f 428/2/1 424/2/1 423/2/1
f 429/4/1 426/4/1 425/4/1
f 429/2/1 424/2/1 428/2/1
f 429/4/1 425/4/1 424/4/1
f 430/4/1 426/4/1 429/4/1
f 431/7/1 427/7/1 426/7/1
f 431/4/1 426/4/1 430/4/1
f 432/7/1 421/7/1 427/7/1
f 432/7/1 427/7/1 431/7/1
f 433/7/1 421/7/1 432/7/1
f 434/7/1 421/7/1 433/7/1
f 435/7/1 428/7/1 417/7/1
f 437/7/1 430/7/1 429/7/1
f 438/7/1 430/7/1 437/7/1
f 440/5/1 434/5/1 433/5/1
f 441/7/1 435/7/1 417/7/1
f 442/4/1 436/4/1 435/4/1
f 442/7/1 435/7/1 441/7/1
f 443/7/1 439/7/1 438/7/1
f 443/4/1 436/4/1 442/4/1
f 443/7/1 437/7/1 436/7/1
f 443/7/1 438/7/1 437/7/1
f 444/5/1 440/5/1 439/5/1
f 444/7/1 439/7/1 443/7/1
f 445/5/1 434/5/1 440/5/1
f 445/5/1 440/5/1 444/5/1
f 448/26/1 447/26/1 446/26/1
f 449/26/1 447/26/1 448/26/1
f 450/26/1 447/26/1 449/26/1
f 451/26/1 447/26/1 450/26/1
f 452/26/1 450/26/1 449/26/1
f 453/26/1 450/26/1 452/26/1
f 454/26/1 450/26/1 453/26/1
f 455/26/1 450/26/1 454/26/1
f 456/26/1 454/26/1 453/26/1
f 457/26/1 454/26/1 456/26/1
f 460/8/1 459/8/1 458/8/1
f 461/8/1 459/8/1 460/8/1
f 462/29/1 461/29/1 460/29/1
f 463/8/1 459/8/1 461/8/1
f 463/29/1 461/29/1 462/29/1
f 466/8/1 463/8/1 462/8/1
f 467/8/1 459/8/1 463/8/1
f 467/8/1 463/8/1 466/8/1
f 468/31/1 465/31/1 464/31/1
f 469/31/1 465/31/1 468/31/1
f 470/31/1 465/31/1 469/31/1
f 476/31/1 474/31/1 473/31/1
f 476/31/1 475/31/1 474/31/1
f 477/31/1 472/31/1 471/31/1
f 478/31/1 472/31/1 477/31/1
f 479/31/1 472/31/1 478/31/1
f 480/31/1 476/31/1 473/31/1
f 481/31/1 476/31/1 480/31/1
f 482/31/1 476/31/1 481/31/1
f 487/26/1 484/26/1 483/26/1
f 488/26/1 484/26/1 487/26/1
f 489/26/1 484/26/1 488/26/1
f 492/26/1 486/26/1 485/26/1
f 493/26/1 486/26/1 492/26/1
f 494/26/1 486/26/1 493/26/1
f 495/26/1 490/26/1 489/26/1
f 495/26/1 489/26/1 488/26/1
f 496/26/1 490/26/1 495/26/1
f 497/26/1 490/26/1 496/26/1
f 498/26/1 493/26/1 492/26/1
f 498/26/1 492/26/1 491/26/1
f 499/26/1 493/26/1 498/26/1
f 500/26/1 493/26/1 499/26/1
f 501/26/1 497/26/1 496/26/1
f 501/26/1 499/26/1 498/26/1
f 501/26/1 498/26/1 497/26/1
f 502/26/1 499/26/1 501/26/1
f 505/21/1 504/21/1 503/21/1
f 506/21/1 504/21/1 505/21/1
f 509/18/1 508/18/1 507/18/1
f 510/18/1 508/18/1 509/18/1
f 515/21/1 512/21/1 511/21/1
f 516/21/1 512/21/1 515/21/1
f 517/19/1 514/19/1 513/19/1
f 518/19/1 514/19/1 517/19/1
f 521/27/1 520/27/1 519/27/1
f 522/27/1 520/27/1 521/27/1
f 525/19/1 524/19/1 523/19/1
f 526/19/1 524/19/1 525/19/1
f 535/19/1 532/19/1 531/19/1
f 535/19/1 533/19/1 532/19/1
f 536/19/1 533/19/1 535/19/1
f 537/19/1 533/19/1 536/19/1
f 538/7/1 528/7/1 527/7/1
f 539/7/1 528/7/1 538/7/1
f 540/7/1 530/7/1 529/7/1
f 541/7/1 530/7/1 540/7/1
f 542/27/1 535/27/1 534/27/1
f 543/27/1 535/27/1 542/27/1
f 544/27/1 537/27/1 536/27/1
f 545/27/1 537/27/1 544/27/1
f 548/18/1 547/18/1 546/18/1
f 549/18/1 547/18/1 548/18/1
f 553/21/1 552/21/1 551/21/1
f 553/21/1 551/21/1 550/21/1
f 554/21/1 552/21/1 553/21/1
f 557/7/1 556/7/1 555/7/1
f 558/7/1 556/7/1 557/7/1
f 561/7/1 560/7/1 559/7/1
f 562/7/1 560/7/1 561/7/1
f 565/7/1 564/7/1 563/7/1
f 566/7/1 564/7/1 565/7/1
f 569/9/1 568/9/1 567/9/1
f 570/9/1 568/9/1 569/9/1
f 571/9/1 568/9/1 570/9/1
f 572/9/1 568/9/1 571/9/1
f 573/9/1 568/9/1 572/9/1
f 574/9/1 568/9/1 573/9/1
f 575/14/1 570/14/1 569/14/1
f 576/14/1 570/14/1 575/14/1
f 577/9/1 571/9/1 570/9/1
f 577/14/1 570/14/1 576/14/1
f 578/25/1 572/25/1 571/25/1
f 578/9/1 571/9/1 577/9/1
f 579/9/1 573/9/1 572/9/1
f 579/25/1 572/25/1 578/25/1
f 580/14/1 574/14/1 573/14/1
f 580/9/1 573/9/1 579/9/1
f 581/14/1 574/14/1 580/14/1
f 582/14/1 574/14/1 581/14/1
f 583/9/2 584/9/2 585/9/2
f 585/9/2 584/9/2 586/9/2
f 586/9/2 584/9/2 587/9/2
f 587/9/2 584/9/2 588/9/2
f 588/9/2 584/9/2 589/9/2
f 589/9/2 584/9/2 590/9/2
f 585/14/2 586/14/2 591/14/2
f 586/9/2 587/9/2 592/9/2
f 591/14/2 586/14/2 592/14/2
f 587/25/2 588/25/2 593/25/2
f 592/9/2 587/9/2 593/9/2
f 588/9/2 589/9/2 594/9/2
f 593/25/2 588/25/2 594/25/2
f 589/14/2 590/14/2 595/14/2
f 594/9/2 589/9/2 595/9/2
f 595/14/2 590/14/2 596/14/2
f 597/18/2 598/18/2 599/18/2
f 599/18/2 598/18/2 600/18/2
f 601/18/2 602/18/2 603/18/2
f 603/18/2 602/18/2 604/18/2
f 601/18/2 603/18/2 605/18/2
f 605/18/2 603/18/2 606/18/2
f 607/10/2 608/10/2 610/10/2
f 610/10/2 608/10/2 611/10/2
f 609/3/2 610/3/2 613/3/2
f 611/3/2 612/3/2 614/3/2
f 614/3/2 612/3/2 615/3/2
f 609/3/2 613/3/2 616/3/2
f 614/1/2 615/1/2 617/1/2
f 617/1/2 615/1/2 618/1/2
f 609/3/2 616/3/2 619/3/2
f 609/3/2 619/3/2 620/3/2
f 620/3/2 619/3/2 621/3/2
f 617/3/2 618/3/2 623/3/2
f 623/3/2 618/3/2 624/3/2
f 621/3/2 622/3/2 625/3/2
f 622/1/2 623/1/2 626/1/2
f 625/3/2 622/3/2 626/3/2
f 626/1/2 623/1/2 627/1/2
f 628/10/2 629/10/2 631/10/2
f 631/10/2 629/10/2 632/10/2
f 632/10/2 629/10/2 633/10/2
f 630/3/2 631/3/2 637/3/2
f 637/3/2 631/3/2 638/3/2
f 633/1/2 634/1/2 639/1/2
f 635/3/2 636/3/2 640/3/2
f 640/3/2 636/3/2 641/3/2
f 641/3/2 636/3/2 642/3/2
f 637/1/2 638/1/2 643/1/2
f 639/1/2 634/1/2 644/1/2
f 640/1/2 641/1/2 645/1/2
f 641/11/2 642/11/2 646/11/2
f 645/1/2 641/1/2 646/1/2
f 646/11/2 642/11/2 647/11/2
f 637/1/2 643/1/2 648/1/2
f 648/1/2 643/1/2 649/1/2
f 645/11/2 646/11/2 650/11/2
f 646/3/2 647/3/2 651/3/2
f 650/11/2 646/11/2 651/11/2
f 648/3/2 649/3/2 652/3/2
f 652/3/2 649/3/2 653/3/2
f 644/1/2 634/1/2 654/1/2
f 654/1/2 634/1/2 655/1/2
f 650/3/2 651/3/2 656/3/2
f 651/3/2 647/3/2 657/3/2
f 656/3/2 651/3/2 657/3/2
f 653/1/2 654/1/2 658/1/2
f 658/1/2 654/1/2 659/1/2
f 660/18/2 661/18/2 664/18/2
f 664/18/2 661/18/2 665/18/2
f 662/19/2 663/19/2 669/19/2
f 666/3/2 667/3/2 671/3/2
f 667/1/2 668/1/2 672/1/2
f 671/3/2 667/3/2 672/3/2
f 672/1/2 668/1/2 673/1/2
f 669/19/2 670/19/2 675/19/2
f 662/19/2 669/19/2 675/19/2
f 675/19/2 670/19/2 676/19/2
f 676/19/2 670/19/2 677/19/2
f 671/1/2 672/1/2 678/1/2
f 672/3/2 673/3/2 679/3/2
f 678/1/2 672/1/2 679/1/2
f 679/3/2 673/3/2 680/3/2
f 674/11/2 675/11/2 681/11/2
f 681/11/2 675/11/2 682/11/2
f 676/11/2 677/11/2 683/11/2
f 683/11/2 677/11/2 684/11/2
f 678/3/2 679/3/2 685/3/2
f 679/1/2 680/1/2 686/1/2
f 685/3/2 679/3/2 686/3/2
f 685/1/2 686/1/2 687/1/2
f 686/1/2 680/1/2 688/1/2
f 687/1/2 686/1/2 688/1/2
f 689/18/2 690/18/2 691/18/2
f 691/18/2 690/18/2 692/18/2
f 693/11/2 694/11/2 695/11/2
f 695/11/2 694/11/2 696/11/2
f 697/18/2 698/18/2 699/18/2
f 699/18/2 698/18/2 700/18/2
f 701/19/2 702/19/2 705/19/2
f 703/19/2 704/19/2 707/19/2
f 705/19/2 706/19/2 710/19/2
f 701/19/2 705/19/2 710/19/2
f 710/19/2 706/19/2 711/19/2
f 711/19/2 706/19/2 712/19/2
f 707/19/2 708/19/2 714/19/2
f 703/19/2 707/19/2 714/19/2
f 714/19/2 708/19/2 715/19/2
f 715/19/2 708/19/2 716/19/2
f 709/28/2 710/28/2 717/28/2
f 717/28/2 710/28/2 718/28/2
f 711/28/2 712/28/2 719/28/2
f 719/28/2 712/28/2 720/28/2
f 713/28/2 714/28/2 721/28/2
f 721/28/2 714/28/2 722/28/2
f 715/28/2 716/28/2 723/28/2
f 723/28/2 716/28/2 724/28/2
f 725/18/2 726/18/2 727/18/2
f 727/18/2 726/18/2 728/18/2
f 729/28/2 730/28/2 733/28/2
f 733/28/2 730/28/2 734/28/2
f 731/28/2 732/28/2 735/28/2
f 735/28/2 732/28/2 736/28/2
f 737/19/2 738/19/2 739/19/2
f 737/19/2 739/19/2 742/19/2
f 739/19/2 740/19/2 742/19/2
f 742/19/2 740/19/2 743/19/2
f 743/19/2 740/19/2 744/19/2
f 741/30/2 742/30/2 745/30/2
f 745/30/2 742/30/2 746/30/2
f 743/30/2 744/30/2 747/30/2
f 747/30/2 744/30/2 748/30/2
f 749/18/2 750/18/2 751/18/2
f 751/18/2 750/18/2 752/18/2
f 753/30/2 754/30/2 755/30/2
f 755/30/2 754/30/2 756/30/2
f 757/6/2 758/6/2 761/6/2
f 759/6/2 760/6/2 762/6/2
f 757/6/2 761/6/2 767/6/2
f 763/6/2 764/6/2 768/6/2
f 765/6/2 766/6/2 773/6/2
f 762/6/2 760/6/2 774/6/2
f 757/6/2 767/6/2 775/6/2
f 767/6/2 768/6/2 775/6/2
f 768/6/2 764/6/2 776/6/2
f 775/6/2 768/6/2 776/6/2
f 776/6/2 764/6/2 777/6/2
f 769/6/2 770/6/2 778/6/2
f 771/6/2 772/6/2 779/6/2
f 765/6/2 773/6/2 780/6/2
f 773/6/2 774/6/2 780/6/2
f 780/6/2 774/6/2 781/6/2
f 774/6/2 760/6/2 782/6/2
f 781/6/2 774/6/2 782/6/2
f 777/6/2 778/6/2 783/6/2
f 776/6/2 777/6/2 783/6/2
f 778/6/2 770/6/2 784/6/2
f 783/6/2 778/6/2 784/6/2
f 784/6/2 770/6/2 785/6/2
f 771/6/2 779/6/2 786/6/2
f 780/6/2 781/6/2 786/6/2
f 779/6/2 780/6/2 786/6/2
f 786/6/2 781/6/2 787/6/2
f 787/6/2 781/6/2 788/6/2
f 784/6/2 785/6/2 789/6/2
f 786/6/2 787/6/2 789/6/2
f 785/6/2 786/6/2 789/6/2
f 789/6/2 787/6/2 790/6/2
f 791/18/2 792/18/2 793/18/2
f 793/18/2 792/18/2 794/18/2
f 795/18/2 796/18/2 799/18/2
f 799/18/2 796/18/2 800/18/2
f 797/18/2 798/18/2 802/18/2
f 802/18/2 798/18/2 803/18/2
f 801/18/2 802/18/2 804/18/2
f 804/18/2 802/18/2 805/18/2
f 806/18/2 807/18/2 808/18/2
f 808/18/2 807/18/2 809/18/2
f 810/18/2 811/18/2 812/18/2
f 812/18/2 811/18/2 813/18/2
f 814/7/2 815/7/2 820/7/2
f 816/7/2 817/7/2 821/7/2
f 818/6/2 819/6/2 824/6/2
f 819/7/2 820/7/2 824/7/2
f 820/7/2 815/7/2 825/7/2
f 824/7/2 820/7/2 825/7/2
f 825/7/2 815/7/2 826/7/2
f 821/7/2 822/7/2 829/7/2
f 816/7/2 821/7/2 829/7/2
f 829/7/2 822/7/2 830/7/2
f 822/6/2 823/6/2 831/6/2
f 830/7/2 822/7/2 831/7/2
f 826/7/2 827/7/2 832/7/2
f 825/7/2 826/7/2 832/7/2
f 832/7/2 827/7/2 833/7/2
f 833/7/2 827/7/2 834/7/2
f 834/7/2 827/7/2 835/7/2
f 829/7/2 830/7/2 836/7/2
f 828/7/2 829/7/2 836/7/2
f 836/7/2 830/7/2 837/7/2
f 837/7/2 830/7/2 838/7/2
f 838/7/2 830/7/2 839/7/2
f 818/6/2 824/6/2 840/6/2
f 832/6/2 833/6/2 841/6/2
f 834/7/2 835/7/2 842/7/2
f 835/7/2 836/7/2 842/7/2
f 836/7/2 837/7/2 842/7/2
f 842/7/2 837/7/2 843/7/2
f 843/7/2 837/7/2 844/7/2
f 844/7/2 837/7/2 845/7/2
f 838/6/2 839/6/2 846/6/2
f 831/6/2 823/6/2 847/6/2
f 840/6/2 841/6/2 848/6/2
f 818/6/2 840/6/2 848/6/2
f 841/6/2 833/6/2 849/6/2
f 848/6/2 841/6/2 849/6/2
f 849/6/2 833/6/2 850/6/2
f 842/6/2 843/6/2 851/6/2
f 844/6/2 845/6/2 852/6/2
f 846/6/2 847/6/2 853/6/2
f 838/6/2 846/6/2 853/6/2
f 853/6/2 847/6/2 854/6/2
f 847/6/2 823/6/2 855/6/2
f 854/6/2 847/6/2 855/6/2
f 850/6/2 851/6/2 856/6/2
f 849/6/2 850/6/2 856/6/2
f 851/6/2 843/6/2 857/6/2
f 856/6/2 851/6/2 857/6/2
f 857/6/2 843/6/2 858/6/2
f 844/6/2 852/6/2 859/6/2
f 853/6/2 854/6/2 859/6/2
f 852/6/2 853/6/2 859/6/2
f 859/6/2 854/6/2 860/6/2
f 860/6/2 854/6/2 861/6/2
f 857/6/2 858/6/2 862/6/2
f 859/6/2 860/6/2 862/6/2
f 858/6/2 859/6/2 862/6/2
f 862/6/2 860/6/2 863/6/2
f 864/18/2 865/18/2 866/18/2
f 866/18/2 865/18/2 867/18/2
f 868/18/2 869/18/2 870/18/2
f 870/18/2 869/18/2 871/18/2
f 872/21/2 873/21/2 874/21/2
f 874/21/2 873/21/2 875/21/2
f 876/10/2 877/10/2 879/10/2
f 879/10/2 877/10/2 880/10/2
f 880/10/2 877/10/2 881/10/2
f 878/11/2 879/11/2 883/11/2
f 883/11/2 879/11/2 884/11/2
f 881/11/2 882/11/2 885/11/2
f 885/11/2 882/11/2 886/11/2
f 883/3/2 884/3/2 887/3/2
f 887/3/2 884/3/2 888/3/2
f 885/1/2 886/1/2 889/1/2
f 889/1/2 886/1/2 890/1/2
f 887/11/2 888/11/2 891/11/2
f 889/3/2 890/3/2 892/3/2
f 892/3/2 890/3/2 893/3/2
f 887/11/2 891/11/2 894/11/2
f 894/11/2 891/11/2 895/11/2
f 892/11/2 893/11/2 897/11/2
f 897/11/2 893/11/2 898/11/2
f 895/11/2 896/11/2 899/11/2
f 896/1/2 897/1/2 900/1/2
f 899/11/2 896/11/2 900/11/2
f 900/1/2 897/1/2 901/1/2
f 902/21/2 903/21/2 907/21/2
f 907/21/2 903/21/2 908/21/2
f 904/11/2 905/11/2 912/11/2
f 905/3/2 906/3/2 913/3/2
f 912/11/2 905/11/2 913/11/2
f 913/3/2 906/3/2 914/3/2
f 912/1/2 913/1/2 915/1/2
f 913/11/2 914/11/2 916/11/2
f 915/1/2 913/1/2 916/1/2
f 908/7/2 909/7/2 917/7/2
f 917/7/2 909/7/2 918/7/2
f 910/7/2 911/7/2 919/7/2
f 919/7/2 911/7/2 920/7/2
f 915/3/2 916/3/2 921/3/2
f 916/11/2 914/11/2 922/11/2
f 921/3/2 916/3/2 922/3/2
f 921/11/2 922/11/2 923/11/2
f 922/11/2 914/11/2 924/11/2
f 923/11/2 922/11/2 924/11/2
f 925/18/2 926/18/2 927/18/2
f 927/18/2 926/18/2 928/18/2
f 929/18/2 930/18/2 932/18/2
f 930/21/2 931/21/2 933/21/2
f 932/18/2 930/18/2 933/18/2
f 933/21/2 931/21/2 934/21/2
f 935/7/2 936/7/2 937/7/2
f 937/7/2 936/7/2 938/7/2
f 939/19/2 940/19/2 941/19/2
f 939/19/2 941/19/2 944/19/2
f 941/19/2 942/19/2 944/19/2
f 944/19/2 942/19/2 945/19/2
f 945/19/2 942/19/2 946/19/2
f 943/27/2 944/27/2 947/27/2
f 947/27/2 944/27/2 948/27/2
f 945/27/2 946/27/2 949/27/2
f 949/27/2 946/27/2 950/27/2
f 951/5/2 952/5/2 953/5/2
f 953/5/2 952/5/2 954/5/2
f 953/7/2 954/7/2 955/7/2
f 955/7/2 954/7/2 956/7/2
f 957/4/2 958/4/2 959/4/2
f 959/4/2 958/4/2 960/4/2
f 959/7/2 960/7/2 963/7/2
f 963/7/2 960/7/2 964/7/2
f 961/27/2 962/27/2 965/27/2
f 965/27/2 962/27/2 966/27/2
f 967/18/2 968/18/2 969/18/2
f 969/18/2 968/18/2 970/18/2
f 971/21/2 972/21/2 973/21/2
f 973/21/2 972/21/2 974/21/2
f 975/21/2 976/21/2 977/21/2
f 977/21/2 976/21/2 978/21/2
f 979/26/2 980/26/2 981/26/2
f 981/26/2 980/26/2 982/26/2
f 982/26/2 980/26/2 983/26/2
f 983/26/2 980/26/2 984/26/2
f 982/26/2 983/26/2 985/26/2
f 985/26/2 983/26/2 986/26/2
f 986/26/2 983/26/2 987/26/2
f 987/26/2 983/26/2 988/26/2
f 986/26/2 987/26/2 989/26/2
f 989/26/2 987/26/2 990/26/2
f 991/21/2 992/21/2 996/21/2
f 992/7/2 993/7/2 997/7/2
f 996/21/2 992/21/2 997/21/2
f 993/7/2 994/7/2 997/7/2
f 997/7/2 994/7/2 998/7/2
f 998/7/2 994/7/2 999/7/2
f 999/7/2 994/7/2 1000/7/2
f 994/4/2 995/4/2 1001/4/2
f 1000/7/2 994/7/2 1001/7/2
f 1001/4/2 995/4/2 1002/4/2
f 997/7/2 998/7/2 1003/7/2
f 998/5/2 999/5/2 1004/5/2
f 1003/7/2 998/7/2 1004/7/2
f 999/7/2 1000/7/2 1005/7/2
f 1004/5/2 999/5/2 1005/5/2
f 1005/7/2 1000/7/2 1006/7/2
f 1006/7/2 1000/7/2 1007/7/2
f 1000/5/2 1001/5/2 1008/5/2
f 1007/7/2 1000/7/2 1008/7/2
f 1001/7/2 1002/7/2 1009/7/2
f 1008/5/2 1001/5/2 1009/5/2
f 1003/4/2 1004/4/2 1010/4/2
f 1004/4/2 1005/4/2 1010/4/2
f 1005/7/2 1006/7/2 1011/7/2
f 1010/4/2 1005/4/2 1011/4/2
f 1006/5/2 1007/5/2 1012/5/2
f 1011/7/2 1006/7/2 1012/7/2
f 1012/5/2 1007/5/2 1013/5/2
f 1007/7/2 1008/7/2 1014/7/2
f 1013/5/2 1007/5/2 1014/5/2
f 1008/7/2 1009/7/2 1014/7/2
f 1010/7/2 1011/7/2 1015/7/2
f 1011/7/2 1012/7/2 1015/7/2
f 1015/7/2 1012/7/2 1016/7/2
f 1012/4/2 1013/4/2 1017/4/2
f 1016/7/2 1012/7/2 1017/7/2
f 1013/7/2 1014/7/2 1018/7/2
f 1017/4/2 1013/4/2 1018/4/2
f 1014/7/2 1009/7/2 1019/7/2
f 1018/7/2 1014/7/2 1019/7/2
f 1009/7/2 1002/7/2 1020/7/2
f 1019/7/2 1009/7/2 1020/7/2
f 1015/5/2 1016/5/2 1021/5/2
f 1018/7/2 1019/7/2 1022/7/2
f 1021/5/2 1016/5/2 1022/5/2
f 1017/7/2 1018/7/2 1022/7/2
f 1016/7/2 1017/7/2 1022/7/2
f 1022/7/2 1019/7/2 1023/7/2
f 1019/5/2 1020/5/2 1024/5/2
f 1023/7/2 1019/7/2 1024/7/2
f 1024/5/2 1020/5/2 1025/5/2
f 1025/5/2 1020/5/2 1026/5/2
f 1022/7/2 1023/7/2 1027/7/2
f 1021/7/2 1022/7/2 1027/7/2
f 1027/7/2 1023/7/2 1028/7/2
f 1023/4/2 1024/4/2 1029/4/2
f 1028/7/2 1023/7/2 1029/7/2
f 1024/4/2 1025/4/2 1029/4/2
f 1025/7/2 1026/7/2 1030/7/2
f 1029/4/2 1025/4/2 1030/4/2
f 1027/4/2 1028/4/2 1031/4/2
f 1021/7/2 1027/7/2 1031/7/2
f 1028/5/2 1029/5/2 1032/5/2
f 1031/4/2 1028/4/2 1032/4/2
f 1032/5/2 1029/5/2 1033/5/2
f 1029/7/2 1030/7/2 1034/7/2
f 1033/5/2 1029/5/2 1034/5/2
f 1021/7/2 1031/7/2 1035/7/2
f 1031/7/2 1032/7/2 1035/7/2
f 1032/4/2 1033/4/2 1036/4/2
f 1035/7/2 1032/7/2 1036/7/2
f 1033/7/2 1034/7/2 1037/7/2
f 1036/4/2 1033/4/2 1037/4/2
f 1034/7/2 1030/7/2 1038/7/2
f 1037/7/2 1034/7/2 1038/7/2
f 1030/7/2 1026/7/2 1038/7/2
f 1039/26/2 1040/26/2 1041/26/2
f 1041/26/2 1040/26/2 1042/26/2
f 1043/26/2 1044/26/2 1045/26/2
f 1045/26/2 1044/26/2 1046/26/2
f 1047/9/2 1048/9/2 1049/9/2
f 1049/9/2 1048/9/2 1050/9/2
f 1050/9/2 1048/9/2 1051/9/2
f 1051/9/2 1048/9/2 1052/9/2
f 1052/9/2 1048/9/2 1053/9/2
f 1053/9/2 1048/9/2 1054/9/2
f 1049/14/2 1050/14/2 1055/14/2
f 1050/9/2 1051/9/2 1056/9/2
f 1055/14/2 1050/14/2 1056/14/2
f 1051/25/2 1052/25/2 1057/25/2
f 1056/9/2 1051/9/2 1057/9/2
f 1052/9/2 1053/9/2 1058/9/2
f 1057/25/2 1052/25/2 1058/25/2
f 1053/14/2 1054/14/2 1059/14/2
f 1058/9/2 1053/9/2 1059/9/2
f 1059/14/2 1054/14/2 1060/14/2
f 1049/14/2 1055/14/2 1061/14/2
f 1055/9/2 1056/9/2 1062/9/2
f 1061/14/2 1055/14/2 1062/14/2
f 1056/25/2 1057/25/2 1063/25/2
f 1062/9/2 1056/9/2 1063/9/2
f 1057/25/2 1058/25/2 1063/25/2
f 1058/25/2 1059/25/2 1063/25/2
f 1059/9/2 1060/9/2 1064/9/2
f 1063/25/2 1059/25/2 1064/25/2
f 1060/14/2 1054/14/2 1065/14/2
f 1064/9/2 1060/9/2 1065/9/2
f 1065/14/2 1054/14/2 1066/14/2
f 1049/14/2 1061/14/2 1067/14/2
f 1061/9/2 1062/9/2 1067/9/2
f 1063/25/2 1064/25/2 1068/25/2
f 1067/9/2 1062/9/2 1068/9/2
f 1062/25/2 1063/25/2 1068/25/2
f 1064/25/2 1065/25/2 1068/25/2
f 1065/9/2 1066/9/2 1069/9/2
f 1068/25/2 1065/25/2 1069/25/2
f 1066/14/2 1054/14/2 1070/14/2
f 1069/9/2 1066/9/2 1070/9/2
f 1070/14/2 1054/14/2 1071/14/2
f 1071/14/2 1054/14/2 1072/14/2
f 1072/14/2 1054/14/2 1073/14/2
f 1073/14/2 1054/14/2 1074/14/2
f 1049/14/2 1067/14/2 1075/14/2
f 1067/14/2 1068/14/2 1075/14/2
f 1075/14/2 1068/14/2 1076/14/2
f 1069/14/2 1070/14/2 1077/14/2
f 1070/14/2 1071/14/2 1077/14/2
f 1071/17/2 1072/17/2 1078/17/2
f 1077/14/2 1071/14/2 1078/14/2
f 1072/14/2 1073/14/2 1079/14/2
f 1078/17/2 1072/17/2 1079/17/2
f 1073/17/2 1074/17/2 1080/17/2
f 1079/14/2 1073/14/2 1080/14/2
f 1074/14/2 1054/14/2 1081/14/2
f 1080/17/2 1074/17/2 1081/17/2
f 1081/14/2 1054/14/2 1082/14/2
f 1087/14/3 1085/14/3 1084/14/3
f 1087/20/3 1086/20/3 1085/20/3
f 1088/20/3 1086/20/3 1087/20/3
f 1089/14/3 1087/14/3 1084/14/3
f 1089/15/3 1088/15/3 1087/15/3
f 1090/15/3 1088/15/3 1089/15/3
f 1091/14/3 1089/14/3 1084/14/3
f 1091/20/3 1090/20/3 1089/20/3
f 1092/20/3 1090/20/3 1091/20/3
f 1093/14/3 1091/14/3 1084/14/3
f 1093/14/3 1092/14/3 1091/14/3
f 1094/14/3 1092/14/3 1093/14/3
f 1095/14/3 1093/14/3 1084/14/3
f 1095/19/3 1094/19/3 1093/19/3
f 1096/19/3 1094/19/3 1095/19/3
f 1097/14/3 1095/14/3 1084/14/3
f 1097/17/3 1096/17/3 1095/17/3
f 1098/17/3 1096/17/3 1097/17/3
f 1101/19/3 1098/19/3 1097/19/3
f 1101/14/3 1097/14/3 1084/14/3
f 1102/19/3 1098/19/3 1101/19/3
f 1103/30/3 1100/30/3 1099/30/3
f 1104/30/3 1100/30/3 1103/30/3
f 1105/20/3 1102/20/3 1101/20/3
f 1105/14/3 1101/14/3 1084/14/3
f 1106/20/3 1102/20/3 1105/20/3
f 1107/14/3 1105/14/3 1084/14/3
f 1107/10/3 1106/10/3 1105/10/3
f 1108/10/3 1106/10/3 1107/10/3
f 1109/14/3 1107/14/3 1084/14/3
f 1109/14/3 1108/14/3 1107/14/3
f 1110/14/3 1108/14/3 1109/14/3
f 1111/14/3 1109/14/3 1084/14/3
f 1111/13/3 1110/13/3 1109/13/3
f 1112/13/3 1110/13/3 1111/13/3
f 1113/14/3 1111/14/3 1084/14/3
f 1113/15/3 1112/15/3 1111/15/3
f 1114/15/3 1112/15/3 1113/15/3
f 1115/14/3 1113/14/3 1084/14/3
f 1115/14/3 1114/14/3 1113/14/3
f 1116/14/3 1114/14/3 1115/14/3
f 1117/14/3 1115/14/3 1084/14/3
f 1117/16/3 1116/16/3 1115/16/3
f 1118/16/3 1116/16/3 1117/16/3
f 1119/14/3 1117/14/3 1084/14/3
f 1119/14/3 1118/14/3 1117/14/3
f 1120/14/3 1118/14/3 1119/14/3
f 1121/14/3 1119/14/3 1084/14/3
f 1121/10/3 1120/10/3 1119/10/3
f 1122/10/3 1120/10/3 1121/10/3
f 1123/14/3 1121/14/3 1084/14/3
f 1123/13/3 1122/13/3 1121/13/3
f 1124/13/3 1122/13/3 1123/13/3
f 1125/9/3 1084/9/3 1083/9/3
f 1126/14/3 1123/14/3 1084/14/3
f 1126/9/3 1084/9/3 1125/9/3
f 1126/14/3 1124/14/3 1123/14/3
f 1127/14/3 1124/14/3 1126/14/3
f 1133/19/3 1129/19/3 1128/19/3
f 1134/19/3 1129/19/3 1133/19/3
f 1135/30/3 1131/30/3 1130/30/3
f 1136/30/3 1131/30/3 1135/30/3
f 1137/19/3 1134/19/3 1133/19/3
f 1137/19/3 1133/19/3 1132/19/3
f 1137/19/3 1135/19/3 1134/19/3
f 1138/19/3 1135/19/3 1137/19/3
f 1140/30/3 1139/30/3 1138/30/3
f 1141/30/3 1139/30/3 1140/30/3
f 1144/18/3 1143/18/3 1142/18/3
f 1145/18/3 1143/18/3 1144/18/3
f 1150/1/3 1147/1/3 1146/1/3
f 1151/11/3 1148/11/3 1147/11/3
f 1151/1/3 1147/1/3 1150/1/3
f 1152/11/3 1148/11/3 1151/11/3
f 1153/1/3 1149/1/3 1148/1/3
f 1153/11/3 1148/11/3 1152/11/3
f 1154/1/3 1149/1/3 1153/1/3
f 1155/11/3 1151/11/3 1150/11/3
f 1156/3/3 1152/3/3 1151/3/3
f 1156/11/3 1151/11/3 1155/11/3
f 1157/11/3 1153/11/3 1152/11/3
f 1157/3/3 1152/3/3 1156/3/3
f 1157/11/3 1154/11/3 1153/11/3
f 1158/11/3 1154/11/3 1157/11/3
f 1163/1/3 1160/1/3 1159/1/3
f 1164/1/3 1160/1/3 1163/1/3
f 1165/3/3 1161/3/3 1160/3/3
f 1165/1/3 1160/1/3 1164/1/3
f 1166/1/3 1162/1/3 1161/1/3
f 1166/3/3 1161/3/3 1165/3/3
f 1167/1/3 1162/1/3 1166/1/3
f 1168/3/3 1164/3/3 1163/3/3
f 1169/1/3 1165/1/3 1164/1/3
f 1169/3/3 1164/3/3 1168/3/3
f 1169/1/3 1166/1/3 1165/1/3
f 1170/3/3 1167/3/3 1166/3/3
f 1170/1/3 1166/1/3 1169/1/3
f 1171/3/3 1167/3/3 1170/3/3
f 1174/18/3 1173/18/3 1172/18/3
f 1175/18/3 1173/18/3 1174/18/3
f 1181/11/3 1177/11/3 1176/11/3
f 1182/11/3 1177/11/3 1181/11/3
f 1183/1/3 1178/1/3 1177/1/3
f 1183/11/3 1177/11/3 1182/11/3
f 1184/11/3 1179/11/3 1178/11/3
f 1184/1/3 1178/1/3 1183/1/3
f 1185/11/3 1179/11/3 1184/11/3
f 1187/10/3 1181/10/3 1180/10/3
f 1188/11/3 1186/11/3 1185/11/3
f 1189/10/3 1187/10/3 1180/10/3
f 1190/10/3 1187/10/3 1189/10/3
f 1194/11/3 1186/11/3 1188/11/3
f 1195/11/3 1186/11/3 1194/11/3
f 1196/11/3 1191/11/3 1190/11/3
f 1197/1/3 1192/1/3 1191/1/3
f 1197/11/3 1191/11/3 1196/11/3
f 1198/3/3 1193/3/3 1192/3/3
f 1198/1/3 1192/1/3 1197/1/3
f 1199/11/3 1194/11/3 1193/11/3
f 1199/3/3 1193/3/3 1198/3/3
f 1200/11/3 1194/11/3 1199/11/3
f 1206/1/3 1202/1/3 1201/1/3
f 1207/3/3 1203/3/3 1202/3/3
f 1207/1/3 1202/1/3 1206/1/3
f 1208/1/3 1204/1/3 1203/1/3
f 1208/3/3 1203/3/3 1207/3/3
f 1209/1/3 1204/1/3 1208/1/3
f 1210/1/3 1204/1/3 1209/1/3
f 1212/10/3 1206/10/3 1205/10/3
f 1213/10/3 1206/10/3 1212/10/3
f 1214/1/3 1211/1/3 1210/1/3
f 1215/10/3 1213/10/3 1212/10/3
f 1216/10/3 1213/10/3 1215/10/3
f 1220/1/3 1211/1/3 1214/1/3
f 1221/1/3 1211/1/3 1220/1/3
f 1222/3/3 1217/3/3 1216/3/3
f 1223/1/3 1218/1/3 1217/1/3
f 1223/3/3 1217/3/3 1222/3/3
f 1224/3/3 1219/3/3 1218/3/3
f 1224/1/3 1218/1/3 1223/1/3
f 1225/1/3 1220/1/3 1219/1/3
f 1225/3/3 1219/3/3 1224/3/3
f 1226/1/3 1220/1/3 1225/1/3
f 1229/18/3 1228/18/3 1227/18/3
f 1230/18/3 1228/18/3 1229/18/3
f 1233/18/3 1232/18/3 1231/18/3
f 1234/18/3 1232/18/3 1233/18/3
f 1237/18/3 1236/18/3 1235/18/3
f 1238/18/3 1236/18/3 1237/18/3
f 1241/18/3 1240/18/3 1239/18/3
f 1242/18/3 1240/18/3 1241/18/3
f 1245/6/3 1244/6/3 1243/6/3
f 1246/6/3 1244/6/3 1245/6/3
f 1249/6/3 1248/6/3 1247/6/3
f 1250/6/3 1248/6/3 1249/6/3
f 1253/7/3 1252/7/3 1251/7/3
f 1254/7/3 1252/7/3 1253/7/3
f 1260/7/3 1256/7/3 1255/7/3
f 1260/6/3 1257/6/3 1256/6/3
f 1261/6/3 1257/6/3 1260/6/3
f 1262/6/3 1259/6/3 1258/6/3
f 1263/6/3 1259/6/3 1262/6/3
f 1264/7/3 1260/7/3 1255/7/3
f 1268/7/3 1264/7/3 1255/7/3
f 1269/6/3 1265/6/3 1264/6/3
f 1269/7/3 1264/7/3 1268/7/3
f 1270/6/3 1265/6/3 1269/6/3
f 1271/6/3 1267/6/3 1266/6/3
f 1272/6/3 1267/6/3 1271/6/3
f 1278/7/3 1274/7/3 1273/7/3
f 1278/6/3 1275/6/3 1274/6/3
f 1279/6/3 1275/6/3 1278/6/3
f 1280/6/3 1277/6/3 1276/6/3
f 1281/6/3 1277/6/3 1280/6/3
f 1282/7/3 1278/7/3 1273/7/3
f 1286/7/3 1282/7/3 1273/7/3
f 1287/6/3 1283/6/3 1282/6/3
f 1287/7/3 1282/7/3 1286/7/3
f 1288/6/3 1283/6/3 1287/6/3
f 1289/6/3 1285/6/3 1284/6/3
f 1290/6/3 1285/6/3 1289/6/3
f 1295/6/3 1294/6/3 1293/6/3
f 1296/6/3 1294/6/3 1295/6/3
f 1299/7/3 1292/7/3 1291/7/3
f 1300/7/3 1292/7/3 1299/7/3
f 1301/6/3 1298/6/3 1297/6/3
f 1302/6/3 1298/6/3 1301/6/3
f 1307/6/3 1306/6/3 1305/6/3
f 1308/6/3 1306/6/3 1307/6/3
f 1311/7/3 1304/7/3 1303/7/3
f 1312/7/3 1304/7/3 1311/7/3
f 1313/6/3 1310/6/3 1309/6/3
f 1314/6/3 1310/6/3 1313/6/3
f 1317/14/3 1316/14/3 1315/14/3
f 1318/14/3 1316/14/3 1317/14/3
f 1319/9/3 1318/9/3 1317/9/3
f 1320/9/3 1318/9/3 1319/9/3
f 1321/14/3 1320/14/3 1319/14/3
f 1322/14/3 1320/14/3 1321/14/3
f 1323/9/3 1322/9/3 1321/9/3
f 1324/9/3 1322/9/3 1323/9/3
f 1325/14/3 1324/14/3 1323/14/3
f 1326/14/3 1324/14/3 1325/14/3
f 1327/9/3 1326/9/3 1325/9/3
f 1328/9/3 1326/9/3 1327/9/3
f 1329/14/3 1328/14/3 1327/14/3
f 1330/14/3 1328/14/3 1329/14/3
f 1333/14/3 1332/14/3 1331/14/3
f 1334/14/3 1332/14/3 1333/14/3
f 1335/9/3 1334/9/3 1333/9/3
f 1336/9/3 1334/9/3 1335/9/3
f 1337/14/3 1336/14/3 1335/14/3
f 1338/14/3 1336/14/3 1337/14/3
f 1339/9/3 1338/9/3 1337/9/3
f 1340/9/3 1338/9/3 1339/9/3
f 1341/14/3 1340/14/3 1339/14/3
f 1342/14/3 1340/14/3 1341/14/3
f 1345/6/3 1344/6/3 1343/6/3
f 1346/6/3 1344/6/3 1345/6/3
f 1349/6/3 1348/6/3 1347/6/3
f 1350/6/3 1348/6/3 1349/6/3
f 1353/18/3 1352/18/3 1351/18/3
f 1354/18/3 1352/18/3 1353/18/3
f 1357/28/3 1356/28/3 1355/28/3
f 1358/28/3 1356/28/3 1357/28/3
f 1364/19/3 1360/19/3 1359/19/3
f 1365/19/3 1360/19/3 1364/19/3
f 1366/28/3 1362/28/3 1361/28/3
f 1367/28/3 1362/28/3 1366/28/3
f 1368/19/3 1365/19/3 1364/19/3
f 1368/19/3 1364/19/3 1363/19/3
f 1368/19/3 1366/19/3 1365/19/3
f 1369/19/3 1366/19/3 1368/19/3
f 1371/28/3 1370/28/3 1369/28/3
f 1372/28/3 1370/28/3 1371/28/3
f 1375/18/3 1374/18/3 1373/18/3
f 1376/18/3 1374/18/3 1375/18/3
f 1379/21/3 1378/21/3 1377/21/3
f 1380/21/3 1378/21/3 1379/21/3
f 1382/21/3 1380/21/3 1379/21/3
f 1382/21/3 1381/21/3 1380/21/3
f 1383/21/3 1381/21/3 1382/21/3
f 1384/21/3 1382/21/3 1379/21/3
f 1384/18/3 1383/18/3 1382/18/3
f 1385/18/3 1383/18/3 1384/18/3
f 1386/21/3 1384/21/3 1379/21/3
f 1387/21/3 1384/21/3 1386/21/3
f 1388/18/3 1387/18/3 1386/18/3
f 1389/18/3 1387/18/3 1388/18/3
f 1391/21/3 1389/21/3 1388/21/3
f 1391/21/3 1390/21/3 1389/21/3
f 1392/21/3 1390/21/3 1391/21/3
f 1393/21/3 1390/21/3 1392/21/3
f 1394/21/3 1392/21/3 1391/21/3
f 1395/21/3 1392/21/3 1394/21/3
f 1396/21/3 1392/21/3 1395/21/3
f 1401/21/3 1400/21/3 1399/21/3
f 1402/21/3 1400/21/3 1401/21/3
f 1405/21/3 1404/21/3 1403/21/3
f 1406/21/3 1404/21/3 1405/21/3
f 1407/26/3 1398/26/3 1397/26/3
f 1408/26/3 1398/26/3 1407/26/3
f 1413/1/3 1410/1/3 1409/1/3
f 1414/3/3 1411/3/3 1410/3/3
f 1414/1/3 1410/1/3 1413/1/3
f 1415/1/3 1412/1/3 1411/1/3
f 1415/3/3 1411/3/3 1414/3/3
f 1416/1/3 1412/1/3 1415/1/3
f 1417/3/3 1414/3/3 1413/3/3
f 1417/3/3 1415/3/3 1414/3/3
f 1417/3/3 1416/3/3 1415/3/3
f 1418/3/3 1416/3/3 1417/3/3
f 1424/7/3 1420/7/3 1419/7/3
f 1425/7/3 1420/7/3 1424/7/3
f 1426/7/3 1420/7/3 1425/7/3
f 1427/7/3 1420/7/3 1426/7/3
f 1428/7/3 1424/7/3 1423/7/3
f 1429/7/3 1426/7/3 1425/7/3
f 1430/4/3 1427/4/3 1426/4/3
f 1430/7/3 1426/7/3 1429/7/3
f 1431/7/3 1424/7/3 1428/7/3
f 1432/7/3 1424/7/3 1431/7/3
f 1433/4/3 1427/4/3 1430/4/3
f 1433/5/3 1430/5/3 1429/5/3
f 1434/7/3 1420/7/3 1427/7/3
f 1434/4/3 1427/4/3 1433/4/3
f 1435/7/3 1420/7/3 1434/7/3
f 1436/7/3 1420/7/3 1435/7/3
f 1439/5/3 1433/5/3 1429/5/3
f 1439/5/3 1434/5/3 1433/5/3
f 1440/4/3 1436/4/3 1435/4/3
f 1440/7/3 1435/7/3 1434/7/3
f 1441/4/3 1436/4/3 1440/4/3
f 1442/7/3 1438/7/3 1437/7/3
f 1442/7/3 1439/7/3 1438/7/3
f 1443/7/3 1439/7/3 1442/7/3
f 1444/5/3 1434/5/3 1439/5/3
f 1444/7/3 1439/7/3 1443/7/3
f 1445/5/3 1434/5/3 1444/5/3
f 1446/7/3 1441/7/3 1440/7/3
f 1446/5/3 1434/5/3 1445/5/3
f 1446/7/3 1440/7/3 1434/7/3
f 1447/7/3 1441/7/3 1446/7/3
f 1448/5/3 1443/5/3 1442/5/3
f 1449/7/3 1445/7/3 1444/7/3
f 1449/5/3 1443/5/3 1448/5/3
f 1449/7/3 1444/7/3 1443/7/3
f 1450/7/3 1445/7/3 1449/7/3
f 1451/7/3 1445/7/3 1450/7/3
f 1453/7/3 1450/7/3 1449/7/3
f 1454/5/3 1451/5/3 1450/5/3
f 1454/7/3 1450/7/3 1453/7/3
f 1455/7/3 1445/7/3 1451/7/3
f 1455/5/3 1451/5/3 1454/5/3
f 1456/7/3 1445/7/3 1455/7/3
f 1457/7/3 1441/7/3 1447/7/3
f 1458/7/3 1453/7/3 1452/7/3
f 1459/4/3 1454/4/3 1453/4/3
f 1459/7/3 1453/7/3 1458/7/3
f 1460/7/3 1455/7/3 1454/7/3
f 1460/4/3 1454/4/3 1459/4/3
f 1461/5/3 1456/5/3 1455/5/3
f 1461/7/3 1455/7/3 1460/7/3
f 1462/7/3 1457/7/3 1456/7/3
f 1462/5/3 1456/5/3 1461/5/3
f 1463/7/3 1441/7/3 1457/7/3
f 1463/7/3 1457/7/3 1462/7/3
f 1464/26/3 1422/26/3 1421/26/3
f 1465/26/3 1422/26/3 1464/26/3
f 1471/3/3 1467/3/3 1466/3/3
f 1472/3/3 1467/3/3 1471/3/3
f 1473/1/3 1468/1/3 1467/1/3
f 1473/3/3 1467/3/3 1472/3/3
f 1474/3/3 1469/3/3 1468/3/3
f 1474/1/3 1468/1/3 1473/1/3
f 1475/3/3 1469/3/3 1474/3/3
f 1477/10/3 1471/10/3 1470/10/3
f 1478/11/3 1476/11/3 1475/11/3
f 1479/11/3 1476/11/3 1478/11/3
f 1480/10/3 1477/10/3 1470/10/3
f 1481/10/3 1477/10/3 1480/10/3
f 1485/3/3 1479/3/3 1478/3/3
f 1486/3/3 1479/3/3 1485/3/3
f 1487/3/3 1482/3/3 1481/3/3
f 1488/1/3 1483/1/3 1482/1/3
f 1488/3/3 1482/3/3 1487/3/3
f 1489/11/3 1484/11/3 1483/11/3
f 1489/1/3 1483/1/3 1488/1/3
f 1490/3/3 1485/3/3 1484/3/3
f 1490/11/3 1484/11/3 1489/11/3
f 1491/3/3 1485/3/3 1490/3/3
f 1494/18/3 1493/18/3 1492/18/3
f 1495/18/3 1493/18/3 1494/18/3
f 1500/31/3 1497/31/3 1496/31/3
f 1501/31/3 1500/31/3 1496/31/3
f 1502/31/3 1500/31/3 1501/31/3
f 1506/31/3 1504/31/3 1503/31/3
f 1506/31/3 1505/31/3 1504/31/3
f 1507/31/3 1505/31/3 1506/31/3
f 1508/26/3 1499/26/3 1498/26/3
f 1509/26/3 1499/26/3 1508/26/3
f 1512/26/3 1511/26/3 1510/26/3
f 1513/26/3 1511/26/3 1512/26/3
f 1516/26/3 1515/26/3 1514/26/3
f 1517/26/3 1515/26/3 1516/26/3
f 1520/26/3 1519/26/3 1518/26/3
f 1521/26/3 1519/26/3 1520/26/3
f 1524/28/3 1523/28/3 1522/28/3
f 1525/28/3 1523/28/3 1524/28/3
f 1528/18/3 1527/18/3 1526/18/3
f 1529/18/3 1527/18/3 1528/18/3
f 1530/18/3 1528/18/3 1526/18/3
f 1531/18/3 1528/18/3 1530/18/3
f 1536/2/3 1533/2/3 1532/2/3
f 1537/2/3 1533/2/3 1536/2/3
f 1538/26/3 1535/26/3 1534/26/3
f 1539/26/3 1535/26/3 1538/26/3
f 1545/19/3 1541/19/3 1540/19/3
f 1546/19/3 1541/19/3 1545/19/3
f 1547/28/3 1543/28/3 1542/28/3
f 1548/28/3 1543/28/3 1547/28/3
f 1549/19/3 1546/19/3 1545/19/3
f 1549/19/3 1545/19/3 1544/19/3
f 1549/19/3 1547/19/3 1546/19/3
f 1550/19/3 1547/19/3 1549/19/3
f 1552/28/3 1551/28/3 1550/28/3
f 1553/28/3 1551/28/3 1552/28/3
f 1556/7/3 1555/7/3 1554/7/3
f 1557/7/3 1555/7/3 1556/7/3
f 1560/18/3 1559/18/3 1558/18/3
f 1561/18/3 1559/18/3 1560/18/3
f 1562/18/3 1560/18/3 1558/18/3
f 1563/18/3 1560/18/3 1562/18/3
f 1566/21/3 1565/21/3 1564/21/3
f 1567/21/3 1565/21/3 1566/21/3
f 1568/21/3 1565/21/3 1567/21/3
f 1569/18/3 1567/18/3 1566/18/3
f 1570/18/3 1567/18/3 1569/18/3
f 1573/18/3 1572/18/3 1571/18/3
f 1574/18/3 1572/18/3 1573/18/3
f 1577/21/3 1576/21/3 1575/21/3
f 1578/21/3 1576/21/3 1577/21/3
f 1584/7/3 1580/7/3 1579/7/3
f 1585/7/3 1580/7/3 1584/7/3
f 1586/7/3 1582/7/3 1581/7/3
f 1587/5/3 1583/5/3 1582/5/3
f 1587/7/3 1582/7/3 1586/7/3
f 1588/5/3 1583/5/3 1587/5/3
f 1591/18/3 1590/18/3 1589/18/3
f 1592/18/3 1590/18/3 1591/18/3
f 1595/18/3 1594/18/3 1593/18/3
f 1596/18/3 1594/18/3 1595/18/3
f 1599/27/3 1598/27/3 1597/27/3
f 1600/27/3 1598/27/3 1599/27/3
f 1606/19/3 1602/19/3 1601/19/3
f 1607/19/3 1602/19/3 1606/19/3
f 1608/27/3 1604/27/3 1603/27/3
f 1609/27/3 1604/27/3 1608/27/3
f 1610/19/3 1607/19/3 1606/19/3
f 1610/19/3 1606/19/3 1605/19/3
f 1610/19/3 1608/19/3 1607/19/3
f 1611/19/3 1608/19/3 1610/19/3
f 1613/27/3 1612/27/3 1611/27/3
f 1614/27/3 1612/27/3 1613/27/3
f 1617/11/3 1616/11/3 1615/11/3
f 1618/11/3 1616/11/3 1617/11/3
f 1624/19/3 1620/19/3 1619/19/3
f 1625/19/3 1620/19/3 1624/19/3
f 1626/11/3 1622/11/3 1621/11/3
f 1627/11/3 1622/11/3 1626/11/3
f 1628/19/3 1625/19/3 1624/19/3
f 1628/19/3 1624/19/3 1623/19/3
f 1628/19/3 1626/19/3 1625/19/3
f 1629/19/3 1626/19/3 1628/19/3
f 1631/11/3 1630/11/3 1629/11/3
f 1632/11/3 1630/11/3 1631/11/3
f 1636/19/4 1637/19/4 1641/19/4
f 1641/19/4 1637/19/4 1642/19/4
f 1638/30/4 1639/30/4 1643/30/4
f 1643/30/4 1639/30/4 1644/30/4
f 1641/19/4 1642/19/4 1645/19/4
f 1640/19/4 1641/19/4 1645/19/4
f 1645/19/4 1642/19/4 1646/19/4
f 1647/30/4 1648/30/4 1649/30/4
f 1649/30/4 1648/30/4 1650/30/4
f 1651/18/4 1652/18/4 1653/18/4
f 1653/18/4 1652/18/4 1654/18/4
f 1633/9/4 1634/9/4 1655/9/4
f 1634/14/4 1635/14/4 1656/14/4
f 1655/9/4 1634/9/4 1656/9/4
f 1656/14/4 1635/14/4 1657/14/4
f 1658/19/4 1659/19/4 1661/19/4
f 1659/30/4 1660/30/4 1662/30/4
f 1661/19/4 1659/19/4 1662/19/4
f 1662/30/4 1660/30/4 1663/30/4
f 1664/18/4 1665/18/4 1666/18/4
f 1666/18/4 1665/18/4 1667/18/4
f 1668/1/4 1669/1/4 1672/1/4
f 1669/11/4 1670/11/4 1673/11/4
f 1672/1/4 1669/1/4 1673/1/4
f 1673/11/4 1670/11/4 1674/11/4
f 1674/11/4 1670/11/4 1675/11/4
f 1671/10/4 1672/10/4 1677/10/4
f 1675/3/4 1676/3/4 1678/3/4
f 1678/3/4 1676/3/4 1679/3/4
f 1677/10/4 1672/10/4 1680/10/4
f 1680/10/4 1672/10/4 1681/10/4
f 1678/1/4 1679/1/4 1685/1/4
f 1685/1/4 1679/1/4 1686/1/4
f 1681/3/4 1682/3/4 1687/3/4
f 1683/11/4 1684/11/4 1688/11/4
f 1687/3/4 1682/3/4 1688/3/4
f 1684/11/4 1685/11/4 1688/11/4
f 1682/11/4 1683/11/4 1688/11/4
f 1688/11/4 1685/11/4 1689/11/4
f 1690/1/4 1691/1/4 1694/1/4
f 1694/1/4 1691/1/4 1695/1/4
f 1691/3/4 1692/3/4 1696/3/4
f 1695/1/4 1691/1/4 1696/1/4
f 1696/3/4 1692/3/4 1697/3/4
f 1693/10/4 1694/10/4 1699/10/4
f 1697/3/4 1698/3/4 1700/3/4
f 1700/3/4 1698/3/4 1701/3/4
f 1693/10/4 1699/10/4 1702/10/4
f 1702/10/4 1699/10/4 1703/10/4
f 1700/1/4 1701/1/4 1706/1/4
f 1706/1/4 1701/1/4 1707/1/4
f 1703/1/4 1704/1/4 1708/1/4
f 1704/3/4 1705/3/4 1709/3/4
f 1708/1/4 1704/1/4 1709/1/4
f 1705/1/4 1706/1/4 1710/1/4
f 1709/3/4 1705/3/4 1710/3/4
f 1710/1/4 1706/1/4 1711/1/4
f 1712/18/4 1713/18/4 1714/18/4
f 1714/18/4 1713/18/4 1715/18/4
f 1716/11/4 1717/11/4 1719/11/4
f 1719/11/4 1717/11/4 1720/11/4
f 1717/1/4 1718/1/4 1721/1/4
f 1720/11/4 1717/11/4 1721/11/4
f 1721/1/4 1718/1/4 1722/1/4
f 1716/11/4 1719/11/4 1723/11/4
f 1719/1/4 1720/1/4 1724/1/4
f 1723/11/4 1719/11/4 1724/11/4
f 1720/3/4 1721/3/4 1725/3/4
f 1724/1/4 1720/1/4 1725/1/4
f 1721/11/4 1722/11/4 1726/11/4
f 1725/3/4 1721/3/4 1726/3/4
f 1726/11/4 1722/11/4 1727/11/4
f 1728/18/4 1729/18/4 1730/18/4
f 1730/18/4 1729/18/4 1731/18/4
f 1732/3/4 1733/3/4 1735/3/4
f 1733/1/4 1734/1/4 1736/1/4
f 1735/3/4 1733/3/4 1736/3/4
f 1735/1/4 1736/1/4 1737/1/4
f 1736/1/4 1734/1/4 1738/1/4
f 1737/1/4 1736/1/4 1738/1/4
f 1739/18/4 1740/18/4 1741/18/4
f 1741/18/4 1740/18/4 1742/18/4
f 1743/18/4 1744/18/4 1745/18/4
f 1745/18/4 1744/18/4 1746/18/4
f 1747/6/4 1748/6/4 1749/6/4
f 1749/6/4 1748/6/4 1750/6/4
f 1751/6/4 1752/6/4 1753/6/4
f 1753/6/4 1752/6/4 1754/6/4
f 1755/14/4 1756/14/4 1757/14/4
f 1757/14/4 1756/14/4 1758/14/4
f 1757/9/4 1758/9/4 1759/9/4
f 1759/9/4 1758/9/4 1760/9/4
f 1759/14/4 1760/14/4 1761/14/4
f 1761/14/4 1760/14/4 1762/14/4
f 1761/9/4 1762/9/4 1763/9/4
f 1763/9/4 1762/9/4 1764/9/4
f 1764/9/4 1762/9/4 1765/9/4
f 1764/14/4 1765/14/4 1766/14/4
f 1766/14/4 1765/14/4 1767/14/4
f 1768/14/4 1769/14/4 1770/14/4
f 1770/14/4 1769/14/4 1771/14/4
f 1770/9/4 1771/9/4 1772/9/4
f 1772/9/4 1771/9/4 1773/9/4
f 1772/14/4 1773/14/4 1774/14/4
f 1774/14/4 1773/14/4 1775/14/4
f 1774/9/4 1775/9/4 1776/9/4
f 1776/9/4 1775/9/4 1777/9/4
f 1776/14/4 1777/14/4 1778/14/4
f 1778/14/4 1777/14/4 1779/14/4
f 1778/9/4 1779/9/4 1780/9/4
f 1780/9/4 1779/9/4 1781/9/4
f 1780/14/4 1781/14/4 1782/14/4
f 1782/14/4 1781/14/4 1783/14/4
f 1782/9/4 1783/9/4 1784/9/4
f 1784/9/4 1783/9/4 1785/9/4
f 1784/14/4 1785/14/4 1786/14/4
f 1786/14/4 1785/14/4 1787/14/4
f 1790/6/4 1791/6/4 1792/6/4
f 1792/6/4 1791/6/4 1793/6/4
f 1788/7/4 1789/7/4 1796/7/4
f 1796/7/4 1789/7/4 1797/7/4
f 1794/6/4 1795/6/4 1798/6/4
f 1798/6/4 1795/6/4 1799/6/4
f 1802/6/4 1803/6/4 1804/6/4
f 1804/6/4 1803/6/4 1805/6/4
f 1800/7/4 1801/7/4 1808/7/4
f 1808/7/4 1801/7/4 1809/7/4
f 1806/6/4 1807/6/4 1810/6/4
f 1810/6/4 1807/6/4 1811/6/4
f 1812/7/4 1813/7/4 1817/7/4
f 1813/6/4 1814/6/4 1817/6/4
f 1817/6/4 1814/6/4 1818/6/4
f 1815/6/4 1816/6/4 1819/6/4
f 1819/6/4 1816/6/4 1820/6/4
f 1812/7/4 1817/7/4 1821/7/4
f 1812/7/4 1821/7/4 1825/7/4
f 1821/6/4 1822/6/4 1826/6/4
f 1825/7/4 1821/7/4 1826/7/4
f 1826/6/4 1822/6/4 1827/6/4
f 1823/6/4 1824/6/4 1828/6/4
f 1828/6/4 1824/6/4 1829/6/4
f 1830/7/4 1831/7/4 1835/7/4
f 1831/6/4 1832/6/4 1835/6/4
f 1835/6/4 1832/6/4 1836/6/4
f 1833/6/4 1834/6/4 1837/6/4
f 1837/6/4 1834/6/4 1838/6/4
f 1830/7/4 1835/7/4 1839/7/4
f 1830/7/4 1839/7/4 1843/7/4
f 1839/6/4 1840/6/4 1844/6/4
f 1843/7/4 1839/7/4 1844/7/4
f 1844/6/4 1840/6/4 1845/6/4
f 1841/6/4 1842/6/4 1846/6/4
f 1846/6/4 1842/6/4 1847/6/4
f 1848/7/4 1849/7/4 1850/7/4
f 1850/7/4 1849/7/4 1851/7/4
f 1851/7/4 1849/7/4 1852/7/4
f 1852/7/4 1849/7/4 1853/7/4
f 1854/6/4 1855/6/4 1856/6/4
f 1856/6/4 1855/6/4 1857/6/4
f 1858/6/4 1859/6/4 1860/6/4
f 1860/6/4 1859/6/4 1861/6/4
f 1862/18/4 1863/18/4 1864/18/4
f 1864/18/4 1863/18/4 1865/18/4
f 1866/19/4 1867/19/4 1871/19/4
f 1871/19/4 1867/19/4 1872/19/4
f 1868/28/4 1869/28/4 1873/28/4
f 1873/28/4 1869/28/4 1874/28/4
f 1871/19/4 1872/19/4 1875/19/4
f 1870/19/4 1871/19/4 1875/19/4
f 1875/19/4 1872/19/4 1876/19/4
f 1877/28/4 1878/28/4 1879/28/4
f 1879/28/4 1878/28/4 1880/28/4
f 1881/18/4 1882/18/4 1883/18/4
f 1883/18/4 1882/18/4 1884/18/4
f 1885/21/4 1886/21/4 1887/21/4
f 1887/21/4 1886/21/4 1888/21/4
f 1889/19/4 1890/19/4 1892/19/4
f 1890/28/4 1891/28/4 1893/28/4
f 1892/19/4 1890/19/4 1893/19/4
f 1893/28/4 1891/28/4 1894/28/4
f 1895/7/4 1896/7/4 1897/7/4
f 1897/7/4 1896/7/4 1898/7/4
f 1899/18/4 1900/18/4 1901/18/4
f 1901/18/4 1900/18/4 1902/18/4
f 1903/2/4 1904/2/4 1905/2/4
f 1905/2/4 1904/2/4 1906/2/4
f 1906/2/4 1904/2/4 1907/2/4
f 1907/2/4 1904/2/4 1908/2/4
f 1909/1/4 1910/1/4 1915/1/4
f 1910/3/4 1911/3/4 1916/3/4
f 1915/1/4 1910/1/4 1916/1/4
f 1911/11/4 1912/11/4 1917/11/4
f 1916/3/4 1911/3/4 1917/3/4
f 1912/3/4 1913/3/4 1918/3/4
f 1917/11/4 1912/11/4 1918/11/4
f 1918/3/4 1913/3/4 1919/3/4
f 1919/3/4 1920/3/4 1921/3/4
f 1921/3/4 1920/3/4 1922/3/4
f 1914/10/4 1915/10/4 1923/10/4
f 1923/10/4 1915/10/4 1924/10/4
f 1921/1/4 1922/1/4 1927/1/4
f 1927/1/4 1922/1/4 1928/1/4
f 1924/3/4 1925/3/4 1929/3/4
f 1925/11/4 1926/11/4 1930/11/4
f 1929/3/4 1925/3/4 1930/3/4
f 1926/3/4 1927/3/4 1931/3/4
f 1930/11/4 1926/11/4 1931/11/4
f 1931/3/4 1927/3/4 1932/3/4
f 1933/3/4 1934/3/4 1936/3/4
f 1936/3/4 1934/3/4 1937/3/4
f 1934/1/4 1935/1/4 1938/1/4
f 1937/3/4 1934/3/4 1938/3/4
f 1938/1/4 1935/1/4 1939/1/4
f 1933/3/4 1936/3/4 1940/3/4
f 1936/1/4 1937/1/4 1941/1/4
f 1940/3/4 1936/3/4 1941/3/4
f 1937/3/4 1938/3/4 1942/3/4
f 1941/1/4 1937/1/4 1942/1/4
f 1938/3/4 1939/3/4 1942/3/4
f 1942/3/4 1939/3/4 1943/3/4
f 1944/18/4 1945/18/4 1947/18/4
f 1947/18/4 1945/18/4 1948/18/4
f 1946/18/4 1947/18/4 1949/18/4
f 1949/18/4 1947/18/4 1950/18/4
f 1951/26/4 1952/26/4 1953/26/4
f 1953/26/4 1952/26/4 1954/26/4
f 1955/19/4 1956/19/4 1960/19/4
f 1960/19/4 1956/19/4 1961/19/4
f 1957/28/4 1958/28/4 1962/28/4
f 1962/28/4 1958/28/4 1963/28/4
f 1960/19/4 1961/19/4 1964/19/4
f 1959/19/4 1960/19/4 1964/19/4
f 1964/19/4 1961/19/4 1965/19/4
f 1966/28/4 1967/28/4 1968/28/4
f 1968/28/4 1967/28/4 1969/28/4
f 1970/18/4 1971/18/4 1972/18/4
f 1972/18/4 1971/18/4 1973/18/4
f 1974/7/4 1975/7/4 1980/7/4
f 1980/7/4 1975/7/4 1981/7/4
f 1976/7/4 1977/7/4 1982/7/4
f 1982/7/4 1977/7/4 1983/7/4
f 1978/26/4 1979/26/4 1984/26/4
f 1984/26/4 1979/26/4 1985/26/4
f 1986/26/4 1987/26/4 1988/26/4
f 1988/26/4 1987/26/4 1989/26/4
f 1990/18/4 1991/18/4 1992/18/4
f 1992/18/4 1991/18/4 1993/18/4
f 1990/18/4 1992/18/4 1994/18/4
f 1994/18/4 1992/18/4 1995/18/4
f 1996/19/4 1997/19/4 1999/19/4
f 1997/28/4 1998/28/4 2000/28/4
f 1999/19/4 1997/19/4 2000/19/4
f 2000/28/4 1998/28/4 2001/28/4
f 2002/21/4 2003/21/4 2004/21/4
f 2004/21/4 2003/21/4 2005/21/4
f 2006/26/4 2007/26/4 2008/26/4
f 2008/26/4 2007/26/4 2009/26/4
f 2010/18/4 2011/18/4 2012/18/4
f 2012/18/4 2011/18/4 2013/18/4
f 2014/18/4 2015/18/4 2016/18/4
f 2016/18/4 2015/18/4 2017/18/4
f 2018/31/4 2019/31/4 2022/31/4
f 2018/31/4 2022/31/4 2023/31/4
f 2023/31/4 2022/31/4 2024/31/4
f 2024/31/4 2022/31/4 2025/31/4
f 2026/31/4 2027/31/4 2031/31/4
f 2031/31/4 2027/31/4 2032/31/4
f 2029/31/4 2030/31/4 2033/31/4
f 2028/31/4 2029/31/4 2033/31/4
f 2033/31/4 2030/31/4 2034/31/4
f 2020/26/4 2021/26/4 2035/26/4
f 2035/26/4 2021/26/4 2036/26/4
f 2037/21/4 2038/21/4 2039/21/4
f 2039/21/4 2038/21/4 2040/21/4
f 2039/18/4 2040/18/4 2042/18/4
f 2040/18/4 2041/18/4 2042/18/4
f 2042/18/4 2041/18/4 2043/18/4
f 2042/7/4 2043/7/4 2048/7/4
f 2043/7/4 2044/7/4 2048/7/4
f 2048/7/4 2044/7/4 2049/7/4
f 2049/7/4 2044/7/4 2050/7/4
f 2044/5/4 2045/5/4 2051/5/4
f 2050/7/4 2044/7/4 2051/7/4
f 2051/5/4 2045/5/4 2052/5/4
f 2050/7/4 2051/7/4 2053/7/4
f 2053/7/4 2051/7/4 2054/7/4
f 2051/4/4 2052/4/4 2055/4/4
f 2054/7/4 2051/7/4 2055/7/4
f 2052/5/4 2045/5/4 2056/5/4
f 2055/4/4 2052/4/4 2056/4/4
f 2056/5/4 2045/5/4 2057/5/4
f 2042/7/4 2048/7/4 2058/7/4
f 2048/5/4 2049/5/4 2058/5/4
f 2058/5/4 2049/5/4 2059/5/4
f 2058/7/4 2059/7/4 2060/7/4
f 2053/5/4 2054/5/4 2061/5/4
f 2054/7/4 2055/7/4 2062/7/4
f 2056/7/4 2057/7/4 2062/7/4
f 2061/5/4 2054/5/4 2062/5/4
f 2055/7/4 2056/7/4 2062/7/4
f 2062/7/4 2057/7/4 2063/7/4
f 2060/7/4 2061/7/4 2064/7/4
f 2058/7/4 2060/7/4 2064/7/4
f 2061/7/4 2062/7/4 2064/7/4
f 2064/7/4 2062/7/4 2065/7/4
f 2058/7/4 2064/7/4 2066/7/4
f 2064/4/4 2065/4/4 2066/4/4
f 2065/7/4 2062/7/4 2067/7/4
f 2066/4/4 2065/4/4 2067/4/4
f 2067/7/4 2062/7/4 2068/7/4
f 2068/7/4 2062/7/4 2069/7/4
f 2063/7/4 2057/7/4 2070/7/4
f 2070/7/4 2057/7/4 2071/7/4
f 2068/7/4 2069/7/4 2072/7/4
f 2069/7/4 2070/7/4 2072/7/4
f 2070/5/4 2071/5/4 2073/5/4
f 2072/7/4 2070/7/4 2073/7/4
f 2042/7/4 2058/7/4 2074/7/4
f 2058/7/4 2066/7/4 2074/7/4
f 2074/7/4 2066/7/4 2075/7/4
f 2075/7/4 2066/7/4 2076/7/4
f 2068/7/4 2072/7/4 2077/7/4
f 2077/7/4 2072/7/4 2078/7/4
f 2072/4/4 2073/4/4 2079/4/4
f 2078/7/4 2072/7/4 2079/7/4
f 2073/5/4 2071/5/4 2080/5/4
f 2079/4/4 2073/4/4 2080/4/4
f 2080/5/4 2071/5/4 2081/5/4
f 2074/4/4 2075/4/4 2082/4/4
f 2075/7/4 2076/7/4 2083/7/4
f 2082/4/4 2075/4/4 2083/4/4
f 2076/7/4 2077/7/4 2083/7/4
f 2077/5/4 2078/5/4 2084/5/4
f 2083/7/4 2077/7/4 2084/7/4
f 2078/7/4 2079/7/4 2085/7/4
f 2084/5/4 2078/5/4 2085/5/4
f 2080/7/4 2081/7/4 2085/7/4
f 2079/7/4 2080/7/4 2085/7/4
f 2085/7/4 2081/7/4 2086/7/4
f 2046/26/4 2047/26/4 2087/26/4
f 2087/26/4 2047/26/4 2088/26/4
f 2089/18/4 2090/18/4 2091/18/4
f 2091/18/4 2090/18/4 2092/18/4
f 2093/26/4 2094/26/4 2095/26/4
f 2095/26/4 2094/26/4 2096/26/4
f 2097/18/4 2098/18/4 2099/18/4
f 2099/18/4 2098/18/4 2100/18/4
f 2101/19/4 2102/19/4 2106/19/4
f 2106/19/4 2102/19/4 2107/19/4
f 2103/27/4 2104/27/4 2108/27/4
f 2108/27/4 2104/27/4 2109/27/4
f 2106/19/4 2107/19/4 2110/19/4
f 2105/19/4 2106/19/4 2110/19/4
f 2110/19/4 2107/19/4 2111/19/4
f 2112/27/4 2113/27/4 2114/27/4
f 2114/27/4 2113/27/4 2115/27/4
f 2116/19/4 2117/19/4 2119/19/4
f 2117/27/4 2118/27/4 2120/27/4
f 2119/19/4 2117/19/4 2120/19/4
f 2120/27/4 2118/27/4 2121/27/4
f 2122/19/4 2123/19/4 2127/19/4
f 2127/19/4 2123/19/4 2128/19/4
f 2124/11/4 2125/11/4 2129/11/4
f 2129/11/4 2125/11/4 2130/11/4
f 2127/19/4 2128/19/4 2131/19/4
f 2126/19/4 2127/19/4 2131/19/4
f 2131/19/4 2128/19/4 2132/19/4
f 2133/11/4 2134/11/4 2135/11/4
f 2135/11/4 2134/11/4 2136/11/4
f 2137/9/4 2138/9/4 2140/9/4
f 2138/14/4 2139/14/4 2141/14/4
f 2140/9/4 2138/9/4 2141/9/4
f 2141/14/4 2139/14/4 2142/14/4
f 2142/14/4 2139/14/4 2146/14/4
f 2146/14/4 2139/14/4 2147/14/4
f 2143/19/4 2144/19/4 2148/19/4
f 2144/11/4 2145/11/4 2149/11/4
f 2148/19/4 2144/19/4 2149/19/4
f 2149/11/4 2145/11/4 2150/11/4
f 2146/19/4 2147/19/4 2151/19/4
f 2142/14/4 2146/14/4 2151/14/4
f 2151/19/4 2147/19/4 2152/19/4
f 2142/14/4 2151/14/4 2153/14/4
f 2151/17/4 2152/17/4 2153/17/4
f 2153/17/4 2152/17/4 2154/17/4
f 2142/14/4 2153/14/4 2155/14/4
f 2153/19/4 2154/19/4 2155/19/4
f 2155/19/4 2154/19/4 2156/19/4
f 2142/14/4 2155/14/4 2157/14/4
f 2155/14/4 2156/14/4 2157/14/4
f 2157/14/4 2156/14/4 2158/14/4
f 2142/14/4 2157/14/4 2159/14/4
f 2157/19/4 2158/19/4 2159/19/4
f 2159/19/4 2158/19/4 2160/19/4
f 2142/14/4 2159/14/4 2161/14/4
f 2159/20/4 2160/20/4 2161/20/4
f 2161/20/4 2160/20/4 2162/20/4
f 2142/14/4 2161/14/4 2163/14/4
f 2161/10/4 2162/10/4 2163/10/4
f 2163/10/4 2162/10/4 2164/10/4
f 2142/14/4 2163/14/4 2165/14/4
f 2163/17/4 2164/17/4 2165/17/4
f 2165/17/4 2164/17/4 2166/17/4
f 2142/14/4 2165/14/4 2167/14/4
f 2165/14/4 2166/14/4 2167/14/4
f 2167/14/4 2166/14/4 2168/14/4
f 2142/14/4 2167/14/4 2169/14/4
f 2167/16/4 2168/16/4 2169/16/4
f 2169/16/4 2168/16/4 2170/16/4
f 2142/14/4 2169/14/4 2171/14/4
f 2169/14/4 2170/14/4 2171/14/4
f 2171/14/4 2170/14/4 2172/14/4
f 2142/14/4 2171/14/4 2173/14/4
f 2171/13/4 2172/13/4 2173/13/4
f 2173/13/4 2172/13/4 2174/13/4
f 2142/14/4 2173/14/4 2177/14/4
f 2173/14/4 2174/14/4 2177/14/4
f 2175/9/4 2176/9/4 2178/9/4
f 2176/14/4 2177/14/4 2179/14/4
f 2178/9/4 2176/9/4 2179/9/4
f 2177/14/4 2174/14/4 2180/14/4
f 2179/14/4 2177/14/4 2180/14/4
f 2183/9/5 2182/9/5 2181/9/5
f 2184/9/5 2182/9/5 2183/9/5
f 2185/9/5 2183/9/5 2181/9/5
f 2186/9/5 2183/9/5 2185/9/5
f 2187/9/5 2182/9/5 2184/9/5
f 2188/9/5 2182/9/5 2187/9/5
f 2191/14/5 2190/14/5 2189/14/5
f 2192/14/5 2190/14/5 2191/14/5
f 2193/14/5 2191/14/5 2189/14/5
f 2194/9/5 2192/9/5 2191/9/5
f 2195/14/5 2191/14/5 2193/14/5
f 2196/9/5 2194/9/5 2191/9/5
f 2197/14/5 2191/14/5 2195/14/5
f 2198/9/5 2196/9/5 2191/9/5
f 2199/14/5 2191/14/5 2197/14/5
f 2200/9/5 2198/9/5 2191/9/5
f 2201/14/5 2191/14/5 2199/14/5
f 2201/9/5 2200/9/5 2191/9/5
f 2202/9/5 2200/9/5 2201/9/5
f 2203/14/5 2201/14/5 2199/14/5
f 2203/14/5 2202/14/5 2201/14/5
f 2204/14/5 2202/14/5 2203/14/5
f 2207/19/5 2206/19/5 2205/19/5
f 2208/19/5 2206/19/5 2207/19/5
f 2211/7/5 2210/7/5 2209/7/5
f 2212/7/5 2210/7/5 2211/7/5
f 2215/7/5 2214/7/5 2213/7/5
f 2216/7/5 2214/7/5 2215/7/5
f 2219/19/5 2218/19/5 2217/19/5
f 2220/19/5 2218/19/5 2219/19/5
f 2223/19/5 2222/19/5 2221/19/5
f 2224/19/5 2222/19/5 2223/19/5
f 2227/19/5 2226/19/5 2225/19/5
f 2228/19/5 2226/19/5 2227/19/5
f 2231/19/5 2230/19/5 2229/19/5
f 2232/19/5 2230/19/5 2231/19/5
f 2242/1/5 2234/1/5 2233/1/5
f 2243/11/5 2235/11/5 2234/11/5
f 2243/1/5 2234/1/5 2242/1/5
f 2244/11/5 2235/11/5 2243/11/5
f 2247/1/5 2237/1/5 2236/1/5
f 2248/3/5 2238/3/5 2237/3/5
f 2248/1/5 2237/1/5 2247/1/5
f 2249/3/5 2238/3/5 2248/3/5
f 2251/19/5 2240/19/5 2239/19/5
f 2252/19/5 2240/19/5 2251/19/5
f 2253/11/5 2242/11/5 2241/11/5
f 2254/11/5 2242/11/5 2253/11/5
f 2255/11/5 2245/11/5 2244/11/5
f 2256/11/5 2245/11/5 2255/11/5
f 2257/3/5 2250/3/5 2249/3/5
f 2258/3/5 2250/3/5 2257/3/5
f 2259/1/5 2254/1/5 2253/1/5
f 2260/1/5 2254/1/5 2259/1/5
f 2261/3/5 2256/3/5 2255/3/5
f 2262/3/5 2256/3/5 2261/3/5
f 2263/1/5 2247/1/5 2246/1/5
f 2264/1/5 2247/1/5 2263/1/5
f 2266/1/5 2258/1/5 2257/1/5
f 2267/1/5 2258/1/5 2266/1/5
f 2268/11/5 2261/11/5 2260/11/5
f 2269/11/5 2261/11/5 2268/11/5
f 2270/3/5 2265/3/5 2264/3/5
f 2271/1/5 2266/1/5 2265/1/5
f 2271/3/5 2265/3/5 2270/3/5
f 2272/1/5 2266/1/5 2271/1/5
f 2275/7/5 2274/7/5 2273/7/5
f 2276/7/5 2274/7/5 2275/7/5
f 2282/19/5 2278/19/5 2277/19/5
f 2283/19/5 2278/19/5 2282/19/5
f 2285/1/5 2280/1/5 2279/1/5
f 2286/3/5 2281/3/5 2280/3/5
f 2286/1/5 2280/1/5 2285/1/5
f 2287/3/5 2281/3/5 2286/3/5
f 2289/3/5 2285/3/5 2284/3/5
f 2290/3/5 2285/3/5 2289/3/5
f 2291/1/5 2290/1/5 2289/1/5
f 2292/1/5 2290/1/5 2291/1/5
f 2293/3/5 2288/3/5 2287/3/5
f 2294/3/5 2288/3/5 2293/3/5
f 2295/3/5 2293/3/5 2292/3/5
f 2296/3/5 2293/3/5 2295/3/5
f 2299/19/5 2298/19/5 2297/19/5
f 2300/19/5 2298/19/5 2299/19/5
f 2303/19/5 2302/19/5 2301/19/5
f 2304/19/5 2302/19/5 2303/19/5
f 2307/19/5 2306/19/5 2305/19/5
f 2308/19/5 2306/19/5 2307/19/5
f 2312/30/5 2310/30/5 2309/30/5
f 2313/30/5 2310/30/5 2312/30/5
f 2315/30/5 2312/30/5 2311/30/5
f 2316/30/5 2312/30/5 2315/30/5
f 2317/30/5 2314/30/5 2313/30/5
f 2318/30/5 2314/30/5 2317/30/5
f 2323/6/5 2320/6/5 2319/6/5
f 2324/6/5 2320/6/5 2323/6/5
f 2325/6/5 2322/6/5 2321/6/5
f 2326/6/5 2322/6/5 2325/6/5
f 2331/6/5 2328/6/5 2327/6/5
f 2332/6/5 2328/6/5 2331/6/5
f 2333/6/5 2330/6/5 2329/6/5
f 2334/6/5 2330/6/5 2333/6/5
f 2338/28/5 2336/28/5 2335/28/5
f 2339/28/5 2336/28/5 2338/28/5
f 2341/28/5 2338/28/5 2337/28/5
f 2342/28/5 2338/28/5 2341/28/5
f 2343/28/5 2340/28/5 2339/28/5
f 2344/28/5 2340/28/5 2343/28/5
f 2348/28/5 2346/28/5 2345/28/5
f 2349/28/5 2346/28/5 2348/28/5
f 2351/28/5 2348/28/5 2347/28/5
f 2352/28/5 2348/28/5 2351/28/5
f 2353/28/5 2350/28/5 2349/28/5
f 2354/28/5 2350/28/5 2353/28/5
f 2358/27/5 2356/27/5 2355/27/5
f 2359/27/5 2356/27/5 2358/27/5
f 2363/27/5 2358/27/5 2357/27/5
f 2364/27/5 2358/27/5 2363/27/5
f 2365/27/5 2360/27/5 2359/27/5
f 2366/27/5 2360/27/5 2365/27/5
f 2368/11/5 2362/11/5 2361/11/5
f 2369/11/5 2362/11/5 2368/11/5
f 2371/11/5 2368/11/5 2367/11/5
f 2372/11/5 2368/11/5 2371/11/5
f 2373/11/5 2370/11/5 2369/11/5
f 2374/11/5 2370/11/5 2373/11/5
f 2379/6/5 2376/6/5 2375/6/5
f 2380/6/5 2376/6/5 2379/6/5
f 2381/6/5 2378/6/5 2377/6/5
f 2382/6/5 2378/6/5 2381/6/5
f 2387/6/5 2384/6/5 2383/6/5
f 2388/6/5 2384/6/5 2387/6/5
f 2389/6/5 2386/6/5 2385/6/5
f 2390/6/5 2386/6/5 2389/6/5
f 2394/7/5 2392/7/5 2391/7/5
f 2395/5/5 2393/5/5 2392/5/5
f 2395/7/5 2392/7/5 2394/7/5
f 2396/5/5 2393/5/5 2395/5/5
f 2399/2/5 2398/2/5 2397/2/5
f 2400/2/5 2398/2/5 2399/2/5
f 2403/4/5 2402/4/5 2401/4/5
f 2404/4/5 2402/4/5 2403/4/5
f 2405/7/5 2404/7/5 2403/7/5
f 2406/7/5 2404/7/5 2405/7/5
f 2411/7/5 2407/7/5 2406/7/5
f 2412/5/5 2408/5/5 2407/5/5
f 2412/7/5 2407/7/5 2411/7/5
f 2413/5/5 2408/5/5 2412/5/5
f 2414/7/5 2410/7/5 2409/7/5
f 2415/7/5 2410/7/5 2414/7/5
f 2420/6/5 2417/6/5 2416/6/5
f 2421/6/5 2417/6/5 2420/6/5
f 2422/6/5 2419/6/5 2418/6/5
f 2423/6/5 2419/6/5 2422/6/5
f 2428/7/5 2425/7/5 2424/7/5
f 2429/7/5 2425/7/5 2428/7/5
f 2430/4/5 2427/4/5 2426/4/5
f 2431/4/5 2427/4/5 2430/4/5
f 2432/7/5 2431/7/5 2430/7/5
f 2433/7/5 2431/7/5 2432/7/5
f 2436/7/5 2435/7/5 2434/7/5
f 2437/7/5 2435/7/5 2436/7/5
f 2438/5/5 2437/5/5 2436/5/5
f 2439/5/5 2437/5/5 2438/5/5
f 2442/7/5 2441/7/5 2440/7/5
f 2443/7/5 2441/7/5 2442/7/5
f 2446/26/5 2445/26/5 2444/26/5
f 2447/26/5 2445/26/5 2446/26/5
f 2448/26/5 2445/26/5 2447/26/5
f 2449/26/5 2445/26/5 2448/26/5
f 2450/26/5 2446/26/5 2444/26/5
f 2451/26/5 2450/26/5 2444/26/5
f 2452/26/5 2445/26/5 2449/26/5
f 2453/26/5 2445/26/5 2452/26/5
f 2454/26/5 2451/26/5 2444/26/5
f 2455/26/5 2454/26/5 2444/26/5
f 2459/26/5 2445/26/5 2453/26/5
f 2460/26/5 2458/26/5 2457/26/5
f 2460/26/5 2459/26/5 2458/26/5
f 2460/26/5 2455/26/5 2444/26/5
f 2460/26/5 2456/26/5 2455/26/5
f 2460/26/5 2457/26/5 2456/26/5
f 2461/26/5 2445/26/5 2459/26/5
f 2461/26/5 2459/26/5 2460/26/5
f 2466/25/6 2467/25/6 2479/25/6
f 2467/25/6 2468/25/6 2479/25/6
f 2477/25/6 2478/25/6 2480/25/6
f 2476/25/6 2477/25/6 2480/25/6
f 2475/25/6 2476/25/6 2480/25/6
f 2474/25/6 2475/25/6 2480/25/6
f 2473/25/6 2474/25/6 2480/25/6
f 2472/25/6 2473/25/6 2480/25/6
f 2471/25/6 2472/25/6 2480/25/6
f 2470/25/6 2471/25/6 2480/25/6
f 2469/25/6 2470/25/6 2480/25/6
f 2480/25/6 2478/25/6 2481/25/6
f 2481/25/6 2478/25/6 2482/25/6
f 2482/25/6 2478/25/6 2483/25/6
f 2462/25/6 2463/25/6 2484/25/6
f 2463/25/6 2464/25/6 2484/25/6
f 2484/25/6 2464/25/6 2485/25/6
f 2464/24/6 2465/24/6 2486/24/6
f 2485/25/6 2464/25/6 2486/25/6
f 2465/24/6 2466/24/6 2486/24/6
f 2466/25/6 2479/25/6 2487/25/6
f 2486/24/6 2466/24/6 2487/24/6
f 2479/25/6 2480/25/6 2487/25/6
f 2480/25/6 2481/25/6 2487/25/6
f 2487/25/6 2481/25/6 2488/25/6
f 2488/25/6 2481/25/6 2489/25/6
f 2481/23/6 2482/23/6 2490/23/6
f 2489/25/6 2481/25/6 2490/25/6
f 2482/30/6 2483/30/6 2491/30/6
f 2490/23/6 2482/23/6 2491/23/6
f 2483/25/6 2478/25/6 2492/25/6
f 2491/30/6 2483/30/6 2492/30/6
f 2492/25/6 2478/25/6 2493/25/6
f 2493/25/6 2478/25/6 2494/25/6
f 2494/25/6 2478/25/6 2495/25/6
f 2495/25/6 2478/25/6 2496/25/6
f 2484/24/6 2485/24/6 2497/24/6
f 2462/25/6 2484/25/6 2497/25/6
f 2497/24/6 2485/24/6 2498/24/6
f 2485/25/6 2486/25/6 2499/25/6
f 2498/24/6 2485/24/6 2499/24/6
f 2486/25/6 2487/25/6 2499/25/6
f 2487/25/6 2488/25/6 2499/25/6
f 2499/25/6 2488/25/6 2500/25/6
f 2488/24/6 2489/24/6 2501/24/6
f 2500/25/6 2488/25/6 2501/25/6
f 2490/25/6 2491/25/6 2502/25/6
f 2501/24/6 2489/24/6 2502/24/6
f 2489/25/6 2490/25/6 2502/25/6
f 2491/24/6 2492/24/6 2503/24/6
f 2502/25/6 2491/25/6 2503/25/6
f 2492/24/6 2493/24/6 2503/24/6
f 2493/25/6 2494/25/6 2504/25/6
f 2503/24/6 2493/24/6 2504/24/6
f 2504/25/6 2494/25/6 2505/25/6
f 2494/23/6 2495/23/6 2506/23/6
f 2505/25/6 2494/25/6 2506/25/6
f 2495/24/6 2496/24/6 2507/24/6
f 2506/23/6 2495/23/6 2507/23/6
f 2507/24/6 2496/24/6 2508/24/6
f 2496/25/6 2478/25/6 2509/25/6
f 2508/24/6 2496/24/6 2509/24/6
f 2497/23/6 2498/23/6 2510/23/6
f 2462/25/6 2497/25/6 2510/25/6
f 2498/30/6 2499/30/6 2511/30/6
f 2510/23/6 2498/23/6 2511/23/6
f 2499/25/6 2500/25/6 2512/25/6
f 2511/30/6 2499/30/6 2512/30/6
f 2500/23/6 2501/23/6 2513/23/6
f 2512/25/6 2500/25/6 2513/25/6
f 2501/23/6 2502/23/6 2513/23/6
f 2504/25/6 2505/25/6 2514/25/6
f 2513/23/6 2502/23/6 2514/23/6
f 2502/25/6 2503/25/6 2514/25/6
f 2503/25/6 2504/25/6 2514/25/6
f 2514/25/6 2505/25/6 2515/25/6
f 2515/25/6 2505/25/6 2516/25/6
f 2505/23/6 2506/23/6 2517/23/6
f 2516/25/6 2505/25/6 2517/25/6
f 2507/30/6 2508/30/6 2518/30/6
f 2517/23/6 2506/23/6 2518/23/6
f 2506/30/6 2507/30/6 2518/30/6
f 2508/25/6 2509/25/6 2519/25/6
f 2518/30/6 2508/30/6 2519/30/6
f 2509/25/6 2478/25/6 2520/25/6
f 2519/25/6 2509/25/6 2520/25/6
f 2511/25/6 2512/25/6 2521/25/6
f 2510/25/6 2511/25/6 2521/25/6
f 2512/25/6 2513/25/6 2521/25/6
f 2513/25/6 2514/25/6 2521/25/6
f 2514/25/6 2515/25/6 2521/25/6
f 2521/25/6 2515/25/6 2522/25/6
f 2522/25/6 2515/25/6 2523/25/6
f 2515/24/6 2516/24/6 2524/24/6
f 2523/25/6 2515/25/6 2524/25/6
f 2524/24/6 2516/24/6 2525/24/6
f 2516/25/6 2517/25/6 2526/25/6
f 2525/24/6 2516/24/6 2526/24/6
f 2526/25/6 2517/25/6 2527/25/6
f 2518/24/6 2519/24/6 2528/24/6
f 2527/25/6 2517/25/6 2528/25/6
f 2519/24/6 2520/24/6 2528/24/6
f 2517/24/6 2518/24/6 2528/24/6
f 2520/25/6 2478/25/6 2529/25/6
f 2528/24/6 2520/24/6 2529/24/6
f 2462/25/6 2510/25/6 2530/25/6
f 2510/25/6 2521/25/6 2530/25/6
f 2530/25/6 2521/25/6 2531/25/6
f 2531/25/6 2521/25/6 2532/25/6
f 2532/25/6 2521/25/6 2533/25/6
f 2533/25/6 2521/25/6 2534/25/6
f 2521/23/6 2522/23/6 2535/23/6
f 2534/25/6 2521/25/6 2535/25/6
f 2522/25/6 2523/25/6 2536/25/6
f 2535/23/6 2522/23/6 2536/23/6
f 2536/25/6 2523/25/6 2537/25/6
f 2523/24/6 2524/24/6 2538/24/6
f 2537/25/6 2523/25/6 2538/25/6
f 2524/25/6 2525/25/6 2539/25/6
f 2538/24/6 2524/24/6 2539/24/6
f 2539/25/6 2525/25/6 2540/25/6
f 2525/23/6 2526/23/6 2541/23/6
f 2540/25/6 2525/25/6 2541/25/6
f 2526/30/6 2527/30/6 2542/30/6
f 2541/23/6 2526/23/6 2542/23/6
f 2527/25/6 2528/25/6 2543/25/6
f 2542/30/6 2527/30/6 2543/30/6
f 2528/25/6 2529/25/6 2543/25/6
f 2543/25/6 2529/25/6 2544/25/6
f 2544/25/6 2529/25/6 2545/25/6
f 2545/25/6 2529/25/6 2546/25/6
f 2546/25/6 2529/25/6 2547/25/6
f 2529/25/6 2478/25/6 2548/25/6
f 2547/25/6 2529/25/6 2548/25/6
f 2548/25/6 2478/25/6 2549/25/6
f 2531/25/6 2532/25/6 2550/25/6
f 2532/23/6 2533/23/6 2550/23/6
f 2533/30/6 2534/30/6 2551/30/6
f 2550/23/6 2533/23/6 2551/23/6
f 2534/24/6 2535/24/6 2552/24/6
f 2551/30/6 2534/30/6 2552/30/6
f 2535/24/6 2536/24/6 2552/24/6
f 2537/24/6 2538/24/6 2553/24/6
f 2539/24/6 2540/24/6 2553/24/6
f 2536/25/6 2537/25/6 2553/25/6
f 2538/24/6 2539/24/6 2553/24/6
f 2541/25/6 2542/25/6 2554/25/6
f 2553/24/6 2540/24/6 2554/24/6
f 2540/25/6 2541/25/6 2554/25/6
f 2543/25/6 2544/25/6 2554/25/6
f 2542/25/6 2543/25/6 2554/25/6
f 2544/24/6 2545/24/6 2555/24/6
f 2554/25/6 2544/25/6 2555/25/6
f 2545/25/6 2546/25/6 2556/25/6
f 2555/24/6 2545/24/6 2556/24/6
f 2546/23/6 2547/23/6 2557/23/6
f 2556/25/6 2546/25/6 2557/25/6
f 2547/30/6 2548/30/6 2558/30/6
f 2557/23/6 2547/23/6 2558/23/6
f 2558/30/6 2548/30/6 2559/30/6
f 2548/24/6 2549/24/6 2560/24/6
f 2559/30/6 2548/30/6 2560/30/6
f 2560/24/6 2549/24/6 2561/24/6
f 2549/25/6 2478/25/6 2562/25/6
f 2561/24/6 2549/24/6 2562/24/6
f 2462/25/6 2530/25/6 2563/25/6
f 2530/24/6 2531/24/6 2563/24/6
f 2550/25/6 2551/25/6 2564/25/6
f 2563/24/6 2531/24/6 2564/24/6
f 2531/25/6 2550/25/6 2564/25/6
f 2551/24/6 2552/24/6 2565/24/6
f 2564/25/6 2551/25/6 2565/25/6
f 2552/24/6 2536/24/6 2566/24/6
f 2565/24/6 2552/24/6 2566/24/6
f 2536/25/6 2553/25/6 2567/25/6
f 2566/24/6 2536/24/6 2567/24/6
f 2555/25/6 2556/25/6 2567/25/6
f 2557/25/6 2558/25/6 2567/25/6
f 2556/25/6 2557/25/6 2567/25/6
f 2554/25/6 2555/25/6 2567/25/6
f 2553/25/6 2554/25/6 2567/25/6
f 2567/25/6 2558/25/6 2568/25/6
f 2558/24/6 2559/24/6 2569/24/6
f 2568/25/6 2558/25/6 2569/25/6
f 2560/23/6 2561/23/6 2570/23/6
f 2569/24/6 2559/24/6 2570/24/6
f 2559/23/6 2560/23/6 2570/23/6
f 2561/30/6 2562/30/6 2571/30/6
f 2570/23/6 2561/23/6 2571/23/6
f 2562/25/6 2478/25/6 2572/25/6
f 2571/30/6 2562/30/6 2572/30/6
f 2565/25/6 2566/25/6 2573/25/6
f 2567/24/6 2568/24/6 2573/24/6
f 2564/25/6 2565/25/6 2573/25/6
f 2566/24/6 2567/24/6 2573/24/6
f 2563/25/6 2564/25/6 2573/25/6
f 2571/25/6 2572/25/6 2574/25/6
f 2573/24/6 2568/24/6 2574/24/6
f 2570/25/6 2571/25/6 2574/25/6
f 2569/25/6 2570/25/6 2574/25/6
f 2568/25/6 2569/25/6 2574/25/6
f 2574/25/6 2572/25/6 2575/25/6
f 2575/25/6 2572/25/6 2576/25/6
f 2563/25/6 2573/25/6 2577/25/6
f 2462/25/6 2563/25/6 2577/25/6
f 2574/25/6 2575/25/6 2577/25/6
f 2573/25/6 2574/25/6 2577/25/6
f 2577/25/6 2575/25/6 2578/25/6
f 2578/25/6 2575/25/6 2579/25/6
f 2579/25/6 2575/25/6 2580/25/6
f 2580/25/6 2575/25/6 2581/25/6
f 2581/25/6 2575/25/6 2582/25/6
f 2582/25/6 2575/25/6 2583/25/6
f 2583/25/6 2575/25/6 2584/25/6
f 2576/25/6 2572/25/6 2585/25/6
f 2585/25/6 2572/25/6 2586/25/6
f 2586/25/6 2572/25/6 2587/25/6
f 2587/25/6 2572/25/6 2588/25/6
f 2572/25/6 2478/25/6 2589/25/6
f 2588/25/6 2572/25/6 2589/25/6
f 2589/25/6 2478/25/6 2590/25/6
f 2596/17/6 2597/17/6 2610/17/6
f 2597/19/6 2598/19/6 2610/19/6
f 2610/19/6 2598/19/6 2611/19/6
f 2598/20/6 2599/20/6 2612/20/6
f 2611/19/6 2598/19/6 2612/19/6
f 2599/10/6 2600/10/6 2613/10/6
f 2600/14/6 2601/14/6 2613/14/6
f 2601/13/6 2602/13/6 2614/13/6
f 2613/14/6 2601/14/6 2614/14/6
f 2602/15/6 2603/15/6 2615/15/6
f 2603/14/6 2604/14/6 2616/14/6
f 2615/15/6 2603/15/6 2616/15/6
f 2616/14/6 2604/14/6 2617/14/6
f 2617/14/6 2604/14/6 2618/14/6
f 2606/10/6 2607/10/6 2619/10/6
f 2619/10/6 2607/10/6 2620/10/6
f 2607/13/6 2608/13/6 2621/13/6
f 2620/10/6 2607/10/6 2621/10/6
f 2621/13/6 2608/13/6 2622/13/6
f 2608/14/6 2609/14/6 2623/14/6
f 2622/13/6 2608/13/6 2623/13/6
f 2591/20/6 2592/20/6 2624/20/6
f 2592/15/6 2593/15/6 2625/15/6
f 2624/20/6 2592/20/6 2625/20/6
f 2593/20/6 2594/20/6 2626/20/6
f 2625/15/6 2593/15/6 2626/15/6
f 2626/20/6 2594/20/6 2627/20/6
f 2594/14/6 2595/14/6 2628/14/6
f 2627/20/6 2594/20/6 2628/20/6
f 2595/19/6 2596/19/6 2629/19/6
f 2596/17/6 2610/17/6 2629/17/6
f 2629/17/6 2610/17/6 2630/17/6
f 2630/17/6 2610/17/6 2631/17/6
f 2610/16/6 2611/16/6 2632/16/6
f 2612/20/6 2599/20/6 2633/20/6
f 2599/10/6 2613/10/6 2634/10/6
f 2613/10/6 2614/10/6 2634/10/6
f 2633/20/6 2599/20/6 2634/20/6
f 2614/13/6 2602/13/6 2635/13/6
f 2634/10/6 2614/10/6 2635/10/6
f 2602/15/6 2615/15/6 2636/15/6
f 2635/13/6 2602/13/6 2636/13/6
f 2636/15/6 2615/15/6 2637/15/6
f 2615/20/6 2616/20/6 2638/20/6
f 2637/15/6 2615/15/6 2638/15/6
f 2616/14/6 2617/14/6 2639/14/6
f 2638/20/6 2616/20/6 2639/20/6
f 2639/14/6 2617/14/6 2640/14/6
f 2618/14/6 2604/14/6 2641/14/6
f 2604/16/6 2605/16/6 2642/16/6
f 2641/14/6 2604/14/6 2642/14/6
f 2605/14/6 2606/14/6 2643/14/6
f 2642/16/6 2605/16/6 2643/16/6
f 2643/14/6 2606/14/6 2644/14/6
f 2606/10/6 2619/10/6 2645/10/6
f 2644/14/6 2606/14/6 2645/14/6
f 2619/14/6 2620/14/6 2646/14/6
f 2645/10/6 2619/10/6 2646/10/6
f 2624/15/6 2625/15/6 2647/15/6
f 2625/14/6 2626/14/6 2647/14/6
f 2626/10/6 2627/10/6 2648/10/6
f 2647/14/6 2626/14/6 2648/14/6
f 2627/19/6 2628/19/6 2649/19/6
f 2648/10/6 2627/10/6 2649/10/6
f 2628/14/6 2595/14/6 2650/14/6
f 2649/19/6 2628/19/6 2650/19/6
f 2595/19/6 2629/19/6 2651/19/6
f 2650/14/6 2595/14/6 2651/14/6
f 2629/14/6 2630/14/6 2652/14/6
f 2651/19/6 2629/19/6 2652/19/6
f 2630/10/6 2631/10/6 2653/10/6
f 2652/14/6 2630/14/6 2653/14/6
f 2631/17/6 2610/17/6 2654/17/6
f 2653/10/6 2631/10/6 2654/10/6
f 2610/16/6 2632/16/6 2655/16/6
f 2654/17/6 2610/17/6 2655/17/6
f 2632/16/6 2633/16/6 2655/16/6
f 2633/16/6 2634/16/6 2655/16/6
f 2634/14/6 2635/14/6 2656/14/6
f 2655/16/6 2634/16/6 2656/16/6
f 2635/13/6 2636/13/6 2657/13/6
f 2656/14/6 2635/14/6 2657/14/6
f 2657/13/6 2636/13/6 2658/13/6
f 2638/14/6 2639/14/6 2659/14/6
f 2637/14/6 2638/14/6 2659/14/6
f 2640/20/6 2641/20/6 2660/20/6
f 2641/20/6 2642/20/6 2660/20/6
f 2659/14/6 2639/14/6 2660/14/6
f 2639/20/6 2640/20/6 2660/20/6
f 2642/20/6 2643/20/6 2660/20/6
f 2660/20/6 2643/20/6 2661/20/6
f 2661/20/6 2643/20/6 2662/20/6
f 2644/20/6 2645/20/6 2663/20/6
f 2645/14/6 2646/14/6 2663/14/6
f 2646/14/6 2620/14/6 2664/14/6
f 2663/14/6 2646/14/6 2664/14/6
f 2620/10/6 2621/10/6 2664/10/6
f 2621/14/6 2622/14/6 2665/14/6
f 2664/10/6 2621/10/6 2665/10/6
f 2624/15/6 2647/15/6 2666/15/6
f 2647/10/6 2648/10/6 2667/10/6
f 2666/15/6 2647/15/6 2667/15/6
f 2652/10/6 2653/10/6 2668/10/6
f 2651/14/6 2652/14/6 2668/14/6
f 2650/14/6 2651/14/6 2668/14/6
f 2653/14/6 2654/14/6 2669/14/6
f 2668/10/6 2653/10/6 2669/10/6
f 2657/14/6 2658/14/6 2669/14/6
f 2655/14/6 2656/14/6 2669/14/6
f 2659/14/6 2660/14/6 2669/14/6
f 2656/14/6 2657/14/6 2669/14/6
f 2654/14/6 2655/14/6 2669/14/6
f 2658/14/6 2659/14/6 2669/14/6
f 2669/14/6 2660/14/6 2670/14/6
f 2670/14/6 2660/14/6 2671/14/6
f 2671/14/6 2660/14/6 2672/14/6
f 2672/14/6 2660/14/6 2673/14/6
f 2673/14/6 2660/14/6 2674/14/6
f 2661/17/6 2662/17/6 2675/17/6
f 2644/20/6 2663/20/6 2677/20/6
f 2663/10/6 2664/10/6 2678/10/6
f 2677/20/6 2663/20/6 2678/20/6
f 2664/14/6 2665/14/6 2679/14/6
f 2678/10/6 2664/10/6 2679/10/6
f 2665/14/6 2622/14/6 2680/14/6
f 2679/14/6 2665/14/6 2680/14/6
f 2622/17/6 2623/17/6 2680/17/6
f 2680/17/6 2623/17/6 2681/17/6
f 2623/14/6 2609/14/6 2682/14/6
f 2681/17/6 2623/17/6 2682/17/6
f 2682/14/6 2609/14/6 2683/14/6
f 2667/10/6 2648/10/6 2684/10/6
f 2666/14/6 2667/14/6 2684/14/6
f 2684/10/6 2648/10/6 2685/10/6
f 2650/14/6 2668/14/6 2686/14/6
f 2668/14/6 2669/14/6 2686/14/6
f 2669/14/6 2670/14/6 2686/14/6
f 2686/14/6 2670/14/6 2687/14/6
f 2687/14/6 2670/14/6 2688/14/6
f 2671/14/6 2672/14/6 2689/14/6
f 2689/14/6 2672/14/6 2690/14/6
f 2672/17/6 2673/17/6 2691/17/6
f 2690/14/6 2672/14/6 2691/14/6
f 2673/15/6 2674/15/6 2692/15/6
f 2691/17/6 2673/17/6 2692/17/6
f 2674/14/6 2660/14/6 2693/14/6
f 2692/15/6 2674/15/6 2693/15/6
f 2660/15/6 2661/15/6 2694/15/6
f 2693/14/6 2660/14/6 2694/14/6
f 2675/17/6 2676/17/6 2695/17/6
f 2694/15/6 2661/15/6 2695/15/6
f 2661/17/6 2675/17/6 2695/17/6
f 2677/14/6 2678/14/6 2696/14/6
f 2695/17/6 2676/17/6 2696/17/6
f 2676/14/6 2677/14/6 2696/14/6
f 2680/15/6 2681/15/6 2697/15/6
f 2696/14/6 2678/14/6 2697/14/6
f 2678/15/6 2679/15/6 2697/15/6
f 2679/15/6 2680/15/6 2697/15/6
f 2697/15/6 2681/15/6 2698/15/6
f 2698/15/6 2681/15/6 2699/15/6
f 2699/15/6 2681/15/6 2700/15/6
f 2682/15/6 2683/15/6 2701/15/6
f 2686/15/6 2687/15/6 2702/15/6
f 2684/14/6 2685/14/6 2702/14/6
f 2685/15/6 2686/15/6 2702/15/6
f 2702/15/6 2687/15/6 2703/15/6
f 2688/14/6 2689/14/6 2704/14/6
f 2703/15/6 2687/15/6 2704/15/6
f 2687/14/6 2688/14/6 2704/14/6
f 2689/14/6 2690/14/6 2704/14/6
f 2704/14/6 2690/14/6 2705/14/6
f 2705/14/6 2690/14/6 2706/14/6
f 2706/14/6 2690/14/6 2707/14/6
f 2691/15/6 2692/15/6 2708/15/6
f 2707/14/6 2690/14/6 2708/14/6
f 2690/15/6 2691/15/6 2708/15/6
f 2695/14/6 2696/14/6 2709/14/6
f 2708/15/6 2692/15/6 2709/15/6
f 2693/14/6 2694/14/6 2709/14/6
f 2694/14/6 2695/14/6 2709/14/6
f 2692/14/6 2693/14/6 2709/14/6
f 2697/15/6 2698/15/6 2710/15/6
f 2700/15/6 2701/15/6 2711/15/6
f 2699/15/6 2700/15/6 2711/15/6
f 2702/10/6 2703/10/6 2712/10/6
f 2684/14/6 2702/14/6 2712/14/6
f 2703/14/6 2704/14/6 2713/14/6
f 2712/10/6 2703/10/6 2713/10/6
f 2704/17/6 2705/17/6 2714/17/6
f 2713/14/6 2704/14/6 2714/14/6
f 2705/14/6 2706/14/6 2715/14/6
f 2714/17/6 2705/17/6 2715/17/6
f 2706/15/6 2707/15/6 2716/15/6
f 2715/14/6 2706/14/6 2716/14/6
f 2707/14/6 2708/14/6 2717/14/6
f 2716/15/6 2707/15/6 2717/15/6
f 2708/14/6 2709/14/6 2717/14/6
f 2717/14/6 2709/14/6 2718/14/6
f 2709/14/6 2696/14/6 2719/14/6
f 2718/14/6 2709/14/6 2719/14/6
f 2719/14/6 2696/14/6 2720/14/6
f 2720/14/6 2696/14/6 2721/14/6
f 2696/17/6 2697/17/6 2722/17/6
f 2721/14/6 2696/14/6 2722/14/6
f 2697/15/6 2710/15/6 2723/15/6
f 2722/17/6 2697/17/6 2723/17/6
f 2710/15/6 2711/15/6 2723/15/6
f 2723/15/6 2711/15/6 2724/15/6
f 2701/15/6 2683/15/6 2725/15/6
f 2724/15/6 2711/15/6 2725/15/6
f 2711/15/6 2701/15/6 2725/15/6
f 2683/14/6 2609/14/6 2726/14/6
f 2725/15/6 2683/15/6 2726/15/6
f 2712/14/6 2713/14/6 2727/14/6
f 2684/14/6 2712/14/6 2727/14/6
f 2666/14/6 2684/14/6 2727/14/6
f 2713/14/6 2714/14/6 2727/14/6
f 2727/14/6 2714/14/6 2728/14/6
f 2715/14/6 2716/14/6 2729/14/6
f 2716/14/6 2717/14/6 2729/14/6
f 2717/14/6 2718/14/6 2729/14/6
f 2729/14/6 2718/14/6 2730/14/6
f 2730/14/6 2718/14/6 2731/14/6
f 2731/14/6 2718/14/6 2732/14/6
f 2732/14/6 2718/14/6 2733/14/6
f 2719/14/6 2720/14/6 2734/14/6
f 2734/14/6 2720/14/6 2735/14/6
f 2721/14/6 2722/14/6 2736/14/6
f 2723/14/6 2724/14/6 2736/14/6
f 2722/14/6 2723/14/6 2736/14/6
f 2736/14/6 2724/14/6 2737/14/6
f 2737/14/6 2724/14/6 2738/14/6
f 2738/14/6 2724/14/6 2739/14/6
f 2739/14/6 2724/14/6 2740/14/6
f 2724/10/6 2725/10/6 2741/10/6
f 2740/14/6 2724/14/6 2741/14/6
f 2741/10/6 2725/10/6 2742/10/6
f 2725/14/6 2726/14/6 2743/14/6
f 2742/10/6 2725/10/6 2743/10/6
f 2726/14/6 2609/14/6 2744/14/6
f 2743/14/6 2726/14/6 2744/14/6
f 2744/14/6 2609/14/6 2745/14/6
f 2745/14/6 2609/14/6 2746/14/6
f 2666/14/6 2727/14/6 2747/14/6
f 2727/9/6 2728/9/6 2748/9/6
f 2747/14/6 2727/14/6 2748/14/6
f 2728/9/6 2729/9/6 2748/9/6
f 2729/9/6 2730/9/6 2748/9/6
f 2730/14/6 2731/14/6 2749/14/6
f 2748/9/6 2730/9/6 2749/9/6
f 2731/9/6 2732/9/6 2750/9/6
f 2749/14/6 2731/14/6 2750/14/6
f 2732/14/6 2733/14/6 2751/14/6
f 2750/9/6 2732/9/6 2751/9/6
f 2751/14/6 2733/14/6 2752/14/6
f 2736/14/6 2737/14/6 2753/14/6
f 2737/9/6 2738/9/6 2754/9/6
f 2753/14/6 2737/14/6 2754/14/6
f 2738/14/6 2739/14/6 2755/14/6
f 2754/9/6 2738/9/6 2755/9/6
f 2739/9/6 2740/9/6 2756/9/6
f 2755/14/6 2739/14/6 2756/14/6
f 2741/14/6 2742/14/6 2757/14/6
f 2756/9/6 2740/9/6 2757/9/6
f 2740/14/6 2741/14/6 2757/14/6
f 2742/9/6 2743/9/6 2758/9/6
f 2757/14/6 2742/14/6 2758/14/6
f 2743/9/6 2744/9/6 2758/9/6
f 2744/14/6 2745/14/6 2759/14/6
f 2758/9/6 2744/9/6 2759/9/6
f 2745/9/6 2746/9/6 2760/9/6
f 2759/14/6 2745/14/6 2760/14/6
f 2746/14/6 2609/14/6 2761/14/6
f 2760/9/6 2746/9/6 2761/9/6
f 2761/14/6 2609/14/6 2762/14/6
f 2763/14/6 2764/14/6 2777/14/6
f 2764/9/6 2765/9/6 2777/9/6
f 2765/14/6 2766/14/6 2778/14/6
f 2777/9/6 2765/9/6 2778/9/6
f 2766/9/6 2767/9/6 2779/9/6
f 2778/14/6 2766/14/6 2779/14/6
f 2767/14/6 2768/14/6 2780/14/6
f 2779/9/6 2767/9/6 2780/9/6
f 2768/9/6 2769/9/6 2781/9/6
f 2780/14/6 2768/14/6 2781/14/6
f 2769/14/6 2770/14/6 2782/14/6
f 2781/9/6 2769/9/6 2782/9/6
f 2782/14/6 2770/14/6 2783/14/6
f 2771/14/6 2772/14/6 2788/14/6
f 2772/9/6 2773/9/6 2789/9/6
f 2788/14/6 2772/14/6 2789/14/6
f 2773/14/6 2774/14/6 2790/14/6
f 2789/9/6 2773/9/6 2790/9/6
f 2774/9/6 2775/9/6 2791/9/6
f 2790/14/6 2774/14/6 2791/14/6
f 2775/14/6 2776/14/6 2792/14/6
f 2791/9/6 2775/9/6 2792/9/6
f 2763/14/6 2777/14/6 2793/14/6
f 2777/14/6 2778/14/6 2793/14/6
f 2778/14/6 2779/14/6 2793/14/6
f 2779/14/6 2780/14/6 2793/14/6
f 2780/14/6 2781/14/6 2793/14/6
f 2782/14/6 2783/14/6 2793/14/6
f 2781/14/6 2782/14/6 2793/14/6
f 2793/14/6 2783/14/6 2794/14/6
f 2794/14/6 2783/14/6 2795/14/6
f 2795/14/6 2783/14/6 2796/14/6
f 2796/14/6 2783/14/6 2797/14/6
f 2797/14/6 2783/14/6 2798/14/6
f 2784/22/6 2785/22/6 2799/22/6
f 2799/22/6 2785/22/6 2800/22/6
f 2785/33/6 2786/33/6 2801/33/6
f 2800/22/6 2785/22/6 2801/22/6
f 2786/22/6 2787/22/6 2802/22/6
f 2801/33/6 2786/33/6 2802/33/6
f 2802/22/6 2787/22/6 2803/22/6
f 2790/14/6 2791/14/6 2804/14/6
f 2789/14/6 2790/14/6 2804/14/6
f 2791/14/6 2792/14/6 2804/14/6
f 2788/14/6 2789/14/6 2804/14/6
f 2804/14/6 2792/14/6 2805/14/6
f 2805/14/6 2792/14/6 2806/14/6
f 2806/14/6 2792/14/6 2807/14/6
f 2807/14/6 2792/14/6 2808/14/6
f 2792/14/6 2776/14/6 2809/14/6
f 2808/14/6 2792/14/6 2809/14/6
f 2809/14/6 2776/14/6 2810/14/6
f 2794/17/6 2795/17/6 2811/17/6
f 2796/14/6 2797/14/6 2812/14/6
f 2798/14/6 2799/14/6 2813/14/6
f 2797/17/6 2798/17/6 2813/17/6
f 2799/33/6 2800/33/6 2814/33/6
f 2813/14/6 2799/14/6 2814/14/6
f 2814/33/6 2800/33/6 2815/33/6
f 2802/22/6 2803/22/6 2816/22/6
f 2815/33/6 2800/33/6 2816/33/6
f 2801/22/6 2802/22/6 2816/22/6
f 2800/22/6 2801/22/6 2816/22/6
f 2816/22/6 2803/22/6 2817/22/6
f 2803/10/6 2804/10/6 2818/10/6
f 2817/22/6 2803/22/6 2818/22/6
f 2804/14/6 2805/14/6 2819/14/6
f 2818/10/6 2804/10/6 2819/10/6
f 2805/16/6 2806/16/6 2820/16/6
f 2819/14/6 2805/14/6 2820/14/6
f 2806/14/6 2807/14/6 2821/14/6
f 2820/16/6 2806/16/6 2821/16/6
f 2821/14/6 2807/14/6 2822/14/6
f 2822/14/6 2807/14/6 2823/14/6
f 2823/14/6 2807/14/6 2824/14/6
f 2807/20/6 2808/20/6 2825/20/6
f 2824/14/6 2807/14/6 2825/14/6
f 2793/15/6 2794/15/6 2826/15/6
f 2794/17/6 2811/17/6 2827/17/6
f 2826/15/6 2794/15/6 2827/15/6
f 2811/14/6 2812/14/6 2828/14/6
f 2827/17/6 2811/17/6 2828/17/6
f 2812/14/6 2797/14/6 2829/14/6
f 2828/14/6 2812/14/6 2829/14/6
f 2829/14/6 2797/14/6 2830/14/6
f 2830/14/6 2797/14/6 2831/14/6
f 2797/17/6 2813/17/6 2832/17/6
f 2831/14/6 2797/14/6 2832/14/6
f 2832/17/6 2813/17/6 2833/17/6
f 2833/17/6 2813/17/6 2834/17/6
f 2813/20/6 2814/20/6 2835/20/6
f 2834/17/6 2813/17/6 2835/17/6
f 2814/14/6 2815/14/6 2836/14/6
f 2835/20/6 2814/20/6 2836/20/6
f 2815/10/6 2816/10/6 2837/10/6
f 2836/14/6 2815/14/6 2837/14/6
f 2816/22/6 2817/22/6 2838/22/6
f 2837/10/6 2816/10/6 2838/10/6
f 2817/10/6 2818/10/6 2839/10/6
f 2838/22/6 2817/22/6 2839/22/6
f 2839/10/6 2818/10/6 2840/10/6
f 2818/14/6 2819/14/6 2841/14/6
f 2840/10/6 2818/10/6 2841/10/6
f 2819/14/6 2820/14/6 2841/14/6
f 2820/14/6 2821/14/6 2841/14/6
f 2821/14/6 2822/14/6 2841/14/6
f 2841/14/6 2822/14/6 2842/14/6
f 2822/15/6 2823/15/6 2843/15/6
f 2842/14/6 2822/14/6 2843/14/6
f 2843/15/6 2823/15/6 2844/15/6
f 2823/14/6 2824/14/6 2845/14/6
f 2844/15/6 2823/15/6 2845/15/6
f 2824/15/6 2825/15/6 2846/15/6
f 2845/14/6 2824/14/6 2846/14/6
f 2846/15/6 2825/15/6 2847/15/6
f 2825/20/6 2808/20/6 2848/20/6
f 2847/15/6 2825/15/6 2848/15/6
f 2808/14/6 2809/14/6 2849/14/6
f 2848/20/6 2808/20/6 2849/20/6
f 2849/14/6 2809/14/6 2850/14/6
f 2826/10/6 2827/10/6 2851/10/6
f 2827/15/6 2828/15/6 2852/15/6
f 2851/10/6 2827/10/6 2852/10/6
f 2828/15/6 2829/15/6 2852/15/6
f 2852/15/6 2829/15/6 2853/15/6
f 2829/13/6 2830/13/6 2854/13/6
f 2853/15/6 2829/15/6 2854/15/6
f 2854/13/6 2830/13/6 2855/13/6
f 2832/13/6 2833/13/6 2856/13/6
f 2831/13/6 2832/13/6 2856/13/6
f 2833/15/6 2834/15/6 2857/15/6
f 2856/13/6 2833/13/6 2857/13/6
f 2834/10/6 2835/10/6 2858/10/6
f 2857/15/6 2834/15/6 2858/15/6
f 2836/10/6 2837/10/6 2858/10/6
f 2835/10/6 2836/10/6 2858/10/6
f 2858/10/6 2837/10/6 2859/10/6
f 2859/10/6 2837/10/6 2860/10/6
f 2838/22/6 2839/22/6 2861/22/6
f 2861/22/6 2839/22/6 2862/22/6
f 2839/20/6 2840/20/6 2863/20/6
f 2862/22/6 2839/22/6 2863/22/6
f 2840/14/6 2841/14/6 2864/14/6
f 2863/20/6 2840/20/6 2864/20/6
f 2841/14/6 2842/14/6 2864/14/6
f 2864/14/6 2842/14/6 2865/14/6
f 2842/20/6 2843/20/6 2866/20/6
f 2843/15/6 2844/15/6 2867/15/6
f 2866/20/6 2843/20/6 2867/20/6
f 2852/14/6 2853/14/6 2868/14/6
f 2853/10/6 2854/10/6 2868/10/6
f 2856/13/6 2857/13/6 2869/13/6
f 2868/10/6 2854/10/6 2869/10/6
f 2855/13/6 2856/13/6 2869/13/6
f 2854/13/6 2855/13/6 2869/13/6
f 2869/13/6 2857/13/6 2870/13/6
f 2857/10/6 2858/10/6 2871/10/6
f 2870/13/6 2857/13/6 2871/13/6
f 2858/14/6 2859/14/6 2872/14/6
f 2871/10/6 2858/10/6 2872/10/6
f 2859/10/6 2860/10/6 2873/10/6
f 2872/14/6 2859/14/6 2873/14/6
f 2860/15/6 2861/15/6 2874/15/6
f 2873/10/6 2860/10/6 2874/10/6
f 2861/22/6 2862/22/6 2875/22/6
f 2874/15/6 2861/15/6 2875/15/6
f 2862/33/6 2863/33/6 2876/33/6
f 2875/22/6 2862/22/6 2876/22/6
f 2864/17/6 2865/17/6 2877/17/6
f 2876/33/6 2863/33/6 2877/33/6
f 2863/17/6 2864/17/6 2877/17/6
f 2867/15/6 2844/15/6 2878/15/6
f 2866/10/6 2867/10/6 2878/10/6
f 2878/15/6 2844/15/6 2879/15/6
f 2850/14/6 2809/14/6 2880/14/6
f 2809/17/6 2810/17/6 2881/17/6
f 2880/14/6 2809/14/6 2881/14/6
f 2881/17/6 2810/17/6 2882/17/6
f 2851/13/6 2852/13/6 2883/13/6
f 2883/13/6 2852/13/6 2884/13/6
f 2852/14/6 2868/14/6 2885/14/6
f 2884/13/6 2852/13/6 2885/13/6
f 2868/14/6 2869/14/6 2885/14/6
f 2869/14/6 2870/14/6 2885/14/6
f 2885/14/6 2870/14/6 2886/14/6
f 2886/14/6 2870/14/6 2887/14/6
f 2887/14/6 2870/14/6 2888/14/6
f 2888/14/6 2870/14/6 2889/14/6
f 2889/14/6 2870/14/6 2890/14/6
f 2874/10/6 2875/10/6 2891/10/6
f 2890/14/6 2870/14/6 2891/14/6
f 2873/10/6 2874/10/6 2891/10/6
f 2871/10/6 2872/10/6 2891/10/6
f 2872/10/6 2873/10/6 2891/10/6
f 2870/10/6 2871/10/6 2891/10/6
f 2891/10/6 2875/10/6 2892/10/6
f 2892/10/6 2875/10/6 2893/10/6
f 2893/10/6 2875/10/6 2894/10/6
f 2875/22/6 2876/22/6 2895/22/6
f 2877/17/6 2865/17/6 2895/17/6
f 2876/22/6 2877/22/6 2895/22/6
f 2865/14/6 2842/14/6 2896/14/6
f 2895/17/6 2865/17/6 2896/17/6
f 2896/14/6 2842/14/6 2897/14/6
f 2897/14/6 2842/14/6 2898/14/6
f 2842/20/6 2866/20/6 2899/20/6
f 2898/14/6 2842/14/6 2899/14/6
f 2878/10/6 2879/10/6 2900/10/6
f 2899/20/6 2866/20/6 2900/20/6
f 2866/10/6 2878/10/6 2900/10/6
f 2900/10/6 2879/10/6 2901/10/6
f 2901/10/6 2879/10/6 2902/10/6
f 2902/10/6 2879/10/6 2903/10/6
f 2880/18/6 2881/18/6 2904/18/6
f 2881/14/6 2882/14/6 2905/14/6
f 2904/18/6 2881/18/6 2905/18/6
f 2887/10/6 2888/10/6 2906/10/6
f 2888/14/6 2889/14/6 2907/14/6
f 2906/10/6 2888/10/6 2907/10/6
f 2889/10/6 2890/10/6 2908/10/6
f 2907/14/6 2889/14/6 2908/14/6
f 2890/20/6 2891/20/6 2909/20/6
f 2908/10/6 2890/10/6 2909/10/6
f 2891/17/6 2892/17/6 2910/17/6
f 2909/20/6 2891/20/6 2910/20/6
f 2892/20/6 2893/20/6 2911/20/6
f 2910/17/6 2892/17/6 2911/17/6
f 2893/14/6 2894/14/6 2912/14/6
f 2911/20/6 2893/20/6 2912/20/6
f 2894/10/6 2875/10/6 2913/10/6
f 2912/14/6 2894/14/6 2913/14/6
f 2875/22/6 2895/22/6 2914/22/6
f 2913/10/6 2875/10/6 2914/10/6
f 2896/10/6 2897/10/6 2915/10/6
f 2914/22/6 2895/22/6 2915/22/6
f 2895/10/6 2896/10/6 2915/10/6
f 2915/10/6 2897/10/6 2916/10/6
f 2916/10/6 2897/10/6 2917/10/6
f 2898/14/6 2899/14/6 2918/14/6
f 2899/10/6 2900/10/6 2919/10/6
f 2918/14/6 2899/14/6 2919/14/6
f 2900/14/6 2901/14/6 2920/14/6
f 2919/10/6 2900/10/6 2920/10/6
f 2901/10/6 2902/10/6 2921/10/6
f 2920/14/6 2901/14/6 2921/14/6
f 2902/22/6 2903/22/6 2922/22/6
f 2921/10/6 2902/10/6 2922/10/6
f 2922/22/6 2903/22/6 2923/22/6
f 2923/22/6 2903/22/6 2924/22/6
f 2883/10/6 2884/10/6 2926/10/6
f 2926/10/6 2884/10/6 2927/10/6
f 2885/17/6 2886/17/6 2928/17/6
f 2886/14/6 2887/14/6 2929/14/6
f 2928/17/6 2886/17/6 2929/17/6
f 2887/10/6 2906/10/6 2930/10/6
f 2929/14/6 2887/14/6 2930/14/6
f 2906/14/6 2907/14/6 2931/14/6
f 2930/10/6 2906/10/6 2931/10/6
f 2907/10/6 2908/10/6 2932/10/6
f 2931/14/6 2907/14/6 2932/14/6
f 2908/10/6 2909/10/6 2932/10/6
f 2910/17/6 2911/17/6 2933/17/6
f 2932/10/6 2909/10/6 2933/10/6
f 2909/17/6 2910/17/6 2933/17/6
f 2933/17/6 2911/17/6 2934/17/6
f 2911/16/6 2912/16/6 2935/16/6
f 2934/17/6 2911/17/6 2935/17/6
f 2912/14/6 2913/14/6 2936/14/6
f 2935/16/6 2912/16/6 2936/16/6
f 2913/14/6 2914/14/6 2936/14/6
f 2936/14/6 2914/14/6 2937/14/6
f 2914/22/6 2915/22/6 2938/22/6
f 2915/33/6 2916/33/6 2938/33/6
f 2916/22/6 2917/22/6 2939/22/6
f 2938/33/6 2916/33/6 2939/33/6
f 2920/22/6 2921/22/6 2939/22/6
f 2919/22/6 2920/22/6 2939/22/6
f 2918/22/6 2919/22/6 2939/22/6
f 2917/22/6 2918/22/6 2939/22/6
f 2921/22/6 2922/22/6 2939/22/6
f 2939/22/6 2922/22/6 2940/22/6
f 2940/22/6 2922/22/6 2941/22/6
f 2922/33/6 2923/33/6 2942/33/6
f 2941/22/6 2922/22/6 2942/22/6
f 2924/22/6 2925/22/6 2943/22/6
f 2942/33/6 2923/33/6 2943/33/6
f 2923/22/6 2924/22/6 2943/22/6
f 2928/14/6 2929/14/6 2944/14/6
f 2927/14/6 2928/14/6 2944/14/6
f 2926/14/6 2927/14/6 2944/14/6
f 2929/16/6 2930/16/6 2945/16/6
f 2944/14/6 2929/14/6 2945/14/6
f 2931/14/6 2932/14/6 2946/14/6
f 2945/16/6 2930/16/6 2946/16/6
f 2930/14/6 2931/14/6 2946/14/6
f 2946/14/6 2932/14/6 2947/14/6
f 2933/17/6 2934/17/6 2948/17/6
f 2947/14/6 2932/14/6 2948/14/6
f 2932/17/6 2933/17/6 2948/17/6
f 2948/17/6 2934/17/6 2949/17/6
f 2934/10/6 2935/10/6 2950/10/6
f 2949/17/6 2934/17/6 2950/17/6
f 2935/10/6 2936/10/6 2950/10/6
f 2936/10/6 2937/10/6 2950/10/6
f 2950/10/6 2937/10/6 2951/10/6
f 2951/10/6 2937/10/6 2952/10/6
f 2937/14/6 2914/14/6 2953/14/6
f 2952/10/6 2937/10/6 2953/10/6
f 2914/22/6 2938/22/6 2954/22/6
f 2953/14/6 2914/14/6 2954/14/6
f 2938/22/6 2939/22/6 2954/22/6
f 2939/22/6 2940/22/6 2954/22/6
f 2954/22/6 2940/22/6 2955/22/6
f 2955/22/6 2940/22/6 2956/22/6
f 2956/22/6 2940/22/6 2957/22/6
f 2957/22/6 2940/22/6 2958/22/6
f 2940/33/6 2941/33/6 2959/33/6
f 2958/22/6 2940/22/6 2959/22/6
f 2941/22/6 2942/22/6 2960/22/6
f 2959/33/6 2941/33/6 2960/33/6
f 2942/22/6 2943/22/6 2960/22/6
f 2960/22/6 2943/22/6 2961/22/6
f 2943/22/6 2925/22/6 2962/22/6
f 2961/22/6 2943/22/6 2962/22/6
f 2962/22/6 2925/22/6 2963/22/6
f 2926/14/6 2944/14/6 2964/14/6
f 2964/14/6 2944/14/6 2965/14/6
f 2944/13/6 2945/13/6 2966/13/6
f 2965/14/6 2944/14/6 2966/14/6
f 2946/15/6 2947/15/6 2967/15/6
f 2966/13/6 2945/13/6 2967/13/6
f 2945/15/6 2946/15/6 2967/15/6
f 2948/14/6 2949/14/6 2968/14/6
f 2967/15/6 2947/15/6 2968/15/6
f 2947/14/6 2948/14/6 2968/14/6
f 2968/14/6 2949/14/6 2969/14/6
f 2950/15/6 2951/15/6 2970/15/6
f 2969/14/6 2949/14/6 2970/14/6
f 2949/15/6 2950/15/6 2970/15/6
f 2970/15/6 2951/15/6 2971/15/6
f 2955/10/6 2956/10/6 2973/10/6
f 2956/20/6 2957/20/6 2974/20/6
f 2973/10/6 2956/10/6 2974/10/6
f 2958/10/6 2959/10/6 2975/10/6
f 2960/10/6 2961/10/6 2975/10/6
f 2959/10/6 2960/10/6 2975/10/6
f 2957/14/6 2958/14/6 2975/14/6
f 2961/22/6 2962/22/6 2976/22/6
f 2975/10/6 2961/10/6 2976/10/6
f 2976/22/6 2962/22/6 2977/22/6
f 2905/14/6 2882/14/6 2978/14/6
f 2904/14/6 2905/14/6 2978/14/6
f 2978/14/6 2882/14/6 2979/14/6
f 2964/15/6 2965/15/6 2980/15/6
f 2965/14/6 2966/14/6 2981/14/6
f 2980/15/6 2965/15/6 2981/15/6
f 2966/14/6 2967/14/6 2981/14/6
f 2968/14/6 2969/14/6 2981/14/6
f 2967/14/6 2968/14/6 2981/14/6
f 2969/20/6 2970/20/6 2982/20/6
f 2971/15/6 2951/15/6 2983/15/6
f 2983/15/6 2951/15/6 2984/15/6
f 2951/17/6 2952/17/6 2985/17/6
f 2984/15/6 2951/15/6 2985/15/6
f 2952/14/6 2953/14/6 2986/14/6
f 2985/17/6 2952/17/6 2986/17/6
f 2953/14/6 2954/14/6 2986/14/6
f 2986/14/6 2954/14/6 2987/14/6
f 2973/14/6 2974/14/6 2988/14/6
f 2972/14/6 2973/14/6 2988/14/6
f 2974/20/6 2957/20/6 2989/20/6
f 2988/14/6 2974/14/6 2989/14/6
f 2975/14/6 2976/14/6 2990/14/6
f 2989/20/6 2957/20/6 2990/20/6
f 2957/14/6 2975/14/6 2990/14/6
f 2976/15/6 2977/15/6 2991/15/6
f 2990/14/6 2976/14/6 2991/14/6
f 2991/15/6 2977/15/6 2992/15/6
f 2992/15/6 2977/15/6 2993/15/6
f 2981/14/6 2969/14/6 2994/14/6
f 2969/20/6 2982/20/6 2994/20/6
f 2983/20/6 2984/20/6 2994/20/6
f 2982/20/6 2983/20/6 2994/20/6
f 2987/14/6 2988/14/6 2995/14/6
f 2994/20/6 2984/20/6 2995/20/6
f 2989/14/6 2990/14/6 2995/14/6
f 2984/14/6 2985/14/6 2995/14/6
f 2988/14/6 2989/14/6 2995/14/6
f 2986/14/6 2987/14/6 2995/14/6
f 2985/14/6 2986/14/6 2995/14/6
f 2990/14/6 2991/14/6 2995/14/6
f 2995/14/6 2991/14/6 2996/14/6
f 2996/14/6 2991/14/6 2997/14/6
f 2978/17/6 2979/17/6 2998/17/6
f 2904/14/6 2978/14/6 2998/14/6
f 2998/17/6 2979/17/6 2999/17/6
f 2981/14/6 2994/14/6 3001/14/6
f 2994/14/6 2995/14/6 3001/14/6
f 3001/14/6 2995/14/6 3002/14/6
f 2996/14/6 2997/14/6 3003/14/6
f 3003/14/6 2997/14/6 3004/14/6
f 2998/14/6 2999/14/6 3005/14/6
f 2904/14/6 2998/14/6 3005/14/6
f 3003/14/6 3004/14/6 3006/14/6
f 3001/14/6 3002/14/6 3006/14/6
f 3002/14/6 3003/14/6 3006/14/6
f 3000/14/6 3001/14/6 3006/14/6
f 3006/14/6 3004/14/6 3007/14/6
f 3007/14/6 3004/14/6 3008/14/6
f 3005/14/6 2999/14/6 3012/14/6
f 3000/14/6 3006/14/6 3013/14/6
f 3010/14/6 3011/14/6 3014/14/6
f 3011/14/6 3012/14/6 3014/14/6
f 3007/14/6 3008/14/6 3014/14/6
f 3009/14/6 3010/14/6 3014/14/6
f 3008/14/6 3009/14/6 3014/14/6
f 3014/14/6 3012/14/6 3015/14/6
f 3015/14/6 3012/14/6 3016/14/6
f 3016/14/6 3012/14/6 3017/14/6
f 3017/14/6 3012/14/6 3018/14/6
f 3018/14/6 3012/14/6 3019/14/6
f 3019/14/6 3012/14/6 3020/14/6
f 3020/14/6 3012/14/6 3021/14/6
f 3021/14/6 3012/14/6 3022/14/6
f 3000/14/6 3013/14/6 3023/14/6
f 3013/14/6 3014/14/6 3023/14/6
f 3023/14/6 3014/14/6 3024/14/6
f 3014/17/6 3015/17/6 3025/17/6
f 3024/14/6 3014/14/6 3025/14/6
f 3025/17/6 3015/17/6 3026/17/6
f 3026/17/6 3015/17/6 3027/17/6
f 3015/14/6 3016/14/6 3028/14/6
f 3027/17/6 3015/17/6 3028/17/6
f 3016/20/6 3017/20/6 3029/20/6
f 3029/20/6 3017/20/6 3030/20/6
f 3030/20/6 3017/20/6 3031/20/6
f 3017/14/6 3018/14/6 3032/14/6
f 3031/20/6 3017/20/6 3032/20/6
f 3032/14/6 3018/14/6 3033/14/6
f 3019/19/6 3020/19/6 3034/19/6
f 3020/14/6 3021/14/6 3035/14/6
f 3034/19/6 3020/19/6 3035/19/6
f 3035/14/6 3021/14/6 3036/14/6
f 3036/14/6 3021/14/6 3037/14/6
f 3037/14/6 3021/14/6 3038/14/6
f 3038/14/6 3021/14/6 3039/14/6
f 3021/20/6 3022/20/6 3040/20/6
f 3039/14/6 3021/14/6 3040/14/6
f 3022/14/6 3012/14/6 3041/14/6
f 3040/20/6 3022/20/6 3041/20/6
f 3041/14/6 3012/14/6 3042/14/6
f 3000/14/6 3023/14/6 3043/14/6
f 3023/13/6 3024/13/6 3044/13/6
f 3043/14/6 3023/14/6 3044/14/6
f 3024/10/6 3025/10/6 3045/10/6
f 3044/13/6 3024/13/6 3045/13/6
f 3025/10/6 3026/10/6 3045/10/6
f 3045/10/6 3026/10/6 3046/10/6
f 3026/16/6 3027/16/6 3047/16/6
f 3046/10/6 3026/10/6 3047/10/6
f 3027/14/6 3028/14/6 3048/14/6
f 3047/16/6 3027/16/6 3048/16/6
f 3048/14/6 3028/14/6 3049/14/6
f 3028/14/6 3016/14/6 3050/14/6
f 3049/14/6 3028/14/6 3050/14/6
f 3016/20/6 3029/20/6 3050/20/6
f 3050/20/6 3029/20/6 3051/20/6
f 3029/17/6 3030/17/6 3052/17/6
f 3051/20/6 3029/20/6 3052/20/6
f 3030/14/6 3031/14/6 3053/14/6
f 3052/17/6 3030/17/6 3053/17/6
f 3033/17/6 3034/17/6 3054/17/6
f 3053/14/6 3031/14/6 3054/14/6
f 3032/17/6 3033/17/6 3054/17/6
f 3031/17/6 3032/17/6 3054/17/6
f 3034/17/6 3035/17/6 3054/17/6
f 3035/17/6 3036/17/6 3054/17/6
f 3054/17/6 3036/17/6 3055/17/6
f 3055/17/6 3036/17/6 3056/17/6
f 3056/17/6 3036/17/6 3057/17/6
f 3057/17/6 3036/17/6 3058/17/6
f 3058/17/6 3036/17/6 3059/17/6
f 3059/17/6 3036/17/6 3060/17/6
f 3036/19/6 3037/19/6 3061/19/6
f 3060/17/6 3036/17/6 3061/17/6
f 3037/17/6 3038/17/6 3062/17/6
f 3061/19/6 3037/19/6 3062/19/6
f 3062/17/6 3038/17/6 3063/17/6
f 3063/17/6 3038/17/6 3064/17/6
f 3039/17/6 3040/17/6 3065/17/6
f 3040/17/6 3041/17/6 3065/17/6
f 3041/19/6 3042/19/6 3066/19/6
f 3065/17/6 3041/17/6 3066/17/6
f 3042/14/6 3012/14/6 3067/14/6
f 3066/19/6 3042/19/6 3067/19/6
f 3043/15/6 3044/15/6 3068/15/6
f 3044/13/6 3045/13/6 3068/13/6
f 3068/13/6 3045/13/6 3069/13/6
f 3069/13/6 3045/13/6 3070/13/6
f 3045/15/6 3046/15/6 3071/15/6
f 3070/13/6 3045/13/6 3071/13/6
f 3071/15/6 3046/15/6 3072/15/6
f 3046/14/6 3047/14/6 3073/14/6
f 3072/15/6 3046/15/6 3073/15/6
f 3047/15/6 3048/15/6 3074/15/6
f 3073/14/6 3047/14/6 3074/14/6
f 3048/14/6 3049/14/6 3075/14/6
f 3074/15/6 3048/15/6 3075/15/6
f 3075/14/6 3049/14/6 3076/14/6
f 3049/15/6 3050/15/6 3077/15/6
f 3050/14/6 3051/14/6 3077/14/6
f 3051/10/6 3052/10/6 3078/10/6
f 3077/14/6 3051/14/6 3078/14/6
f 3052/14/6 3053/14/6 3079/14/6
f 3078/10/6 3052/10/6 3079/10/6
f 3053/10/6 3054/10/6 3080/10/6
f 3079/14/6 3053/14/6 3080/14/6
f 3054/10/6 3055/10/6 3080/10/6
f 3080/10/6 3055/10/6 3081/10/6
f 3055/15/6 3056/15/6 3082/15/6
f 3081/10/6 3055/10/6 3082/10/6
f 3082/15/6 3056/15/6 3083/15/6
f 3056/17/6 3057/17/6 3084/17/6
f 3083/15/6 3056/15/6 3084/15/6
f 3057/10/6 3058/10/6 3085/10/6
f 3084/17/6 3057/17/6 3085/17/6
f 3058/17/6 3059/17/6 3086/17/6
f 3085/10/6 3058/10/6 3086/10/6
f 3059/14/6 3060/14/6 3087/14/6
f 3086/17/6 3059/17/6 3087/17/6
f 3060/10/6 3061/10/6 3088/10/6
f 3087/14/6 3060/14/6 3088/14/6
f 3061/14/6 3062/14/6 3089/14/6
f 3088/10/6 3061/10/6 3089/10/6
f 3063/10/6 3064/10/6 3090/10/6
f 3062/20/6 3063/20/6 3090/20/6
f 3065/20/6 3066/20/6 3091/20/6
f 3090/10/6 3064/10/6 3091/10/6
f 3064/20/6 3065/20/6 3091/20/6
f 3066/14/6 3067/14/6 3092/14/6
f 3091/20/6 3066/20/6 3092/20/6
f 3043/15/6 3068/15/6 3093/15/6
f 3068/14/6 3069/14/6 3094/14/6
f 3093/15/6 3068/15/6 3094/15/6
f 3069/16/6 3070/16/6 3095/16/6
f 3094/14/6 3069/14/6 3095/14/6
f 3070/14/6 3071/14/6 3096/14/6
f 3095/16/6 3070/16/6 3096/16/6
f 3096/14/6 3071/14/6 3097/14/6
f 3073/19/6 3074/19/6 3098/19/6
f 3072/19/6 3073/19/6 3098/19/6
f 3098/19/6 3074/19/6 3099/19/6
f 3074/14/6 3075/14/6 3100/14/6
f 3099/19/6 3074/19/6 3100/19/6
f 3075/17/6 3076/17/6 3101/17/6
f 3100/14/6 3075/14/6 3101/14/6
f 3076/14/6 3049/14/6 3102/14/6
f 3101/17/6 3076/17/6 3102/17/6
f 3049/15/6 3077/15/6 3103/15/6
f 3102/14/6 3049/14/6 3103/14/6
f 3077/15/6 3078/15/6 3103/15/6
f 3103/15/6 3078/15/6 3104/15/6
f 3078/14/6 3079/14/6 3105/14/6
f 3104/15/6 3078/15/6 3105/15/6
f 3080/10/6 3081/10/6 3106/10/6
f 3105/14/6 3079/14/6 3106/14/6
f 3079/10/6 3080/10/6 3106/10/6
f 3081/17/6 3082/17/6 3107/17/6
f 3106/10/6 3081/10/6 3107/10/6
f 3082/17/6 3083/17/6 3107/17/6
f 3083/15/6 3084/15/6 3108/15/6
f 3107/17/6 3083/17/6 3108/17/6
f 3084/19/6 3085/19/6 3109/19/6
f 3108/15/6 3084/15/6 3109/15/6
f 3085/10/6 3086/10/6 3110/10/6
f 3109/19/6 3085/19/6 3110/19/6
f 3086/14/6 3087/14/6 3111/14/6
f 3110/10/6 3086/10/6 3111/10/6
f 3087/10/6 3088/10/6 3112/10/6
f 3111/14/6 3087/14/6 3112/14/6
f 3088/14/6 3089/14/6 3113/14/6
f 3112/10/6 3088/10/6 3113/10/6
f 3089/14/6 3062/14/6 3114/14/6
f 3113/14/6 3089/14/6 3114/14/6
f 3062/20/6 3090/20/6 3114/20/6
f 3090/20/6 3091/20/6 3114/20/6
f 3114/20/6 3091/20/6 3115/20/6
f 3115/20/6 3091/20/6 3116/20/6
f 3091/13/6 3092/13/6 3117/13/6
f 3116/20/6 3091/20/6 3117/20/6
f 3093/14/6 3094/14/6 3118/14/6
f 3096/14/6 3097/14/6 3118/14/6
f 3097/14/6 3098/14/6 3118/14/6
f 3095/14/6 3096/14/6 3118/14/6
f 3094/14/6 3095/14/6 3118/14/6
f 3098/19/6 3099/19/6 3119/19/6
f 3118/14/6 3098/14/6 3119/14/6
f 3099/17/6 3100/17/6 3120/17/6
f 3119/19/6 3099/19/6 3120/19/6
f 3100/19/6 3101/19/6 3121/19/6
f 3120/17/6 3100/17/6 3121/17/6
f 3101/14/6 3102/14/6 3122/14/6
f 3121/19/6 3101/19/6 3122/19/6
f 3102/19/6 3103/19/6 3123/19/6
f 3122/14/6 3102/14/6 3123/14/6
f 3103/20/6 3104/20/6 3124/20/6
f 3123/19/6 3103/19/6 3124/19/6
f 3105/10/6 3106/10/6 3125/10/6
f 3124/20/6 3104/20/6 3125/20/6
f 3104/10/6 3105/10/6 3125/10/6
f 3108/17/6 3109/17/6 3126/17/6
f 3125/10/6 3106/10/6 3126/10/6
f 3106/17/6 3107/17/6 3126/17/6
f 3107/17/6 3108/17/6 3126/17/6
f 3112/14/6 3113/14/6 3127/14/6
f 3126/17/6 3109/17/6 3127/17/6
f 3114/14/6 3115/14/6 3127/14/6
f 3110/14/6 3111/14/6 3127/14/6
f 3111/14/6 3112/14/6 3127/14/6
f 3113/14/6 3114/14/6 3127/14/6
f 3109/14/6 3110/14/6 3127/14/6
f 3115/16/6 3116/16/6 3128/16/6
f 3127/14/6 3115/14/6 3128/14/6
f 3116/14/6 3117/14/6 3129/14/6
f 3128/16/6 3116/16/6 3129/16/6
f 3117/13/6 3092/13/6 3130/13/6
f 3129/14/6 3117/14/6 3130/14/6
f 3092/14/6 3067/14/6 3131/14/6
f 3130/13/6 3092/13/6 3131/13/6
f 3012/14/6 2999/14/6 3132/14/6
f 3131/14/6 3067/14/6 3132/14/6
f 3067/14/6 3012/14/6 3132/14/6
f 3133/18/6 3134/18/6 3135/18/6
f 3135/18/6 3134/18/6 3136/18/6
f 3137/18/6 3138/18/6 3141/18/6
f 3141/18/6 3138/18/6 3142/18/6
f 3139/18/6 3140/18/6 3145/18/6
f 3145/18/6 3140/18/6 3146/18/6
f 3143/18/6 3144/18/6 3147/18/6
f 3147/18/6 3144/18/6 3148/18/6
f 3149/18/6 3150/18/6 3151/18/6
f 3151/18/6 3150/18/6 3152/18/6
f 3155/7/6 3156/7/6 3157/7/6
f 3154/7/6 3155/7/6 3157/7/6
f 3153/7/6 3154/7/6 3157/7/6
f 3157/7/6 3156/7/6 3158/7/6
f 3159/7/6 3160/7/6 3161/7/6
f 3161/7/6 3160/7/6 3162/7/6
f 3162/7/6 3160/7/6 3163/7/6
f 3163/7/6 3160/7/6 3164/7/6
f 3165/18/6 3166/18/6 3167/18/6
f 3167/18/6 3166/18/6 3168/18/6
f 3169/18/6 3170/18/6 3178/18/6
f 3178/18/6 3170/18/6 3179/18/6
f 3171/21/6 3172/21/6 3180/21/6
f 3180/21/6 3172/21/6 3181/21/6
f 3181/21/6 3172/21/6 3182/21/6
f 3173/21/6 3174/21/6 3184/21/6
f 3174/18/6 3175/18/6 3185/18/6
f 3184/21/6 3174/21/6 3185/21/6
f 3185/18/6 3175/18/6 3186/18/6
f 3176/21/6 3177/21/6 3187/21/6
f 3187/21/6 3177/21/6 3188/21/6
f 3181/18/6 3182/18/6 3189/18/6
f 3182/21/6 3183/21/6 3190/21/6
f 3189/18/6 3182/18/6 3190/18/6
f 3190/21/6 3183/21/6 3191/21/6
f 3185/21/6 3186/21/6 3192/21/6
f 3184/21/6 3185/21/6 3192/21/6
f 3192/21/6 3186/21/6 3193/21/6
f 3193/21/6 3186/21/6 3194/21/6
f 3188/21/6 3177/21/6 3195/21/6
f 3195/21/6 3177/21/6 3196/21/6
f 3197/18/6 3198/18/6 3199/18/6
f 3199/18/6 3198/18/6 3200/18/6
f 3201/18/6 3202/18/6 3204/18/6
f 3204/18/6 3202/18/6 3205/18/6
f 3203/18/6 3204/18/6 3206/18/6
f 3206/18/6 3204/18/6 3207/18/6
f 3208/18/6 3209/18/6 3215/18/6
f 3215/18/6 3209/18/6 3216/18/6
f 3210/18/6 3211/18/6 3217/18/6
f 3217/18/6 3211/18/6 3218/18/6
f 3212/18/6 3213/18/6 3219/18/6
f 3219/18/6 3213/18/6 3220/18/6
f 3214/18/6 3215/18/6 3221/18/6
f 3221/18/6 3215/18/6 3222/18/6
f 3221/21/6 3222/21/6 3225/21/6
f 3225/21/6 3222/21/6 3226/21/6
f 3223/18/6 3224/18/6 3227/18/6
f 3227/18/6 3224/18/6 3228/18/6
f 3229/19/6 3230/19/6 3233/19/6
f 3233/19/6 3230/19/6 3234/19/6
f 3231/18/6 3232/18/6 3235/18/6
f 3235/18/6 3232/18/6 3236/18/6
f 3237/7/6 3238/7/6 3240/7/6
f 3240/7/6 3238/7/6 3241/7/6
f 3239/7/6 3240/7/6 3243/7/6
f 3241/7/6 3242/7/6 3243/7/6
f 3240/7/6 3241/7/6 3243/7/6
f 3243/7/6 3242/7/6 3244/7/6
f 3245/7/6 3246/7/6 3247/7/6
f 3247/7/6 3246/7/6 3248/7/6
f 3248/7/6 3246/7/6 3249/7/6
f 3249/7/6 3246/7/6 3250/7/6
f 3248/7/6 3249/7/6 3251/7/6
f 3251/7/6 3249/7/6 3252/7/6
f 3253/19/6 3254/19/6 3260/19/6
f 3260/19/6 3254/19/6 3261/19/6
f 3255/21/6 3256/21/6 3264/21/6
f 3256/18/6 3257/18/6 3265/18/6
f 3264/21/6 3256/21/6 3265/21/6
f 3265/18/6 3257/18/6 3266/18/6
f 3258/21/6 3259/21/6 3267/21/6
f 3262/21/6 3263/21/6 3269/21/6
f 3269/21/6 3263/21/6 3270/21/6
f 3265/21/6 3266/21/6 3271/21/6
f 3271/21/6 3266/21/6 3272/21/6
f 3267/21/6 3268/21/6 3273/21/6
f 3258/21/6 3267/21/6 3273/21/6
f 3273/21/6 3268/21/6 3274/21/6
f 3271/7/6 3272/7/6 3275/7/6
f 3270/7/6 3271/7/6 3275/7/6
f 3275/7/6 3272/7/6 3276/7/6
f 3277/18/6 3278/18/6 3281/18/6
f 3281/18/6 3278/18/6 3282/18/6
f 3279/19/6 3280/19/6 3285/19/6
f 3285/19/6 3280/19/6 3286/19/6
f 3283/18/6 3284/18/6 3291/18/6
f 3291/18/6 3284/18/6 3292/18/6
f 3287/21/6 3288/21/6 3293/21/6
f 3293/21/6 3288/21/6 3294/21/6
f 3289/7/6 3290/7/6 3295/7/6
f 3294/21/6 3295/21/6 3296/21/6
f 3295/7/6 3290/7/6 3297/7/6
f 3296/21/6 3295/21/6 3297/21/6
f 3297/7/6 3290/7/6 3298/7/6
f 3296/18/6 3297/18/6 3303/18/6
f 3303/18/6 3297/18/6 3304/18/6
f 3298/5/6 3299/5/6 3305/5/6
f 3299/7/6 3300/7/6 3306/7/6
f 3305/5/6 3299/5/6 3306/5/6
f 3306/7/6 3300/7/6 3307/7/6
f 3301/7/6 3302/7/6 3308/7/6
f 3308/7/6 3302/7/6 3309/7/6
f 3310/18/6 3311/18/6 3312/18/6
f 3312/18/6 3311/18/6 3313/18/6
f 3314/19/6 3315/19/6 3316/19/6
f 3316/19/6 3315/19/6 3317/19/6
f 3318/19/6 3319/19/6 3320/19/6
f 3320/19/6 3319/19/6 3321/19/6
f 3322/7/6 3323/7/6 3325/7/6
f 3325/7/6 3323/7/6 3326/7/6
f 3324/7/6 3325/7/6 3328/7/6
f 3326/7/6 3327/7/6 3328/7/6
f 3325/7/6 3326/7/6 3328/7/6
f 3328/7/6 3327/7/6 3329/7/6
f 3329/7/6 3327/7/6 3330/7/6
f 3330/7/6 3327/7/6 3331/7/6
f 3329/7/6 3330/7/6 3332/7/6
f 3332/7/6 3330/7/6 3333/7/6
f 3334/18/6 3335/18/6 3336/18/6
f 3336/18/6 3335/18/6 3337/18/6
f 3338/30/6 3339/30/6 3341/30/6
f 3341/30/6 3339/30/6 3342/30/6
f 3340/30/6 3341/30/6 3344/30/6
f 3341/12/6 3342/12/6 3345/12/6
f 3344/30/6 3341/30/6 3345/30/6
f 3342/30/6 3343/30/6 3346/30/6
f 3345/12/6 3342/12/6 3346/12/6
f 3346/30/6 3343/30/6 3347/30/6
f 3345/30/6 3346/30/6 3348/30/6
f 3348/30/6 3346/30/6 3349/30/6
f 3350/6/6 3351/6/6 3354/6/6
f 3354/6/6 3351/6/6 3355/6/6
f 3352/6/6 3353/6/6 3356/6/6
f 3356/6/6 3353/6/6 3357/6/6
f 3358/6/6 3359/6/6 3362/6/6
f 3362/6/6 3359/6/6 3363/6/6
f 3360/6/6 3361/6/6 3364/6/6
f 3364/6/6 3361/6/6 3365/6/6
f 3366/28/6 3367/28/6 3369/28/6
f 3369/28/6 3367/28/6 3370/28/6
f 3368/28/6 3369/28/6 3372/28/6
f 3369/12/6 3370/12/6 3373/12/6
f 3372/28/6 3369/28/6 3373/28/6
f 3370/28/6 3371/28/6 3374/28/6
f 3373/12/6 3370/12/6 3374/12/6
f 3374/28/6 3371/28/6 3375/28/6
f 3373/28/6 3374/28/6 3376/28/6
f 3376/28/6 3374/28/6 3377/28/6
f 3378/28/6 3379/28/6 3381/28/6
f 3381/28/6 3379/28/6 3382/28/6
f 3380/28/6 3381/28/6 3384/28/6
f 3381/12/6 3382/12/6 3385/12/6
f 3384/28/6 3381/28/6 3385/28/6
f 3382/28/6 3383/28/6 3386/28/6
f 3385/12/6 3382/12/6 3386/12/6
f 3386/28/6 3383/28/6 3387/28/6
f 3385/28/6 3386/28/6 3388/28/6
f 3388/28/6 3386/28/6 3389/28/6
f 3390/27/6 3391/27/6 3393/27/6
f 3393/27/6 3391/27/6 3394/27/6
f 3392/27/6 3393/27/6 3398/27/6
f 3393/32/6 3394/32/6 3399/32/6
f 3398/27/6 3393/27/6 3399/27/6
f 3394/27/6 3395/27/6 3400/27/6
f 3399/32/6 3394/32/6 3400/32/6
f 3400/27/6 3395/27/6 3401/27/6
f 3396/11/6 3397/11/6 3403/11/6
f 3403/11/6 3397/11/6 3404/11/6
f 3399/27/6 3400/27/6 3406/27/6
f 3406/27/6 3400/27/6 3407/27/6
f 3402/11/6 3403/11/6 3408/11/6
f 3403/12/6 3404/12/6 3409/12/6
f 3408/11/6 3403/11/6 3409/11/6
f 3404/11/6 3405/11/6 3410/11/6
f 3409/12/6 3404/12/6 3410/12/6
f 3410/11/6 3405/11/6 3411/11/6
f 3409/11/6 3410/11/6 3412/11/6
f 3412/11/6 3410/11/6 3413/11/6
f 3414/6/6 3415/6/6 3418/6/6
f 3418/6/6 3415/6/6 3419/6/6
f 3416/6/6 3417/6/6 3420/6/6
f 3420/6/6 3417/6/6 3421/6/6
f 3422/6/6 3423/6/6 3426/6/6
f 3426/6/6 3423/6/6 3427/6/6
f 3424/6/6 3425/6/6 3428/6/6
f 3428/6/6 3425/6/6 3429/6/6
f 3430/7/6 3431/7/6 3434/7/6
f 3434/7/6 3431/7/6 3435/7/6
f 3432/2/6 3433/2/6 3436/2/6
f 3436/2/6 3433/2/6 3437/2/6
f 3438/4/6 3439/4/6 3440/4/6
f 3440/4/6 3439/4/6 3441/4/6
f 3440/7/6 3441/7/6 3442/7/6
f 3442/7/6 3441/7/6 3443/7/6
f 3444/7/6 3445/7/6 3446/7/6
f 3446/7/6 3445/7/6 3447/7/6
f 3448/1/6 3449/1/6 3455/1/6
f 3449/11/6 3450/11/6 3456/11/6
f 3455/1/6 3449/1/6 3456/1/6
f 3456/11/6 3450/11/6 3457/11/6
f 3451/1/6 3452/1/6 3460/1/6
f 3452/3/6 3453/3/6 3461/3/6
f 3460/1/6 3452/1/6 3461/1/6
f 3461/3/6 3453/3/6 3462/3/6
f 3454/11/6 3455/11/6 3464/11/6
f 3457/11/6 3458/11/6 3465/11/6
f 3459/1/6 3460/1/6 3466/1/6
f 3466/1/6 3460/1/6 3467/1/6
f 3454/11/6 3464/11/6 3468/11/6
f 3468/11/6 3464/11/6 3469/11/6
f 3465/11/6 3458/11/6 3471/11/6
f 3471/11/6 3458/11/6 3472/11/6
f 3466/3/6 3467/3/6 3473/3/6
f 3473/3/6 3467/3/6 3474/3/6
f 3462/1/6 3463/1/6 3476/1/6
f 3476/1/6 3463/1/6 3477/1/6
f 3469/1/6 3470/1/6 3478/1/6
f 3470/11/6 3471/11/6 3479/11/6
f 3478/1/6 3470/1/6 3479/1/6
f 3479/11/6 3471/11/6 3480/11/6
f 3474/1/6 3475/1/6 3481/1/6
f 3475/1/6 3476/1/6 3481/1/6
f 3481/1/6 3476/1/6 3482/1/6
f 3483/6/6 3484/6/6 3487/6/6
f 3487/6/6 3484/6/6 3488/6/6
f 3485/6/6 3486/6/6 3489/6/6
f 3489/6/6 3486/6/6 3490/6/6
f 3491/1/6 3492/1/6 3495/1/6
f 3492/3/6 3493/3/6 3496/3/6
f 3495/1/6 3492/1/6 3496/1/6
f 3496/3/6 3493/3/6 3497/3/6
f 3494/3/6 3495/3/6 3499/3/6
f 3497/3/6 3498/3/6 3500/3/6
f 3494/3/6 3499/3/6 3501/3/6
f 3501/3/6 3499/3/6 3502/3/6
f 3500/3/6 3498/3/6 3504/3/6
f 3504/3/6 3498/3/6 3505/3/6
f 3502/1/6 3503/1/6 3506/1/6
f 3503/3/6 3504/3/6 3507/3/6
f 3506/1/6 3503/1/6 3507/1/6
f 3507/3/6 3504/3/6 3508/3/6
f 3509/11/6 3510/11/6 3513/11/6
f 3513/11/6 3510/11/6 3514/11/6
f 3514/11/6 3510/11/6 3515/11/6
f 3511/1/6 3512/1/6 3516/1/6
f 3516/1/6 3512/1/6 3517/1/6
f 3513/3/6 3514/3/6 3518/3/6
f 3514/1/6 3515/1/6 3519/1/6
f 3518/3/6 3514/3/6 3519/3/6
f 3519/1/6 3515/1/6 3520/1/6
f 3516/3/6 3517/3/6 3521/3/6
f 3517/1/6 3512/1/6 3522/1/6
f 3521/3/6 3517/3/6 3522/3/6
f 3522/1/6 3512/1/6 3523/1/6
f 3524/11/6 3525/11/6 3527/11/6
f 3525/3/6 3526/3/6 3528/3/6
f 3527/11/6 3525/11/6 3528/11/6
f 3528/3/6 3526/3/6 3529/3/6
f 3527/3/6 3528/3/6 3530/3/6
f 3528/1/6 3529/1/6 3531/1/6
f 3530/3/6 3528/3/6 3531/3/6
f 3531/1/6 3529/1/6 3532/1/6
f 3533/26/6 3534/26/6 3535/26/6
f 3535/26/6 3534/26/6 3536/26/6
f 3533/26/6 3535/26/6 3537/26/6
f 3536/26/6 3534/26/6 3538/26/6
f 3533/26/6 3537/26/6 3539/26/6
f 3537/26/6 3538/26/6 3539/26/6
f 3538/26/6 3534/26/6 3540/26/6
f 3539/26/6 3538/26/6 3540/26/6
f 3541/26/6 3542/26/6 3543/26/6
f 3543/26/6 3542/26/6 3544/26/6
f 3541/26/6 3543/26/6 3545/26/6
f 3545/26/6 3543/26/6 3546/26/6
f 3547/26/6 3548/26/6 3549/26/6
f 3544/26/6 3542/26/6 3550/26/6
f 3547/26/6 3549/26/6 3551/26/6
f 3549/26/6 3550/26/6 3551/26/6
f 3550/26/6 3542/26/6 3552/26/6
f 3551/26/6 3550/26/6 3552/26/6
f 3553/26/6 3554/26/6 3555/26/6
f 3555/26/6 3554/26/6 3556/26/6
f 3557/26/6 3558/26/6 3559/26/6
f 3559/26/6 3558/26/6 3560/26/6
f 3561/26/6 3562/26/6 3563/26/6
f 3563/26/6 3562/26/6 3564/26/6
f 3565/26/6 3566/26/6 3567/26/6
f 3567/26/6 3566/26/6 3568/26/6
f 3569/26/6 3570/26/6 3571/26/6
f 3571/26/6 3570/26/6 3572/26/6
f 3573/26/6 3574/26/6 3575/26/6
f 3575/26/6 3574/26/6 3576/26/6
f 3577/26/6 3578/26/6 3579/26/6
f 3579/26/6 3578/26/6 3580/26/6
f 3581/26/6 3582/26/6 3583/26/6
f 3583/26/6 3582/26/6 3584/26/6
