<?xml version="1.0"?>
<COLLADA xmlns="http://www.collada.org/2005/11/COLLADASchema" version="1.4.1">
	<asset>
		<contributor>
			<author>Assimp</author>
			<authoring_tool>Assimp Exporter</authoring_tool>
		</contributor>
		<created>2026-09-09T17:29:52</created>
		<modified>2026-09-09T17:29:52</modified>
		<unit name="meter" meter="0.010000" />
		<up_axis>Y_UP</up_axis>
	</asset>
	<library_effects>
		<effect id="openPBR_shader1-fx" name="openPBR_shader1">
			<profile_COMMON>
				<technique sid="standard">
					<phong>
						<diffuse>
							<color sid="diffuse">0.400000   0.400000   0.400000   1.000000</color>
						</diffuse>
					</phong>
				</technique>
			</profile_COMMON>
		</effect>
	</library_effects>
	<library_materials>
		<material id="openPBR_shader1" name="openPBR_shader1">
			<instance_effect url="#openPBR_shader1-fx"/>
		</material>
	</library_materials>
	<library_geometries>
		<geometry id="meshId0" name="meshId0_name" >
			<mesh>
				<source id="meshId0-positions" name="meshId0-positions">
					<float_array id="meshId0-positions-array" count="966"> 
						39.798153 -42.900005 -12.931205 33.854332 -42.900005 -24.596596 19.787632 -1.245284 -14.376548 23.261755 -1.245278 -7.558205 24.596601 -42.900005 -33.854324 14.376555 -1.245278 -19.787634 24.596601 -42.900005 -33.854324 12.931205 -42.900005 -39.798138 7.558199 -1.245284 -23.261755 14.376555 -1.245278 -19.787634 0.000002 -42.900005 -41.846241 -0.000001 -1.245278 -24.458849 -12.931203 -42.900005 -39.798138 -7.558207 -1.245278 -23.261755 -24.596596 -42.900005 -33.854313 -14.376550 -1.245278 -19.787628 -24.596596 -42.900005 -33.854313 -33.854309 -42.900005 -24.596598 -19.787630 -1.245278 -14.376546 -14.376550 -1.245278 -19.787628 -39.798130 -42.900005 -12.931190 -23.261747 -1.245278 -7.558204 -41.846226 -42.900005 0.000002 -24.458853 -1.245278 -0.000001 -39.798130 -42.900005 12.931195 -23.261749 -1.245278 7.558200 -33.854305 -42.900005 24.596598 -19.787630 -1.245278 14.376543 -24.596594 -42.900005 33.854305 -14.376545 -1.245278 19.787626 -24.596594 -42.900005 33.854305 -12.931194 -42.900005 39.798130 -7.558203 -1.245278 23.261747 -14.376545 -1.245278 19.787626 0.000001 -42.900005 41.846230 -0.000001 -1.245278 24.458845 12.931194 -42.900005 39.798130 7.558197 -1.245278 23.261747 24.596588 -42.900005 33.854305 14.376542 -1.245278 19.787626 24.596588 -42.900005 33.854305 33.854301 -42.900005 24.596590 19.787622 -1.245284 14.376545 14.376542 -1.245278 19.787626 39.798122 -42.900005 12.931200 23.261740 -1.245278 7.558199 41.846218 -42.900005 0.000003 24.458843 -1.245284 -0.000001 33.854332 -42.900005 -24.596596 39.798153 -42.900005 -12.931205 0.000000 -42.900005 0.000000 24.596601 -42.900005 -33.854324 12.931205 -42.900005 -39.798138 0.000002 -42.900005 -41.846241 -12.931203 -42.900005 -39.798138 -24.596596 -42.900005 -33.854313 -33.854309 -42.900005 -24.596598 -39.798130 -42.900005 -12.931190 -41.846226 -42.900005 0.000002 -39.798130 -42.900005 12.931195 -33.854305 -42.900005 24.596598 -24.596594 -42.900005 33.854305 -12.931194 -42.900005 39.798130 0.000001 -42.900005 41.846230 
						12.931194 -42.900005 39.798130 24.596588 -42.900005 33.854305 33.854301 -42.900005 24.596590 39.798122 -42.900005 12.931200 41.846218 -42.900005 0.000003 23.254499 8.490359 -0.000006 22.116354 8.490359 -7.186046 28.984255 42.397999 -9.417558 30.475832 42.397999 0.000000 22.116335 8.490359 7.186042 28.984240 42.397999 9.417551 18.813292 8.490359 13.668644 24.655462 42.397999 17.913246 13.668643 8.490359 18.813295 17.913244 42.397999 24.655466 7.186036 8.490359 22.116344 13.668643 8.490359 18.813295 17.913244 42.397999 24.655466 9.417550 42.397999 28.984241 -0.000002 8.490359 23.254501 -0.000001 42.397999 30.475838 -7.186042 8.490359 22.116344 -9.417552 42.397999 28.984241 -13.668649 8.490359 18.813295 -17.913248 42.397999 24.655470 -18.813295 8.490359 13.668649 -13.668649 8.490359 18.813295 -17.913248 42.397999 24.655470 -24.655470 42.397999 17.913248 -22.116348 8.490359 7.186037 -28.984243 42.397999 9.417552 -23.254505 8.490359 -0.000001 -30.475838 42.397999 0.000000 -22.116348 8.490359 -7.186041 -28.984243 42.397999 -9.417552 -18.813297 8.490359 -13.668649 -24.655472 42.397999 -17.913246 -13.668651 8.490359 -18.813301 -17.913252 42.397999 -24.655476 -7.186045 8.490359 -22.116358 -13.668651 8.490359 -18.813301 -17.913252 42.397999 -24.655476 -9.417555 42.397999 -28.984249 -0.000001 8.490359 -23.254513 0.000000 42.397999 -30.475845 7.186039 8.490359 -22.116354 9.417553 42.397999 -28.984255 13.668659 8.490359 -18.813303 17.913256 42.397999 -24.655478 18.813303 8.490359 -13.668651 13.668659 8.490359 -18.813303 17.913256 42.397999 -24.655478 24.655481 42.397999 -17.913256 22.635723 3.772873 -0.000001 21.527864 3.772873 -6.994832 21.527849 3.772873 6.994824 18.312689 3.772873 13.304942 13.304935 3.772873 18.312693 6.994824 3.772873 21.527857 13.304935 3.772873 18.312693 -0.000002 3.772873 22.635725 -6.994829 3.772873 21.527855 -13.304940 3.772873 18.312693 -18.312696 3.772873 13.304942 
						-13.304940 3.772873 18.312693 -21.527859 3.772873 6.994825 -22.635731 3.772873 -0.000001 -21.527859 3.772873 -6.994829 -18.312696 3.772873 -13.304942 -13.304947 3.772873 -18.312696 -6.994832 3.772873 -21.527861 -13.304947 3.772873 -18.312696 -0.000001 3.772873 -22.635736 6.994826 3.772873 -21.527861 13.304952 3.772873 -18.312700 18.312700 3.772873 -13.304948 13.304952 3.772873 -18.312700 39.222744 -42.500004 -12.744236 22.903416 -1.392282 -7.441775 19.482811 -1.392282 -14.155084 33.364853 -42.500004 -24.240974 14.155091 -1.392282 -19.482815 24.240984 -42.500004 -33.364845 24.240984 -42.500004 -33.364845 14.155091 -1.392282 -19.482815 7.441769 -1.392282 -22.903416 12.744239 -42.500004 -39.222729 -0.000001 -1.392282 -24.082071 0.000002 -42.500004 -41.241219 -7.441775 -1.392282 -22.903416 -12.744234 -42.500004 -39.222729 -14.155084 -1.392282 -19.482807 -24.240976 -42.500004 -33.364838 -24.240976 -42.500004 -33.364838 -14.155084 -1.392282 -19.482807 -19.482809 -1.392282 -14.155081 -33.364834 -42.500004 -24.240974 -22.903410 -1.392282 -7.441770 -39.222721 -42.500004 -12.744231 -24.082073 -1.392282 -0.000001 -41.241207 -42.500004 0.000002 -22.903410 -1.392282 7.441768 -39.222721 -42.500004 12.744234 -19.482809 -1.392282 14.155079 -33.364834 -42.500004 24.240974 -14.155079 -1.392282 19.482805 -24.240971 -42.500004 33.364834 -24.240971 -42.500004 33.364834 -14.155079 -1.392282 19.482805 -7.441772 -1.392282 22.903408 -12.744232 -42.500004 39.222721 -0.000001 -1.392282 24.082066 0.000001 -42.500004 41.241207 7.441767 -1.392282 22.903408 12.744229 -42.500004 39.222721 14.155076 -1.392282 19.482805 24.240969 -42.500004 33.364830 24.240969 -42.500004 33.364830 14.155076 -1.392282 19.482805 19.482801 -1.392282 14.155079 33.364826 -42.500004 24.240971 22.903400 -1.392282 7.441768 39.222713 -42.500004 12.744232 24.082066 -1.392282 -0.000001 41.241199 -42.500004 0.000002 33.364853 -42.500004 -24.240974 0.000000 -42.500004 0.000000 39.222744 -42.500004 -12.744236 
						24.240984 -42.500004 -33.364845 12.744239 -42.500004 -39.222729 0.000002 -42.500004 -41.241219 -12.744234 -42.500004 -39.222729 -24.240976 -42.500004 -33.364838 -33.364834 -42.500004 -24.240974 -39.222721 -42.500004 -12.744231 -41.241207 -42.500004 0.000002 -39.222721 -42.500004 12.744234 -33.364834 -42.500004 24.240974 -24.240971 -42.500004 33.364834 -12.744232 -42.500004 39.222721 0.000001 -42.500004 41.241207 12.744229 -42.500004 39.222721 24.240969 -42.500004 33.364830 33.364826 -42.500004 24.240971 39.222713 -42.500004 12.744232 41.241199 -42.500004 0.000002 21.228037 8.499999 -0.000001 30.084229 42.500004 0.000000 28.611818 42.500004 -9.296543 20.189072 8.499999 -6.559833 20.189060 8.499999 6.559827 28.611803 42.500004 9.296539 17.173847 8.499999 12.477524 24.338648 42.500004 17.683067 12.477521 8.499999 17.173851 17.683065 42.500004 24.338652 6.559826 8.499999 20.189066 9.296535 42.500004 28.611805 17.683065 42.500004 24.338652 12.477521 8.499999 17.173851 -0.000002 8.499999 21.228039 -0.000001 42.500004 30.084232 -6.559831 8.499999 20.189066 -9.296539 42.500004 28.611805 -12.477523 8.499999 17.173851 -17.683067 42.500004 24.338655 -17.173855 8.499999 12.477524 -24.338655 42.500004 17.683069 -17.683067 42.500004 24.338655 -12.477523 8.499999 17.173851 -20.189068 8.499999 6.559827 -28.611807 42.500004 9.296539 -21.228045 8.499999 -0.000001 -30.084236 42.500004 0.000000 -20.189068 8.499999 -6.559831 -28.611807 42.500004 -9.296540 -17.173855 8.499999 -12.477526 -24.338657 42.500004 -17.683069 -12.477529 8.499999 -17.173857 -17.683073 42.500004 -24.338657 -6.559834 8.499999 -20.189075 -9.296542 42.500004 -28.611813 -17.683073 42.500004 -24.338657 -12.477529 8.499999 -17.173857 -0.000001 8.499999 -21.228048 0.000000 42.500004 -30.084238 6.559826 8.499999 -20.189075 9.296542 42.500004 -28.611814 12.477534 8.499999 -17.173859 17.683077 42.500004 -24.338663 17.173859 8.499999 -12.477529 24.338667 42.500004 -17.683077 
						17.683077 42.500004 -24.338663 12.477534 8.499999 -17.173859 22.245689 3.661578 -0.000001 21.156918 3.661578 -6.874304 21.156904 3.661578 6.874297 17.997141 3.661578 13.075685 13.075682 3.661578 17.997147 6.874297 3.661578 21.156910 13.075682 3.661578 17.997147 -0.000002 3.661578 22.245691 -6.874302 3.661578 21.156910 -13.075685 3.661578 17.997149 -17.997150 3.661578 13.075685 -13.075685 3.661578 17.997149 -21.156912 3.661578 6.874297 -22.245695 3.661578 -0.000001 -21.156912 3.661578 -6.874301 -17.997150 3.661578 -13.075685 -13.075689 3.661578 -17.997150 -6.874304 3.661578 -21.156918 -13.075689 3.661578 -17.997150 -0.000001 3.661578 -22.245699 6.874298 3.661578 -21.156918 13.075697 3.661578 -17.997156 17.997154 3.661578 -13.075690 13.075697 3.661578 -17.997156 28.611818 42.500004 -9.296543 30.084229 42.500004 0.000000 30.475832 42.397999 0.000000 28.984255 42.397999 -9.417558 28.611803 42.500004 9.296539 28.984240 42.397999 9.417551 24.338648 42.500004 17.683067 24.655462 42.397999 17.913246 17.683065 42.500004 24.338652 17.913244 42.397999 24.655466 9.296535 42.500004 28.611805 9.417550 42.397999 28.984241 -0.000001 42.500004 30.084232 -0.000001 42.397999 30.475838 -9.296539 42.500004 28.611805 -9.417552 42.397999 28.984241 -17.683067 42.500004 24.338655 -17.913248 42.397999 24.655470 -24.338655 42.500004 17.683069 -24.655470 42.397999 17.913248 -28.611807 42.500004 9.296539 -28.984243 42.397999 9.417552 -30.084236 42.500004 0.000000 -30.475838 42.397999 0.000000 -28.611807 42.500004 -9.296540 -28.984243 42.397999 -9.417552 -24.338657 42.500004 -17.683069 -24.655472 42.397999 -17.913246 -17.683073 42.500004 -24.338657 -17.913252 42.397999 -24.655476 -9.296542 42.500004 -28.611813 -9.417555 42.397999 -28.984249 0.000000 42.500004 -30.084238 0.000000 42.397999 -30.475845 9.296542 42.500004 -28.611814 9.417553 42.397999 -28.984255 17.683077 42.500004 -24.338663 17.913256 42.397999 -24.655478 
						24.338667 42.500004 -17.683077 24.655481 42.397999 -17.913256 
					</float_array>
					<technique_common>
						<accessor count="322" offset="0" source="#meshId0-positions-array" stride="3">
							<param name="X" type="float" />
							<param name="Y" type="float" />
							<param name="Z" type="float" />
						</accessor>
					</technique_common>
				</source>
				<source id="meshId0-normals" name="meshId0-normals">
					<float_array id="meshId0-normals-array" count="966"> 
						0.877665 0.385205 -0.285169 0.746586 0.385205 -0.542427 0.747642 0.382063 -0.543194 0.878906 0.382063 -0.285573 0.542427 0.385205 -0.746586 0.543194 0.382063 -0.747642 0.542427 0.385205 -0.746586 0.285170 0.385205 -0.877664 0.285573 0.382063 -0.878906 0.543194 0.382063 -0.747642 0.000000 0.385205 -0.922831 -0.000000 0.382063 -0.924136 -0.285170 0.385205 -0.877664 -0.285574 0.382063 -0.878906 -0.542427 0.385205 -0.746586 -0.543194 0.382063 -0.747642 -0.542427 0.385205 -0.746586 -0.746586 0.385205 -0.542426 -0.747642 0.382063 -0.543194 -0.543194 0.382063 -0.747642 -0.877664 0.385205 -0.285170 -0.878906 0.382063 -0.285574 -0.922831 0.385205 -0.000000 -0.924136 0.382063 -0.000000 -0.877664 0.385205 0.285170 -0.878906 0.382063 0.285574 -0.746586 0.385205 0.542427 -0.747642 0.382063 0.543194 -0.542427 0.385205 0.746586 -0.543194 0.382063 0.747642 -0.542427 0.385205 0.746586 -0.285171 0.385205 0.877664 -0.285574 0.382063 0.878906 -0.543194 0.382063 0.747642 0.000000 0.385205 0.922831 -0.000000 0.382063 0.924136 0.285171 0.385205 0.877664 0.285574 0.382063 0.878906 0.542427 0.385205 0.746586 0.543194 0.382063 0.747642 0.542427 0.385205 0.746586 0.746586 0.385205 0.542427 0.747642 0.382063 0.543194 0.543194 0.382063 0.747642 0.877664 0.385205 0.285170 0.878906 0.382063 0.285574 0.922831 0.385205 0.000001 0.924136 0.382063 0.000001 0.000000 -1.000000 -0.000000 0.000000 -1.000000 -0.000000 0.000000 -1.000000 -0.000000 0.000000 -1.000000 0.000000 0.000000 -1.000000 -0.000000 0.000000 -1.000000 0.000000 0.000000 -1.000000 -0.000000 0.000000 -1.000000 -0.000000 0.000000 -1.000000 -0.000000 0.000000 -1.000000 -0.000000 0.000000 -1.000000 0.000000 0.000000 -1.000000 0.000000 0.000000 -1.000000 0.000000 0.000000 -1.000000 0.000000 0.000000 -1.000000 -0.000000 0.000000 -1.000000 -0.000000 
						0.000000 -1.000000 0.000000 0.000000 -1.000000 0.000000 0.000000 -1.000000 -0.000000 0.000000 -1.000000 0.000000 0.000000 -1.000000 0.000000 0.979716 -0.200391 0.000001 0.931766 -0.200391 -0.302748 0.930196 -0.208299 -0.302238 0.978065 -0.208299 0.000001 0.931765 -0.200391 0.302749 0.930195 -0.208299 0.302239 0.792607 -0.200391 0.575863 0.791271 -0.208299 0.574892 0.575863 -0.200391 0.792607 0.574893 -0.208299 0.791271 0.302749 -0.200391 0.931765 0.575863 -0.200391 0.792607 0.574893 -0.208299 0.791271 0.302239 -0.208299 0.930195 0.000000 -0.200391 0.979716 0.000000 -0.208299 0.978065 -0.302749 -0.200391 0.931765 -0.302239 -0.208299 0.930195 -0.575863 -0.200391 0.792607 -0.574892 -0.208299 0.791271 -0.792607 -0.200391 0.575863 -0.575863 -0.200391 0.792607 -0.574892 -0.208299 0.791271 -0.791271 -0.208299 0.574892 -0.931765 -0.200391 0.302749 -0.930195 -0.208299 0.302239 -0.979716 -0.200391 -0.000000 -0.978065 -0.208299 -0.000000 -0.931765 -0.200391 -0.302749 -0.930195 -0.208299 -0.302239 -0.792607 -0.200391 -0.575862 -0.791271 -0.208299 -0.574892 -0.575863 -0.200391 -0.792607 -0.574893 -0.208299 -0.791271 -0.302749 -0.200391 -0.931765 -0.575863 -0.200391 -0.792607 -0.574893 -0.208299 -0.791271 -0.302239 -0.208299 -0.930195 -0.000000 -0.200391 -0.979716 -0.000000 -0.208299 -0.978065 0.302749 -0.200391 -0.931765 0.302238 -0.208299 -0.930195 0.575863 -0.200391 -0.792607 0.574892 -0.208299 -0.791271 0.792607 -0.200391 -0.575863 0.575863 -0.200391 -0.792607 0.574892 -0.208299 -0.791271 0.791271 -0.208299 -0.574892 0.991726 0.128370 0.000001 0.943188 0.128370 -0.306459 0.943188 0.128370 0.306460 0.802323 0.128370 0.582922 0.582922 0.128370 0.802323 0.306460 0.128371 0.943188 0.582922 0.128370 0.802323 -0.000000 0.128371 0.991726 -0.306460 0.128371 0.943188 -0.582922 0.128370 0.802323 -0.802323 0.128370 0.582922 
						-0.582922 0.128370 0.802323 -0.943188 0.128371 0.306460 -0.991726 0.128371 -0.000000 -0.943188 0.128370 -0.306460 -0.802323 0.128370 -0.582922 -0.582923 0.128370 -0.802323 -0.306460 0.128370 -0.943188 -0.582923 0.128370 -0.802323 0.000000 0.128370 -0.991726 0.306460 0.128370 -0.943188 0.582922 0.128370 -0.802324 0.802324 0.128370 -0.582922 0.582922 0.128370 -0.802324 -0.877664 -0.385207 0.285169 -0.878926 -0.382013 0.285579 -0.747659 -0.382013 0.543206 -0.746585 -0.385207 0.542426 -0.543206 -0.382013 0.747659 -0.542426 -0.385207 0.746585 -0.542426 -0.385207 0.746585 -0.543206 -0.382013 0.747659 -0.285580 -0.382013 0.878926 -0.285170 -0.385207 0.877664 0.000000 -0.382013 0.924157 0.000000 -0.385207 0.922830 0.285581 -0.382013 0.878926 0.285170 -0.385207 0.877664 0.543206 -0.382012 0.747659 0.542426 -0.385207 0.746585 0.542426 -0.385207 0.746585 0.543206 -0.382012 0.747659 0.747659 -0.382012 0.543206 0.746585 -0.385207 0.542426 0.878926 -0.382012 0.285580 0.877664 -0.385207 0.285170 0.924157 -0.382013 0.000000 0.922830 -0.385207 -0.000000 0.878926 -0.382012 -0.285580 0.877664 -0.385207 -0.285170 0.747659 -0.382012 -0.543206 0.746585 -0.385207 -0.542426 0.543206 -0.382012 -0.747659 0.542426 -0.385207 -0.746585 0.542426 -0.385207 -0.746585 0.543206 -0.382012 -0.747659 0.285580 -0.382012 -0.878926 0.285170 -0.385207 -0.877664 -0.000000 -0.382012 -0.924157 -0.000000 -0.385207 -0.922830 -0.285580 -0.382013 -0.878926 -0.285170 -0.385207 -0.877664 -0.543206 -0.382012 -0.747659 -0.542426 -0.385207 -0.746585 -0.542426 -0.385207 -0.746585 -0.543206 -0.382012 -0.747659 -0.747659 -0.382012 -0.543206 -0.746585 -0.385207 -0.542426 -0.878926 -0.382012 -0.285580 -0.877664 -0.385207 -0.285170 -0.924157 -0.382013 -0.000001 -0.922830 -0.385207 -0.000001 0.000000 1.000000 0.000000 0.000000 1.000000 -0.000000 0.000000 1.000000 0.000000 
						0.000000 1.000000 0.000000 0.000000 1.000000 -0.000000 0.000000 1.000000 0.000000 0.000000 1.000000 -0.000000 0.000000 1.000000 0.000000 0.000000 1.000000 -0.000000 0.000000 1.000000 -0.000000 0.000000 1.000000 0.000000 0.000000 1.000000 0.000000 0.000000 1.000000 0.000000 0.000000 1.000000 -0.000000 0.000000 1.000000 -0.000000 0.000000 1.000000 0.000000 0.000000 1.000000 0.000000 0.000000 1.000000 -0.000000 0.000000 1.000000 -0.000000 0.000000 1.000000 0.000000 0.000000 1.000000 0.000000 -0.978649 0.205539 -0.000001 -0.967710 0.252066 -0.000001 -0.920347 0.252066 0.299038 -0.930751 0.205539 0.302418 -0.930750 0.205539 -0.302419 -0.920347 0.252065 -0.299039 -0.791743 0.205539 -0.575235 -0.782894 0.252065 -0.568806 -0.575236 0.205539 -0.791744 -0.568806 0.252065 -0.782894 -0.302419 0.205539 -0.930750 -0.299039 0.252065 -0.920347 -0.568806 0.252065 -0.782894 -0.575236 0.205539 -0.791744 0.000000 0.205539 -0.978649 0.000000 0.252065 -0.967710 0.302419 0.205539 -0.930750 0.299039 0.252065 -0.920347 0.575235 0.205539 -0.791744 0.568806 0.252065 -0.782894 0.791744 0.205539 -0.575236 0.782894 0.252065 -0.568806 0.568806 0.252065 -0.782894 0.575235 0.205539 -0.791744 0.930750 0.205539 -0.302419 0.920347 0.252065 -0.299039 0.978649 0.205539 -0.000000 0.967710 0.252066 -0.000000 0.930750 0.205539 0.302419 0.920347 0.252065 0.299039 0.791744 0.205539 0.575235 0.782894 0.252065 0.568806 0.575236 0.205539 0.791743 0.568806 0.252066 0.782894 0.302419 0.205539 0.930750 0.299039 0.252065 0.920347 0.568806 0.252066 0.782894 0.575236 0.205539 0.791743 0.000000 0.205539 0.978649 0.000000 0.252065 0.967710 -0.302419 0.205539 0.930750 -0.299039 0.252065 0.920347 -0.575235 0.205539 0.791744 -0.568806 0.252065 0.782894 -0.791744 0.205539 0.575235 -0.782894 0.252066 0.568806 
						-0.568806 0.252065 0.782894 -0.575235 0.205539 0.791744 -0.959655 -0.281181 -0.000001 -0.912686 -0.281181 0.296549 -0.912686 -0.281181 -0.296550 -0.776377 -0.281181 -0.564071 -0.564071 -0.281181 -0.776377 -0.296549 -0.281181 -0.912686 -0.564071 -0.281181 -0.776377 0.000000 -0.281181 -0.959655 0.296549 -0.281181 -0.912686 0.564071 -0.281181 -0.776377 0.776377 -0.281181 -0.564071 0.564071 -0.281181 -0.776377 0.912686 -0.281181 -0.296549 0.959655 -0.281181 0.000000 0.912686 -0.281181 0.296549 0.776377 -0.281181 0.564071 0.564071 -0.281181 0.776376 0.296550 -0.281181 0.912686 0.564071 -0.281181 0.776376 0.000000 -0.281181 0.959655 -0.296549 -0.281181 0.912686 -0.564071 -0.281181 0.776377 -0.776377 -0.281181 0.564071 -0.564071 -0.281181 0.776377 0.239732 0.967709 -0.077894 0.252070 0.967709 0.000001 0.252070 0.967709 0.000000 0.239732 0.967709 -0.077894 0.239732 0.967709 0.077894 0.239732 0.967709 0.077894 0.203928 0.967710 0.148158 0.203928 0.967710 0.148158 0.148162 0.967710 0.203924 0.148162 0.967710 0.203924 0.077893 0.967709 0.239733 0.077893 0.967709 0.239733 -0.000000 0.967709 0.252070 -0.000000 0.967709 0.252070 -0.077893 0.967710 0.239730 -0.077893 0.967710 0.239730 -0.148162 0.967710 0.203925 -0.148162 0.967710 0.203925 -0.203928 0.967709 0.148162 -0.203928 0.967709 0.148162 -0.239733 0.967709 0.077894 -0.239733 0.967709 0.077894 -0.252070 0.967709 -0.000000 -0.252070 0.967709 -0.000000 -0.239733 0.967709 -0.077895 -0.239733 0.967709 -0.077895 -0.203929 0.967709 -0.148163 -0.203929 0.967709 -0.148163 -0.148163 0.967709 -0.203929 -0.148163 0.967709 -0.203929 -0.077894 0.967709 -0.239732 -0.077894 0.967709 -0.239732 -0.000000 0.967709 -0.252068 -0.000000 0.967709 -0.252068 0.077893 0.967709 -0.239731 0.077893 0.967709 -0.239731 0.148162 0.967709 -0.203929 0.148162 0.967709 -0.203929 
						0.203928 0.967709 -0.148164 0.203928 0.967709 -0.148164 
					</float_array>
					<technique_common>
						<accessor count="322" offset="0" source="#meshId0-normals-array" stride="3">
							<param name="X" type="float" />
							<param name="Y" type="float" />
							<param name="Z" type="float" />
						</accessor>
					</technique_common>
				</source>
				<source id="meshId0-tangents" name="meshId0-tangents">
					<float_array id="meshId0-tangents-array" count="966"> 
						0.401961 -0.915657 0.000250 0.459657 -0.888094 0.001982 0.450316 -0.892832 -0.008179 0.397237 -0.917701 -0.005202 0.536969 -0.842426 -0.044524 0.521485 -0.851407 -0.056208 0.821304 -0.056198 0.567717 0.951057 0.000000 0.309017 0.951057 -0.000000 0.309016 0.821104 -0.055820 0.568042 1.000000 -0.000000 -0.000000 1.000000 -0.000000 -0.000000 0.951056 -0.000000 -0.309017 0.951056 -0.000000 -0.309017 0.821303 0.056198 -0.567717 0.821104 0.055820 -0.568042 0.536985 0.842417 0.044507 0.459669 0.888088 -0.002002 0.450326 0.892827 0.008161 0.521504 0.851397 0.056189 0.401967 0.915654 -0.000271 0.397242 0.917699 0.005183 0.385205 0.922831 -0.000047 0.382063 0.924136 -0.000048 0.401941 0.915666 0.000177 0.397216 0.917710 -0.005277 0.459616 0.888115 0.001911 0.450273 0.892853 -0.008254 0.536910 0.842461 -0.044584 0.521425 0.851440 -0.056268 0.821304 0.056198 0.567717 0.951056 -0.000000 0.309017 0.951056 0.000000 0.309017 0.821104 0.055820 0.568042 1.000000 0.000000 -0.000000 1.000000 0.000001 -0.000000 0.951056 0.000000 -0.309017 0.951056 0.000000 -0.309017 0.821303 -0.056198 -0.567717 0.821104 -0.055820 -0.568042 0.536926 -0.842451 0.044567 0.459628 -0.888110 -0.001931 0.450284 -0.892847 0.008234 0.521444 -0.851430 0.056250 0.401947 -0.915663 -0.000197 0.397223 -0.917707 0.005254 0.385205 -0.922831 0.000027 0.382063 -0.924136 0.000026 -0.707073 0.000000 -0.707141 -0.707073 0.000000 -0.707141 -0.707073 0.000000 -0.707141 -0.707073 -0.000000 -0.707141 -0.707072 0.000000 -0.707141 -0.707073 -0.000000 -0.707141 -0.707073 0.000000 -0.707141 -0.707073 0.000000 -0.707141 -0.707073 0.000000 -0.707141 -0.707073 0.000000 -0.707141 -0.707073 0.000000 -0.707141 -0.707073 0.000000 -0.707141 -0.707073 0.000000 -0.707141 -0.707073 0.000000 -0.707141 -0.707073 0.000000 -0.707140 -0.707072 0.000000 -0.707141 
						-0.707072 -0.000000 -0.707141 -0.707073 -0.000000 -0.707140 -0.707074 0.000000 -0.707140 -0.707073 0.000000 -0.707141 -0.707073 -0.000000 -0.707141 -0.200391 -0.979716 0.000028 -0.207377 -0.978217 0.009245 -0.218558 -0.975824 -0.000128 -0.208299 -0.978065 0.000028 -0.207396 -0.978214 -0.009185 -0.218576 -0.975820 0.000183 -0.233803 -0.972144 -0.016488 -0.255577 -0.966788 0.001478 -0.269091 -0.961933 -0.047695 -0.305896 -0.951645 -0.028271 0.951057 0.000000 -0.309017 0.812346 0.031079 -0.582347 0.812614 0.032250 -0.581909 0.951056 -0.000000 -0.309017 1.000000 0.000000 0.000000 1.000000 0.000000 -0.000000 0.951057 -0.000000 0.309017 0.951057 0.000000 0.309017 0.812346 -0.031079 0.582346 0.812614 -0.032250 0.581909 -0.233820 0.972140 0.016463 -0.269114 0.961928 0.047677 -0.305918 0.951639 0.028253 -0.255592 0.966784 -0.001499 -0.207402 0.978213 0.009165 -0.218582 0.975819 -0.000205 -0.200391 0.979716 -0.000050 -0.208299 0.978065 -0.000050 -0.207370 0.978219 -0.009268 -0.218551 0.975825 0.000105 -0.233750 0.972156 -0.016566 -0.255524 0.966802 0.001400 -0.269008 0.961953 -0.047760 -0.305816 0.951669 -0.028334 0.951057 -0.000000 -0.309017 0.812346 -0.031079 -0.582347 0.812614 -0.032250 -0.581910 0.951057 -0.000001 -0.309017 1.000000 0.000000 -0.000000 1.000000 0.000002 -0.000001 0.951057 -0.000000 0.309017 0.951057 0.000001 0.309016 0.812346 0.031080 0.582346 0.812614 0.032247 0.581910 -0.233764 -0.972152 0.016544 -0.269030 -0.961948 0.047743 -0.305839 -0.951662 0.028316 -0.255540 -0.966797 -0.001423 0.128370 -0.991726 0.000028 0.133094 -0.991088 -0.005527 0.133075 -0.991090 0.005585 0.149730 -0.988658 0.011635 0.170092 -0.984842 0.033994 0.951057 0.000000 -0.309017 0.810383 -0.020160 -0.585553 1.000000 0.000000 -0.000000 0.951057 0.000000 0.309017 0.810384 0.020159 0.585553 0.149713 0.988661 -0.011659 
						0.170071 0.984845 -0.034010 0.133068 0.991091 -0.005608 0.128371 0.991726 -0.000052 0.133101 0.991087 0.005506 0.149784 0.988651 0.011559 0.170175 0.984830 0.033931 0.951056 -0.000000 -0.309017 0.810383 0.020160 -0.585553 1.000000 0.000000 0.000000 0.951057 -0.000000 0.309016 0.810384 -0.020159 0.585553 0.149771 -0.988653 -0.011578 0.170150 -0.984833 -0.033950 -0.474180 0.784439 -0.399761 -0.471486 0.786323 -0.399245 -0.616632 0.703005 -0.354329 -0.619958 0.698634 -0.357160 -0.757704 0.606651 -0.240539 -0.762109 0.599569 -0.244352 0.675066 0.329121 0.660277 0.675952 0.329219 0.659321 0.802260 0.406385 0.437299 0.800707 0.407563 0.439045 0.877857 0.442600 0.182955 0.875993 0.445104 0.185795 0.889899 0.446100 -0.095255 0.888334 0.450071 -0.091101 0.805963 0.486782 -0.336848 0.805140 0.492073 -0.331080 -0.048510 -0.901561 -0.429923 -0.023904 -0.897170 -0.441038 -0.111007 -0.878363 -0.464925 -0.125832 -0.882368 -0.453424 -0.228972 -0.863193 -0.449966 -0.235992 -0.865207 -0.442408 -0.345079 -0.834809 -0.428969 -0.348555 -0.835025 -0.425725 -0.471485 -0.786336 -0.399221 -0.474179 -0.784451 -0.399739 -0.616627 -0.703017 -0.354314 -0.619952 -0.698649 -0.357141 -0.757698 -0.606663 -0.240528 -0.762100 -0.599585 -0.244338 0.675074 -0.329107 0.660276 0.675963 -0.329200 0.659319 0.802271 -0.406367 0.437295 0.800720 -0.407543 0.439040 0.877870 -0.442578 0.182945 0.876008 -0.445077 0.185784 0.889912 -0.446072 -0.095271 0.888345 -0.450047 -0.091115 0.805972 -0.486754 -0.336868 0.805147 -0.492051 -0.331096 -0.048475 0.901553 -0.429944 -0.023866 0.897160 -0.441060 -0.110979 0.878351 -0.464955 -0.125809 0.882358 -0.453450 -0.228959 0.863183 -0.449991 -0.235979 0.865197 -0.442434 -0.345074 0.834798 -0.428995 -0.348551 0.835015 -0.425750 1.000000 -0.000000 0.000004 1.000000 -0.000000 -0.000000 1.000000 -0.000000 0.000000 
						1.000000 0.000000 -0.000003 1.000000 -0.000000 -0.000003 1.000000 -0.000000 0.000003 1.000000 0.000000 0.000000 1.000000 0.000000 -0.000001 1.000000 -0.000000 -0.000001 1.000000 0.000000 0.000001 1.000000 0.000000 -0.000000 1.000000 -0.000000 0.000000 1.000000 0.000000 -0.000001 1.000000 -0.000000 -0.000001 1.000000 0.000000 0.000002 1.000000 0.000000 -0.000000 1.000000 0.000000 -0.000002 1.000000 0.000000 0.000001 1.000000 0.000000 0.000001 1.000000 0.000000 -0.000000 1.000000 -0.000000 0.000000 0.182471 0.868809 -0.460300 0.226064 0.867884 -0.442348 0.095517 0.886316 -0.453123 0.026119 0.862319 -0.505691 0.320311 0.857219 -0.403208 0.364624 0.829555 -0.422951 0.459593 0.820759 -0.339307 0.525616 0.757126 -0.387929 0.577444 0.787591 -0.215077 0.679819 0.679858 -0.275026 0.831919 -0.419701 -0.362990 0.823325 -0.419424 -0.382387 0.695867 -0.359933 -0.621464 0.700302 -0.376437 -0.606524 0.894028 -0.438446 -0.092084 0.885080 -0.450410 -0.117321 0.885149 -0.422833 0.194227 0.879628 -0.446690 0.163468 0.779242 -0.432060 0.453989 0.779253 -0.469666 0.414944 -0.166850 -0.833116 -0.527333 -0.046250 -0.888142 -0.457236 -0.161113 -0.899290 -0.406596 -0.337801 -0.821835 -0.458778 0.026129 -0.862332 -0.505668 0.095528 -0.886328 -0.453098 0.182473 -0.868821 -0.460276 0.226066 -0.867896 -0.442324 0.320305 -0.857235 -0.403179 0.364621 -0.829567 -0.422931 0.459584 -0.820770 -0.339291 0.525607 -0.757141 -0.387910 0.577428 -0.787607 -0.215061 0.679807 -0.679876 -0.275012 0.831906 0.419725 -0.362991 0.823313 0.419446 -0.382389 0.695858 0.359952 -0.621463 0.700291 0.376460 -0.606522 0.894014 0.438472 -0.092090 0.885068 0.450433 -0.117327 0.885139 0.422858 0.194218 0.879618 0.446713 0.163459 0.779236 0.432082 0.453978 0.779245 0.469691 0.414930 -0.166870 0.833098 -0.527354 -0.046270 0.888129 -0.457259 
						-0.161141 0.899277 -0.406613 -0.337822 0.821821 -0.458789 -0.252512 0.861811 -0.439909 -0.388751 0.821127 -0.417880 -0.124735 0.882707 -0.453067 0.012189 0.888103 -0.459484 0.120671 0.902070 -0.414376 0.882040 -0.447038 -0.148868 0.784954 -0.474396 -0.398491 0.883753 -0.449073 0.131580 0.818902 -0.416855 0.394502 0.691408 -0.353184 0.630251 -0.546426 -0.746302 -0.380069 -0.697774 -0.665060 -0.266097 -0.388748 -0.821138 -0.417860 -0.252517 -0.861823 -0.439882 -0.124747 -0.882718 -0.453041 0.012168 -0.888115 -0.459460 0.120626 -0.902088 -0.414350 0.882029 0.447065 -0.148856 0.784947 0.474421 -0.398476 0.883740 0.449097 0.131587 0.818891 0.416874 0.394504 0.691399 0.353203 0.630250 -0.546433 0.746288 -0.380086 -0.697783 0.665044 -0.266109 0.962129 -0.226092 0.152286 0.956541 -0.249161 0.151489 0.956540 -0.249160 0.151492 0.962129 -0.226092 0.152286 0.956528 -0.249162 0.151564 0.956528 -0.249162 0.151565 0.962113 -0.226081 0.152402 0.962113 -0.226081 0.152401 0.971352 -0.181137 0.153836 0.971352 -0.181137 0.153836 0.980856 -0.117435 0.155343 0.980856 -0.117435 0.155343 0.986871 -0.040711 0.156293 0.986871 -0.040711 0.156293 0.986868 0.040711 0.156316 0.986868 0.040711 0.156316 0.980851 0.117432 0.155376 0.980851 0.117431 0.155376 0.971342 0.181131 0.153902 0.971342 0.181131 0.153902 0.962118 0.226083 0.152368 0.962118 0.226083 0.152367 0.956545 0.249162 0.151464 0.956544 0.249162 0.151464 0.956537 0.249161 0.151509 0.956537 0.249161 0.151511 0.962103 0.226089 0.152450 0.962103 0.226089 0.152449 0.971352 0.181138 0.153829 0.971353 0.181138 0.153828 0.980861 0.117428 0.155311 0.980861 0.117428 0.155311 0.986872 0.040710 0.156290 0.986872 0.040710 0.156290 0.986864 -0.040705 0.156340 0.986864 -0.040705 0.156340 0.980852 -0.117434 0.155364 0.980852 -0.117434 0.155363 
						0.971346 -0.181136 0.153873 0.971346 -0.181136 0.153872 
					</float_array>
					<technique_common>
						<accessor count="322" offset="0" source="#meshId0-tangents-array" stride="3">
							<param name="X" type="float" />
							<param name="Y" type="float" />
							<param name="Z" type="float" />
						</accessor>
					</technique_common>
				</source>
				<source id="meshId0-bitangents" name="meshId0-bitangents">
					<float_array id="meshId0-bitangents-array" count="966"> 
						-0.261021 -0.114846 -0.958477 -0.480962 -0.250810 -0.840101 -0.488106 -0.238494 -0.839568 -0.264058 -0.108868 -0.958343 -0.646094 -0.376742 -0.663798 -0.658023 -0.359352 -0.661719 0.176731 -0.921118 -0.346854 0.119035 -0.922831 -0.366352 0.118064 -0.924136 -0.363364 0.175295 -0.922449 -0.344034 -0.000000 -0.922831 -0.385205 -0.000000 -0.924136 -0.382063 -0.119035 -0.922831 -0.366352 -0.118064 -0.924136 -0.363364 -0.176731 -0.921118 -0.346853 -0.175295 -0.922449 -0.344034 0.646081 -0.376763 -0.663799 0.480951 -0.250831 -0.840101 0.488096 -0.238513 -0.839568 0.658007 -0.359377 -0.661721 0.261013 -0.114867 -0.958477 0.264051 -0.108886 -0.958343 -0.000018 -0.000044 -1.000000 -0.000018 -0.000044 -1.000000 -0.261053 0.114777 -0.958477 -0.264090 0.108797 -0.958342 -0.481001 0.250735 -0.840101 -0.488146 0.238414 -0.839567 -0.646143 0.376666 -0.663793 -0.658070 0.359275 -0.661714 0.176731 0.921118 -0.346853 0.119035 0.922831 -0.366352 0.118064 0.924136 -0.363364 0.175294 0.922449 -0.344035 -0.000000 0.922831 -0.385205 -0.000001 0.924136 -0.382063 -0.119035 0.922831 -0.366352 -0.118064 0.924136 -0.363363 -0.176731 0.921118 -0.346853 -0.175294 0.922449 -0.344035 0.646129 0.376687 -0.663795 0.480990 0.250756 -0.840101 0.488135 0.238436 -0.839567 0.658055 0.359299 -0.661716 0.261044 0.114797 -0.958477 0.264080 0.108819 -0.958342 0.000011 -0.000024 -1.000000 0.000011 -0.000023 -1.000000 0.707141 0.000000 -0.707073 0.707141 0.000000 -0.707073 0.707141 0.000000 -0.707073 0.707141 -0.000000 -0.707073 0.707141 0.000000 -0.707072 0.707141 -0.000000 -0.707073 0.707141 0.000000 -0.707073 0.707141 0.000000 -0.707073 0.707141 0.000000 -0.707073 0.707141 0.000000 -0.707073 0.707141 0.000000 -0.707073 0.707141 0.000000 -0.707073 0.707141 0.000000 -0.707073 0.707141 0.000000 -0.707073 0.707140 0.000000 -0.707073 0.707141 0.000000 -0.707072 
						0.707141 -0.000000 -0.707072 0.707140 -0.000000 -0.707073 0.707140 0.000000 -0.707074 0.707141 0.000000 -0.707073 0.707141 -0.000000 -0.707073 -0.000005 -0.000028 -1.000000 -0.298006 0.054169 -0.953026 -0.294904 0.066176 -0.953233 -0.000005 -0.000028 -1.000000 0.297994 -0.054231 -0.953026 0.294892 -0.066232 -0.953232 0.563125 -0.121570 -0.817380 0.555491 -0.148099 -0.818228 0.771992 -0.185817 -0.607865 0.758898 -0.225794 -0.610812 0.061924 0.979716 0.190583 0.092063 0.979223 0.180684 0.095693 0.977533 0.187807 0.064368 0.978065 0.198104 -0.000000 0.979716 0.200391 -0.000000 0.978065 0.208299 -0.061924 0.979716 0.190583 -0.064368 0.978065 0.198104 -0.092063 0.979223 0.180684 -0.095692 0.977533 0.187807 -0.563118 -0.121600 -0.817381 -0.771985 -0.185846 -0.607866 -0.758889 -0.225822 -0.610812 -0.555484 -0.148124 -0.818228 -0.297989 -0.054251 -0.953026 -0.294887 -0.066255 -0.953232 0.000010 -0.000049 -1.000000 0.000010 -0.000049 -1.000000 0.298012 0.054146 -0.953025 0.294910 0.066152 -0.953232 0.563148 0.121478 -0.817379 0.555515 0.148007 -0.818228 0.772021 0.185715 -0.607860 0.758930 0.225695 -0.610809 0.061924 -0.979716 0.190583 0.092063 -0.979223 0.180684 0.095693 -0.977533 0.187807 0.064367 -0.978065 0.198105 0.000000 -0.979716 0.200391 0.000002 -0.978065 0.208299 -0.061924 -0.979716 0.190583 -0.064367 -0.978065 0.198105 -0.092063 -0.979223 0.180684 -0.095695 -0.977533 0.187805 -0.563142 0.121503 -0.817379 -0.772014 0.185741 -0.607861 -0.758921 0.225723 -0.610809 -0.555508 0.148034 -0.818228 0.000005 -0.000028 -1.000000 -0.304438 -0.035575 -0.951868 0.304447 0.035514 -0.951867 0.577804 0.077946 -0.812445 0.794525 0.116653 -0.595921 -0.039669 0.991726 -0.122088 -0.058993 0.991521 -0.115781 -0.000000 0.991726 -0.128371 0.039669 0.991726 -0.122088 0.058993 0.991521 -0.115781 -0.577809 0.077917 -0.812444 
						-0.794530 0.116627 -0.595920 -0.304450 0.035491 -0.951867 -0.000007 -0.000051 -1.000000 0.304436 -0.035597 -0.951868 0.577790 -0.078039 -0.812446 0.794507 -0.116756 -0.595925 -0.039669 -0.991726 -0.122087 -0.058993 -0.991521 -0.115781 0.000000 -0.991726 -0.128370 0.039668 -0.991726 -0.122087 0.058993 -0.991521 -0.115781 -0.577794 -0.078015 -0.812446 -0.794513 -0.116726 -0.595923 -0.069707 -0.486078 -0.871131 -0.072041 -0.485554 -0.871233 -0.246518 -0.599876 -0.761169 -0.241377 -0.602932 -0.760402 -0.361679 -0.697167 -0.618989 -0.353503 -0.701522 -0.618791 -0.500060 0.862146 0.081516 -0.498012 0.863528 0.079389 -0.524236 0.830011 0.190418 -0.526826 0.827954 0.192213 -0.478923 0.811278 0.335352 -0.482324 0.808393 0.337438 -0.355700 0.809358 0.467350 -0.359919 0.805637 0.470539 -0.235266 0.785564 0.572311 -0.239840 0.780692 0.577059 0.838702 0.196985 -0.507717 0.839259 0.221702 -0.496480 0.654739 0.287306 -0.699122 0.653281 0.270265 -0.707234 0.418404 0.330097 -0.846153 0.417150 0.320988 -0.850266 0.163871 0.396434 -0.903319 0.163992 0.392872 -0.904853 -0.072055 0.485532 -0.871244 -0.069720 0.486058 -0.871141 -0.246531 0.599862 -0.761176 -0.241392 0.602915 -0.760410 -0.361692 0.697156 -0.618993 -0.353521 0.701508 -0.618797 -0.500049 -0.862151 0.081526 -0.497997 -0.863536 0.079403 -0.524218 -0.830019 0.190427 -0.526807 -0.827964 0.192224 -0.478899 -0.811290 0.335357 -0.482296 -0.808407 0.337444 -0.355669 -0.809374 0.467347 -0.359891 -0.805651 0.470536 -0.235238 -0.785581 0.572299 -0.239817 -0.780706 0.577049 0.838704 -0.197022 -0.507699 0.839260 -0.221743 -0.496460 0.654744 -0.287343 -0.699102 0.653286 -0.270297 -0.707218 0.418411 -0.330123 -0.846139 0.417157 -0.321014 -0.850253 0.163882 -0.396458 -0.903307 0.164002 -0.392894 -0.904841 0.000004 0.000000 -1.000000 -0.000000 -0.000000 -1.000000 0.000000 0.000000 -1.000000 
						-0.000003 0.000000 -1.000000 -0.000003 -0.000000 -1.000000 0.000003 0.000000 -1.000000 0.000000 -0.000000 -1.000000 -0.000001 0.000000 -1.000000 -0.000001 -0.000000 -1.000000 0.000001 -0.000000 -1.000000 -0.000000 0.000000 -1.000000 0.000000 0.000000 -1.000000 -0.000001 0.000000 -1.000000 -0.000001 -0.000000 -1.000000 0.000002 -0.000000 -1.000000 -0.000000 0.000000 -1.000000 -0.000002 0.000000 -1.000000 0.000001 -0.000000 -1.000000 0.000001 -0.000000 -1.000000 -0.000000 0.000000 -1.000000 0.000000 0.000000 -1.000000 -0.094609 -0.450472 -0.887764 -0.111500 -0.428065 -0.896843 -0.379259 -0.388467 -0.839795 -0.364720 -0.462774 -0.807973 0.176364 -0.472154 -0.863693 0.141458 -0.498299 -0.855388 0.402389 -0.533018 -0.744295 0.332874 -0.602680 -0.725239 0.579364 -0.580907 -0.571738 0.462932 -0.688662 -0.558066 -0.465246 -0.884084 -0.044066 -0.482402 -0.872093 -0.082108 -0.438439 -0.898282 0.029328 -0.422706 -0.903354 0.072601 -0.448011 -0.874939 -0.183758 -0.465439 -0.856501 -0.223098 -0.353631 -0.882591 -0.309805 -0.369905 -0.858447 -0.355301 -0.248768 -0.878111 -0.408701 -0.263106 -0.846095 -0.463571 -0.587625 0.513490 -0.625320 -0.620434 0.384274 -0.683663 -0.806538 0.357408 -0.470910 -0.744980 0.531357 -0.403318 -0.364720 0.462749 -0.807987 -0.379257 0.388441 -0.839808 -0.094605 0.450448 -0.887776 -0.111495 0.428042 -0.896855 0.176375 0.472125 -0.863707 0.141466 0.498279 -0.855398 0.402398 0.533001 -0.744302 0.332887 0.602661 -0.725249 0.579379 0.580886 -0.571744 0.462950 0.688645 -0.558074 -0.465268 0.884073 -0.044056 -0.482423 0.872083 -0.082098 -0.438453 0.898275 0.029341 -0.422724 0.903344 0.072616 -0.448038 0.874926 -0.183755 -0.465462 0.856489 -0.223095 -0.353655 0.882579 -0.309811 -0.369929 0.858435 -0.355306 -0.248788 0.878100 -0.408712 -0.263129 0.846081 -0.463584 -0.587619 -0.513519 -0.625301 -0.620432 -0.384304 -0.683648 
						-0.806532 -0.357440 -0.470896 -0.744970 -0.531380 -0.403305 0.123695 -0.422161 -0.898042 -0.126004 -0.496677 -0.858740 0.389160 -0.376518 -0.840707 0.630151 -0.363608 -0.686075 0.816861 -0.327424 -0.474901 -0.366147 -0.849172 0.380582 -0.256262 -0.834197 0.488308 -0.467953 -0.848098 0.248495 -0.491384 -0.864389 0.106642 -0.451419 -0.892299 -0.004810 -0.314099 0.603300 -0.733056 -0.441515 0.691833 -0.571342 -0.126014 0.496658 -0.858750 0.123687 0.422135 -0.898056 0.389156 0.376491 -0.840721 0.630151 0.363578 -0.686091 0.816868 0.327374 -0.474924 -0.366174 0.849159 0.380587 -0.256286 0.834183 0.488320 -0.467978 0.848085 0.248491 -0.491402 0.864380 0.106633 -0.451433 0.892292 -0.004823 -0.314086 -0.603317 -0.733047 -0.441500 -0.691848 -0.571336 0.129757 -0.111452 -0.985262 0.146598 -0.038185 -0.988459 0.146600 -0.038186 -0.988458 0.129758 -0.111452 -0.985262 0.166079 0.038173 -0.985373 0.166079 0.038173 -0.985373 0.180977 0.111466 -0.977150 0.180976 0.111466 -0.977150 0.185807 0.175289 -0.966825 0.185807 0.175289 -0.966824 0.178479 0.223043 -0.958330 0.178480 0.223043 -0.958330 0.161508 0.248760 -0.955004 0.161508 0.248760 -0.955004 0.141509 0.248758 -0.958173 0.141509 0.248758 -0.958173 0.126411 0.223041 -0.966578 0.126412 0.223041 -0.966578 0.122096 0.175301 -0.976915 0.122096 0.175301 -0.976915 0.129837 0.111471 -0.985250 0.129836 0.111470 -0.985250 0.146573 0.038179 -0.988463 0.146573 0.038179 -0.988463 0.166025 -0.038187 -0.985382 0.166027 -0.038187 -0.985382 0.181025 -0.111459 -0.977142 0.181025 -0.111459 -0.977142 0.185801 -0.175295 -0.966824 0.185800 -0.175295 -0.966825 0.178447 -0.223046 -0.958335 0.178447 -0.223046 -0.958336 0.161505 -0.248759 -0.955005 0.161505 -0.248759 -0.955005 0.141534 -0.248760 -0.958168 0.141533 -0.248760 -0.958168 0.126398 -0.223044 -0.966579 0.126398 -0.223044 -0.966579 
						0.122066 -0.175298 -0.976919 0.122065 -0.175297 -0.976919 
					</float_array>
					<technique_common>
						<accessor count="322" offset="0" source="#meshId0-bitangents-array" stride="3">
							<param name="X" type="float" />
							<param name="Y" type="float" />
							<param name="Z" type="float" />
						</accessor>
					</technique_common>
				</source>
				<source id="meshId0-tex0" name="meshId0-tex0">
					<float_array id="meshId0-tex0-array" count="644"> 
						0.600953 0.346574 0.600952 0.377046 0.492143 0.350346 0.492143 0.332535 0.600951 0.401229 0.492142 0.364481 0.352431 0.600963 0.321959 0.600963 0.307923 0.492153 0.325734 0.492153 0.288180 0.600963 0.288180 0.492153 0.254401 0.600963 0.268436 0.492153 0.223929 0.600963 0.250625 0.492153 0.000009 0.376634 0.000008 0.352451 0.108816 0.325748 0.108817 0.339883 0.000006 0.321978 0.108816 0.307938 0.000005 0.288200 0.108815 0.288194 0.000003 0.254421 0.108814 0.268451 0.000001 0.223949 0.108813 0.250640 0.000000 0.199766 0.108812 0.236505 0.248529 0.000014 0.279002 0.000014 0.293037 0.108824 0.275226 0.108824 0.312780 0.000014 0.312780 0.108824 0.346559 0.000014 0.332524 0.108824 0.377031 0.000014 0.350334 0.108824 0.600955 0.224362 0.600956 0.248544 0.492145 0.275238 0.492145 0.261103 0.600954 0.279017 0.492144 0.293049 0.600954 0.312795 0.492144 0.312792 0.665210 0.312792 0.642210 0.305320 0.677297 0.236449 0.689393 0.312791 0.712391 0.305317 0.731955 0.291102 0.746168 0.271537 0.753640 0.248537 0.753639 0.224354 0.746165 0.201356 0.731950 0.181792 0.712385 0.167579 0.689385 0.160107 0.665203 0.160108 0.642204 0.167582 0.622640 0.181797 
						0.608427 0.201362 0.600955 0.224362 0.600956 0.248544 0.608430 0.271543 0.622645 0.291107 0.466713 0.312791 0.466712 0.331562 0.378139 0.337389 0.378140 0.312789 0.466713 0.294020 0.378141 0.288188 0.466714 0.277086 0.378141 0.265996 0.466714 0.263648 0.378142 0.248384 0.331551 0.134255 0.348485 0.134255 0.359573 0.222828 0.337381 0.222828 0.312780 0.134255 0.312780 0.222828 0.294009 0.134255 0.288180 0.222828 0.277075 0.134255 0.265988 0.222828 0.134244 0.252488 0.134243 0.239049 0.222816 0.223783 0.222817 0.241396 0.134245 0.269422 0.222818 0.263588 0.134246 0.288193 0.222819 0.288188 0.134247 0.306964 0.222820 0.312789 0.134248 0.323898 0.222821 0.334981 0.134248 0.337337 0.222822 0.352593 0.269408 0.466722 0.252475 0.466722 0.241387 0.378149 0.263579 0.378149 0.288180 0.466722 0.288180 0.378149 0.306951 0.466722 0.312780 0.378149 0.323885 0.466722 0.334973 0.378149 0.466712 0.348496 0.466711 0.361935 0.378138 0.377193 0.378139 0.359581 0.479036 0.312792 0.479035 0.331063 0.479036 0.294520 0.479037 0.278037 0.479037 0.264956 0.331052 0.121932 0.347535 0.121932 0.312780 0.121932 0.294508 0.121932 0.278025 0.121932 0.121921 0.253438 
						0.121921 0.240357 0.121922 0.269922 0.121923 0.288193 0.121924 0.306465 0.121925 0.322949 0.121925 0.336030 0.269908 0.479045 0.253425 0.479045 0.288180 0.479045 0.306452 0.479045 0.322935 0.479045 0.479035 0.347546 0.479034 0.360628 0.613509 0.712523 0.700457 0.653100 0.708201 0.668299 0.626771 0.738551 0.714347 0.680360 0.637296 0.759207 0.550190 0.759207 0.574778 0.863905 0.559580 0.871649 0.524163 0.772469 0.542733 0.880234 0.495311 0.787171 0.525885 0.888819 0.466460 0.801872 0.510687 0.896563 0.440432 0.815135 0.430299 0.759207 0.321221 0.775196 0.315076 0.763134 0.419775 0.738551 0.307332 0.747935 0.406514 0.712524 0.298748 0.731087 0.391814 0.683671 0.290164 0.714240 0.377114 0.654819 0.282421 0.699041 0.363853 0.628791 0.276275 0.686979 0.353329 0.608135 0.440431 0.608136 0.415846 0.503437 0.431044 0.495693 0.466459 0.594875 0.447892 0.487109 0.495311 0.580174 0.464740 0.478525 0.524163 0.565473 0.479938 0.470781 0.550190 0.552211 0.560322 0.608136 0.669399 0.592145 0.675545 0.604207 0.570846 0.628792 0.683289 0.619405 0.584108 0.654820 0.691873 0.636253 0.598809 0.683672 0.570846 0.738551 0.495311 0.683672 0.584108 0.712524 
						0.550190 0.759207 0.524163 0.772469 0.495311 0.777038 0.466459 0.772469 0.440431 0.759207 0.419775 0.738551 0.406514 0.712524 0.401944 0.683672 0.406514 0.654820 0.419776 0.628792 0.440431 0.608136 0.466459 0.594875 0.495311 0.590305 0.524163 0.594875 0.550190 0.608136 0.570846 0.628792 0.584108 0.654820 0.588678 0.683672 0.714268 0.624842 0.791241 0.585622 0.801965 0.606668 0.721835 0.639693 0.706701 0.609991 0.780517 0.564575 0.699875 0.596594 0.770843 0.545589 0.694458 0.585962 0.763166 0.530521 0.451332 0.457147 0.418308 0.377017 0.437294 0.367343 0.464729 0.450321 0.436481 0.464714 0.397261 0.387741 0.421630 0.472281 0.376214 0.398464 0.408233 0.479107 0.357228 0.408138 0.261960 0.714249 0.178982 0.741682 0.171305 0.726614 0.256543 0.703617 0.268786 0.727647 0.188655 0.760669 0.276353 0.742498 0.199378 0.781716 0.283919 0.757349 0.210102 0.802763 0.290745 0.770746 0.219775 0.821749 0.296162 0.781379 0.227452 0.836817 0.539294 0.910196 0.572320 0.990326 0.553334 1.000000 0.525897 0.917023 0.554144 0.902629 0.593366 0.979601 0.568995 0.895061 0.614412 0.968877 0.582392 0.888235 0.633399 0.959202 0.728661 0.653090 0.811639 0.625655 
						0.819316 0.640723 0.734079 0.663722 0.703314 0.630423 0.711244 0.645986 0.695385 0.614860 0.688231 0.600821 0.682554 0.589679 0.457625 0.467738 0.471664 0.460585 0.442062 0.475668 0.426499 0.483597 0.412460 0.490751 0.272224 0.707314 0.266547 0.696172 0.279377 0.721354 0.287307 0.736917 0.295236 0.752480 0.302389 0.766520 0.308066 0.777662 0.533000 0.899605 0.518961 0.906759 0.548563 0.891675 0.564125 0.883745 0.578165 0.876591 0.718398 0.660025 0.724075 0.671167 0.369638 0.335726 0.377142 0.312631 0.378140 0.312789 0.370538 0.336185 0.377142 0.288346 0.378141 0.288188 0.369638 0.265251 0.370538 0.264792 0.355364 0.245604 0.356079 0.244890 0.335718 0.231330 0.336176 0.230430 0.312622 0.223826 0.312780 0.222828 0.288338 0.223826 0.288180 0.222828 0.265242 0.231330 0.264784 0.230430 0.245596 0.245604 0.244881 0.244890 0.231322 0.265251 0.230422 0.264792 0.223818 0.288346 0.222819 0.288188 0.223818 0.312631 0.222820 0.312789 0.231322 0.335726 0.230422 0.336185 0.245596 0.355373 0.244881 0.356087 0.265242 0.369647 0.264783 0.370547 0.288338 0.377151 0.288180 0.378149 0.312622 0.377151 0.312780 0.378149 0.335718 0.369647 0.336177 0.370547 
						0.355364 0.355373 0.356079 0.356087 
					</float_array>
					<technique_common>
						<accessor count="322" offset="0" source="#meshId0-tex0-array" stride="2">
							<param name="S" type="float" />
							<param name="T" type="float" />
						</accessor>
					</technique_common>
				</source>
				<vertices id="meshId0-vertices">
					<input semantic="POSITION" source="#meshId0-positions" />
				</vertices>
				<polylist count="400" material="defaultMaterial">
					<input offset="0" semantic="VERTEX" source="#meshId0-vertices" />
					<input offset="0" semantic="NORMAL" source="#meshId0-normals" />
					<input offset="0" semantic="TANGENT" source="#meshId0-tangents" />
					<input offset="0" semantic="BINORMAL" source="#meshId0-bitangents" />
					<input offset="0" semantic="TEXCOORD" source="#meshId0-tex0" set="0" />
					<vcount>
						3 3 3 3 3 3 3 3 3 3 3 3 3 3 3 3 3 3 3 3 3 3 3 3 3 3 3 3 3 3 3 3 3 3 3 3 3 3 3 3 3 3 3 3 3 3 3 3 3 3 3 3 3 3 3 3 3 3 3 3 3 3 3 3 
						3 3 3 3 3 3 3 3 3 3 3 3 3 3 3 3 3 3 3 3 3 3 3 3 3 3 3 3 3 3 3 3 3 3 3 3 3 3 3 3 3 3 3 3 3 3 3 3 3 3 3 3 3 3 3 3 3 3 3 3 3 3 3 3 
						3 3 3 3 3 3 3 3 3 3 3 3 3 3 3 3 3 3 3 3 3 3 3 3 3 3 3 3 3 3 3 3 3 3 3 3 3 3 3 3 3 3 3 3 3 3 3 3 3 3 3 3 3 3 3 3 3 3 3 3 3 3 3 3 
						3 3 3 3 3 3 3 3 3 3 3 3 3 3 3 3 3 3 3 3 3 3 3 3 3 3 3 3 3 3 3 3 3 3 3 3 3 3 3 3 3 3 3 3 3 3 3 3 3 3 3 3 3 3 3 3 3 3 3 3 3 3 3 3 
						3 3 3 3 3 3 3 3 3 3 3 3 3 3 3 3 3 3 3 3 3 3 3 3 3 3 3 3 3 3 3 3 3 3 3 3 3 3 3 3 3 3 3 3 3 3 3 3 3 3 3 3 3 3 3 3 3 3 3 3 3 3 3 3 
						3 3 3 3 3 3 3 3 3 3 3 3 3 3 3 3 3 3 3 3 3 3 3 3 3 3 3 3 3 3 3 3 3 3 3 3 3 3 3 3 3 3 3 3 3 3 3 3 3 3 3 3 3 3 3 3 3 3 3 3 3 3 3 3 
						3 3 3 3 3 3 3 3 3 3 3 3 3 3 3 3 
					</vcount>
					<p>
						3 0 1 1 2 3 2 1 4 4 5 2 9 6 7 7 8 9 8 7 10 10 11 8 11 10 12 12 13 11 13 12 14 14 15 13 19 16 17 17 18 19 18 17 20 20 21 18 21 20 22 22 23 21 23 22 24 24 25 23 25 24 26 26 27 25 27 26 28 28 29 27 33 30 31 31 32 33 32 31 34 34 35 32 35 34 36 36 37 35 37 36 38 38 39 37 43 40 41 41 42 43 42 41 44 44 45 42 45 44 46 46 47 45 47 46 0 0 3 47 48 49 50 51 48 50 52 51 50 53 52 50 54 53 50 55 54 50 56 55 50 57 56 50 58 57 50 59 58 50 60 59 50 61 60 50 62 61 50 63 62 50 64 63 50 65 64 50 66 65 50 67 66 50 68 67 50 49 68 50 72 69 70 70 71 72 74 73 69 69 72 74 
						76 75 73 73 74 76 78 77 75 75 76 78 82 79 80 80 81 82 84 83 79 79 82 84 86 85 83 83 84 86 88 87 85 85 86 88 92 89 90 90 91 92 94 93 89 89 92 94 96 95 93 93 94 96 98 97 95 95 96 98 100 99 97 97 98 100 102 101 99 99 100 102 106 103 104 104 105 106 108 107 103 103 106 108 110 109 107 107 108 110 112 111 109 109 110 112 116 113 114 114 115 116 71 70 113 113 116 71 69 117 118 118 70 69 73 119 117 117 69 73 75 120 119 119 73 75 77 121 120 120 75 77 79 122 123 123 80 79 83 124 122 122 79 83 85 125 124 124 83 85 87 126 125 125 85 87 89 127 128 128 90 89 93 129 127 127 89 93 95 130 129 129 93 95 97 131 130 130 95 97 99 132 131 131 97 99 101 133 132 132 99 101 
						103 134 135 135 104 103 107 136 134 134 103 107 109 137 136 136 107 109 111 138 137 137 109 111 113 139 140 140 114 113 70 118 139 139 113 70 117 47 3 3 118 117 119 45 47 47 117 119 120 42 45 45 119 120 121 43 42 42 120 121 122 37 39 39 123 122 124 35 37 37 122 124 125 32 35 35 124 125 126 33 32 32 125 126 127 27 29 29 128 127 129 25 27 27 127 129 130 23 25 25 129 130 131 21 23 23 130 131 132 18 21 21 131 132 133 19 18 18 132 133 134 13 15 15 135 134 136 11 13 13 134 136 137 8 11 11 136 137 138 9 8 8 137 138 139 2 5 5 140 139 118 3 2 2 139 118 144 141 142 142 143 144 146 144 143 143 145 146 150 147 148 148 149 150 152 150 149 149 151 152 154 152 151 151 153 154 156 154 153 153 155 156 
						160 157 158 158 159 160 162 160 159 159 161 162 164 162 161 161 163 164 166 164 163 163 165 166 168 166 165 165 167 168 170 168 167 167 169 170 174 171 172 172 173 174 176 174 173 173 175 176 178 176 175 175 177 178 180 178 177 177 179 180 184 181 182 182 183 184 186 184 183 183 185 186 188 186 185 185 187 188 141 188 187 187 142 141 189 190 191 192 190 189 193 190 192 194 190 193 195 190 194 196 190 195 197 190 196 198 190 197 199 190 198 200 190 199 201 190 200 202 190 201 203 190 202 204 190 203 205 190 204 206 190 205 207 190 206 208 190 207 209 190 208 191 190 209 213 210 211 211 212 213 210 214 215 215 211 210 214 216 217 217 215 214 216 218 219 219 217 216 223 220 221 221 222 223 220 224 225 225 221 220 224 226 227 227 225 224 226 228 229 229 227 226 
						233 230 231 231 232 233 230 234 235 235 231 230 234 236 237 237 235 234 236 238 239 239 237 236 238 240 241 241 239 238 240 242 243 243 241 240 247 244 245 245 246 247 244 248 249 249 245 244 248 250 251 251 249 248 250 252 253 253 251 250 257 254 255 255 256 257 254 213 212 212 255 254 259 258 210 210 213 259 258 260 214 214 210 258 260 261 216 216 214 260 261 262 218 218 216 261 264 263 220 220 223 264 263 265 224 224 220 263 265 266 226 226 224 265 266 267 228 228 226 266 269 268 230 230 233 269 268 270 234 234 230 268 270 271 236 236 234 270 271 272 238 238 236 271 272 273 240 240 238 272 273 274 242 242 240 273 276 275 244 244 247 276 275 277 248 248 244 275 277 278 250 250 248 277 278 279 252 252 250 278 281 280 254 254 257 281 280 259 213 213 254 280 
						142 187 258 258 259 142 187 185 260 260 258 187 185 183 261 261 260 185 183 182 262 262 261 183 179 177 263 263 264 179 177 175 265 265 263 177 175 173 266 266 265 175 173 172 267 267 266 173 169 167 268 268 269 169 167 165 270 270 268 167 165 163 271 271 270 165 163 161 272 272 271 163 161 159 273 273 272 161 159 158 274 274 273 159 155 153 275 275 276 155 153 151 277 277 275 153 151 149 278 278 277 151 149 148 279 279 278 149 145 143 280 280 281 145 143 142 259 259 280 143 285 282 283 283 284 285 284 283 286 286 287 284 287 286 288 288 289 287 289 288 290 290 291 289 291 290 292 292 293 291 293 292 294 294 295 293 295 294 296 296 297 295 297 296 298 298 299 297 299 298 300 300 301 299 301 300 302 302 303 301 303 302 304 304 305 303 305 304 306 306 307 305 
						307 306 308 308 309 307 309 308 310 310 311 309 311 310 312 312 313 311 313 312 314 314 315 313 315 314 316 316 317 315 317 316 318 318 319 317 319 318 320 320 321 319 321 320 282 282 285 321 
					</p>
				</polylist>
			</mesh>
		</geometry>
		<geometry id="meshId1" name="meshId1_name" >
			<mesh>
				<source id="meshId1-positions" name="meshId1-positions">
					<float_array id="meshId1-positions-array" count="72"> 
						45.408176 24.502918 -28.167599 42.739395 24.502918 -26.797340 42.739395 42.502918 -26.797340 45.408176 42.502918 -28.167599 45.408176 42.502918 -28.167599 42.739395 42.502918 -26.797340 43.196148 42.502918 -25.907747 45.864929 42.502918 -27.278006 45.864929 42.502918 -27.278006 43.196148 42.502918 -25.907747 43.196148 24.502918 -25.907747 45.864929 24.502918 -27.278006 45.864929 24.502918 -27.278006 43.196148 24.502918 -25.907747 42.739395 24.502918 -26.797340 45.408176 24.502918 -28.167599 42.739395 24.502918 -26.797340 43.196148 24.502918 -25.907747 43.196148 42.502918 -25.907747 42.739395 42.502918 -26.797340 45.864929 24.502918 -27.278006 45.408176 24.502918 -28.167599 45.408176 42.502918 -28.167599 45.864929 42.502918 -27.278006 
					</float_array>
					<technique_common>
						<accessor count="24" offset="0" source="#meshId1-positions-array" stride="3">
							<param name="X" type="float" />
							<param name="Y" type="float" />
							<param name="Z" type="float" />
						</accessor>
					</technique_common>
				</source>
				<source id="meshId1-normals" name="meshId1-normals">
					<float_array id="meshId1-normals-array" count="72"> 
						-0.456754 0.000000 -0.889593 -0.456754 0.000000 -0.889593 -0.456754 0.000000 -0.889593 -0.456754 0.000000 -0.889593 0.000000 1.000000 0.000001 0.000000 1.000000 0.000001 0.000000 1.000000 0.000001 0.000000 1.000000 0.000001 0.456753 0.000000 0.889593 0.456753 0.000000 0.889593 0.456753 0.000000 0.889593 0.456753 0.000000 0.889593 0.000000 -1.000000 -0.000001 0.000000 -1.000000 -0.000001 0.000000 -1.000000 -0.000001 0.000000 -1.000000 -0.000001 -0.889593 0.000000 0.456753 -0.889593 0.000000 0.456753 -0.889593 0.000000 0.456753 -0.889593 0.000000 0.456753 0.889594 0.000000 -0.456753 0.889594 0.000000 -0.456753 0.889594 0.000000 -0.456753 0.889594 0.000000 -0.456753 
					</float_array>
					<technique_common>
						<accessor count="24" offset="0" source="#meshId1-normals-array" stride="3">
							<param name="X" type="float" />
							<param name="Y" type="float" />
							<param name="Z" type="float" />
						</accessor>
					</technique_common>
				</source>
				<source id="meshId1-tangents" name="meshId1-tangents">
					<float_array id="meshId1-tangents-array" count="72"> 
						-0.889593 -0.000000 0.456753 -0.889593 -0.000000 0.456754 -0.889593 0.000000 0.456753 -0.889593 -0.000000 0.456754 0.889594 0.000000 -0.456753 0.889594 0.000000 -0.456753 0.889594 0.000000 -0.456753 0.889594 0.000000 -0.456753 0.889594 0.000000 -0.456753 0.889593 0.000000 -0.456753 0.889594 0.000000 -0.456753 0.889593 0.000000 -0.456753 -0.889594 -0.000000 0.456753 -0.889594 -0.000000 0.456753 -0.889593 -0.000000 0.456753 -0.889594 -0.000000 0.456753 0.456753 0.000000 0.889593 0.456753 0.000000 0.889593 0.456753 0.000000 0.889593 0.456753 0.000000 0.889593 -0.456753 0.000000 -0.889594 -0.456753 0.000000 -0.889594 -0.456753 0.000000 -0.889594 -0.456753 0.000000 -0.889594 
					</float_array>
					<technique_common>
						<accessor count="24" offset="0" source="#meshId1-tangents-array" stride="3">
							<param name="X" type="float" />
							<param name="Y" type="float" />
							<param name="Z" type="float" />
						</accessor>
					</technique_common>
				</source>
				<source id="meshId1-bitangents" name="meshId1-bitangents">
					<float_array id="meshId1-bitangents-array" count="72"> 
						-0.000000 1.000000 0.000000 -0.000000 1.000000 0.000000 0.000000 1.000000 0.000000 -0.000000 1.000000 0.000000 -0.456753 0.000001 -0.889594 -0.456753 0.000001 -0.889594 -0.456753 0.000001 -0.889594 -0.456753 0.000001 -0.889594 0.000000 1.000000 0.000000 -0.000000 1.000000 0.000000 -0.000000 1.000000 0.000000 -0.000000 1.000000 0.000000 -0.456753 0.000001 -0.889594 -0.456753 0.000001 -0.889594 -0.456753 0.000001 -0.889593 -0.456753 0.000001 -0.889594 0.000000 1.000000 0.000000 0.000000 1.000000 0.000000 0.000000 1.000000 0.000000 0.000000 1.000000 0.000000 0.000000 1.000000 0.000000 0.000000 1.000000 0.000000 0.000000 1.000000 0.000000 0.000000 1.000000 0.000000 
					</float_array>
					<technique_common>
						<accessor count="24" offset="0" source="#meshId1-bitangents-array" stride="3">
							<param name="X" type="float" />
							<param name="Y" type="float" />
							<param name="Z" type="float" />
						</accessor>
					</technique_common>
				</source>
				<source id="meshId1-tex0" name="meshId1-tex0">
					<float_array id="meshId1-tex0-array" count="48"> 
						0.501706 0.002203 0.508271 0.002203 0.508271 0.046481 0.501706 0.046481 0.499518 0.048669 0.492953 0.048669 0.492953 0.046481 0.499518 0.046481 0.499518 0.046481 0.492953 0.046481 0.492953 0.002203 0.499518 0.002203 0.501706 0.000014 0.508271 0.000014 0.508271 0.002203 0.501706 0.002203 0.490764 0.002203 0.492953 0.002203 0.492953 0.046481 0.490764 0.046481 0.499518 0.002203 0.501706 0.002203 0.501706 0.046481 0.499518 0.046481 
					</float_array>
					<technique_common>
						<accessor count="24" offset="0" source="#meshId1-tex0-array" stride="2">
							<param name="S" type="float" />
							<param name="T" type="float" />
						</accessor>
					</technique_common>
				</source>
				<vertices id="meshId1-vertices">
					<input semantic="POSITION" source="#meshId1-positions" />
				</vertices>
				<polylist count="12" material="defaultMaterial">
					<input offset="0" semantic="VERTEX" source="#meshId1-vertices" />
					<input offset="0" semantic="NORMAL" source="#meshId1-normals" />
					<input offset="0" semantic="TANGENT" source="#meshId1-tangents" />
					<input offset="0" semantic="BINORMAL" source="#meshId1-bitangents" />
					<input offset="0" semantic="TEXCOORD" source="#meshId1-tex0" set="0" />
					<vcount>
						3 3 3 3 3 3 3 3 3 3 3 3 
					</vcount>
					<p>
						3 0 1 1 2 3 7 4 5 5 6 7 11 8 9 9 10 11 15 12 13 13 14 15 19 16 17 17 18 19 23 20 21 21 22 23 
					</p>
				</polylist>
			</mesh>
		</geometry>
		<geometry id="meshId2" name="meshId2_name" >
			<mesh>
				<source id="meshId2-positions" name="meshId2-positions">
					<float_array id="meshId2-positions-array" count="72"> 
						45.438492 24.502918 9.976267 42.772804 24.502918 8.600004 42.772804 42.502918 8.600004 45.438492 42.502918 9.976267 45.438492 42.502918 9.976267 42.772804 42.502918 8.600004 42.314049 42.502918 9.488565 44.979736 42.502918 10.864830 44.979736 42.502918 10.864830 42.314049 42.502918 9.488565 42.314049 24.502918 9.488565 44.979736 24.502918 10.864830 44.979736 24.502918 10.864830 42.314049 24.502918 9.488565 42.772804 24.502918 8.600004 45.438492 24.502918 9.976267 42.772804 24.502918 8.600004 42.314049 24.502918 9.488565 42.314049 42.502918 9.488565 42.772804 42.502918 8.600004 44.979736 24.502918 10.864830 45.438492 24.502918 9.976267 45.438492 42.502918 9.976267 44.979736 42.502918 10.864830 
					</float_array>
					<technique_common>
						<accessor count="24" offset="0" source="#meshId2-positions-array" stride="3">
							<param name="X" type="float" />
							<param name="Y" type="float" />
							<param name="Z" type="float" />
						</accessor>
					</technique_common>
				</source>
				<source id="meshId2-normals" name="meshId2-normals">
					<float_array id="meshId2-normals-array" count="72"> 
						0.458754 0.000000 -0.888563 0.458754 0.000000 -0.888563 0.458754 0.000000 -0.888563 0.458754 0.000000 -0.888563 0.000000 1.000000 0.000002 0.000000 1.000000 0.000002 0.000000 1.000000 0.000002 0.000000 1.000000 0.000002 -0.458754 0.000000 0.888563 -0.458754 0.000000 0.888563 -0.458754 0.000000 0.888563 -0.458754 0.000000 0.888563 0.000000 -1.000000 0.000001 0.000000 -1.000000 0.000001 0.000000 -1.000000 0.000001 0.000000 -1.000000 0.000001 -0.888563 0.000000 -0.458755 -0.888563 0.000000 -0.458755 -0.888563 0.000000 -0.458755 -0.888563 0.000000 -0.458755 0.888563 0.000000 0.458755 0.888563 0.000000 0.458755 0.888563 0.000000 0.458755 0.888563 0.000000 0.458755 
					</float_array>
					<technique_common>
						<accessor count="24" offset="0" source="#meshId2-normals-array" stride="3">
							<param name="X" type="float" />
							<param name="Y" type="float" />
							<param name="Z" type="float" />
						</accessor>
					</technique_common>
				</source>
				<source id="meshId2-tangents" name="meshId2-tangents">
					<float_array id="meshId2-tangents-array" count="72"> 
						-0.888563 0.000000 -0.458754 -0.888563 0.000000 -0.458754 -0.888563 0.000000 -0.458754 -0.888563 0.000000 -0.458754 0.888563 -0.000001 0.458754 0.888563 -0.000001 0.458755 0.888563 -0.000001 0.458755 0.888563 -0.000001 0.458754 0.888563 0.000000 0.458754 0.888563 0.000000 0.458754 0.888563 0.000000 0.458754 0.888563 0.000000 0.458754 0.888563 0.000000 0.458755 0.888564 0.000000 0.458754 0.888564 0.000000 0.458753 0.888563 0.000000 0.458755 -0.458755 0.000000 0.888563 -0.458755 0.000000 0.888563 -0.458755 0.000000 0.888563 -0.458755 0.000000 0.888563 0.458755 0.000000 -0.888563 0.458755 0.000000 -0.888563 0.458755 0.000000 -0.888563 0.458755 0.000000 -0.888563 
					</float_array>
					<technique_common>
						<accessor count="24" offset="0" source="#meshId2-tangents-array" stride="3">
							<param name="X" type="float" />
							<param name="Y" type="float" />
							<param name="Z" type="float" />
						</accessor>
					</technique_common>
				</source>
				<source id="meshId2-bitangents" name="meshId2-bitangents">
					<float_array id="meshId2-bitangents-array" count="72"> 
						0.000000 1.000000 0.000000 0.000000 1.000000 0.000000 0.000000 1.000000 0.000000 0.000000 1.000000 0.000000 0.458754 0.000002 -0.888563 0.458755 0.000002 -0.888563 0.458755 0.000002 -0.888563 0.458754 0.000002 -0.888563 0.000000 1.000000 0.000000 0.000000 1.000000 0.000000 0.000000 1.000000 0.000000 0.000000 1.000000 0.000000 -0.458755 0.000001 0.888563 -0.458754 0.000001 0.888564 -0.458753 0.000001 0.888564 -0.458755 0.000001 0.888563 0.000000 1.000000 0.000000 0.000000 1.000000 0.000000 0.000000 1.000000 0.000000 0.000000 1.000000 0.000000 0.000000 1.000000 0.000000 0.000000 1.000000 0.000000 0.000000 1.000000 0.000000 0.000000 1.000000 0.000000 
					</float_array>
					<technique_common>
						<accessor count="24" offset="0" source="#meshId2-bitangents-array" stride="3">
							<param name="X" type="float" />
							<param name="Y" type="float" />
							<param name="Z" type="float" />
						</accessor>
					</technique_common>
				</source>
				<source id="meshId2-tex0" name="meshId2-tex0">
					<float_array id="meshId2-tex0-array" count="48"> 
						0.520219 0.002201 0.526781 0.002201 0.526781 0.046506 0.520219 0.046506 0.518032 0.048694 0.511471 0.048694 0.511471 0.046506 0.518032 0.046506 0.518032 0.046506 0.511471 0.046506 0.511471 0.002201 0.518032 0.002201 0.518032 0.002201 0.511471 0.002201 0.511471 0.000014 0.518032 0.000014 0.509284 0.002201 0.511471 0.002201 0.511471 0.046506 0.509284 0.046506 0.518032 0.002201 0.520219 0.002201 0.520219 0.046506 0.518032 0.046506 
					</float_array>
					<technique_common>
						<accessor count="24" offset="0" source="#meshId2-tex0-array" stride="2">
							<param name="S" type="float" />
							<param name="T" type="float" />
						</accessor>
					</technique_common>
				</source>
				<vertices id="meshId2-vertices">
					<input semantic="POSITION" source="#meshId2-positions" />
				</vertices>
				<polylist count="12" material="defaultMaterial">
					<input offset="0" semantic="VERTEX" source="#meshId2-vertices" />
					<input offset="0" semantic="NORMAL" source="#meshId2-normals" />
					<input offset="0" semantic="TANGENT" source="#meshId2-tangents" />
					<input offset="0" semantic="BINORMAL" source="#meshId2-bitangents" />
					<input offset="0" semantic="TEXCOORD" source="#meshId2-tex0" set="0" />
					<vcount>
						3 3 3 3 3 3 3 3 3 3 3 3 
					</vcount>
					<p>
						3 0 1 1 2 3 7 4 5 5 6 7 11 8 9 9 10 11 15 12 13 13 14 15 19 16 17 17 18 19 23 20 21 21 22 23 
					</p>
				</polylist>
			</mesh>
		</geometry>
		<geometry id="meshId3" name="meshId3_name" >
			<mesh>
				<source id="meshId3-positions" name="meshId3-positions">
					<float_array id="meshId3-positions-array" count="72"> 
						49.539967 24.502918 -15.776086 46.570480 24.502918 -15.349276 46.570480 42.502918 -15.349276 49.539967 42.502918 -15.776086 49.539967 42.502918 -15.776086 46.570480 42.502918 -15.349276 46.712749 42.502918 -14.359447 49.682236 42.502918 -14.786258 49.682236 42.502918 -14.786258 46.712749 42.502918 -14.359447 46.712749 24.502918 -14.359447 49.682236 24.502918 -14.786258 49.682236 24.502918 -14.786258 46.712749 24.502918 -14.359447 46.570480 24.502918 -15.349276 49.539967 24.502918 -15.776086 46.570480 24.502918 -15.349276 46.712749 24.502918 -14.359447 46.712749 42.502918 -14.359447 46.570480 42.502918 -15.349276 49.682236 24.502918 -14.786258 49.539967 24.502918 -15.776086 49.539967 42.502918 -15.776086 49.682236 42.502918 -14.786258 
					</float_array>
					<technique_common>
						<accessor count="24" offset="0" source="#meshId3-positions-array" stride="3">
							<param name="X" type="float" />
							<param name="Y" type="float" />
							<param name="Z" type="float" />
						</accessor>
					</technique_common>
				</source>
				<source id="meshId3-normals" name="meshId3-normals">
					<float_array id="meshId3-normals-array" count="72"> 
						-0.142269 0.000000 -0.989828 -0.142269 0.000000 -0.989828 -0.142269 0.000000 -0.989828 -0.142269 0.000000 -0.989828 0.000000 1.000000 0.000000 0.000000 1.000000 0.000000 0.000000 1.000000 0.000000 0.000000 1.000000 0.000000 0.142269 0.000000 0.989828 0.142269 0.000000 0.989828 0.142269 0.000000 0.989828 0.142269 0.000000 0.989828 0.000000 -1.000000 -0.000000 0.000000 -1.000000 -0.000000 0.000000 -1.000000 -0.000000 0.000000 -1.000000 -0.000000 -0.989828 0.000000 0.142269 -0.989828 0.000000 0.142269 -0.989828 0.000000 0.142269 -0.989828 0.000000 0.142269 0.989828 0.000000 -0.142269 0.989828 0.000000 -0.142269 0.989828 0.000000 -0.142269 0.989828 0.000000 -0.142269 
					</float_array>
					<technique_common>
						<accessor count="24" offset="0" source="#meshId3-normals-array" stride="3">
							<param name="X" type="float" />
							<param name="Y" type="float" />
							<param name="Z" type="float" />
						</accessor>
					</technique_common>
				</source>
				<source id="meshId3-tangents" name="meshId3-tangents">
					<float_array id="meshId3-tangents-array" count="72"> 
						-0.989828 0.000000 0.142269 -0.989828 0.000000 0.142269 -0.989828 0.000000 0.142269 -0.989828 0.000000 0.142269 0.989828 0.000000 -0.142270 0.989828 0.000000 -0.142270 0.989828 0.000000 -0.142270 0.989828 0.000000 -0.142270 0.989828 0.000000 -0.142269 0.989828 0.000000 -0.142269 0.989828 0.000000 -0.142269 0.989828 0.000000 -0.142269 0.989828 0.000000 -0.142270 0.989828 0.000000 -0.142270 0.989828 0.000000 -0.142270 0.989828 0.000000 -0.142270 0.142269 0.000000 0.989828 0.142269 0.000000 0.989828 0.142269 0.000000 0.989828 0.142269 0.000000 0.989828 -0.142269 0.000000 -0.989828 -0.142269 0.000000 -0.989828 -0.142269 0.000000 -0.989828 -0.142269 0.000000 -0.989828 
					</float_array>
					<technique_common>
						<accessor count="24" offset="0" source="#meshId3-tangents-array" stride="3">
							<param name="X" type="float" />
							<param name="Y" type="float" />
							<param name="Z" type="float" />
						</accessor>
					</technique_common>
				</source>
				<source id="meshId3-bitangents" name="meshId3-bitangents">
					<float_array id="meshId3-bitangents-array" count="72"> 
						0.000000 1.000000 0.000000 0.000000 1.000000 0.000000 0.000000 1.000000 0.000000 0.000000 1.000000 0.000000 -0.142270 0.000000 -0.989828 -0.142270 0.000000 -0.989828 -0.142270 0.000000 -0.989828 -0.142270 0.000000 -0.989828 0.000000 1.000000 0.000000 0.000000 1.000000 0.000000 0.000000 1.000000 0.000000 0.000000 1.000000 0.000000 0.142270 -0.000000 0.989828 0.142270 -0.000000 0.989828 0.142270 -0.000000 0.989828 0.142270 -0.000000 0.989828 0.000000 1.000000 0.000000 0.000000 1.000000 0.000000 0.000000 1.000000 0.000000 0.000000 1.000000 0.000000 0.000000 1.000000 0.000000 0.000000 1.000000 0.000000 0.000000 1.000000 0.000000 0.000000 1.000000 0.000000 
					</float_array>
					<technique_common>
						<accessor count="24" offset="0" source="#meshId3-bitangents-array" stride="3">
							<param name="X" type="float" />
							<param name="Y" type="float" />
							<param name="Z" type="float" />
						</accessor>
					</technique_common>
				</source>
				<source id="meshId3-tex0" name="meshId3-tex0">
					<float_array id="meshId3-tex0-array" count="48"> 
						0.173563 0.002318 0.180474 0.002318 0.180474 0.044210 0.173563 0.044210 0.171260 0.046514 0.164349 0.046514 0.164349 0.044210 0.171260 0.044210 0.171260 0.044210 0.164349 0.044210 0.164349 0.002318 0.171260 0.002318 0.171260 0.002318 0.164349 0.002318 0.164349 0.000014 0.171260 0.000014 0.162045 0.002318 0.164349 0.002318 0.164349 0.044210 0.162045 0.044210 0.171260 0.002318 0.173563 0.002318 0.173563 0.044210 0.171260 0.044210 
					</float_array>
					<technique_common>
						<accessor count="24" offset="0" source="#meshId3-tex0-array" stride="2">
							<param name="S" type="float" />
							<param name="T" type="float" />
						</accessor>
					</technique_common>
				</source>
				<vertices id="meshId3-vertices">
					<input semantic="POSITION" source="#meshId3-positions" />
				</vertices>
				<polylist count="12" material="defaultMaterial">
					<input offset="0" semantic="VERTEX" source="#meshId3-vertices" />
					<input offset="0" semantic="NORMAL" source="#meshId3-normals" />
					<input offset="0" semantic="TANGENT" source="#meshId3-tangents" />
					<input offset="0" semantic="BINORMAL" source="#meshId3-bitangents" />
					<input offset="0" semantic="TEXCOORD" source="#meshId3-tex0" set="0" />
					<vcount>
						3 3 3 3 3 3 3 3 3 3 3 3 
					</vcount>
					<p>
						3 0 1 1 2 3 7 4 5 5 6 7 11 8 9 9 10 11 15 12 13 13 14 15 19 16 17 17 18 19 23 20 21 21 22 23 
					</p>
				</polylist>
			</mesh>
		</geometry>
		<geometry id="meshId4" name="meshId4_name" >
			<mesh>
				<source id="meshId4-positions" name="meshId4-positions">
					<float_array id="meshId4-positions-array" count="72"> 
						16.818686 24.502918 31.121332 16.354748 24.502918 28.157423 16.354748 42.502918 28.157423 16.818686 42.502918 31.121332 16.818686 42.502918 31.121332 16.354748 42.502918 28.157423 15.366777 42.502918 28.312067 15.830716 42.502918 31.275980 15.830716 42.502918 31.275980 15.366777 42.502918 28.312067 15.366777 24.502918 28.312067 15.830716 24.502918 31.275980 15.830716 24.502918 31.275980 15.366777 24.502918 28.312067 16.354748 24.502918 28.157423 16.818686 24.502918 31.121332 16.354748 24.502918 28.157423 15.366777 24.502918 28.312067 15.366777 42.502918 28.312067 16.354748 42.502918 28.157423 15.830716 24.502918 31.275980 16.818686 24.502918 31.121332 16.818686 42.502918 31.121332 15.830716 42.502918 31.275980 
					</float_array>
					<technique_common>
						<accessor count="24" offset="0" source="#meshId4-positions-array" stride="3">
							<param name="X" type="float" />
							<param name="Y" type="float" />
							<param name="Z" type="float" />
						</accessor>
					</technique_common>
				</source>
				<source id="meshId4-normals" name="meshId4-normals">
					<float_array id="meshId4-normals-array" count="72"> 
						0.987970 0.000000 -0.154646 0.987970 0.000000 -0.154646 0.987970 0.000000 -0.154646 0.987970 0.000000 -0.154646 0.000000 1.000000 0.000000 0.000000 1.000000 0.000000 0.000000 1.000000 0.000000 0.000000 1.000000 0.000000 -0.987970 0.000000 0.154646 -0.987970 0.000000 0.154646 -0.987970 0.000000 0.154646 -0.987970 0.000000 0.154646 0.000000 -1.000000 0.000000 0.000000 -1.000000 0.000000 0.000000 -1.000000 0.000000 0.000000 -1.000000 0.000000 -0.154646 0.000000 -0.987970 -0.154646 0.000000 -0.987970 -0.154646 0.000000 -0.987970 -0.154646 0.000000 -0.987970 0.154646 0.000000 0.987970 0.154646 0.000000 0.987970 0.154646 0.000000 0.987970 0.154646 0.000000 0.987970 
					</float_array>
					<technique_common>
						<accessor count="24" offset="0" source="#meshId4-normals-array" stride="3">
							<param name="X" type="float" />
							<param name="Y" type="float" />
							<param name="Z" type="float" />
						</accessor>
					</technique_common>
				</source>
				<source id="meshId4-tangents" name="meshId4-tangents">
					<float_array id="meshId4-tangents-array" count="72"> 
						-0.154646 0.000000 -0.987970 -0.154646 0.000000 -0.987970 -0.154646 0.000000 -0.987970 -0.154646 0.000000 -0.987970 -0.154646 0.000000 -0.987970 -0.154646 0.000000 -0.987970 -0.154646 0.000000 -0.987970 -0.154646 0.000000 -0.987970 0.154646 0.000000 0.987970 0.154646 0.000000 0.987970 0.154646 0.000000 0.987970 0.154646 0.000000 0.987970 -0.154647 0.000000 -0.987970 -0.154646 0.000000 -0.987970 -0.154646 0.000000 -0.987970 -0.154646 0.000000 -0.987970 -0.987970 0.000000 0.154646 -0.987970 0.000000 0.154646 -0.987970 0.000000 0.154646 -0.987970 0.000000 0.154646 0.987970 0.000000 -0.154646 0.987970 0.000000 -0.154646 0.987970 0.000000 -0.154646 0.987970 0.000000 -0.154646 
					</float_array>
					<technique_common>
						<accessor count="24" offset="0" source="#meshId4-tangents-array" stride="3">
							<param name="X" type="float" />
							<param name="Y" type="float" />
							<param name="Z" type="float" />
						</accessor>
					</technique_common>
				</source>
				<source id="meshId4-bitangents" name="meshId4-bitangents">
					<float_array id="meshId4-bitangents-array" count="72"> 
						0.000000 1.000000 0.000000 0.000000 1.000000 0.000000 0.000000 1.000000 0.000000 0.000000 1.000000 0.000000 -0.987970 0.000000 0.154646 -0.987970 0.000000 0.154646 -0.987970 0.000000 0.154646 -0.987970 0.000000 0.154646 0.000000 1.000000 0.000000 0.000000 1.000000 0.000000 0.000000 1.000000 0.000000 0.000000 1.000000 0.000000 0.987970 0.000000 -0.154647 0.987970 0.000000 -0.154646 0.987970 0.000000 -0.154646 0.987970 0.000000 -0.154646 0.000000 1.000000 0.000000 0.000000 1.000000 0.000000 0.000000 1.000000 0.000000 0.000000 1.000000 0.000000 0.000000 1.000000 0.000000 0.000000 1.000000 0.000000 0.000000 1.000000 0.000000 0.000000 1.000000 0.000000 
					</float_array>
					<technique_common>
						<accessor count="24" offset="0" source="#meshId4-bitangents-array" stride="3">
							<param name="X" type="float" />
							<param name="Y" type="float" />
							<param name="Z" type="float" />
						</accessor>
					</technique_common>
				</source>
				<source id="meshId4-tex0" name="meshId4-tex0">
					<float_array id="meshId4-tex0-array" count="48"> 
						0.388854 0.002316 0.395759 0.002316 0.395759 0.044249 0.388854 0.044249 0.388854 0.044249 0.395759 0.044249 0.395759 0.046551 0.388854 0.046551 0.386553 0.044249 0.379648 0.044249 0.379648 0.002316 0.386553 0.002316 0.388854 0.000014 0.395759 0.000014 0.395759 0.002316 0.388854 0.002316 0.395759 0.002316 0.398061 0.002316 0.398061 0.044249 0.395759 0.044249 0.386553 0.002316 0.388854 0.002316 0.388854 0.044249 0.386553 0.044249 
					</float_array>
					<technique_common>
						<accessor count="24" offset="0" source="#meshId4-tex0-array" stride="2">
							<param name="S" type="float" />
							<param name="T" type="float" />
						</accessor>
					</technique_common>
				</source>
				<vertices id="meshId4-vertices">
					<input semantic="POSITION" source="#meshId4-positions" />
				</vertices>
				<polylist count="12" material="defaultMaterial">
					<input offset="0" semantic="VERTEX" source="#meshId4-vertices" />
					<input offset="0" semantic="NORMAL" source="#meshId4-normals" />
					<input offset="0" semantic="TANGENT" source="#meshId4-tangents" />
					<input offset="0" semantic="BINORMAL" source="#meshId4-bitangents" />
					<input offset="0" semantic="TEXCOORD" source="#meshId4-tex0" set="0" />
					<vcount>
						3 3 3 3 3 3 3 3 3 3 3 3 
					</vcount>
					<p>
						3 0 1 1 2 3 7 4 5 5 6 7 11 8 9 9 10 11 15 12 13 13 14 15 19 16 17 17 18 19 23 20 21 21 22 23 
					</p>
				</polylist>
			</mesh>
		</geometry>
		<geometry id="meshId5" name="meshId5_name" >
			<mesh>
				<source id="meshId5-positions" name="meshId5-positions">
					<float_array id="meshId5-positions-array" count="72"> 
						37.669228 24.502918 -38.512062 35.521076 24.502918 -36.417915 35.521076 42.502918 -36.417915 37.669228 42.502918 -38.512062 37.669228 42.502918 -38.512062 35.521076 42.502918 -36.417915 36.219120 42.502918 -35.701862 38.367271 42.502918 -37.796009 38.367271 42.502918 -37.796009 36.219120 42.502918 -35.701862 36.219120 24.502918 -35.701862 38.367271 24.502918 -37.796009 38.367271 24.502918 -37.796009 36.219120 24.502918 -35.701862 35.521076 24.502918 -36.417915 37.669228 24.502918 -38.512062 35.521076 24.502918 -36.417915 36.219120 24.502918 -35.701862 36.219120 42.502918 -35.701862 35.521076 42.502918 -36.417915 38.367271 24.502918 -37.796009 37.669228 24.502918 -38.512062 37.669228 42.502918 -38.512062 38.367271 42.502918 -37.796009 
					</float_array>
					<technique_common>
						<accessor count="24" offset="0" source="#meshId5-positions-array" stride="3">
							<param name="X" type="float" />
							<param name="Y" type="float" />
							<param name="Z" type="float" />
						</accessor>
					</technique_common>
				</source>
				<source id="meshId5-normals" name="meshId5-normals">
					<float_array id="meshId5-normals-array" count="72"> 
						-0.698049 0.000000 -0.716050 -0.698049 0.000000 -0.716050 -0.698049 0.000000 -0.716050 -0.698049 0.000000 -0.716050 0.000000 1.000000 0.000000 0.000000 1.000000 0.000000 0.000000 1.000000 0.000000 0.000000 1.000000 0.000000 0.698049 0.000000 0.716050 0.698049 0.000000 0.716050 0.698049 0.000000 0.716050 0.698049 0.000000 0.716050 -0.000000 -1.000000 0.000000 -0.000000 -1.000000 0.000000 -0.000000 -1.000000 0.000000 -0.000000 -1.000000 0.000000 -0.716051 0.000000 0.698048 -0.716051 0.000000 0.698048 -0.716051 0.000000 0.698048 -0.716051 0.000000 0.698048 0.716051 0.000000 -0.698048 0.716051 0.000000 -0.698048 0.716051 0.000000 -0.698048 0.716051 0.000000 -0.698048 
					</float_array>
					<technique_common>
						<accessor count="24" offset="0" source="#meshId5-normals-array" stride="3">
							<param name="X" type="float" />
							<param name="Y" type="float" />
							<param name="Z" type="float" />
						</accessor>
					</technique_common>
				</source>
				<source id="meshId5-tangents" name="meshId5-tangents">
					<float_array id="meshId5-tangents-array" count="72"> 
						-0.715807 0.026072 0.697811 -0.715807 0.026072 0.697811 -0.715807 0.026073 0.697811 -0.715807 0.026073 0.697811 -0.697606 0.000000 0.716482 -0.697607 0.000000 0.716481 -0.697607 0.000000 0.716481 -0.697606 0.000000 0.716481 0.715807 0.026064 -0.697812 0.715807 0.026065 -0.697811 0.715807 0.026072 -0.697811 0.715807 0.026071 -0.697811 -0.734007 0.000000 0.679142 -0.734007 0.000000 0.679142 -0.734007 0.000000 0.679142 -0.734007 0.000000 0.679142 0.697810 0.026074 0.715808 0.697810 0.026075 0.715808 0.697810 0.026082 0.715807 0.697810 0.026082 0.715808 -0.697810 0.026072 -0.715808 -0.697810 0.026072 -0.715808 -0.697810 0.026081 -0.715808 -0.697810 0.026081 -0.715808 
					</float_array>
					<technique_common>
						<accessor count="24" offset="0" source="#meshId5-tangents-array" stride="3">
							<param name="X" type="float" />
							<param name="Y" type="float" />
							<param name="Z" type="float" />
						</accessor>
					</technique_common>
				</source>
				<source id="meshId5-bitangents" name="meshId5-bitangents">
					<float_array id="meshId5-bitangents-array" count="72"> 
						0.018669 0.999660 -0.018200 0.018669 0.999660 -0.018200 0.018670 0.999660 -0.018200 0.018670 0.999660 -0.018200 0.716482 0.000000 0.697606 0.716481 0.000000 0.697607 0.716481 0.000000 0.697607 0.716481 0.000000 0.697606 -0.018663 0.999660 0.018194 -0.018664 0.999660 0.018195 -0.018669 0.999660 0.018199 -0.018668 0.999660 0.018199 -0.679142 0.000000 -0.734007 -0.679142 0.000000 -0.734007 -0.679142 0.000000 -0.734007 -0.679142 0.000000 -0.734007 -0.018201 0.999660 -0.018671 -0.018201 0.999660 -0.018671 -0.018207 0.999660 -0.018676 -0.018207 0.999660 -0.018676 0.018199 0.999660 0.018669 0.018200 0.999660 0.018669 0.018206 0.999660 0.018675 0.018206 0.999660 0.018675 
					</float_array>
					<technique_common>
						<accessor count="24" offset="0" source="#meshId5-bitangents-array" stride="3">
							<param name="X" type="float" />
							<param name="Y" type="float" />
							<param name="Z" type="float" />
						</accessor>
					</technique_common>
				</source>
				<source id="meshId5-tex0" name="meshId5-tex0">
					<float_array id="meshId5-tex0-array" count="48"> 
						0.062502 0.002508 0.069445 0.002327 0.070531 0.043983 0.063589 0.044165 0.063589 0.044165 0.070531 0.043983 0.070592 0.046298 0.063649 0.046479 0.079788 0.043742 0.072846 0.043923 0.071759 0.002267 0.078702 0.002086 0.062442 0.000194 0.069385 0.000013 0.069445 0.002327 0.062502 0.002508 0.069445 0.002327 0.071759 0.002267 0.072846 0.043923 0.070531 0.043983 0.060188 0.002569 0.062502 0.002508 0.063589 0.044165 0.061275 0.044225 
					</float_array>
					<technique_common>
						<accessor count="24" offset="0" source="#meshId5-tex0-array" stride="2">
							<param name="S" type="float" />
							<param name="T" type="float" />
						</accessor>
					</technique_common>
				</source>
				<vertices id="meshId5-vertices">
					<input semantic="POSITION" source="#meshId5-positions" />
				</vertices>
				<polylist count="12" material="defaultMaterial">
					<input offset="0" semantic="VERTEX" source="#meshId5-vertices" />
					<input offset="0" semantic="NORMAL" source="#meshId5-normals" />
					<input offset="0" semantic="TANGENT" source="#meshId5-tangents" />
					<input offset="0" semantic="BINORMAL" source="#meshId5-bitangents" />
					<input offset="0" semantic="TEXCOORD" source="#meshId5-tex0" set="0" />
					<vcount>
						3 3 3 3 3 3 3 3 3 3 3 3 
					</vcount>
					<p>
						3 0 1 1 2 3 7 4 5 5 6 7 11 8 9 9 10 11 15 12 13 13 14 15 19 16 17 17 18 19 23 20 21 21 22 23 
					</p>
				</polylist>
			</mesh>
		</geometry>
		<geometry id="meshId6" name="meshId6_name" >
			<mesh>
				<source id="meshId6-positions" name="meshId6-positions">
					<float_array id="meshId6-positions-array" count="72"> 
						27.026293 24.502918 27.926249 25.689705 24.502918 25.240446 25.689705 42.502918 25.240446 27.026293 42.502918 27.926249 27.026293 42.502918 27.926249 25.689705 42.502918 25.240446 24.794437 42.502918 25.685976 26.131027 42.502918 28.371778 26.131027 42.502918 28.371778 24.794437 42.502918 25.685976 24.794437 24.502918 25.685976 26.131027 24.502918 28.371778 26.131027 24.502918 28.371778 24.794437 24.502918 25.685976 25.689705 24.502918 25.240446 27.026293 24.502918 27.926249 25.689705 24.502918 25.240446 24.794437 24.502918 25.685976 24.794437 42.502918 25.685976 25.689705 42.502918 25.240446 26.131027 24.502918 28.371778 27.026293 24.502918 27.926249 27.026293 42.502918 27.926249 26.131027 42.502918 28.371778 
					</float_array>
					<technique_common>
						<accessor count="24" offset="0" source="#meshId6-positions-array" stride="3">
							<param name="X" type="float" />
							<param name="Y" type="float" />
							<param name="Z" type="float" />
						</accessor>
					</technique_common>
				</source>
				<source id="meshId6-normals" name="meshId6-normals">
					<float_array id="meshId6-normals-array" count="72"> 
						0.895267 0.000000 -0.445529 0.895267 0.000000 -0.445529 0.895267 0.000000 -0.445529 0.895267 0.000000 -0.445529 0.000000 1.000000 0.000000 0.000000 1.000000 0.000000 0.000000 1.000000 0.000000 0.000000 1.000000 0.000000 -0.895267 0.000000 0.445529 -0.895267 0.000000 0.445529 -0.895267 0.000000 0.445529 -0.895267 0.000000 0.445529 0.000000 -1.000000 0.000000 0.000000 -1.000000 0.000000 0.000000 -1.000000 0.000000 0.000000 -1.000000 0.000000 -0.445530 0.000000 -0.895267 -0.445530 0.000000 -0.895267 -0.445530 0.000000 -0.895267 -0.445530 0.000000 -0.895267 0.445532 0.000000 0.895266 0.445532 0.000000 0.895266 0.445532 0.000000 0.895266 0.445532 0.000000 0.895266 
					</float_array>
					<technique_common>
						<accessor count="24" offset="0" source="#meshId6-normals-array" stride="3">
							<param name="X" type="float" />
							<param name="Y" type="float" />
							<param name="Z" type="float" />
						</accessor>
					</technique_common>
				</source>
				<source id="meshId6-tangents" name="meshId6-tangents">
					<float_array id="meshId6-tangents-array" count="72"> 
						-0.445529 0.000000 -0.895267 -0.445529 0.000000 -0.895267 -0.445529 0.000000 -0.895267 -0.445529 0.000000 -0.895267 -0.445530 0.000000 -0.895267 -0.445529 0.000000 -0.895267 -0.445529 0.000000 -0.895267 -0.445530 0.000000 -0.895267 0.445529 0.000000 0.895267 0.445529 0.000000 0.895267 0.445529 0.000000 0.895267 0.445529 0.000000 0.895267 -0.445529 0.000000 -0.895268 -0.445530 0.000000 -0.895267 -0.445530 0.000000 -0.895267 -0.445529 0.000000 -0.895268 -0.895267 0.000000 0.445530 -0.895267 0.000000 0.445530 -0.895267 0.000000 0.445530 -0.895267 0.000000 0.445530 0.895266 0.000000 -0.445532 0.895266 0.000000 -0.445532 0.895266 0.000000 -0.445532 0.895266 0.000000 -0.445532 
					</float_array>
					<technique_common>
						<accessor count="24" offset="0" source="#meshId6-tangents-array" stride="3">
							<param name="X" type="float" />
							<param name="Y" type="float" />
							<param name="Z" type="float" />
						</accessor>
					</technique_common>
				</source>
				<source id="meshId6-bitangents" name="meshId6-bitangents">
					<float_array id="meshId6-bitangents-array" count="72"> 
						0.000000 1.000000 0.000000 0.000000 1.000000 0.000000 0.000000 1.000000 0.000000 0.000000 1.000000 0.000000 -0.895267 0.000000 0.445530 -0.895267 0.000000 0.445529 -0.895267 0.000000 0.445529 -0.895267 0.000000 0.445530 0.000000 1.000000 0.000000 0.000000 1.000000 0.000000 0.000000 1.000000 0.000000 0.000000 1.000000 0.000000 0.895268 0.000000 -0.445529 0.895267 0.000000 -0.445530 0.895267 0.000000 -0.445530 0.895268 0.000000 -0.445529 0.000000 1.000000 0.000000 0.000000 1.000000 0.000000 0.000000 1.000000 0.000000 0.000000 1.000000 0.000000 0.000000 1.000000 0.000000 0.000000 1.000000 0.000000 0.000000 1.000000 0.000000 0.000000 1.000000 0.000000 
					</float_array>
					<technique_common>
						<accessor count="24" offset="0" source="#meshId6-bitangents-array" stride="3">
							<param name="X" type="float" />
							<param name="Y" type="float" />
							<param name="Z" type="float" />
						</accessor>
					</technique_common>
				</source>
				<source id="meshId6-tex0" name="meshId6-tex0">
					<float_array id="meshId6-tex0-array" count="48"> 
						0.462506 0.002209 0.469091 0.002209 0.469091 0.046342 0.462506 0.046342 0.462506 0.046342 0.469091 0.046342 0.469091 0.048537 0.462506 0.048537 0.460311 0.046342 0.453726 0.046342 0.453726 0.002209 0.460311 0.002209 0.462506 0.000014 0.469091 0.000014 0.469091 0.002209 0.462506 0.002209 0.469091 0.002209 0.471286 0.002209 0.471286 0.046342 0.469091 0.046342 0.460311 0.002209 0.462506 0.002209 0.462506 0.046342 0.460311 0.046342 
					</float_array>
					<technique_common>
						<accessor count="24" offset="0" source="#meshId6-tex0-array" stride="2">
							<param name="S" type="float" />
							<param name="T" type="float" />
						</accessor>
					</technique_common>
				</source>
				<vertices id="meshId6-vertices">
					<input semantic="POSITION" source="#meshId6-positions" />
				</vertices>
				<polylist count="12" material="defaultMaterial">
					<input offset="0" semantic="VERTEX" source="#meshId6-vertices" />
					<input offset="0" semantic="NORMAL" source="#meshId6-normals" />
					<input offset="0" semantic="TANGENT" source="#meshId6-tangents" />
					<input offset="0" semantic="BINORMAL" source="#meshId6-bitangents" />
					<input offset="0" semantic="TEXCOORD" source="#meshId6-tex0" set="0" />
					<vcount>
						3 3 3 3 3 3 3 3 3 3 3 3 
					</vcount>
					<p>
						3 0 1 1 2 3 7 4 5 5 6 7 11 8 9 9 10 11 15 12 13 13 14 15 19 16 17 17 18 19 23 20 21 21 22 23 
					</p>
				</polylist>
			</mesh>
		</geometry>
		<geometry id="meshId7" name="meshId7_name" >
			<mesh>
				<source id="meshId7-positions" name="meshId7-positions">
					<float_array id="meshId7-positions-array" count="72"> 
						49.487484 24.502918 -2.472413 46.512218 24.502918 -2.856845 46.512218 42.502918 -2.856845 49.487484 42.502918 -2.472413 49.487484 42.502918 -2.472413 46.512218 42.502918 -2.856845 46.384075 42.502918 -1.865090 49.359341 42.502918 -1.480657 49.359341 42.502918 -1.480657 46.384075 42.502918 -1.865090 46.384075 24.502918 -1.865090 49.359341 24.502918 -1.480657 49.359341 24.502918 -1.480657 46.384075 24.502918 -1.865090 46.512218 24.502918 -2.856845 49.487484 24.502918 -2.472413 46.512218 24.502918 -2.856845 46.384075 24.502918 -1.865090 46.384075 42.502918 -1.865090 46.512218 42.502918 -2.856845 49.359341 24.502918 -1.480657 49.487484 24.502918 -2.472413 49.487484 42.502918 -2.472413 49.359341 42.502918 -1.480657 
					</float_array>
					<technique_common>
						<accessor count="24" offset="0" source="#meshId7-positions-array" stride="3">
							<param name="X" type="float" />
							<param name="Y" type="float" />
							<param name="Z" type="float" />
						</accessor>
					</technique_common>
				</source>
				<source id="meshId7-normals" name="meshId7-normals">
					<float_array id="meshId7-normals-array" count="72"> 
						0.128144 0.000000 -0.991756 0.128144 0.000000 -0.991756 0.128144 0.000000 -0.991756 0.128144 0.000000 -0.991756 0.000000 1.000000 -0.000002 0.000000 1.000000 -0.000002 0.000000 1.000000 -0.000002 0.000000 1.000000 -0.000002 -0.128145 0.000000 0.991756 -0.128145 0.000000 0.991756 -0.128145 0.000000 0.991756 -0.128145 0.000000 0.991756 0.000000 -1.000000 -0.000000 0.000000 -1.000000 -0.000000 0.000000 -1.000000 -0.000000 0.000000 -1.000000 -0.000000 -0.991756 0.000000 -0.128143 -0.991756 0.000000 -0.128143 -0.991756 0.000000 -0.128143 -0.991756 0.000000 -0.128143 0.991756 0.000000 0.128143 0.991756 0.000000 0.128143 0.991756 0.000000 0.128143 0.991756 0.000000 0.128143 
					</float_array>
					<technique_common>
						<accessor count="24" offset="0" source="#meshId7-normals-array" stride="3">
							<param name="X" type="float" />
							<param name="Y" type="float" />
							<param name="Z" type="float" />
						</accessor>
					</technique_common>
				</source>
				<source id="meshId7-tangents" name="meshId7-tangents">
					<float_array id="meshId7-tangents-array" count="72"> 
						-0.991756 0.000000 -0.128144 -0.991756 0.000000 -0.128144 -0.991756 0.000000 -0.128144 -0.991756 0.000000 -0.128144 -0.991756 -0.000000 -0.128144 -0.991756 -0.000000 -0.128145 -0.991756 -0.000000 -0.128145 -0.991756 -0.000000 -0.128144 0.991756 0.000000 0.128144 0.991756 0.000000 0.128144 0.991756 0.000000 0.128144 0.991756 0.000000 0.128144 0.991756 -0.000000 0.128145 0.991756 -0.000000 0.128144 0.991756 -0.000000 0.128144 0.991756 -0.000000 0.128144 -0.128143 0.000000 0.991756 -0.128143 0.000000 0.991756 -0.128143 0.000000 0.991756 -0.128143 0.000000 0.991756 0.128143 0.000000 -0.991756 0.128143 0.000000 -0.991756 0.128143 0.000000 -0.991756 0.128143 0.000000 -0.991756 
					</float_array>
					<technique_common>
						<accessor count="24" offset="0" source="#meshId7-tangents-array" stride="3">
							<param name="X" type="float" />
							<param name="Y" type="float" />
							<param name="Z" type="float" />
						</accessor>
					</technique_common>
				</source>
				<source id="meshId7-bitangents" name="meshId7-bitangents">
					<float_array id="meshId7-bitangents-array" count="72"> 
						0.000000 1.000000 0.000000 0.000000 1.000000 0.000000 0.000000 1.000000 0.000000 0.000000 1.000000 0.000000 -0.128144 0.000002 0.991756 -0.128145 0.000002 0.991756 -0.128145 0.000002 0.991756 -0.128144 0.000002 0.991756 0.000000 1.000000 0.000000 0.000000 1.000000 0.000000 0.000000 1.000000 0.000000 0.000000 1.000000 0.000000 -0.128145 -0.000000 0.991756 -0.128144 -0.000000 0.991756 -0.128144 -0.000000 0.991756 -0.128144 -0.000000 0.991756 0.000000 1.000000 0.000000 0.000000 1.000000 0.000000 0.000000 1.000000 0.000000 0.000000 1.000000 0.000000 0.000000 1.000000 0.000000 0.000000 1.000000 0.000000 0.000000 1.000000 0.000000 0.000000 1.000000 0.000000 
					</float_array>
					<technique_common>
						<accessor count="24" offset="0" source="#meshId7-bitangents-array" stride="3">
							<param name="X" type="float" />
							<param name="Y" type="float" />
							<param name="Z" type="float" />
						</accessor>
					</technique_common>
				</source>
				<source id="meshId7-tex0" name="meshId7-tex0">
					<float_array id="meshId7-tex0-array" count="48"> 
						0.118016 0.002320 0.124933 0.002320 0.124933 0.044170 0.118016 0.044170 0.118016 0.044170 0.124933 0.044170 0.124933 0.046476 0.118016 0.046476 0.115710 0.044170 0.108792 0.044170 0.108792 0.002320 0.115710 0.002320 0.115710 0.002320 0.108792 0.002320 0.108792 0.000014 0.115710 0.000014 0.106487 0.002320 0.108792 0.002320 0.108792 0.044170 0.106487 0.044170 0.115710 0.002320 0.118016 0.002320 0.118016 0.044170 0.115710 0.044170 
					</float_array>
					<technique_common>
						<accessor count="24" offset="0" source="#meshId7-tex0-array" stride="2">
							<param name="S" type="float" />
							<param name="T" type="float" />
						</accessor>
					</technique_common>
				</source>
				<vertices id="meshId7-vertices">
					<input semantic="POSITION" source="#meshId7-positions" />
				</vertices>
				<polylist count="12" material="defaultMaterial">
					<input offset="0" semantic="VERTEX" source="#meshId7-vertices" />
					<input offset="0" semantic="NORMAL" source="#meshId7-normals" />
					<input offset="0" semantic="TANGENT" source="#meshId7-tangents" />
					<input offset="0" semantic="BINORMAL" source="#meshId7-bitangents" />
					<input offset="0" semantic="TEXCOORD" source="#meshId7-tex0" set="0" />
					<vcount>
						3 3 3 3 3 3 3 3 3 3 3 3 
					</vcount>
					<p>
						3 0 1 1 2 3 7 4 5 5 6 7 11 8 9 9 10 11 15 12 13 13 14 15 19 16 17 17 18 19 23 20 21 21 22 23 
					</p>
				</polylist>
			</mesh>
		</geometry>
		<geometry id="meshId8" name="meshId8_name" >
			<mesh>
				<source id="meshId8-positions" name="meshId8-positions">
					<float_array id="meshId8-positions-array" count="72"> 
						38.330315 24.502918 19.816105 36.230244 24.502918 17.673746 36.230244 42.502918 17.673746 38.330315 42.502918 19.816105 38.330315 42.502918 19.816105 36.230244 42.502918 17.673746 35.516121 42.502918 18.373774 37.616196 42.502918 20.516127 37.616196 42.502918 20.516127 35.516121 42.502918 18.373774 35.516121 24.502918 18.373774 37.616196 24.502918 20.516127 37.616196 24.502918 20.516127 35.516121 24.502918 18.373774 36.230244 24.502918 17.673746 38.330315 24.502918 19.816105 36.230244 24.502918 17.673746 35.516121 24.502918 18.373774 35.516121 42.502918 18.373774 36.230244 42.502918 17.673746 37.616196 24.502918 20.516127 38.330315 24.502918 19.816105 38.330315 42.502918 19.816105 37.616196 42.502918 20.516127 
					</float_array>
					<technique_common>
						<accessor count="24" offset="0" source="#meshId8-positions-array" stride="3">
							<param name="X" type="float" />
							<param name="Y" type="float" />
							<param name="Z" type="float" />
						</accessor>
					</technique_common>
				</source>
				<source id="meshId8-normals" name="meshId8-normals">
					<float_array id="meshId8-normals-array" count="72"> 
						0.714118 0.000000 -0.700025 0.714118 0.000000 -0.700025 0.714118 0.000000 -0.700025 0.714118 0.000000 -0.700025 0.000000 1.000000 -0.000001 0.000000 1.000000 -0.000001 0.000000 1.000000 -0.000001 0.000000 1.000000 -0.000001 -0.714118 0.000000 0.700025 -0.714118 0.000000 0.700025 -0.714118 0.000000 0.700025 -0.714118 0.000000 0.700025 0.000000 -1.000000 -0.000001 0.000000 -1.000000 -0.000001 0.000000 -1.000000 -0.000001 0.000000 -1.000000 -0.000001 -0.700025 0.000000 -0.714118 -0.700025 0.000000 -0.714118 -0.700025 0.000000 -0.714118 -0.700025 0.000000 -0.714118 0.700025 0.000000 0.714118 0.700025 0.000000 0.714118 0.700025 0.000000 0.714118 0.700025 0.000000 0.714118 
					</float_array>
					<technique_common>
						<accessor count="24" offset="0" source="#meshId8-normals-array" stride="3">
							<param name="X" type="float" />
							<param name="Y" type="float" />
							<param name="Z" type="float" />
						</accessor>
					</technique_common>
				</source>
				<source id="meshId8-tangents" name="meshId8-tangents">
					<float_array id="meshId8-tangents-array" count="72"> 
						-0.675737 -0.261130 -0.689341 -0.675737 -0.261130 -0.689341 -0.675738 -0.261126 -0.689342 -0.675738 -0.261126 -0.689342 -0.489262 -0.000001 -0.872137 -0.489262 -0.000001 -0.872137 -0.489262 -0.000001 -0.872137 -0.489262 -0.000001 -0.872137 0.675736 -0.261134 0.689340 0.675736 -0.261134 0.689340 0.675737 -0.261131 0.689341 0.675737 -0.261131 0.689341 0.862215 -0.000000 0.506543 0.862214 -0.000000 0.506544 0.862214 -0.000000 0.506544 0.862215 -0.000000 0.506543 -0.689341 -0.261130 0.675737 -0.689341 -0.261130 0.675737 -0.689342 -0.261125 0.675738 -0.689342 -0.261125 0.675738 0.689341 -0.261131 -0.675737 0.689341 -0.261132 -0.675736 0.689337 -0.261150 -0.675733 0.689337 -0.261150 -0.675733 
					</float_array>
					<technique_common>
						<accessor count="24" offset="0" source="#meshId8-tangents-array" stride="3">
							<param name="X" type="float" />
							<param name="Y" type="float" />
							<param name="Z" type="float" />
						</accessor>
					</technique_common>
				</source>
				<source id="meshId8-bitangents" name="meshId8-bitangents">
					<float_array id="meshId8-bitangents-array" count="72"> 
						-0.182798 0.965304 -0.186478 -0.182797 0.965304 -0.186477 -0.182795 0.965305 -0.186475 -0.182795 0.965305 -0.186475 -0.872137 0.000000 0.489262 -0.872137 0.000000 0.489262 -0.872137 0.000000 0.489262 -0.872137 0.000000 0.489262 0.182800 0.965303 0.186480 0.182800 0.965303 0.186480 0.182798 0.965303 0.186478 0.182798 0.965303 0.186478 -0.506543 -0.000001 0.862215 -0.506544 -0.000001 0.862214 -0.506544 -0.000001 0.862214 -0.506543 -0.000001 0.862215 -0.186478 0.965304 0.182797 -0.186477 0.965304 0.182797 -0.186474 0.965305 0.182794 -0.186474 0.965305 0.182794 0.186478 0.965303 -0.182798 0.186479 0.965303 -0.182799 0.186492 0.965298 -0.182812 0.186492 0.965298 -0.182811 
					</float_array>
					<technique_common>
						<accessor count="24" offset="0" source="#meshId8-bitangents-array" stride="3">
							<param name="X" type="float" />
							<param name="Y" type="float" />
							<param name="Z" type="float" />
						</accessor>
					</technique_common>
				</source>
				<source id="meshId8-tex0" name="meshId8-tex0">
					<float_array id="meshId8-tex0-array" count="48"> 
						0.019820 0.004653 0.026524 0.006466 0.015643 0.046691 0.008939 0.044877 0.008939 0.044877 0.015643 0.046691 0.015038 0.048926 0.008334 0.047112 0.006704 0.044273 -0.000000 0.042459 0.010881 0.002235 0.017586 0.004048 0.017586 0.004048 0.010881 0.002235 0.011486 0.000000 0.018190 0.001814 0.026524 0.006466 0.028759 0.007071 0.017878 0.047295 0.015643 0.046691 0.017586 0.004048 0.019820 0.004653 0.008939 0.044877 0.006704 0.044273 
					</float_array>
					<technique_common>
						<accessor count="24" offset="0" source="#meshId8-tex0-array" stride="2">
							<param name="S" type="float" />
							<param name="T" type="float" />
						</accessor>
					</technique_common>
				</source>
				<vertices id="meshId8-vertices">
					<input semantic="POSITION" source="#meshId8-positions" />
				</vertices>
				<polylist count="12" material="defaultMaterial">
					<input offset="0" semantic="VERTEX" source="#meshId8-vertices" />
					<input offset="0" semantic="NORMAL" source="#meshId8-normals" />
					<input offset="0" semantic="TANGENT" source="#meshId8-tangents" />
					<input offset="0" semantic="BINORMAL" source="#meshId8-bitangents" />
					<input offset="0" semantic="TEXCOORD" source="#meshId8-tex0" set="0" />
					<vcount>
						3 3 3 3 3 3 3 3 3 3 3 3 
					</vcount>
					<p>
						3 0 1 1 2 3 7 4 5 5 6 7 11 8 9 9 10 11 15 12 13 13 14 15 19 16 17 17 18 19 23 20 21 21 22 23 
					</p>
				</polylist>
			</mesh>
		</geometry>
		<geometry id="meshId9" name="meshId9_name" >
			<mesh>
				<source id="meshId9-positions" name="meshId9-positions">
					<float_array id="meshId9-positions-array" count="72"> 
						45.408169 24.502907 -28.167593 42.739391 24.502907 -26.797338 42.739391 42.502907 -26.797338 45.408169 42.502907 -28.167593 45.408169 42.502907 -28.167593 42.739391 42.502907 -26.797338 43.196140 42.502907 -25.907740 45.864922 42.502907 -27.278002 45.864922 42.502907 -27.278002 43.196140 42.502907 -25.907740 43.196140 24.502907 -25.907740 45.864922 24.502907 -27.278002 45.864922 24.502907 -27.278002 43.196140 24.502907 -25.907740 42.739391 24.502907 -26.797338 45.408169 24.502907 -28.167593 42.739391 24.502907 -26.797338 43.196140 24.502907 -25.907740 43.196140 42.502907 -25.907740 42.739391 42.502907 -26.797338 45.864922 24.502907 -27.278002 45.408169 24.502907 -28.167593 45.408169 42.502907 -28.167593 45.864922 42.502907 -27.278002 
					</float_array>
					<technique_common>
						<accessor count="24" offset="0" source="#meshId9-positions-array" stride="3">
							<param name="X" type="float" />
							<param name="Y" type="float" />
							<param name="Z" type="float" />
						</accessor>
					</technique_common>
				</source>
				<source id="meshId9-normals" name="meshId9-normals">
					<float_array id="meshId9-normals-array" count="72"> 
						-0.456753 0.000000 -0.889593 -0.456753 0.000000 -0.889593 -0.456753 0.000000 -0.889593 -0.456753 0.000000 -0.889593 -0.000000 1.000000 0.000001 -0.000000 1.000000 0.000001 -0.000000 1.000000 0.000001 -0.000000 1.000000 0.000001 0.456753 0.000000 0.889594 0.456753 0.000000 0.889594 0.456753 0.000000 0.889594 0.456753 0.000000 0.889594 0.000000 -1.000000 -0.000001 0.000000 -1.000000 -0.000001 0.000000 -1.000000 -0.000001 0.000000 -1.000000 -0.000001 -0.889593 -0.000000 0.456753 -0.889593 -0.000000 0.456753 -0.889593 -0.000000 0.456753 -0.889593 -0.000000 0.456753 0.889594 0.000000 -0.456753 0.889594 0.000000 -0.456753 0.889594 0.000000 -0.456753 0.889594 0.000000 -0.456753 
					</float_array>
					<technique_common>
						<accessor count="24" offset="0" source="#meshId9-normals-array" stride="3">
							<param name="X" type="float" />
							<param name="Y" type="float" />
							<param name="Z" type="float" />
						</accessor>
					</technique_common>
				</source>
				<source id="meshId9-tangents" name="meshId9-tangents">
					<float_array id="meshId9-tangents-array" count="72"> 
						-0.889593 -0.000000 0.456754 -0.889593 -0.000000 0.456754 -0.889593 -0.000000 0.456754 -0.889593 -0.000000 0.456754 -0.889594 -0.000000 0.456752 -0.889597 -0.000000 0.456747 -0.889597 -0.000000 0.456746 -0.889595 -0.000000 0.456751 0.889594 0.000000 -0.456753 0.889594 0.000000 -0.456753 0.889594 0.000000 -0.456753 0.889594 0.000000 -0.456753 0.889593 0.000000 -0.456754 0.889594 0.000000 -0.456752 0.889594 0.000000 -0.456752 0.889593 0.000000 -0.456753 0.456753 0.000000 0.889593 0.456753 0.000000 0.889593 0.456753 0.000000 0.889593 0.456753 0.000000 0.889593 -0.456753 -0.000000 -0.889594 -0.456753 -0.000000 -0.889594 -0.456753 -0.000000 -0.889594 -0.456753 -0.000000 -0.889594 
					</float_array>
					<technique_common>
						<accessor count="24" offset="0" source="#meshId9-tangents-array" stride="3">
							<param name="X" type="float" />
							<param name="Y" type="float" />
							<param name="Z" type="float" />
						</accessor>
					</technique_common>
				</source>
				<source id="meshId9-bitangents" name="meshId9-bitangents">
					<float_array id="meshId9-bitangents-array" count="72"> 
						-0.000000 1.000000 -0.000000 -0.000000 1.000000 -0.000000 -0.000000 1.000000 -0.000000 -0.000000 1.000000 -0.000000 0.456752 -0.000001 0.889594 0.456747 -0.000001 0.889597 0.456746 -0.000001 0.889597 0.456751 -0.000001 0.889595 -0.000000 1.000000 -0.000000 -0.000000 1.000000 -0.000000 -0.000000 1.000000 -0.000000 -0.000000 1.000000 -0.000000 0.456754 -0.000001 0.889593 0.456752 -0.000001 0.889594 0.456752 -0.000001 0.889594 0.456753 -0.000001 0.889593 -0.000000 1.000000 -0.000000 -0.000000 1.000000 -0.000000 -0.000000 1.000000 -0.000000 -0.000000 1.000000 -0.000000 -0.000000 1.000000 -0.000000 -0.000000 1.000000 -0.000000 -0.000000 1.000000 -0.000000 -0.000000 1.000000 -0.000000 
					</float_array>
					<technique_common>
						<accessor count="24" offset="0" source="#meshId9-bitangents-array" stride="3">
							<param name="X" type="float" />
							<param name="Y" type="float" />
							<param name="Z" type="float" />
						</accessor>
					</technique_common>
				</source>
				<source id="meshId9-tex0" name="meshId9-tex0">
					<float_array id="meshId9-tex0-array" count="48"> 
						0.483187 0.002203 0.489752 0.002203 0.489752 0.046481 0.483187 0.046481 0.483187 0.046481 0.489752 0.046481 0.489752 0.048669 0.483187 0.048669 0.480998 0.046481 0.474433 0.046481 0.474433 0.002203 0.480998 0.002203 0.480998 0.002203 0.474433 0.002203 0.474433 0.000014 0.480998 0.000014 0.472245 0.002203 0.474433 0.002203 0.474433 0.046481 0.472245 0.046481 0.480998 0.002203 0.483187 0.002203 0.483187 0.046481 0.480998 0.046481 
					</float_array>
					<technique_common>
						<accessor count="24" offset="0" source="#meshId9-tex0-array" stride="2">
							<param name="S" type="float" />
							<param name="T" type="float" />
						</accessor>
					</technique_common>
				</source>
				<vertices id="meshId9-vertices">
					<input semantic="POSITION" source="#meshId9-positions" />
				</vertices>
				<polylist count="12" material="defaultMaterial">
					<input offset="0" semantic="VERTEX" source="#meshId9-vertices" />
					<input offset="0" semantic="NORMAL" source="#meshId9-normals" />
					<input offset="0" semantic="TANGENT" source="#meshId9-tangents" />
					<input offset="0" semantic="BINORMAL" source="#meshId9-bitangents" />
					<input offset="0" semantic="TEXCOORD" source="#meshId9-tex0" set="0" />
					<vcount>
						3 3 3 3 3 3 3 3 3 3 3 3 
					</vcount>
					<p>
						3 0 1 1 2 3 7 4 5 5 6 7 11 8 9 9 10 11 15 12 13 13 14 15 19 16 17 17 18 19 23 20 21 21 22 23 
					</p>
				</polylist>
			</mesh>
		</geometry>
		<geometry id="meshId10" name="meshId10_name" >
			<mesh>
				<source id="meshId10-positions" name="meshId10-positions">
					<float_array id="meshId10-positions-array" count="72"> 
						45.438488 24.502911 9.976269 42.772800 24.502911 8.600000 42.772800 42.502911 8.600000 45.438488 42.502911 9.976269 45.438488 42.502911 9.976269 42.772800 42.502911 8.600000 42.314045 42.502911 9.488567 44.979733 42.502911 10.864828 44.979733 42.502911 10.864828 42.314045 42.502911 9.488567 42.314045 24.502911 9.488567 44.979733 24.502911 10.864828 44.979733 24.502911 10.864828 42.314045 24.502911 9.488567 42.772800 24.502911 8.600000 45.438488 24.502911 9.976269 42.772800 24.502911 8.600000 42.314045 24.502911 9.488567 42.314045 42.502911 9.488567 42.772800 42.502911 8.600000 44.979733 24.502911 10.864828 45.438488 24.502911 9.976269 45.438488 42.502911 9.976269 44.979733 42.502911 10.864828 
					</float_array>
					<technique_common>
						<accessor count="24" offset="0" source="#meshId10-positions-array" stride="3">
							<param name="X" type="float" />
							<param name="Y" type="float" />
							<param name="Z" type="float" />
						</accessor>
					</technique_common>
				</source>
				<source id="meshId10-normals" name="meshId10-normals">
					<float_array id="meshId10-normals-array" count="72"> 
						0.458754 -0.000000 -0.888563 0.458754 -0.000000 -0.888563 0.458754 -0.000000 -0.888563 0.458754 -0.000000 -0.888563 0.000000 1.000000 0.000002 0.000000 1.000000 0.000002 0.000000 1.000000 0.000002 0.000000 1.000000 0.000002 -0.458754 0.000000 0.888563 -0.458754 0.000000 0.888563 -0.458754 0.000000 0.888563 -0.458754 0.000000 0.888563 0.000000 -1.000000 0.000001 0.000000 -1.000000 0.000001 0.000000 -1.000000 0.000001 0.000000 -1.000000 0.000001 -0.888563 0.000000 -0.458755 -0.888563 0.000000 -0.458755 -0.888563 0.000000 -0.458755 -0.888563 0.000000 -0.458755 0.888563 -0.000000 0.458755 0.888563 -0.000000 0.458755 0.888563 -0.000000 0.458755 0.888563 -0.000000 0.458755 
					</float_array>
					<technique_common>
						<accessor count="24" offset="0" source="#meshId10-normals-array" stride="3">
							<param name="X" type="float" />
							<param name="Y" type="float" />
							<param name="Z" type="float" />
						</accessor>
					</technique_common>
				</source>
				<source id="meshId10-tangents" name="meshId10-tangents">
					<float_array id="meshId10-tangents-array" count="72"> 
						-0.888563 0.000001 -0.458754 -0.888563 0.000001 -0.458754 -0.888563 -0.000000 -0.458754 -0.888563 0.000000 -0.458754 -0.888563 0.000001 -0.458755 -0.888563 0.000001 -0.458754 -0.888563 0.000001 -0.458754 -0.888563 0.000001 -0.458755 0.888563 0.000000 0.458754 0.888563 0.000000 0.458754 0.888563 0.000000 0.458754 0.888563 0.000000 0.458754 0.888563 0.000000 0.458754 0.888563 0.000000 0.458754 0.888563 0.000000 0.458754 0.888563 0.000000 0.458754 -0.458755 -0.000001 0.888563 -0.458755 -0.000001 0.888563 -0.458755 -0.000000 0.888563 -0.458755 -0.000000 0.888563 0.458755 0.000000 -0.888563 0.458755 0.000000 -0.888563 0.458755 0.000000 -0.888563 0.458755 0.000000 -0.888563 
					</float_array>
					<technique_common>
						<accessor count="24" offset="0" source="#meshId10-tangents-array" stride="3">
							<param name="X" type="float" />
							<param name="Y" type="float" />
							<param name="Z" type="float" />
						</accessor>
					</technique_common>
				</source>
				<source id="meshId10-bitangents" name="meshId10-bitangents">
					<float_array id="meshId10-bitangents-array" count="72"> 
						0.000001 1.000000 0.000000 0.000001 1.000000 0.000000 -0.000000 1.000000 -0.000000 0.000000 1.000000 0.000000 -0.458755 -0.000002 0.888563 -0.458754 -0.000002 0.888563 -0.458754 -0.000002 0.888563 -0.458755 -0.000002 0.888563 -0.000000 1.000000 -0.000000 -0.000000 1.000000 -0.000000 -0.000000 1.000000 -0.000000 -0.000000 1.000000 -0.000000 -0.458754 0.000001 0.888563 -0.458754 0.000001 0.888563 -0.458754 0.000001 0.888563 -0.458754 0.000001 0.888563 -0.000000 1.000000 0.000001 -0.000000 1.000000 0.000001 0.000000 1.000000 -0.000000 -0.000000 1.000000 0.000000 0.000000 1.000000 -0.000000 0.000000 1.000000 -0.000000 0.000000 1.000000 -0.000000 0.000000 1.000000 -0.000000 
					</float_array>
					<technique_common>
						<accessor count="24" offset="0" source="#meshId10-bitangents-array" stride="3">
							<param name="X" type="float" />
							<param name="Y" type="float" />
							<param name="Z" type="float" />
						</accessor>
					</technique_common>
				</source>
				<source id="meshId10-tex0" name="meshId10-tex0">
					<float_array id="meshId10-tex0-array" count="48"> 
						0.538739 0.002201 0.545300 0.002201 0.545300 0.046506 0.538739 0.046506 0.538739 0.046506 0.545300 0.046506 0.545300 0.048694 0.538739 0.048694 0.536552 0.046506 0.529990 0.046506 0.529990 0.002201 0.536552 0.002201 0.536552 0.002201 0.529990 0.002201 0.529990 0.000014 0.536552 0.000014 0.527803 0.002201 0.529990 0.002201 0.529990 0.046506 0.527803 0.046506 0.536552 0.002201 0.538739 0.002201 0.538739 0.046506 0.536552 0.046506 
					</float_array>
					<technique_common>
						<accessor count="24" offset="0" source="#meshId10-tex0-array" stride="2">
							<param name="S" type="float" />
							<param name="T" type="float" />
						</accessor>
					</technique_common>
				</source>
				<vertices id="meshId10-vertices">
					<input semantic="POSITION" source="#meshId10-positions" />
				</vertices>
				<polylist count="12" material="defaultMaterial">
					<input offset="0" semantic="VERTEX" source="#meshId10-vertices" />
					<input offset="0" semantic="NORMAL" source="#meshId10-normals" />
					<input offset="0" semantic="TANGENT" source="#meshId10-tangents" />
					<input offset="0" semantic="BINORMAL" source="#meshId10-bitangents" />
					<input offset="0" semantic="TEXCOORD" source="#meshId10-tex0" set="0" />
					<vcount>
						3 3 3 3 3 3 3 3 3 3 3 3 
					</vcount>
					<p>
						3 0 1 1 2 3 7 4 5 5 6 7 11 8 9 9 10 11 15 12 13 13 14 15 19 16 17 17 18 19 23 20 21 21 22 23 
					</p>
				</polylist>
			</mesh>
		</geometry>
		<geometry id="meshId11" name="meshId11_name" >
			<mesh>
				<source id="meshId11-positions" name="meshId11-positions">
					<float_array id="meshId11-positions-array" count="72"> 
						49.539963 24.502918 -15.776085 46.570480 24.502918 -15.349275 46.570480 42.502918 -15.349275 49.539963 42.502918 -15.776085 49.539963 42.502918 -15.776085 46.570480 42.502918 -15.349275 46.712746 42.502918 -14.359447 49.682236 42.502918 -14.786257 49.682236 42.502918 -14.786257 46.712746 42.502918 -14.359447 46.712746 24.502918 -14.359447 49.682236 24.502918 -14.786257 49.682236 24.502918 -14.786257 46.712746 24.502918 -14.359447 46.570480 24.502918 -15.349275 49.539963 24.502918 -15.776085 46.570480 24.502918 -15.349275 46.712746 24.502918 -14.359447 46.712746 42.502918 -14.359447 46.570480 42.502918 -15.349275 49.682236 24.502918 -14.786257 49.539963 24.502918 -15.776085 49.539963 42.502918 -15.776085 49.682236 42.502918 -14.786257 
					</float_array>
					<technique_common>
						<accessor count="24" offset="0" source="#meshId11-positions-array" stride="3">
							<param name="X" type="float" />
							<param name="Y" type="float" />
							<param name="Z" type="float" />
						</accessor>
					</technique_common>
				</source>
				<source id="meshId11-normals" name="meshId11-normals">
					<float_array id="meshId11-normals-array" count="72"> 
						-0.142269 -0.000000 -0.989828 -0.142269 -0.000000 -0.989828 -0.142269 -0.000000 -0.989828 -0.142269 -0.000000 -0.989828 0.000000 1.000000 0.000000 0.000000 1.000000 0.000000 0.000000 1.000000 0.000000 0.000000 1.000000 0.000000 0.142269 0.000000 0.989828 0.142269 0.000000 0.989828 0.142269 0.000000 0.989828 0.142269 0.000000 0.989828 0.000000 -1.000000 -0.000000 0.000000 -1.000000 -0.000000 0.000000 -1.000000 -0.000000 0.000000 -1.000000 -0.000000 -0.989828 0.000000 0.142269 -0.989828 0.000000 0.142269 -0.989828 0.000000 0.142269 -0.989828 0.000000 0.142269 0.989828 0.000000 -0.142269 0.989828 0.000000 -0.142269 0.989828 0.000000 -0.142269 0.989828 0.000000 -0.142269 
					</float_array>
					<technique_common>
						<accessor count="24" offset="0" source="#meshId11-normals-array" stride="3">
							<param name="X" type="float" />
							<param name="Y" type="float" />
							<param name="Z" type="float" />
						</accessor>
					</technique_common>
				</source>
				<source id="meshId11-tangents" name="meshId11-tangents">
					<float_array id="meshId11-tangents-array" count="72"> 
						-0.989828 0.000001 0.142269 -0.989828 0.000001 0.142269 -0.989828 -0.000000 0.142269 -0.989828 0.000000 0.142269 -0.989828 -0.000000 0.142270 -0.989828 -0.000000 0.142270 -0.989828 -0.000000 0.142270 -0.989828 -0.000000 0.142270 0.989828 0.000000 -0.142269 0.989828 0.000000 -0.142269 0.989828 0.000000 -0.142269 0.989828 0.000000 -0.142269 0.989828 0.000000 -0.142270 0.989828 0.000000 -0.142270 0.989828 0.000000 -0.142270 0.989828 0.000000 -0.142270 0.142269 0.000000 0.989828 0.142269 0.000000 0.989828 0.142269 0.000000 0.989828 0.142269 0.000000 0.989828 -0.142269 -0.000000 -0.989828 -0.142269 -0.000000 -0.989828 -0.142269 -0.000000 -0.989828 -0.142269 -0.000000 -0.989828 
					</float_array>
					<technique_common>
						<accessor count="24" offset="0" source="#meshId11-tangents-array" stride="3">
							<param name="X" type="float" />
							<param name="Y" type="float" />
							<param name="Z" type="float" />
						</accessor>
					</technique_common>
				</source>
				<source id="meshId11-bitangents" name="meshId11-bitangents">
					<float_array id="meshId11-bitangents-array" count="72"> 
						0.000001 1.000000 -0.000000 0.000001 1.000000 -0.000000 -0.000000 1.000000 -0.000000 0.000000 1.000000 -0.000000 0.142270 -0.000000 0.989828 0.142270 -0.000000 0.989828 0.142270 -0.000000 0.989828 0.142270 -0.000000 0.989828 -0.000000 1.000000 -0.000000 -0.000000 1.000000 -0.000000 -0.000000 1.000000 -0.000000 -0.000000 1.000000 -0.000000 0.142270 -0.000000 0.989828 0.142270 -0.000000 0.989828 0.142270 -0.000000 0.989828 0.142270 -0.000000 0.989828 -0.000000 1.000000 -0.000000 -0.000000 1.000000 -0.000000 -0.000000 1.000000 -0.000000 -0.000000 1.000000 -0.000000 -0.000000 1.000000 -0.000000 -0.000000 1.000000 -0.000000 -0.000000 1.000000 -0.000000 -0.000000 1.000000 -0.000000 
					</float_array>
					<technique_common>
						<accessor count="24" offset="0" source="#meshId11-bitangents-array" stride="3">
							<param name="X" type="float" />
							<param name="Y" type="float" />
							<param name="Z" type="float" />
						</accessor>
					</technique_common>
				</source>
				<source id="meshId11-tex0" name="meshId11-tex0">
					<float_array id="meshId11-tex0-array" count="48"> 
						0.155044 0.002318 0.161955 0.002318 0.161955 0.044210 0.155044 0.044210 0.155044 0.044210 0.161955 0.044210 0.161955 0.046514 0.155044 0.046514 0.152740 0.044210 0.145829 0.044210 0.145829 0.002318 0.152740 0.002318 0.152740 0.002318 0.145829 0.002318 0.145829 0.000014 0.152740 0.000014 0.143525 0.002318 0.145829 0.002318 0.145829 0.044210 0.143525 0.044210 0.152740 0.002318 0.155044 0.002318 0.155044 0.044210 0.152740 0.044210 
					</float_array>
					<technique_common>
						<accessor count="24" offset="0" source="#meshId11-tex0-array" stride="2">
							<param name="S" type="float" />
							<param name="T" type="float" />
						</accessor>
					</technique_common>
				</source>
				<vertices id="meshId11-vertices">
					<input semantic="POSITION" source="#meshId11-positions" />
				</vertices>
				<polylist count="12" material="defaultMaterial">
					<input offset="0" semantic="VERTEX" source="#meshId11-vertices" />
					<input offset="0" semantic="NORMAL" source="#meshId11-normals" />
					<input offset="0" semantic="TANGENT" source="#meshId11-tangents" />
					<input offset="0" semantic="BINORMAL" source="#meshId11-bitangents" />
					<input offset="0" semantic="TEXCOORD" source="#meshId11-tex0" set="0" />
					<vcount>
						3 3 3 3 3 3 3 3 3 3 3 3 
					</vcount>
					<p>
						3 0 1 1 2 3 7 4 5 5 6 7 11 8 9 9 10 11 15 12 13 13 14 15 19 16 17 17 18 19 23 20 21 21 22 23 
					</p>
				</polylist>
			</mesh>
		</geometry>
		<geometry id="meshId12" name="meshId12_name" >
			<mesh>
				<source id="meshId12-positions" name="meshId12-positions">
					<float_array id="meshId12-positions-array" count="72"> 
						16.818687 24.502903 31.121326 16.354746 24.502903 28.157417 16.354746 42.502903 28.157417 16.818687 42.502903 31.121326 16.818687 42.502903 31.121326 16.354746 42.502903 28.157417 15.366777 42.502903 28.312065 15.830714 42.502903 31.275978 15.830714 42.502903 31.275978 15.366777 42.502903 28.312065 15.366777 24.502903 28.312065 15.830714 24.502903 31.275978 15.830714 24.502903 31.275978 15.366777 24.502903 28.312065 16.354746 24.502903 28.157417 16.818687 24.502903 31.121326 16.354746 24.502903 28.157417 15.366777 24.502903 28.312065 15.366777 42.502903 28.312065 16.354746 42.502903 28.157417 15.830714 24.502903 31.275978 16.818687 24.502903 31.121326 16.818687 42.502903 31.121326 15.830714 42.502903 31.275978 
					</float_array>
					<technique_common>
						<accessor count="24" offset="0" source="#meshId12-positions-array" stride="3">
							<param name="X" type="float" />
							<param name="Y" type="float" />
							<param name="Z" type="float" />
						</accessor>
					</technique_common>
				</source>
				<source id="meshId12-normals" name="meshId12-normals">
					<float_array id="meshId12-normals-array" count="72"> 
						0.987970 0.000000 -0.154646 0.987970 0.000000 -0.154646 0.987970 0.000000 -0.154646 0.987970 0.000000 -0.154646 0.000000 1.000000 0.000000 0.000000 1.000000 0.000000 0.000000 1.000000 0.000000 0.000000 1.000000 0.000000 -0.987970 0.000000 0.154646 -0.987970 0.000000 0.154646 -0.987970 0.000000 0.154646 -0.987970 0.000000 0.154646 -0.000000 -1.000000 -0.000000 -0.000000 -1.000000 -0.000000 -0.000000 -1.000000 -0.000000 -0.000000 -1.000000 -0.000000 -0.154646 0.000000 -0.987970 -0.154646 0.000000 -0.987970 -0.154646 0.000000 -0.987970 -0.154646 0.000000 -0.987970 0.154646 0.000000 0.987970 0.154646 0.000000 0.987970 0.154646 0.000000 0.987970 0.154646 0.000000 0.987970 
					</float_array>
					<technique_common>
						<accessor count="24" offset="0" source="#meshId12-normals-array" stride="3">
							<param name="X" type="float" />
							<param name="Y" type="float" />
							<param name="Z" type="float" />
						</accessor>
					</technique_common>
				</source>
				<source id="meshId12-tangents" name="meshId12-tangents">
					<float_array id="meshId12-tangents-array" count="72"> 
						-0.154646 -0.000000 -0.987970 -0.154646 -0.000000 -0.987970 -0.154646 -0.000000 -0.987970 -0.154646 -0.000000 -0.987970 -0.154646 0.000000 -0.987970 -0.154646 0.000000 -0.987970 -0.154646 0.000000 -0.987970 -0.154646 0.000000 -0.987970 0.154646 0.000000 0.987970 0.154646 0.000000 0.987970 0.154646 0.000000 0.987970 0.154646 0.000000 0.987970 -0.154646 0.000000 -0.987970 -0.154646 0.000000 -0.987970 -0.154646 0.000000 -0.987970 -0.154646 0.000000 -0.987970 -0.987970 0.000001 0.154646 -0.987970 0.000001 0.154646 -0.987970 -0.000000 0.154646 -0.987970 0.000000 0.154646 0.987970 0.000000 -0.154646 0.987970 0.000000 -0.154646 0.987970 0.000000 -0.154646 0.987970 0.000000 -0.154646 
					</float_array>
					<technique_common>
						<accessor count="24" offset="0" source="#meshId12-tangents-array" stride="3">
							<param name="X" type="float" />
							<param name="Y" type="float" />
							<param name="Z" type="float" />
						</accessor>
					</technique_common>
				</source>
				<source id="meshId12-bitangents" name="meshId12-bitangents">
					<float_array id="meshId12-bitangents-array" count="72"> 
						0.000000 1.000000 -0.000000 0.000000 1.000000 -0.000000 0.000000 1.000000 -0.000000 0.000000 1.000000 -0.000000 -0.987970 -0.000000 0.154646 -0.987970 -0.000000 0.154646 -0.987970 -0.000000 0.154646 -0.987970 -0.000000 0.154646 0.000000 1.000000 -0.000000 0.000000 1.000000 -0.000000 0.000000 1.000000 -0.000000 0.000000 1.000000 -0.000000 0.987970 0.000000 -0.154646 0.987970 0.000000 -0.154646 0.987970 0.000000 -0.154646 0.987970 0.000000 -0.154646 0.000001 1.000000 -0.000000 0.000001 1.000000 -0.000000 -0.000000 1.000000 -0.000000 0.000000 1.000000 -0.000000 -0.000000 1.000000 -0.000000 -0.000000 1.000000 -0.000000 -0.000000 1.000000 -0.000000 -0.000000 1.000000 -0.000000 
					</float_array>
					<technique_common>
						<accessor count="24" offset="0" source="#meshId12-bitangents-array" stride="3">
							<param name="X" type="float" />
							<param name="Y" type="float" />
							<param name="Z" type="float" />
						</accessor>
					</technique_common>
				</source>
				<source id="meshId12-tex0" name="meshId12-tex0">
					<float_array id="meshId12-tex0-array" count="48"> 
						0.425893 0.002316 0.432798 0.002316 0.432798 0.044249 0.425893 0.044249 0.425893 0.044249 0.432798 0.044249 0.432798 0.046551 0.425893 0.046551 0.423592 0.044249 0.416687 0.044249 0.416687 0.002316 0.423592 0.002316 0.425893 0.000014 0.432798 0.000014 0.432798 0.002316 0.425893 0.002316 0.432798 0.002316 0.435100 0.002316 0.435100 0.044249 0.432798 0.044249 0.423592 0.002316 0.425893 0.002316 0.425893 0.044249 0.423592 0.044249 
					</float_array>
					<technique_common>
						<accessor count="24" offset="0" source="#meshId12-tex0-array" stride="2">
							<param name="S" type="float" />
							<param name="T" type="float" />
						</accessor>
					</technique_common>
				</source>
				<vertices id="meshId12-vertices">
					<input semantic="POSITION" source="#meshId12-positions" />
				</vertices>
				<polylist count="12" material="defaultMaterial">
					<input offset="0" semantic="VERTEX" source="#meshId12-vertices" />
					<input offset="0" semantic="NORMAL" source="#meshId12-normals" />
					<input offset="0" semantic="TANGENT" source="#meshId12-tangents" />
					<input offset="0" semantic="BINORMAL" source="#meshId12-bitangents" />
					<input offset="0" semantic="TEXCOORD" source="#meshId12-tex0" set="0" />
					<vcount>
						3 3 3 3 3 3 3 3 3 3 3 3 
					</vcount>
					<p>
						3 0 1 1 2 3 7 4 5 5 6 7 11 8 9 9 10 11 15 12 13 13 14 15 19 16 17 17 18 19 23 20 21 21 22 23 
					</p>
				</polylist>
			</mesh>
		</geometry>
		<geometry id="meshId13" name="meshId13_name" >
			<mesh>
				<source id="meshId13-positions" name="meshId13-positions">
					<float_array id="meshId13-positions-array" count="72"> 
						37.669216 24.502914 -38.512054 35.521065 24.502914 -36.417904 35.521065 42.502914 -36.417904 37.669216 42.502914 -38.512054 37.669216 42.502914 -38.512054 35.521065 42.502914 -36.417904 36.219112 42.502914 -35.701859 38.367264 42.502914 -37.796005 38.367264 42.502914 -37.796005 36.219112 42.502914 -35.701859 36.219112 24.502914 -35.701859 38.367264 24.502914 -37.796005 38.367264 24.502914 -37.796005 36.219112 24.502914 -35.701859 35.521065 24.502914 -36.417904 37.669216 24.502914 -38.512054 35.521065 24.502914 -36.417904 36.219112 24.502914 -35.701859 36.219112 42.502914 -35.701859 35.521065 42.502914 -36.417904 38.367264 24.502914 -37.796005 37.669216 24.502914 -38.512054 37.669216 42.502914 -38.512054 38.367264 42.502914 -37.796005 
					</float_array>
					<technique_common>
						<accessor count="24" offset="0" source="#meshId13-positions-array" stride="3">
							<param name="X" type="float" />
							<param name="Y" type="float" />
							<param name="Z" type="float" />
						</accessor>
					</technique_common>
				</source>
				<source id="meshId13-normals" name="meshId13-normals">
					<float_array id="meshId13-normals-array" count="72"> 
						-0.698049 0.000000 -0.716050 -0.698049 0.000000 -0.716050 -0.698049 0.000000 -0.716050 -0.698049 0.000000 -0.716050 0.000000 1.000000 0.000000 0.000000 1.000000 0.000000 0.000000 1.000000 0.000000 0.000000 1.000000 0.000000 0.698049 0.000000 0.716050 0.698049 0.000000 0.716050 0.698049 0.000000 0.716050 0.698049 0.000000 0.716050 0.000000 -1.000000 -0.000000 0.000000 -1.000000 -0.000000 0.000000 -1.000000 -0.000000 0.000000 -1.000000 -0.000000 -0.716051 0.000000 0.698048 -0.716051 0.000000 0.698048 -0.716051 0.000000 0.698048 -0.716051 0.000000 0.698048 0.716051 0.000000 -0.698048 0.716051 0.000000 -0.698048 0.716051 0.000000 -0.698048 0.716051 0.000000 -0.698048 
					</float_array>
					<technique_common>
						<accessor count="24" offset="0" source="#meshId13-normals-array" stride="3">
							<param name="X" type="float" />
							<param name="Y" type="float" />
							<param name="Z" type="float" />
						</accessor>
					</technique_common>
				</source>
				<source id="meshId13-tangents" name="meshId13-tangents">
					<float_array id="meshId13-tangents-array" count="72"> 
						-0.716008 0.010843 0.698008 -0.716008 0.010843 0.698008 -0.716008 0.010848 0.698008 -0.716008 0.010848 0.698008 -0.708436 0.000000 0.705775 -0.708441 0.000000 0.705770 -0.708442 0.000000 0.705769 -0.708437 0.000000 0.705774 0.716008 0.010840 -0.698008 0.716008 0.010840 -0.698008 0.716008 0.010843 -0.698008 0.716008 0.010843 -0.698008 0.723577 -0.000000 -0.690244 0.723577 -0.000000 -0.690244 0.723577 -0.000000 -0.690244 0.723577 -0.000000 -0.690244 0.698007 0.010844 0.716009 0.698007 0.010844 0.716009 0.698007 0.010840 0.716009 0.698007 0.010840 0.716009 -0.698007 0.010843 -0.716009 -0.698007 0.010843 -0.716009 -0.698007 0.010840 -0.716009 -0.698007 0.010840 -0.716009 
					</float_array>
					<technique_common>
						<accessor count="24" offset="0" source="#meshId13-tangents-array" stride="3">
							<param name="X" type="float" />
							<param name="Y" type="float" />
							<param name="Z" type="float" />
						</accessor>
					</technique_common>
				</source>
				<source id="meshId13-bitangents" name="meshId13-bitangents">
					<float_array id="meshId13-bitangents-array" count="72"> 
						0.007764 0.999941 -0.007569 0.007764 0.999941 -0.007569 0.007768 0.999941 -0.007573 0.007767 0.999941 -0.007572 0.705775 0.000000 0.708436 0.705770 0.000000 0.708441 0.705769 0.000000 0.708442 0.705774 0.000000 0.708437 -0.007762 0.999941 0.007567 -0.007762 0.999941 0.007567 -0.007764 0.999941 0.007569 -0.007764 0.999941 0.007569 0.690244 0.000000 0.723577 0.690244 0.000000 0.723577 0.690244 0.000000 0.723577 0.690244 0.000000 0.723577 -0.007570 0.999941 -0.007765 -0.007570 0.999941 -0.007765 -0.007567 0.999941 -0.007762 -0.007567 0.999941 -0.007762 0.007569 0.999941 0.007764 0.007569 0.999941 0.007764 0.007567 0.999941 0.007762 0.007567 0.999941 0.007762 
					</float_array>
					<technique_common>
						<accessor count="24" offset="0" source="#meshId13-bitangents-array" stride="3">
							<param name="X" type="float" />
							<param name="Y" type="float" />
							<param name="Z" type="float" />
						</accessor>
					</technique_common>
				</source>
				<source id="meshId13-tex0" name="meshId13-tex0">
					<float_array id="meshId13-tex0-array" count="48"> 
						0.092622 0.002304 0.099567 0.002228 0.100018 0.043896 0.093074 0.043971 0.093074 0.043971 0.100018 0.043896 0.100044 0.046211 0.093099 0.046286 0.090759 0.043997 0.083814 0.044072 0.083362 0.002404 0.090307 0.002329 0.090307 0.002329 0.083362 0.002404 0.083337 0.000089 0.090282 0.000014 0.099567 0.002228 0.101881 0.002203 0.102333 0.043871 0.100018 0.043896 0.090307 0.002329 0.092622 0.002304 0.093074 0.043971 0.090759 0.043997 
					</float_array>
					<technique_common>
						<accessor count="24" offset="0" source="#meshId13-tex0-array" stride="2">
							<param name="S" type="float" />
							<param name="T" type="float" />
						</accessor>
					</technique_common>
				</source>
				<vertices id="meshId13-vertices">
					<input semantic="POSITION" source="#meshId13-positions" />
				</vertices>
				<polylist count="12" material="defaultMaterial">
					<input offset="0" semantic="VERTEX" source="#meshId13-vertices" />
					<input offset="0" semantic="NORMAL" source="#meshId13-normals" />
					<input offset="0" semantic="TANGENT" source="#meshId13-tangents" />
					<input offset="0" semantic="BINORMAL" source="#meshId13-bitangents" />
					<input offset="0" semantic="TEXCOORD" source="#meshId13-tex0" set="0" />
					<vcount>
						3 3 3 3 3 3 3 3 3 3 3 3 
					</vcount>
					<p>
						3 0 1 1 2 3 7 4 5 5 6 7 11 8 9 9 10 11 15 12 13 13 14 15 19 16 17 17 18 19 23 20 21 21 22 23 
					</p>
				</polylist>
			</mesh>
		</geometry>
		<geometry id="meshId14" name="meshId14_name" >
			<mesh>
				<source id="meshId14-positions" name="meshId14-positions">
					<float_array id="meshId14-positions-array" count="72"> 
						27.026291 24.502914 27.926250 25.689705 24.502914 25.240448 25.689705 42.502918 25.240448 27.026291 42.502918 27.926250 27.026291 42.502918 27.926250 25.689705 42.502918 25.240448 24.794437 42.502918 25.685974 26.131023 42.502918 28.371777 26.131023 42.502918 28.371777 24.794437 42.502918 25.685974 24.794437 24.502914 25.685974 26.131023 24.502914 28.371777 26.131023 24.502914 28.371777 24.794437 24.502914 25.685974 25.689705 24.502914 25.240448 27.026291 24.502914 27.926250 25.689705 24.502914 25.240448 24.794437 24.502914 25.685974 24.794437 42.502918 25.685974 25.689705 42.502918 25.240448 26.131023 24.502914 28.371777 27.026291 24.502914 27.926250 27.026291 42.502918 27.926250 26.131023 42.502918 28.371777 
					</float_array>
					<technique_common>
						<accessor count="24" offset="0" source="#meshId14-positions-array" stride="3">
							<param name="X" type="float" />
							<param name="Y" type="float" />
							<param name="Z" type="float" />
						</accessor>
					</technique_common>
				</source>
				<source id="meshId14-normals" name="meshId14-normals">
					<float_array id="meshId14-normals-array" count="72"> 
						0.895267 0.000000 -0.445529 0.895267 0.000000 -0.445529 0.895267 0.000000 -0.445529 0.895267 0.000000 -0.445529 0.000000 1.000000 0.000000 0.000000 1.000000 0.000000 0.000000 1.000000 0.000000 0.000000 1.000000 0.000000 -0.895267 0.000000 0.445529 -0.895267 0.000000 0.445529 -0.895267 0.000000 0.445529 -0.895267 0.000000 0.445529 -0.000000 -1.000000 0.000000 -0.000000 -1.000000 0.000000 -0.000000 -1.000000 0.000000 -0.000000 -1.000000 0.000000 -0.445530 0.000000 -0.895267 -0.445530 0.000000 -0.895267 -0.445530 0.000000 -0.895267 -0.445530 0.000000 -0.895267 0.445532 0.000000 0.895266 0.445532 0.000000 0.895266 0.445532 0.000000 0.895266 0.445532 0.000000 0.895266 
					</float_array>
					<technique_common>
						<accessor count="24" offset="0" source="#meshId14-normals-array" stride="3">
							<param name="X" type="float" />
							<param name="Y" type="float" />
							<param name="Z" type="float" />
						</accessor>
					</technique_common>
				</source>
				<source id="meshId14-tangents" name="meshId14-tangents">
					<float_array id="meshId14-tangents-array" count="72"> 
						-0.445529 0.000000 -0.895267 -0.445529 0.000000 -0.895267 -0.445529 0.000000 -0.895267 -0.445529 0.000000 -0.895267 -0.445529 0.000000 -0.895267 -0.445529 0.000000 -0.895267 -0.445529 0.000000 -0.895267 -0.445529 0.000000 -0.895267 0.445529 0.000000 0.895267 0.445529 0.000000 0.895267 0.445529 0.000000 0.895267 0.445529 0.000000 0.895267 -0.445529 0.000000 -0.895268 -0.445529 0.000000 -0.895267 -0.445529 0.000000 -0.895267 -0.445529 0.000000 -0.895268 -0.895267 0.000000 0.445530 -0.895267 0.000000 0.445530 -0.895267 0.000000 0.445530 -0.895267 0.000000 0.445530 0.895266 -0.000001 -0.445532 0.895266 -0.000001 -0.445532 0.895266 0.000000 -0.445532 0.895266 -0.000000 -0.445532 
					</float_array>
					<technique_common>
						<accessor count="24" offset="0" source="#meshId14-tangents-array" stride="3">
							<param name="X" type="float" />
							<param name="Y" type="float" />
							<param name="Z" type="float" />
						</accessor>
					</technique_common>
				</source>
				<source id="meshId14-bitangents" name="meshId14-bitangents">
					<float_array id="meshId14-bitangents-array" count="72"> 
						-0.000000 1.000000 -0.000000 -0.000000 1.000000 -0.000000 -0.000000 1.000000 -0.000000 -0.000000 1.000000 -0.000000 -0.895267 -0.000000 0.445529 -0.895267 -0.000000 0.445529 -0.895267 -0.000000 0.445529 -0.895267 -0.000000 0.445529 -0.000000 1.000000 -0.000000 -0.000000 1.000000 -0.000000 -0.000000 1.000000 -0.000000 -0.000000 1.000000 -0.000000 0.895268 0.000000 -0.445529 0.895267 0.000000 -0.445529 0.895267 0.000000 -0.445529 0.895268 0.000000 -0.445529 -0.000000 1.000000 -0.000000 -0.000000 1.000000 -0.000000 -0.000000 1.000000 -0.000000 -0.000000 1.000000 -0.000000 0.000001 1.000000 -0.000000 0.000001 1.000000 -0.000000 -0.000000 1.000000 -0.000000 0.000000 1.000000 -0.000000 
					</float_array>
					<technique_common>
						<accessor count="24" offset="0" source="#meshId14-bitangents-array" stride="3">
							<param name="X" type="float" />
							<param name="Y" type="float" />
							<param name="Z" type="float" />
						</accessor>
					</technique_common>
				</source>
				<source id="meshId14-tex0" name="meshId14-tex0">
					<float_array id="meshId14-tex0-array" count="48"> 
						0.443986 0.002209 0.450572 0.002209 0.450572 0.046342 0.443986 0.046342 0.443986 0.046342 0.450572 0.046342 0.450572 0.048537 0.443986 0.048537 0.441791 0.046342 0.435206 0.046342 0.435206 0.002209 0.441791 0.002209 0.443986 0.000014 0.450572 0.000014 0.450572 0.002209 0.443986 0.002209 0.450572 0.002209 0.452767 0.002209 0.452767 0.046342 0.450572 0.046342 0.441791 0.002209 0.443986 0.002209 0.443986 0.046342 0.441791 0.046342 
					</float_array>
					<technique_common>
						<accessor count="24" offset="0" source="#meshId14-tex0-array" stride="2">
							<param name="S" type="float" />
							<param name="T" type="float" />
						</accessor>
					</technique_common>
				</source>
				<vertices id="meshId14-vertices">
					<input semantic="POSITION" source="#meshId14-positions" />
				</vertices>
				<polylist count="12" material="defaultMaterial">
					<input offset="0" semantic="VERTEX" source="#meshId14-vertices" />
					<input offset="0" semantic="NORMAL" source="#meshId14-normals" />
					<input offset="0" semantic="TANGENT" source="#meshId14-tangents" />
					<input offset="0" semantic="BINORMAL" source="#meshId14-bitangents" />
					<input offset="0" semantic="TEXCOORD" source="#meshId14-tex0" set="0" />
					<vcount>
						3 3 3 3 3 3 3 3 3 3 3 3 
					</vcount>
					<p>
						3 0 1 1 2 3 7 4 5 5 6 7 11 8 9 9 10 11 15 12 13 13 14 15 19 16 17 17 18 19 23 20 21 21 22 23 
					</p>
				</polylist>
			</mesh>
		</geometry>
		<geometry id="meshId15" name="meshId15_name" >
			<mesh>
				<source id="meshId15-positions" name="meshId15-positions">
					<float_array id="meshId15-positions-array" count="72"> 
						49.487484 24.502918 -2.472408 46.512215 24.502918 -2.856843 46.512215 42.502918 -2.856843 49.487484 42.502918 -2.472408 49.487484 42.502918 -2.472408 46.512215 42.502918 -2.856843 46.384071 42.502918 -1.865087 49.359337 42.502918 -1.480652 49.359337 42.502918 -1.480652 46.384071 42.502918 -1.865087 46.384071 24.502918 -1.865087 49.359337 24.502918 -1.480652 49.359337 24.502918 -1.480652 46.384071 24.502918 -1.865087 46.512215 24.502918 -2.856843 49.487484 24.502918 -2.472408 46.512215 24.502918 -2.856843 46.384071 24.502918 -1.865087 46.384071 42.502918 -1.865087 46.512215 42.502918 -2.856843 49.359337 24.502918 -1.480652 49.487484 24.502918 -2.472408 49.487484 42.502918 -2.472408 49.359337 42.502918 -1.480652 
					</float_array>
					<technique_common>
						<accessor count="24" offset="0" source="#meshId15-positions-array" stride="3">
							<param name="X" type="float" />
							<param name="Y" type="float" />
							<param name="Z" type="float" />
						</accessor>
					</technique_common>
				</source>
				<source id="meshId15-normals" name="meshId15-normals">
					<float_array id="meshId15-normals-array" count="72"> 
						0.128144 0.000000 -0.991756 0.128144 0.000000 -0.991756 0.128144 0.000000 -0.991756 0.128144 0.000000 -0.991756 0.000000 1.000000 -0.000002 0.000000 1.000000 -0.000002 0.000000 1.000000 -0.000002 0.000000 1.000000 -0.000002 -0.128145 0.000000 0.991756 -0.128145 0.000000 0.991756 -0.128145 0.000000 0.991756 -0.128145 0.000000 0.991756 0.000000 -1.000000 -0.000000 0.000000 -1.000000 -0.000000 0.000000 -1.000000 -0.000000 0.000000 -1.000000 -0.000000 -0.991756 0.000000 -0.128143 -0.991756 0.000000 -0.128143 -0.991756 0.000000 -0.128143 -0.991756 0.000000 -0.128143 0.991756 0.000000 0.128143 0.991756 0.000000 0.128143 0.991756 0.000000 0.128143 0.991756 0.000000 0.128143 
					</float_array>
					<technique_common>
						<accessor count="24" offset="0" source="#meshId15-normals-array" stride="3">
							<param name="X" type="float" />
							<param name="Y" type="float" />
							<param name="Z" type="float" />
						</accessor>
					</technique_common>
				</source>
				<source id="meshId15-tangents" name="meshId15-tangents">
					<float_array id="meshId15-tangents-array" count="72"> 
						-0.991756 -0.000000 -0.128144 -0.991756 -0.000000 -0.128144 -0.991756 -0.000000 -0.128144 -0.991756 -0.000000 -0.128144 -0.991755 -0.000000 -0.128145 -0.991755 -0.000000 -0.128145 -0.991755 -0.000000 -0.128145 -0.991755 -0.000000 -0.128145 0.991756 0.000000 0.128144 0.991756 0.000000 0.128144 0.991756 0.000000 0.128144 0.991756 0.000000 0.128144 0.991755 -0.000000 0.128145 0.991755 -0.000000 0.128145 0.991755 -0.000000 0.128145 0.991755 -0.000000 0.128145 -0.128143 -0.000000 0.991756 -0.128143 -0.000000 0.991756 -0.128143 -0.000000 0.991756 -0.128143 -0.000000 0.991756 0.128143 0.000001 -0.991756 0.128143 0.000001 -0.991756 0.128143 0.000000 -0.991756 0.128143 0.000000 -0.991756 
					</float_array>
					<technique_common>
						<accessor count="24" offset="0" source="#meshId15-tangents-array" stride="3">
							<param name="X" type="float" />
							<param name="Y" type="float" />
							<param name="Z" type="float" />
						</accessor>
					</technique_common>
				</source>
				<source id="meshId15-bitangents" name="meshId15-bitangents">
					<float_array id="meshId15-bitangents-array" count="72"> 
						-0.000000 1.000000 -0.000000 -0.000000 1.000000 -0.000000 -0.000000 1.000000 -0.000000 -0.000000 1.000000 -0.000000 -0.128145 0.000002 0.991755 -0.128145 0.000002 0.991755 -0.128145 0.000002 0.991755 -0.128145 0.000002 0.991755 -0.000000 1.000000 -0.000000 -0.000000 1.000000 -0.000000 -0.000000 1.000000 -0.000000 -0.000000 1.000000 -0.000000 -0.128145 -0.000000 0.991755 -0.128145 -0.000000 0.991755 -0.128145 -0.000000 0.991755 -0.128145 -0.000000 0.991755 -0.000000 1.000000 -0.000000 -0.000000 1.000000 -0.000000 -0.000000 1.000000 -0.000000 -0.000000 1.000000 -0.000000 -0.000000 1.000000 0.000001 -0.000000 1.000000 0.000001 -0.000000 1.000000 -0.000000 -0.000000 1.000000 0.000000 
					</float_array>
					<technique_common>
						<accessor count="24" offset="0" source="#meshId15-bitangents-array" stride="3">
							<param name="X" type="float" />
							<param name="Y" type="float" />
							<param name="Z" type="float" />
						</accessor>
					</technique_common>
				</source>
				<source id="meshId15-tex0" name="meshId15-tex0">
					<float_array id="meshId15-tex0-array" count="48"> 
						0.136535 0.002320 0.143453 0.002320 0.143453 0.044170 0.136535 0.044170 0.136535 0.044170 0.143453 0.044170 0.143453 0.046476 0.136535 0.046476 0.134229 0.044170 0.127312 0.044170 0.127312 0.002320 0.134229 0.002320 0.134229 0.002320 0.127312 0.002320 0.127312 0.000014 0.134229 0.000014 0.125006 0.002320 0.127312 0.002320 0.127312 0.044170 0.125006 0.044170 0.134229 0.002320 0.136535 0.002320 0.136535 0.044170 0.134229 0.044170 
					</float_array>
					<technique_common>
						<accessor count="24" offset="0" source="#meshId15-tex0-array" stride="2">
							<param name="S" type="float" />
							<param name="T" type="float" />
						</accessor>
					</technique_common>
				</source>
				<vertices id="meshId15-vertices">
					<input semantic="POSITION" source="#meshId15-positions" />
				</vertices>
				<polylist count="12" material="defaultMaterial">
					<input offset="0" semantic="VERTEX" source="#meshId15-vertices" />
					<input offset="0" semantic="NORMAL" source="#meshId15-normals" />
					<input offset="0" semantic="TANGENT" source="#meshId15-tangents" />
					<input offset="0" semantic="BINORMAL" source="#meshId15-bitangents" />
					<input offset="0" semantic="TEXCOORD" source="#meshId15-tex0" set="0" />
					<vcount>
						3 3 3 3 3 3 3 3 3 3 3 3 
					</vcount>
					<p>
						3 0 1 1 2 3 7 4 5 5 6 7 11 8 9 9 10 11 15 12 13 13 14 15 19 16 17 17 18 19 23 20 21 21 22 23 
					</p>
				</polylist>
			</mesh>
		</geometry>
		<geometry id="meshId16" name="meshId16_name" >
			<mesh>
				<source id="meshId16-positions" name="meshId16-positions">
					<float_array id="meshId16-positions-array" count="72"> 
						38.330311 24.502911 19.816095 36.230240 24.502911 17.673746 36.230240 42.502911 17.673746 38.330311 42.502911 19.816095 38.330311 42.502911 19.816095 36.230240 42.502911 17.673746 35.516113 42.502911 18.373768 37.616196 42.502911 20.516125 37.616196 42.502911 20.516125 35.516113 42.502911 18.373768 35.516113 24.502911 18.373768 37.616196 24.502911 20.516125 37.616196 24.502911 20.516125 35.516113 24.502911 18.373768 36.230240 24.502911 17.673746 38.330311 24.502911 19.816095 36.230240 24.502911 17.673746 35.516113 24.502911 18.373768 35.516113 42.502911 18.373768 36.230240 42.502911 17.673746 37.616196 24.502911 20.516125 38.330311 24.502911 19.816095 38.330311 42.502911 19.816095 37.616196 42.502911 20.516125 
					</float_array>
					<technique_common>
						<accessor count="24" offset="0" source="#meshId16-positions-array" stride="3">
							<param name="X" type="float" />
							<param name="Y" type="float" />
							<param name="Z" type="float" />
						</accessor>
					</technique_common>
				</source>
				<source id="meshId16-normals" name="meshId16-normals">
					<float_array id="meshId16-normals-array" count="72"> 
						0.714118 -0.000000 -0.700025 0.714118 -0.000000 -0.700025 0.714118 -0.000000 -0.700025 0.714118 -0.000000 -0.700025 0.000000 1.000000 0.000001 0.000000 1.000000 0.000001 0.000000 1.000000 0.000001 0.000000 1.000000 0.000001 -0.714118 0.000000 0.700025 -0.714118 0.000000 0.700025 -0.714118 0.000000 0.700025 -0.714118 0.000000 0.700025 -0.000000 -1.000000 -0.000000 -0.000000 -1.000000 -0.000000 -0.000000 -1.000000 -0.000000 -0.000000 -1.000000 -0.000000 -0.700021 -0.000000 -0.714122 -0.700021 -0.000000 -0.714122 -0.700021 -0.000000 -0.714122 -0.700021 -0.000000 -0.714122 0.700022 -0.000000 0.714121 0.700022 -0.000000 0.714121 0.700022 -0.000000 0.714121 0.700022 -0.000000 0.714121 
					</float_array>
					<technique_common>
						<accessor count="24" offset="0" source="#meshId16-normals-array" stride="3">
							<param name="X" type="float" />
							<param name="Y" type="float" />
							<param name="Z" type="float" />
						</accessor>
					</technique_common>
				</source>
				<source id="meshId16-tangents" name="meshId16-tangents">
					<float_array id="meshId16-tangents-array" count="72"> 
						-0.675737 -0.261129 -0.689341 -0.675737 -0.261129 -0.689341 -0.675738 -0.261126 -0.689341 -0.675738 -0.261127 -0.689341 -0.489257 0.000001 -0.872140 -0.489256 0.000001 -0.872140 -0.489256 0.000001 -0.872140 -0.489257 0.000001 -0.872140 0.675738 -0.261125 0.689342 0.675738 -0.261126 0.689342 0.675737 -0.261129 0.689341 0.675737 -0.261128 0.689341 0.862214 -0.000000 0.506544 0.862214 -0.000000 0.506544 0.862214 -0.000000 0.506544 0.862214 -0.000000 0.506544 -0.689344 -0.261130 0.675733 -0.689344 -0.261131 0.675733 -0.689341 -0.261149 0.675730 -0.689341 -0.261148 0.675730 0.689344 -0.261129 -0.675734 0.689344 -0.261130 -0.675734 0.689340 -0.261149 -0.675731 0.689340 -0.261148 -0.675731 
					</float_array>
					<technique_common>
						<accessor count="24" offset="0" source="#meshId16-tangents-array" stride="3">
							<param name="X" type="float" />
							<param name="Y" type="float" />
							<param name="Z" type="float" />
						</accessor>
					</technique_common>
				</source>
				<source id="meshId16-bitangents" name="meshId16-bitangents">
					<float_array id="meshId16-bitangents-array" count="72"> 
						-0.182797 0.965304 -0.186477 -0.182797 0.965304 -0.186477 -0.182795 0.965305 -0.186475 -0.182795 0.965305 -0.186475 -0.872140 -0.000001 0.489257 -0.872140 -0.000001 0.489256 -0.872140 -0.000001 0.489256 -0.872140 -0.000001 0.489257 0.182794 0.965305 0.186474 0.182795 0.965305 0.186475 0.182797 0.965304 0.186477 0.182796 0.965304 0.186477 -0.506544 -0.000000 0.862214 -0.506544 -0.000000 0.862214 -0.506544 -0.000000 0.862214 -0.506544 -0.000000 0.862214 -0.186479 0.965304 0.182797 -0.186479 0.965304 0.182797 -0.186492 0.965298 0.182810 -0.186492 0.965299 0.182809 0.186478 0.965304 -0.182796 0.186478 0.965304 -0.182797 0.186492 0.965299 -0.182810 0.186491 0.965299 -0.182809 
					</float_array>
					<technique_common>
						<accessor count="24" offset="0" source="#meshId16-bitangents-array" stride="3">
							<param name="X" type="float" />
							<param name="Y" type="float" />
							<param name="Z" type="float" />
						</accessor>
					</technique_common>
				</source>
				<source id="meshId16-tex0" name="meshId16-tex0">
					<float_array id="meshId16-tex0-array" count="48"> 
						0.047599 0.004653 0.054303 0.006466 0.043422 0.046691 0.036718 0.044877 0.036718 0.044877 0.043422 0.046691 0.042818 0.048926 0.036113 0.047112 0.034483 0.044273 0.027779 0.042459 0.038660 0.002235 0.045365 0.004048 0.045365 0.004048 0.038660 0.002235 0.039265 0.000000 0.045969 0.001814 0.054303 0.006466 0.056538 0.007071 0.045657 0.047295 0.043422 0.046691 0.045365 0.004048 0.047599 0.004653 0.036718 0.044877 0.034483 0.044273 
					</float_array>
					<technique_common>
						<accessor count="24" offset="0" source="#meshId16-tex0-array" stride="2">
							<param name="S" type="float" />
							<param name="T" type="float" />
						</accessor>
					</technique_common>
				</source>
				<vertices id="meshId16-vertices">
					<input semantic="POSITION" source="#meshId16-positions" />
				</vertices>
				<polylist count="12" material="defaultMaterial">
					<input offset="0" semantic="VERTEX" source="#meshId16-vertices" />
					<input offset="0" semantic="NORMAL" source="#meshId16-normals" />
					<input offset="0" semantic="TANGENT" source="#meshId16-tangents" />
					<input offset="0" semantic="BINORMAL" source="#meshId16-bitangents" />
					<input offset="0" semantic="TEXCOORD" source="#meshId16-tex0" set="0" />
					<vcount>
						3 3 3 3 3 3 3 3 3 3 3 3 
					</vcount>
					<p>
						3 0 1 1 2 3 7 4 5 5 6 7 11 8 9 9 10 11 15 12 13 13 14 15 19 16 17 17 18 19 23 20 21 21 22 23 
					</p>
				</polylist>
			</mesh>
		</geometry>
		<geometry id="meshId17" name="meshId17_name" >
			<mesh>
				<source id="meshId17-positions" name="meshId17-positions">
					<float_array id="meshId17-positions-array" count="72"> 
						16.818686 24.502914 31.121330 16.354748 24.502914 28.157417 16.354748 42.502914 28.157417 16.818686 42.502914 31.121330 16.818686 42.502914 31.121330 16.354748 42.502914 28.157417 15.366777 42.502914 28.312069 15.830715 42.502914 31.275974 15.830715 42.502914 31.275974 15.366777 42.502914 28.312069 15.366777 24.502914 28.312069 15.830715 24.502914 31.275974 15.830715 24.502914 31.275974 15.366777 24.502914 28.312069 16.354748 24.502914 28.157417 16.818686 24.502914 31.121330 16.354748 24.502914 28.157417 15.366777 24.502914 28.312069 15.366777 42.502914 28.312069 16.354748 42.502914 28.157417 15.830715 24.502914 31.275974 16.818686 24.502914 31.121330 16.818686 42.502914 31.121330 15.830715 42.502914 31.275974 
					</float_array>
					<technique_common>
						<accessor count="24" offset="0" source="#meshId17-positions-array" stride="3">
							<param name="X" type="float" />
							<param name="Y" type="float" />
							<param name="Z" type="float" />
						</accessor>
					</technique_common>
				</source>
				<source id="meshId17-normals" name="meshId17-normals">
					<float_array id="meshId17-normals-array" count="72"> 
						0.987970 0.000000 -0.154646 0.987970 0.000000 -0.154646 0.987970 0.000000 -0.154646 0.987970 0.000000 -0.154646 -0.000000 1.000000 -0.000000 -0.000000 1.000000 -0.000000 -0.000000 1.000000 -0.000000 -0.000000 1.000000 -0.000000 -0.987970 -0.000000 0.154646 -0.987970 -0.000000 0.154646 -0.987970 -0.000000 0.154646 -0.987970 -0.000000 0.154646 0.000000 -1.000000 0.000000 0.000000 -1.000000 0.000000 0.000000 -1.000000 0.000000 0.000000 -1.000000 0.000000 -0.154646 -0.000000 -0.987970 -0.154646 -0.000000 -0.987970 -0.154646 -0.000000 -0.987970 -0.154646 -0.000000 -0.987970 0.154646 0.000000 0.987970 0.154646 0.000000 0.987970 0.154646 0.000000 0.987970 0.154646 0.000000 0.987970 
					</float_array>
					<technique_common>
						<accessor count="24" offset="0" source="#meshId17-normals-array" stride="3">
							<param name="X" type="float" />
							<param name="Y" type="float" />
							<param name="Z" type="float" />
						</accessor>
					</technique_common>
				</source>
				<source id="meshId17-tangents" name="meshId17-tangents">
					<float_array id="meshId17-tangents-array" count="72"> 
						-0.154646 -0.000000 -0.987970 -0.154646 -0.000000 -0.987970 -0.154646 -0.000000 -0.987970 -0.154646 -0.000000 -0.987970 0.154646 0.000000 0.987970 0.154646 0.000000 0.987970 0.154646 0.000000 0.987970 0.154646 0.000000 0.987970 0.154646 0.000000 0.987970 0.154646 0.000000 0.987970 0.154646 0.000000 0.987970 0.154646 0.000000 0.987970 -0.154647 -0.000000 -0.987970 -0.154646 -0.000000 -0.987970 -0.154645 -0.000000 -0.987970 -0.154646 -0.000000 -0.987970 -0.987970 -0.000000 0.154646 -0.987970 -0.000000 0.154646 -0.987970 -0.000000 0.154646 -0.987970 -0.000000 0.154646 0.987970 0.000000 -0.154646 0.987970 0.000000 -0.154646 0.987970 0.000000 -0.154646 0.987970 0.000000 -0.154646 
					</float_array>
					<technique_common>
						<accessor count="24" offset="0" source="#meshId17-tangents-array" stride="3">
							<param name="X" type="float" />
							<param name="Y" type="float" />
							<param name="Z" type="float" />
						</accessor>
					</technique_common>
				</source>
				<source id="meshId17-bitangents" name="meshId17-bitangents">
					<float_array id="meshId17-bitangents-array" count="72"> 
						0.000000 1.000000 -0.000000 0.000000 1.000000 -0.000000 0.000000 1.000000 -0.000000 0.000000 1.000000 -0.000000 0.987970 0.000000 -0.154646 0.987970 0.000000 -0.154646 0.987970 0.000000 -0.154646 0.987970 0.000000 -0.154646 0.000000 1.000000 -0.000000 0.000000 1.000000 -0.000000 0.000000 1.000000 -0.000000 0.000000 1.000000 -0.000000 0.987970 0.000000 -0.154647 0.987970 0.000000 -0.154646 0.987970 0.000000 -0.154645 0.987970 0.000000 -0.154646 -0.000000 1.000000 0.000000 -0.000000 1.000000 0.000000 -0.000000 1.000000 0.000000 -0.000000 1.000000 0.000000 -0.000000 1.000000 0.000000 -0.000000 1.000000 0.000000 -0.000000 1.000000 0.000000 -0.000000 1.000000 0.000000 
					</float_array>
					<technique_common>
						<accessor count="24" offset="0" source="#meshId17-bitangents-array" stride="3">
							<param name="X" type="float" />
							<param name="Y" type="float" />
							<param name="Z" type="float" />
						</accessor>
					</technique_common>
				</source>
				<source id="meshId17-tex0" name="meshId17-tex0">
					<float_array id="meshId17-tex0-array" count="48"> 
						0.189771 0.002316 0.196676 0.002316 0.196676 0.044249 0.189771 0.044249 0.187469 0.046551 0.180564 0.046551 0.180564 0.044249 0.187469 0.044249 0.187469 0.044249 0.180564 0.044249 0.180564 0.002316 0.187469 0.002316 0.189771 0.000014 0.196676 0.000014 0.196676 0.002316 0.189771 0.002316 0.196676 0.002316 0.198977 0.002316 0.198977 0.044249 0.196676 0.044249 0.187469 0.002316 0.189771 0.002316 0.189771 0.044249 0.187469 0.044249 
					</float_array>
					<technique_common>
						<accessor count="24" offset="0" source="#meshId17-tex0-array" stride="2">
							<param name="S" type="float" />
							<param name="T" type="float" />
						</accessor>
					</technique_common>
				</source>
				<vertices id="meshId17-vertices">
					<input semantic="POSITION" source="#meshId17-positions" />
				</vertices>
				<polylist count="12" material="defaultMaterial">
					<input offset="0" semantic="VERTEX" source="#meshId17-vertices" />
					<input offset="0" semantic="NORMAL" source="#meshId17-normals" />
					<input offset="0" semantic="TANGENT" source="#meshId17-tangents" />
					<input offset="0" semantic="BINORMAL" source="#meshId17-bitangents" />
					<input offset="0" semantic="TEXCOORD" source="#meshId17-tex0" set="0" />
					<vcount>
						3 3 3 3 3 3 3 3 3 3 3 3 
					</vcount>
					<p>
						3 0 1 1 2 3 7 4 5 5 6 7 11 8 9 9 10 11 15 12 13 13 14 15 19 16 17 17 18 19 23 20 21 21 22 23 
					</p>
				</polylist>
			</mesh>
		</geometry>
		<geometry id="meshId18" name="meshId18_name" >
			<mesh>
				<source id="meshId18-positions" name="meshId18-positions">
					<float_array id="meshId18-positions-array" count="72"> 
						16.818686 24.502922 31.121332 16.354748 24.502922 28.157423 16.354748 42.502922 28.157423 16.818686 42.502922 31.121332 16.818686 42.502922 31.121332 16.354748 42.502922 28.157423 15.366777 42.502922 28.312063 15.830717 42.502922 31.275980 15.830717 42.502922 31.275980 15.366777 42.502922 28.312063 15.366777 24.502922 28.312063 15.830717 24.502922 31.275980 15.830717 24.502922 31.275980 15.366777 24.502922 28.312063 16.354748 24.502922 28.157423 16.818686 24.502922 31.121332 16.354748 24.502922 28.157423 15.366777 24.502922 28.312063 15.366777 42.502922 28.312063 16.354748 42.502922 28.157423 15.830717 24.502922 31.275980 16.818686 24.502922 31.121332 16.818686 42.502922 31.121332 15.830717 42.502922 31.275980 
					</float_array>
					<technique_common>
						<accessor count="24" offset="0" source="#meshId18-positions-array" stride="3">
							<param name="X" type="float" />
							<param name="Y" type="float" />
							<param name="Z" type="float" />
						</accessor>
					</technique_common>
				</source>
				<source id="meshId18-normals" name="meshId18-normals">
					<float_array id="meshId18-normals-array" count="72"> 
						0.987970 -0.000000 -0.154646 0.987970 -0.000000 -0.154646 0.987970 -0.000000 -0.154646 0.987970 -0.000000 -0.154646 -0.000000 1.000000 -0.000000 -0.000000 1.000000 -0.000000 -0.000000 1.000000 -0.000000 -0.000000 1.000000 -0.000000 -0.987970 0.000000 0.154646 -0.987970 0.000000 0.154646 -0.987970 0.000000 0.154646 -0.987970 0.000000 0.154646 0.000000 -1.000000 0.000000 0.000000 -1.000000 0.000000 0.000000 -1.000000 0.000000 0.000000 -1.000000 0.000000 -0.154646 -0.000000 -0.987970 -0.154646 -0.000000 -0.987970 -0.154646 -0.000000 -0.987970 -0.154646 -0.000000 -0.987970 0.154646 0.000000 0.987970 0.154646 0.000000 0.987970 0.154646 0.000000 0.987970 0.154646 0.000000 0.987970 
					</float_array>
					<technique_common>
						<accessor count="24" offset="0" source="#meshId18-normals-array" stride="3">
							<param name="X" type="float" />
							<param name="Y" type="float" />
							<param name="Z" type="float" />
						</accessor>
					</technique_common>
				</source>
				<source id="meshId18-tangents" name="meshId18-tangents">
					<float_array id="meshId18-tangents-array" count="72"> 
						-0.154646 0.000000 -0.987970 -0.154646 0.000000 -0.987970 -0.154646 0.000000 -0.987970 -0.154646 0.000000 -0.987970 0.154646 -0.000000 0.987970 0.154646 -0.000000 0.987970 0.154646 -0.000000 0.987970 0.154646 -0.000000 0.987970 0.154646 -0.000000 0.987970 0.154646 -0.000000 0.987970 0.154646 -0.000000 0.987970 0.154646 -0.000000 0.987970 -0.154647 0.000000 -0.987970 -0.154646 0.000000 -0.987970 -0.154646 0.000000 -0.987970 -0.154647 0.000000 -0.987970 -0.987970 0.000001 0.154646 -0.987970 0.000001 0.154646 -0.987970 -0.000000 0.154646 -0.987970 0.000000 0.154646 0.987970 0.000000 -0.154646 0.987970 0.000001 -0.154646 0.987970 0.000025 -0.154646 0.987970 0.000024 -0.154646 
					</float_array>
					<technique_common>
						<accessor count="24" offset="0" source="#meshId18-tangents-array" stride="3">
							<param name="X" type="float" />
							<param name="Y" type="float" />
							<param name="Z" type="float" />
						</accessor>
					</technique_common>
				</source>
				<source id="meshId18-bitangents" name="meshId18-bitangents">
					<float_array id="meshId18-bitangents-array" count="72"> 
						-0.000000 1.000000 -0.000000 -0.000000 1.000000 -0.000000 -0.000000 1.000000 -0.000000 -0.000000 1.000000 -0.000000 0.987970 -0.000000 -0.154646 0.987970 -0.000000 -0.154646 0.987970 -0.000000 -0.154646 0.987970 -0.000000 -0.154646 -0.000000 1.000000 -0.000000 -0.000000 1.000000 -0.000000 -0.000000 1.000000 -0.000000 -0.000000 1.000000 -0.000000 0.987970 -0.000000 -0.154647 0.987970 -0.000000 -0.154646 0.987970 -0.000000 -0.154646 0.987970 -0.000000 -0.154647 0.000001 1.000000 -0.000000 0.000001 1.000000 -0.000000 -0.000000 1.000000 -0.000000 0.000000 1.000000 -0.000000 -0.000000 1.000000 -0.000000 -0.000001 1.000000 0.000000 -0.000025 1.000000 0.000004 -0.000024 1.000000 0.000004 
					</float_array>
					<technique_common>
						<accessor count="24" offset="0" source="#meshId18-bitangents-array" stride="3">
							<param name="X" type="float" />
							<param name="Y" type="float" />
							<param name="Z" type="float" />
						</accessor>
					</technique_common>
				</source>
				<source id="meshId18-tex0" name="meshId18-tex0">
					<float_array id="meshId18-tex0-array" count="48"> 
						0.208290 0.002316 0.215195 0.002316 0.215195 0.044249 0.208290 0.044249 0.205989 0.046551 0.199084 0.046551 0.199084 0.044249 0.205989 0.044249 0.205989 0.044249 0.199084 0.044249 0.199084 0.002316 0.205989 0.002316 0.208290 0.000014 0.215195 0.000014 0.215195 0.002316 0.208290 0.002316 0.215195 0.002316 0.217497 0.002316 0.217497 0.044249 0.215195 0.044249 0.205989 0.002316 0.208290 0.002316 0.208290 0.044249 0.205989 0.044249 
					</float_array>
					<technique_common>
						<accessor count="24" offset="0" source="#meshId18-tex0-array" stride="2">
							<param name="S" type="float" />
							<param name="T" type="float" />
						</accessor>
					</technique_common>
				</source>
				<vertices id="meshId18-vertices">
					<input semantic="POSITION" source="#meshId18-positions" />
				</vertices>
				<polylist count="12" material="defaultMaterial">
					<input offset="0" semantic="VERTEX" source="#meshId18-vertices" />
					<input offset="0" semantic="NORMAL" source="#meshId18-normals" />
					<input offset="0" semantic="TANGENT" source="#meshId18-tangents" />
					<input offset="0" semantic="BINORMAL" source="#meshId18-bitangents" />
					<input offset="0" semantic="TEXCOORD" source="#meshId18-tex0" set="0" />
					<vcount>
						3 3 3 3 3 3 3 3 3 3 3 3 
					</vcount>
					<p>
						3 0 1 1 2 3 7 4 5 5 6 7 11 8 9 9 10 11 15 12 13 13 14 15 19 16 17 17 18 19 23 20 21 21 22 23 
					</p>
				</polylist>
			</mesh>
		</geometry>
		<geometry id="meshId19" name="meshId19_name" >
			<mesh>
				<source id="meshId19-positions" name="meshId19-positions">
					<float_array id="meshId19-positions-array" count="72"> 
						16.818684 24.502911 31.121325 16.354746 24.502911 28.157415 16.354746 42.502911 28.157415 16.818684 42.502911 31.121325 16.818684 42.502911 31.121325 16.354746 42.502911 28.157415 15.366776 42.502911 28.312063 15.830713 42.502911 31.275972 15.830713 42.502911 31.275972 15.366776 42.502911 28.312063 15.366776 24.502911 28.312063 15.830713 24.502911 31.275972 15.830713 24.502911 31.275972 15.366776 24.502911 28.312063 16.354746 24.502911 28.157415 16.818684 24.502911 31.121325 16.354746 24.502911 28.157415 15.366776 24.502911 28.312063 15.366776 42.502911 28.312063 16.354746 42.502911 28.157415 15.830713 24.502911 31.275972 16.818684 24.502911 31.121325 16.818684 42.502911 31.121325 15.830713 42.502911 31.275972 
					</float_array>
					<technique_common>
						<accessor count="24" offset="0" source="#meshId19-positions-array" stride="3">
							<param name="X" type="float" />
							<param name="Y" type="float" />
							<param name="Z" type="float" />
						</accessor>
					</technique_common>
				</source>
				<source id="meshId19-normals" name="meshId19-normals">
					<float_array id="meshId19-normals-array" count="72"> 
						0.987970 -0.000000 -0.154646 0.987970 -0.000000 -0.154646 0.987970 -0.000000 -0.154646 0.987970 -0.000000 -0.154646 0.000000 1.000000 -0.000000 0.000000 1.000000 -0.000000 0.000000 1.000000 -0.000000 0.000000 1.000000 -0.000000 -0.987970 0.000000 0.154646 -0.987970 0.000000 0.154646 -0.987970 0.000000 0.154646 -0.987970 0.000000 0.154646 -0.000000 -1.000000 0.000000 -0.000000 -1.000000 0.000000 -0.000000 -1.000000 0.000000 -0.000000 -1.000000 0.000000 -0.154646 0.000000 -0.987970 -0.154646 0.000000 -0.987970 -0.154646 0.000000 -0.987970 -0.154646 0.000000 -0.987970 0.154646 0.000000 0.987970 0.154646 0.000000 0.987970 0.154646 0.000000 0.987970 0.154646 0.000000 0.987970 
					</float_array>
					<technique_common>
						<accessor count="24" offset="0" source="#meshId19-normals-array" stride="3">
							<param name="X" type="float" />
							<param name="Y" type="float" />
							<param name="Z" type="float" />
						</accessor>
					</technique_common>
				</source>
				<source id="meshId19-tangents" name="meshId19-tangents">
					<float_array id="meshId19-tangents-array" count="72"> 
						-0.154646 -0.000000 -0.987970 -0.154646 -0.000000 -0.987970 -0.154646 -0.000000 -0.987970 -0.154646 -0.000000 -0.987970 0.154646 0.000000 0.987970 0.154646 0.000000 0.987970 0.154646 0.000000 0.987970 0.154646 0.000000 0.987970 0.154646 0.000000 0.987970 0.154646 0.000000 0.987970 0.154646 0.000000 0.987970 0.154646 0.000000 0.987970 -0.154647 -0.000000 -0.987970 -0.154646 -0.000000 -0.987970 -0.154646 -0.000000 -0.987970 -0.154647 -0.000000 -0.987970 -0.987970 -0.000000 0.154646 -0.987970 -0.000000 0.154646 -0.987970 -0.000000 0.154646 -0.987970 -0.000000 0.154646 0.987970 0.000000 -0.154646 0.987970 0.000000 -0.154646 0.987970 0.000000 -0.154646 0.987970 0.000000 -0.154646 
					</float_array>
					<technique_common>
						<accessor count="24" offset="0" source="#meshId19-tangents-array" stride="3">
							<param name="X" type="float" />
							<param name="Y" type="float" />
							<param name="Z" type="float" />
						</accessor>
					</technique_common>
				</source>
				<source id="meshId19-bitangents" name="meshId19-bitangents">
					<float_array id="meshId19-bitangents-array" count="72"> 
						0.000000 1.000000 -0.000000 0.000000 1.000000 -0.000000 0.000000 1.000000 -0.000000 0.000000 1.000000 -0.000000 0.987970 0.000000 -0.154646 0.987970 0.000000 -0.154646 0.987970 0.000000 -0.154646 0.987970 0.000000 -0.154646 0.000000 1.000000 -0.000000 0.000000 1.000000 -0.000000 0.000000 1.000000 -0.000000 0.000000 1.000000 -0.000000 0.987970 0.000000 -0.154647 0.987970 0.000000 -0.154646 0.987970 0.000000 -0.154646 0.987970 0.000000 -0.154647 -0.000000 1.000000 0.000000 -0.000000 1.000000 0.000000 -0.000000 1.000000 0.000000 -0.000000 1.000000 0.000000 -0.000000 1.000000 0.000000 -0.000000 1.000000 0.000000 -0.000000 1.000000 0.000000 -0.000000 1.000000 0.000000 
					</float_array>
					<technique_common>
						<accessor count="24" offset="0" source="#meshId19-bitangents-array" stride="3">
							<param name="X" type="float" />
							<param name="Y" type="float" />
							<param name="Z" type="float" />
						</accessor>
					</technique_common>
				</source>
				<source id="meshId19-tex0" name="meshId19-tex0">
					<float_array id="meshId19-tex0-array" count="48"> 
						0.226810 0.002316 0.233714 0.002316 0.233714 0.044249 0.226810 0.044249 0.224508 0.046551 0.217603 0.046551 0.217603 0.044249 0.224508 0.044249 0.224508 0.044249 0.217603 0.044249 0.217603 0.002316 0.224508 0.002316 0.226810 0.000014 0.233714 0.000014 0.233714 0.002316 0.226810 0.002316 0.233714 0.002316 0.236016 0.002316 0.236016 0.044249 0.233714 0.044249 0.224508 0.002316 0.226810 0.002316 0.226810 0.044249 0.224508 0.044249 
					</float_array>
					<technique_common>
						<accessor count="24" offset="0" source="#meshId19-tex0-array" stride="2">
							<param name="S" type="float" />
							<param name="T" type="float" />
						</accessor>
					</technique_common>
				</source>
				<vertices id="meshId19-vertices">
					<input semantic="POSITION" source="#meshId19-positions" />
				</vertices>
				<polylist count="12" material="defaultMaterial">
					<input offset="0" semantic="VERTEX" source="#meshId19-vertices" />
					<input offset="0" semantic="NORMAL" source="#meshId19-normals" />
					<input offset="0" semantic="TANGENT" source="#meshId19-tangents" />
					<input offset="0" semantic="BINORMAL" source="#meshId19-bitangents" />
					<input offset="0" semantic="TEXCOORD" source="#meshId19-tex0" set="0" />
					<vcount>
						3 3 3 3 3 3 3 3 3 3 3 3 
					</vcount>
					<p>
						3 0 1 1 2 3 7 4 5 5 6 7 11 8 9 9 10 11 15 12 13 13 14 15 19 16 17 17 18 19 23 20 21 21 22 23 
					</p>
				</polylist>
			</mesh>
		</geometry>
		<geometry id="meshId20" name="meshId20_name" >
			<mesh>
				<source id="meshId20-positions" name="meshId20-positions">
					<float_array id="meshId20-positions-array" count="72"> 
						16.818689 24.502918 31.121330 16.354752 24.502918 28.157417 16.354752 42.502918 28.157417 16.818689 42.502918 31.121330 16.818689 42.502918 31.121330 16.354752 42.502918 28.157417 15.366777 42.502918 28.312069 15.830717 42.502918 31.275974 15.830717 42.502918 31.275974 15.366777 42.502918 28.312069 15.366777 24.502918 28.312069 15.830717 24.502918 31.275974 15.830717 24.502918 31.275974 15.366777 24.502918 28.312069 16.354752 24.502918 28.157417 16.818689 24.502918 31.121330 16.354752 24.502918 28.157417 15.366777 24.502918 28.312069 15.366777 42.502918 28.312069 16.354752 42.502918 28.157417 15.830717 24.502918 31.275974 16.818689 24.502918 31.121330 16.818689 42.502918 31.121330 15.830717 42.502918 31.275974 
					</float_array>
					<technique_common>
						<accessor count="24" offset="0" source="#meshId20-positions-array" stride="3">
							<param name="X" type="float" />
							<param name="Y" type="float" />
							<param name="Z" type="float" />
						</accessor>
					</technique_common>
				</source>
				<source id="meshId20-normals" name="meshId20-normals">
					<float_array id="meshId20-normals-array" count="72"> 
						0.987970 -0.000000 -0.154646 0.987970 -0.000000 -0.154646 0.987970 -0.000000 -0.154646 0.987970 -0.000000 -0.154646 0.000000 1.000000 -0.000000 0.000000 1.000000 -0.000000 0.000000 1.000000 -0.000000 0.000000 1.000000 -0.000000 -0.987970 0.000000 0.154646 -0.987970 0.000000 0.154646 -0.987970 0.000000 0.154646 -0.987970 0.000000 0.154646 0.000000 -1.000000 0.000000 0.000000 -1.000000 0.000000 0.000000 -1.000000 0.000000 0.000000 -1.000000 0.000000 -0.154646 0.000000 -0.987970 -0.154646 0.000000 -0.987970 -0.154646 0.000000 -0.987970 -0.154646 0.000000 -0.987970 0.154646 0.000000 0.987970 0.154646 0.000000 0.987970 0.154646 0.000000 0.987970 0.154646 0.000000 0.987970 
					</float_array>
					<technique_common>
						<accessor count="24" offset="0" source="#meshId20-normals-array" stride="3">
							<param name="X" type="float" />
							<param name="Y" type="float" />
							<param name="Z" type="float" />
						</accessor>
					</technique_common>
				</source>
				<source id="meshId20-tangents" name="meshId20-tangents">
					<float_array id="meshId20-tangents-array" count="72"> 
						-0.154646 0.000000 -0.987970 -0.154646 0.000000 -0.987970 -0.154646 0.000000 -0.987970 -0.154646 0.000000 -0.987970 -0.154646 0.000000 -0.987970 -0.154646 0.000000 -0.987970 -0.154646 0.000000 -0.987970 -0.154646 0.000000 -0.987970 0.154646 -0.000000 0.987970 0.154646 -0.000000 0.987970 0.154646 -0.000000 0.987970 0.154646 -0.000000 0.987970 -0.154647 0.000000 -0.987970 -0.154647 0.000000 -0.987970 -0.154646 0.000000 -0.987970 -0.154647 0.000000 -0.987970 -0.987970 -0.000000 0.154646 -0.987970 -0.000000 0.154646 -0.987970 -0.000000 0.154646 -0.987970 -0.000000 0.154646 0.987970 0.000000 -0.154646 0.987970 0.000000 -0.154646 0.987970 0.000000 -0.154646 0.987970 0.000000 -0.154646 
					</float_array>
					<technique_common>
						<accessor count="24" offset="0" source="#meshId20-tangents-array" stride="3">
							<param name="X" type="float" />
							<param name="Y" type="float" />
							<param name="Z" type="float" />
						</accessor>
					</technique_common>
				</source>
				<source id="meshId20-bitangents" name="meshId20-bitangents">
					<float_array id="meshId20-bitangents-array" count="72"> 
						-0.000000 1.000000 0.000000 -0.000000 1.000000 0.000000 -0.000000 1.000000 0.000000 -0.000000 1.000000 0.000000 -0.987970 0.000000 0.154646 -0.987970 0.000000 0.154646 -0.987970 0.000000 0.154646 -0.987970 0.000000 0.154646 -0.000000 1.000000 0.000000 -0.000000 1.000000 0.000000 -0.000000 1.000000 0.000000 -0.000000 1.000000 0.000000 0.987970 -0.000000 -0.154647 0.987970 -0.000000 -0.154647 0.987970 -0.000000 -0.154646 0.987970 -0.000000 -0.154647 -0.000000 1.000000 -0.000000 -0.000000 1.000000 -0.000000 -0.000000 1.000000 -0.000000 -0.000000 1.000000 -0.000000 -0.000000 1.000000 -0.000000 -0.000000 1.000000 -0.000000 -0.000000 1.000000 -0.000000 -0.000000 1.000000 -0.000000 
					</float_array>
					<technique_common>
						<accessor count="24" offset="0" source="#meshId20-bitangents-array" stride="3">
							<param name="X" type="float" />
							<param name="Y" type="float" />
							<param name="Z" type="float" />
						</accessor>
					</technique_common>
				</source>
				<source id="meshId20-tex0" name="meshId20-tex0">
					<float_array id="meshId20-tex0-array" count="48"> 
						0.407374 0.002316 0.414279 0.002316 0.414279 0.044249 0.407374 0.044249 0.407374 0.044249 0.414279 0.044249 0.414279 0.046551 0.407374 0.046551 0.405072 0.044249 0.398167 0.044249 0.398167 0.002316 0.405072 0.002316 0.407374 0.000014 0.414279 0.000014 0.414279 0.002316 0.407374 0.002316 0.414279 0.002316 0.416580 0.002316 0.416580 0.044249 0.414279 0.044249 0.405072 0.002316 0.407374 0.002316 0.407374 0.044249 0.405072 0.044249 
					</float_array>
					<technique_common>
						<accessor count="24" offset="0" source="#meshId20-tex0-array" stride="2">
							<param name="S" type="float" />
							<param name="T" type="float" />
						</accessor>
					</technique_common>
				</source>
				<vertices id="meshId20-vertices">
					<input semantic="POSITION" source="#meshId20-positions" />
				</vertices>
				<polylist count="12" material="defaultMaterial">
					<input offset="0" semantic="VERTEX" source="#meshId20-vertices" />
					<input offset="0" semantic="NORMAL" source="#meshId20-normals" />
					<input offset="0" semantic="TANGENT" source="#meshId20-tangents" />
					<input offset="0" semantic="BINORMAL" source="#meshId20-bitangents" />
					<input offset="0" semantic="TEXCOORD" source="#meshId20-tex0" set="0" />
					<vcount>
						3 3 3 3 3 3 3 3 3 3 3 3 
					</vcount>
					<p>
						3 0 1 1 2 3 7 4 5 5 6 7 11 8 9 9 10 11 15 12 13 13 14 15 19 16 17 17 18 19 23 20 21 21 22 23 
					</p>
				</polylist>
			</mesh>
		</geometry>
		<geometry id="meshId21" name="meshId21_name" >
			<mesh>
				<source id="meshId21-positions" name="meshId21-positions">
					<float_array id="meshId21-positions-array" count="258"> 
						29.166740 1.247730 -9.476848 24.810713 1.247730 -18.026033 24.810713 1.809612 -18.026033 29.166740 1.809612 -9.476848 18.026035 1.247730 -24.810709 18.026035 1.809612 -24.810709 9.476847 1.247730 -29.166737 9.476847 1.809612 -29.166737 0.000000 1.247730 -30.667719 0.000000 1.809612 -30.667719 -9.476847 1.247730 -29.166733 -9.476847 1.809612 -29.166733 -18.026030 1.247730 -24.810703 -18.026030 1.809612 -24.810703 -18.026030 1.247730 -24.810703 -24.810701 1.247730 -18.026030 -24.810701 1.809612 -18.026030 -18.026030 1.809612 -24.810703 -29.166727 1.247730 -9.476845 -29.166727 1.809612 -9.476845 -30.667709 1.247730 0.000000 -30.667709 1.809612 0.000000 -29.166727 1.247730 9.476844 -29.166727 1.809612 9.476844 -24.810698 1.247730 18.026028 -24.810698 1.809612 18.026028 -18.026026 1.247730 24.810696 -18.026026 1.809612 24.810696 -9.476844 1.247730 29.166725 -9.476844 1.809612 29.166725 -0.000001 1.247730 30.667707 -0.000001 1.809612 30.667707 9.476841 1.247730 29.166719 9.476841 1.809612 29.166719 18.026024 1.247730 24.810696 18.026024 1.809612 24.810696 18.026024 1.247730 24.810696 24.810696 1.247730 18.026026 24.810696 1.809612 18.026026 18.026024 1.809612 24.810696 29.166721 1.247730 9.476842 29.166721 1.809612 9.476842 30.667704 1.247730 0.000000 30.667704 1.809612 0.000000 24.810713 1.247730 -18.026033 29.166740 1.247730 -9.476848 0.000000 1.247730 0.000000 18.026035 1.247730 -24.810709 9.476847 1.247730 -29.166737 0.000000 1.247730 -30.667719 -9.476847 1.247730 -29.166733 -18.026030 1.247730 -24.810703 -24.810701 1.247730 -18.026030 -29.166727 1.247730 -9.476845 -30.667709 1.247730 0.000000 -29.166727 1.247730 9.476844 -24.810698 1.247730 18.026028 -18.026026 1.247730 24.810696 -9.476844 1.247730 29.166725 -0.000001 1.247730 30.667707 9.476841 1.247730 29.166719 18.026024 1.247730 24.810696 24.810696 1.247730 18.026026 29.166721 1.247730 9.476842 
						30.667704 1.247730 0.000000 29.166740 1.809612 -9.476848 24.810713 1.809612 -18.026033 0.000000 1.809612 0.000000 18.026035 1.809612 -24.810709 9.476847 1.809612 -29.166737 0.000000 1.809612 -30.667719 -9.476847 1.809612 -29.166733 -18.026030 1.809612 -24.810703 -24.810701 1.809612 -18.026030 -29.166727 1.809612 -9.476845 -30.667709 1.809612 0.000000 -29.166727 1.809612 9.476844 -24.810698 1.809612 18.026028 -18.026026 1.809612 24.810696 -9.476844 1.809612 29.166725 -0.000001 1.809612 30.667707 9.476841 1.809612 29.166719 18.026024 1.809612 24.810696 24.810696 1.809612 18.026026 29.166721 1.809612 9.476842 30.667704 1.809612 0.000000 
					</float_array>
					<technique_common>
						<accessor count="86" offset="0" source="#meshId21-positions-array" stride="3">
							<param name="X" type="float" />
							<param name="Y" type="float" />
							<param name="Z" type="float" />
						</accessor>
					</technique_common>
				</source>
				<source id="meshId21-normals" name="meshId21-normals">
					<float_array id="meshId21-normals-array" count="258"> 
						0.951057 0.000000 -0.309016 0.809017 0.000000 -0.587785 0.809017 0.000000 -0.587785 0.951057 0.000000 -0.309016 0.587785 0.000000 -0.809017 0.587785 0.000000 -0.809017 0.309017 0.000000 -0.951057 0.309017 0.000000 -0.951057 0.000000 0.000000 -1.000000 0.000000 0.000000 -1.000000 -0.309017 0.000000 -0.951056 -0.309017 0.000000 -0.951056 -0.587785 0.000000 -0.809017 -0.587785 0.000000 -0.809017 -0.587785 0.000000 -0.809017 -0.809017 0.000000 -0.587785 -0.809017 0.000000 -0.587785 -0.587785 0.000000 -0.809017 -0.951057 0.000000 -0.309017 -0.951057 0.000000 -0.309017 -1.000000 0.000000 0.000000 -1.000000 0.000000 0.000000 -0.951056 0.000000 0.309017 -0.951056 0.000000 0.309017 -0.809017 0.000000 0.587785 -0.809017 0.000000 0.587785 -0.587785 0.000000 0.809017 -0.587785 0.000000 0.809017 -0.309017 0.000000 0.951057 -0.309017 0.000000 0.951057 0.000000 0.000000 1.000000 0.000000 0.000000 1.000000 0.309017 0.000000 0.951056 0.309017 0.000000 0.951056 0.587785 0.000000 0.809017 0.587785 0.000000 0.809017 0.587785 0.000000 0.809017 0.809017 0.000000 0.587785 0.809017 0.000000 0.587785 0.587785 0.000000 0.809017 0.951057 0.000000 0.309017 0.951057 0.000000 0.309017 1.000000 0.000000 0.000001 1.000000 0.000000 0.000001 0.000000 -1.000000 0.000000 0.000000 -1.000000 0.000000 0.000000 -1.000000 -0.000000 0.000000 -1.000000 -0.000000 0.000000 -1.000000 -0.000000 0.000000 -1.000000 0.000000 0.000000 -1.000000 0.000000 0.000000 -1.000000 0.000000 0.000000 -1.000000 0.000000 0.000000 -1.000000 -0.000000 0.000000 -1.000000 0.000000 0.000000 -1.000000 0.000000 0.000000 -1.000000 -0.000000 0.000000 -1.000000 -0.000000 0.000000 -1.000000 0.000000 0.000000 -1.000000 0.000000 0.000000 -1.000000 -0.000000 0.000000 -1.000000 0.000000 0.000000 -1.000000 0.000000 0.000000 -1.000000 0.000000 
						0.000000 -1.000000 0.000000 0.000000 1.000000 0.000000 0.000000 1.000000 0.000000 0.000000 1.000000 -0.000000 0.000000 1.000000 0.000000 0.000000 1.000000 0.000000 0.000000 1.000000 0.000000 0.000000 1.000000 -0.000000 0.000000 1.000000 -0.000000 0.000000 1.000000 0.000000 0.000000 1.000000 0.000000 0.000000 1.000000 0.000000 0.000000 1.000000 0.000000 0.000000 1.000000 0.000000 0.000000 1.000000 0.000000 0.000000 1.000000 0.000000 0.000000 1.000000 -0.000000 0.000000 1.000000 -0.000000 0.000000 1.000000 0.000000 0.000000 1.000000 0.000000 0.000000 1.000000 -0.000000 0.000000 1.000000 0.000000 
					</float_array>
					<technique_common>
						<accessor count="86" offset="0" source="#meshId21-normals-array" stride="3">
							<param name="X" type="float" />
							<param name="Y" type="float" />
							<param name="Z" type="float" />
						</accessor>
					</technique_common>
				</source>
				<source id="meshId21-tangents" name="meshId21-tangents">
					<float_array id="meshId21-tangents-array" count="258"> 
						0.278114 0.435891 0.855950 0.543581 0.380466 0.748175 0.543581 0.380466 0.748175 0.278114 0.435891 0.855950 0.748174 0.380468 0.543580 0.748174 0.380468 0.543580 0.855950 0.435893 0.278115 0.855950 0.435893 0.278115 0.891014 0.453976 0.000000 0.891014 0.453976 0.000000 0.855940 0.435914 -0.278112 0.855940 0.435914 -0.278112 0.735090 0.417621 -0.534074 0.735090 0.417620 -0.534075 -0.760033 0.342680 0.552196 -0.543579 0.380474 0.748172 -0.543579 0.380474 0.748172 -0.760032 0.342680 0.552196 -0.278114 0.435899 0.855947 -0.278114 0.435898 0.855947 0.000000 0.453982 0.891011 0.000000 0.453982 0.891011 0.278113 0.435904 0.855944 0.278113 0.435904 0.855944 0.543578 0.380478 0.748171 0.543578 0.380478 0.748171 0.748173 0.380473 0.543579 0.748173 0.380473 0.543579 0.855950 0.435891 0.278115 0.855950 0.435892 0.278115 0.891001 0.454001 0.000000 0.891001 0.454001 0.000000 0.855938 0.435917 -0.278111 0.855939 0.435916 -0.278111 0.735089 0.417625 -0.534073 0.735089 0.417623 -0.534074 -0.760033 0.342680 0.552196 -0.543585 0.380448 0.748181 -0.543585 0.380448 0.748181 -0.760033 0.342680 0.552196 -0.278117 0.435880 0.855955 -0.278117 0.435881 0.855955 -0.000001 0.453977 0.891014 -0.000001 0.453977 0.891014 1.000000 0.000000 0.000000 1.000000 0.000000 0.000000 1.000000 0.000000 -0.000000 1.000000 -0.000000 0.000000 1.000000 0.000000 -0.000000 1.000000 0.000000 -0.000000 1.000000 0.000000 -0.000000 1.000000 0.000000 -0.000000 1.000000 0.000000 -0.000000 1.000000 -0.000000 0.000000 1.000000 0.000000 0.000000 1.000000 -0.000000 -0.000000 1.000000 0.000000 -0.000000 1.000000 -0.000000 0.000001 1.000000 0.000000 0.000001 1.000000 0.000000 0.000001 1.000000 0.000000 -0.000001 1.000000 0.000000 -0.000001 1.000000 0.000000 0.000001 1.000000 0.000000 0.000000 
						1.000000 0.000000 0.000000 1.000000 -0.000000 0.000001 1.000000 0.000000 -0.000000 1.000000 -0.000000 -0.000000 1.000000 0.000000 -0.000000 1.000000 0.000000 0.000001 1.000000 0.000000 0.000002 1.000000 -0.000000 -0.000002 1.000000 -0.000000 -0.000002 1.000000 0.000000 0.000001 1.000000 0.000000 -0.000000 1.000000 0.000000 0.000000 1.000000 0.000000 -0.000000 1.000000 0.000000 -0.000001 1.000000 0.000000 -0.000001 1.000000 0.000000 -0.000000 1.000000 -0.000000 -0.000000 1.000000 0.000000 0.000000 1.000000 0.000000 0.000001 1.000000 0.000000 0.000000 1.000000 -0.000000 -0.000000 1.000000 0.000000 0.000000 
					</float_array>
					<technique_common>
						<accessor count="86" offset="0" source="#meshId21-tangents-array" stride="3">
							<param name="X" type="float" />
							<param name="Y" type="float" />
							<param name="Z" type="float" />
						</accessor>
					</technique_common>
				</source>
				<source id="meshId21-bitangents" name="meshId21-bitangents">
					<float_array id="meshId21-bitangents-array" count="258"> 
						0.134697 -0.899999 0.414557 0.223633 -0.924795 0.307804 0.223633 -0.924795 0.307804 0.134697 -0.899999 0.414557 0.307805 -0.924794 0.223633 0.307805 -0.924794 0.223633 0.414559 -0.899999 0.134698 0.414559 -0.899999 0.134698 0.453976 -0.891014 0.000000 0.453976 -0.891014 0.000000 0.414579 -0.899988 -0.134705 0.414579 -0.899988 -0.134705 0.337862 -0.908621 -0.245472 0.337861 -0.908622 -0.245471 0.277234 0.939452 -0.201422 0.223637 0.924792 -0.307810 0.223637 0.924792 -0.307810 0.277234 0.939452 -0.201422 0.134700 0.899996 -0.414564 0.134700 0.899996 -0.414564 0.000000 0.891011 -0.453982 0.000000 0.891011 -0.453982 -0.134702 0.899993 -0.414569 -0.134702 0.899993 -0.414569 -0.223640 0.924790 -0.307813 -0.223640 0.924790 -0.307813 -0.307809 0.924792 -0.223636 -0.307809 0.924792 -0.223636 -0.414557 0.899999 -0.134698 -0.414558 0.899999 -0.134698 -0.454001 0.891001 0.000000 -0.454001 0.891001 0.000000 -0.414582 0.899987 0.134706 -0.414581 0.899987 0.134706 -0.337865 0.908620 0.245474 -0.337864 0.908620 0.245473 -0.277234 -0.939452 0.201422 -0.223622 -0.924802 0.307789 -0.223622 -0.924802 0.307789 -0.277234 -0.939452 0.201422 -0.134694 -0.900005 0.414547 -0.134694 -0.900005 0.414547 -0.000000 -0.891014 0.453977 -0.000000 -0.891014 0.453977 -0.000000 0.000000 1.000000 -0.000000 0.000000 1.000000 0.000000 -0.000000 1.000000 -0.000000 -0.000000 1.000000 0.000000 -0.000000 1.000000 0.000000 0.000000 1.000000 0.000000 0.000000 1.000000 0.000000 0.000000 1.000000 0.000000 0.000000 1.000000 -0.000000 -0.000000 1.000000 0.000000 0.000000 1.000000 0.000000 0.000000 1.000000 0.000000 -0.000000 1.000000 -0.000001 -0.000000 1.000000 -0.000001 0.000000 1.000000 -0.000001 0.000000 1.000000 0.000001 -0.000000 1.000000 0.000001 0.000000 1.000000 -0.000001 0.000000 1.000000 -0.000000 0.000000 1.000000 
						0.000000 0.000000 1.000000 0.000001 0.000000 -1.000000 -0.000000 0.000000 -1.000000 -0.000000 -0.000000 -1.000000 -0.000000 0.000000 -1.000000 0.000001 0.000000 -1.000000 0.000002 0.000000 -1.000000 -0.000002 -0.000000 -1.000000 -0.000002 -0.000000 -1.000000 0.000001 0.000000 -1.000000 -0.000000 0.000000 -1.000000 0.000000 0.000000 -1.000000 -0.000000 0.000000 -1.000000 -0.000001 0.000000 -1.000000 -0.000001 0.000000 -1.000000 -0.000000 0.000000 -1.000000 -0.000000 -0.000000 -1.000000 0.000000 -0.000000 -1.000000 0.000001 0.000000 -1.000000 0.000000 0.000000 -1.000000 -0.000000 -0.000000 -1.000000 0.000000 0.000000 -1.000000 
					</float_array>
					<technique_common>
						<accessor count="86" offset="0" source="#meshId21-bitangents-array" stride="3">
							<param name="X" type="float" />
							<param name="Y" type="float" />
							<param name="Z" type="float" />
						</accessor>
					</technique_common>
				</source>
				<source id="meshId21-tex0" name="meshId21-tex0">
					<float_array id="meshId21-tex0-array" count="172"> 
						0.888273 0.548744 0.861039 0.534868 0.861951 0.533078 0.889185 0.546954 0.839425 0.523856 0.840337 0.522066 0.812191 0.509979 0.813103 0.508190 0.782001 0.494598 0.782913 0.492808 0.751812 0.479216 0.752724 0.477426 0.724577 0.465340 0.725489 0.463550 0.685218 0.321381 0.706832 0.310369 0.707744 0.312159 0.686130 0.323171 0.734066 0.296493 0.734978 0.298283 0.764255 0.281111 0.765167 0.282901 0.794445 0.265729 0.795357 0.267519 0.821679 0.251853 0.822591 0.253643 0.843293 0.240840 0.844205 0.242630 0.870527 0.226964 0.871439 0.228754 0.900716 0.211582 0.901628 0.213372 0.930906 0.196200 0.931818 0.197990 0.958140 0.182324 0.959052 0.184114 0.997500 0.604395 0.975887 0.593383 0.976799 0.591593 0.998412 0.602605 0.948652 0.579507 0.949564 0.577717 0.918463 0.564125 0.919375 0.562335 0.979753 0.045864 0.993630 0.073098 0.900717 0.103287 0.958140 0.024250 0.930906 0.010374 0.900717 0.005592 0.870527 0.010374 0.843293 0.024250 0.821680 0.045864 0.807803 0.073098 0.803022 0.103287 0.807803 0.133476 0.821680 0.160711 0.843293 0.182324 0.870527 0.196200 0.900717 0.200982 0.930906 0.196200 0.958140 0.182324 0.979753 0.160711 0.993630 0.133476 
						0.998411 0.103287 0.875826 0.414703 0.861950 0.441937 0.782913 0.384513 0.840337 0.463550 0.813102 0.477426 0.782913 0.482208 0.752724 0.477426 0.725489 0.463550 0.703876 0.441937 0.690000 0.414703 0.685218 0.384513 0.690000 0.354324 0.703876 0.327090 0.725490 0.305476 0.752724 0.291600 0.782913 0.286818 0.813102 0.291600 0.840337 0.305476 0.861950 0.327090 0.875826 0.354324 0.880608 0.384513 
					</float_array>
					<technique_common>
						<accessor count="86" offset="0" source="#meshId21-tex0-array" stride="2">
							<param name="S" type="float" />
							<param name="T" type="float" />
						</accessor>
					</technique_common>
				</source>
				<vertices id="meshId21-vertices">
					<input semantic="POSITION" source="#meshId21-positions" />
				</vertices>
				<polylist count="80" material="defaultMaterial">
					<input offset="0" semantic="VERTEX" source="#meshId21-vertices" />
					<input offset="0" semantic="NORMAL" source="#meshId21-normals" />
					<input offset="0" semantic="TANGENT" source="#meshId21-tangents" />
					<input offset="0" semantic="BINORMAL" source="#meshId21-bitangents" />
					<input offset="0" semantic="TEXCOORD" source="#meshId21-tex0" set="0" />
					<vcount>
						3 3 3 3 3 3 3 3 3 3 3 3 3 3 3 3 3 3 3 3 3 3 3 3 3 3 3 3 3 3 3 3 3 3 3 3 3 3 3 3 3 3 3 3 3 3 3 3 3 3 3 3 3 3 3 3 3 3 3 3 3 3 3 3 
						3 3 3 3 3 3 3 3 3 3 3 3 3 3 3 3 
					</vcount>
					<p>
						3 0 1 1 2 3 2 1 4 4 5 2 5 4 6 6 7 5 7 6 8 8 9 7 9 8 10 10 11 9 11 10 12 12 13 11 17 14 15 15 16 17 16 15 18 18 19 16 19 18 20 20 21 19 21 20 22 22 23 21 23 22 24 24 25 23 25 24 26 26 27 25 27 26 28 28 29 27 29 28 30 30 31 29 31 30 32 32 33 31 33 32 34 34 35 33 39 36 37 37 38 39 38 37 40 40 41 38 41 40 42 42 43 41 43 42 0 0 3 43 44 45 46 47 44 46 48 47 46 49 48 46 50 49 46 51 50 46 52 51 46 53 52 46 54 53 46 55 54 46 56 55 46 57 56 46 58 57 46 59 58 46 60 59 46 61 60 46 62 61 46 63 62 46 64 63 46 45 64 46 65 66 67 66 68 67 68 69 67 69 70 67 
						70 71 67 71 72 67 72 73 67 73 74 67 74 75 67 75 76 67 76 77 67 77 78 67 78 79 67 79 80 67 80 81 67 81 82 67 82 83 67 83 84 67 84 85 67 85 65 67 
					</p>
				</polylist>
			</mesh>
		</geometry>
	</library_geometries>
	<library_visual_scenes>
		<visual_scene id="RootNode" name="RootNode">
			<node id="pCylinder1" name="pCylinder1">
				<matrix>1.000000 0.000000 0.000000 9.000000 0.000000 1.000000 0.000000 61.112244 0.000000 0.000000 1.000000 -9.000000 0.000000 0.000000 0.000000 1.000000</matrix>
				<instance_geometry url="#meshId0">
					<bind_material>
						<technique_common>
							<instance_material symbol="defaultMaterial" target="#openPBR_shader1" />
						</technique_common>
					</bind_material>
				</instance_geometry>
			</node>
			<node id="pCube3" name="pCube3">
				<matrix>-0.154646 0.000000 0.987970 16.092731 0.000000 1.000000 0.000000 33.502914 -0.987970 0.000000 -0.154646 29.716698 0.000000 0.000000 0.000000 1.000000</matrix>
				<node id="transform5" name="transform5">
					<matrix>1.000000 0.000000 0.000000 0.000000 -0.000000 1.000000 0.000000 0.000000 0.000000 0.000000 1.000000 0.000000 0.000000 0.000000 0.000000 1.000000</matrix>
				</node>
			</node>
			<node id="pCube4" name="pCube4">
				<matrix>-0.445529 0.000000 0.895267 25.910364 0.000000 1.000000 0.000000 33.502914 -0.895267 0.000000 -0.445529 26.806110 0.000000 0.000000 0.000000 1.000000</matrix>
				<node id="transform3" name="transform3">
					<matrix>1.000000 -0.000000 0.000000 0.000000 0.000000 1.000000 0.000000 0.000000 0.000000 -0.000000 1.000000 0.000000 0.000000 0.000000 0.000000 1.000000</matrix>
				</node>
			</node>
			<node id="pCube5" name="pCube5">
				<matrix>-0.700025 0.000000 0.714118 36.923218 0.000000 1.000000 0.000000 33.502914 -0.714118 0.000000 -0.700025 19.094936 0.000000 0.000000 0.000000 1.000000</matrix>
				<node id="transform1" name="transform1">
					<matrix>1.000000 0.000000 0.000000 0.000000 0.000000 1.000000 0.000000 0.000000 0.000000 -0.000000 1.000000 0.000000 0.000000 0.000000 0.000000 1.000000</matrix>
				</node>
			</node>
			<node id="pCube6" name="pCube6">
				<matrix>-0.888563 0.000000 0.458754 43.876266 0.000000 1.000000 0.000000 33.502914 -0.458754 0.000000 -0.888563 9.732417 0.000000 0.000000 0.000000 1.000000</matrix>
				<node id="transform7" name="transform7">
					<matrix>1.000000 -0.000000 0.000000 0.000000 0.000000 1.000000 0.000000 0.000000 0.000000 -0.000000 1.000000 0.000000 0.000000 0.000000 0.000000 1.000000</matrix>
				</node>
			</node>
			<node id="pCube7" name="pCube7">
				<matrix>-0.991756 0.000000 0.128144 47.935776 0.000000 1.000000 0.000000 33.502914 -0.128144 0.000000 -0.991756 -2.168750 0.000000 0.000000 0.000000 1.000000</matrix>
				<node id="transform2" name="transform2">
					<matrix>1.000000 0.000000 0.000000 0.000000 0.000000 1.000000 0.000000 0.000000 0.000000 -0.000000 1.000000 0.000000 0.000000 0.000000 0.000000 1.000000</matrix>
				</node>
			</node>
			<node id="pCube8" name="pCube8">
				<matrix>-0.989828 0.000000 -0.142270 48.126354 0.000000 1.000000 0.000000 33.502914 0.142270 0.000000 -0.989828 -15.067764 0.000000 0.000000 0.000000 1.000000</matrix>
				<node id="transform6" name="transform6">
					<matrix>1.000000 -0.000000 0.000000 0.000000 0.000000 1.000000 0.000000 0.000000 0.000000 -0.000000 1.000000 0.000000 0.000000 0.000000 0.000000 1.000000</matrix>
				</node>
			</node>
			<node id="pCube9" name="pCube9">
				<matrix>-0.889593 0.000000 -0.456754 44.302158 0.000000 1.000000 0.000000 33.502914 0.456754 0.000000 -0.889593 -27.037670 0.000000 0.000000 0.000000 1.000000</matrix>
				<node id="transform8" name="transform8">
					<matrix>1.000000 -0.000000 0.000000 0.000000 0.000000 1.000000 0.000000 0.000000 0.000000 -0.000000 1.000000 0.000000 0.000000 0.000000 0.000000 1.000000</matrix>
				</node>
			</node>
			<node id="pCube10" name="pCube10">
				<matrix>-0.716050 0.000000 -0.698049 36.944168 0.000000 1.000000 0.000000 33.502914 0.698049 0.000000 -0.716050 -37.106953 0.000000 0.000000 0.000000 1.000000</matrix>
				<node id="transform4" name="transform4">
					<matrix>1.000000 0.000000 0.000000 0.000000 0.000000 1.000000 0.000000 0.000000 0.000000 0.000000 1.000000 0.000000 0.000000 0.000000 0.000000 1.000000</matrix>
				</node>
			</node>
			<node id="pCube11" name="pCube11">
				<matrix>1.000000 0.000000 0.000000 0.000000 0.000000 1.000000 0.000000 -23.887754 0.000000 0.000000 1.000000 0.000000 0.000000 0.000000 0.000000 1.000000</matrix>
				<node id="polySurface13" name="polySurface13">
					<matrix>1.000000 0.000000 0.000000 0.000000 0.000000 1.000000 0.000000 0.000000 0.000000 0.000000 1.000000 0.000000 0.000000 0.000000 0.000000 1.000000</matrix>
					<instance_geometry url="#meshId1">
						<bind_material>
							<technique_common>
								<instance_material symbol="defaultMaterial" target="#openPBR_shader1" />
							</technique_common>
						</bind_material>
					</instance_geometry>
				</node>
				<node id="polySurface14" name="polySurface14">
					<matrix>1.000000 0.000000 0.000000 0.000000 0.000000 1.000000 0.000000 0.000000 0.000000 0.000000 1.000000 0.000000 0.000000 0.000000 0.000000 1.000000</matrix>
					<instance_geometry url="#meshId2">
						<bind_material>
							<technique_common>
								<instance_material symbol="defaultMaterial" target="#openPBR_shader1" />
							</technique_common>
						</bind_material>
					</instance_geometry>
				</node>
				<node id="polySurface15" name="polySurface15">
					<matrix>1.000000 0.000000 0.000000 0.000000 0.000000 1.000000 0.000000 0.000000 0.000000 0.000000 1.000000 0.000000 0.000000 0.000000 0.000000 1.000000</matrix>
					<instance_geometry url="#meshId3">
						<bind_material>
							<technique_common>
								<instance_material symbol="defaultMaterial" target="#openPBR_shader1" />
							</technique_common>
						</bind_material>
					</instance_geometry>
				</node>
				<node id="polySurface16" name="polySurface16">
					<matrix>1.000000 0.000000 0.000000 0.000000 0.000000 1.000000 0.000000 0.000000 0.000000 0.000000 1.000000 0.000000 0.000000 0.000000 0.000000 1.000000</matrix>
					<instance_geometry url="#meshId4">
						<bind_material>
							<technique_common>
								<instance_material symbol="defaultMaterial" target="#openPBR_shader1" />
							</technique_common>
						</bind_material>
					</instance_geometry>
				</node>
				<node id="polySurface17" name="polySurface17">
					<matrix>-1.000000 0.000000 0.000000 73.888336 0.000000 1.000000 0.000000 0.000000 -0.000000 0.000000 -1.000000 -74.213905 0.000000 0.000000 0.000000 1.000000</matrix>
					<instance_geometry url="#meshId5">
						<bind_material>
							<technique_common>
								<instance_material symbol="defaultMaterial" target="#openPBR_shader1" />
							</technique_common>
						</bind_material>
					</instance_geometry>
				</node>
				<node id="polySurface18" name="polySurface18">
					<matrix>1.000000 0.000000 0.000000 0.000000 0.000000 1.000000 0.000000 0.000000 0.000000 0.000000 1.000000 0.000000 0.000000 0.000000 0.000000 1.000000</matrix>
					<instance_geometry url="#meshId6">
						<bind_material>
							<technique_common>
								<instance_material symbol="defaultMaterial" target="#openPBR_shader1" />
							</technique_common>
						</bind_material>
					</instance_geometry>
				</node>
				<node id="polySurface19" name="polySurface19">
					<matrix>1.000000 0.000000 0.000000 0.000000 0.000000 1.000000 0.000000 0.000000 0.000000 0.000000 1.000000 0.000000 0.000000 0.000000 0.000000 1.000000</matrix>
					<instance_geometry url="#meshId7">
						<bind_material>
							<technique_common>
								<instance_material symbol="defaultMaterial" target="#openPBR_shader1" />
							</technique_common>
						</bind_material>
					</instance_geometry>
				</node>
				<node id="polySurface20" name="polySurface20">
					<matrix>1.000000 0.000000 0.000000 0.000000 0.000000 1.000000 0.000000 0.000000 0.000000 0.000000 1.000000 0.000000 0.000000 0.000000 0.000000 1.000000</matrix>
					<instance_geometry url="#meshId8">
						<bind_material>
							<technique_common>
								<instance_material symbol="defaultMaterial" target="#openPBR_shader1" />
							</technique_common>
						</bind_material>
					</instance_geometry>
				</node>
				<node id="transform10" name="transform10">
					<matrix>1.000000 0.000000 0.000000 0.000000 0.000000 1.000000 0.000000 0.000000 0.000000 0.000000 1.000000 0.000000 0.000000 0.000000 0.000000 1.000000</matrix>
				</node>
			</node>
			<node id="pCube12" name="pCube12">
				<matrix>-0.866025 0.000000 -0.500000 16.757675 0.000000 1.000000 0.000000 0.000000 0.500000 0.000000 -0.866025 -21.838064 0.000000 0.000000 0.000000 1.000000</matrix>
				<node id="polySurface1" name="polySurface1">
					<matrix>0.995882 0.000000 0.090656 4.151926 -0.000000 1.000000 -0.000000 -23.887754 -0.090656 0.000000 0.995882 1.570885 0.000000 0.000000 0.000000 1.000000</matrix>
					<instance_geometry url="#meshId9">
						<bind_material>
							<technique_common>
								<instance_material symbol="defaultMaterial" target="#openPBR_shader1" />
							</technique_common>
						</bind_material>
					</instance_geometry>
				</node>
				<node id="polySurface2" name="polySurface2">
					<matrix>0.992507 0.000000 0.122184 5.615958 -0.000000 1.000000 -0.000000 -23.887754 -0.122184 -0.000000 0.992507 1.685665 0.000000 0.000000 0.000000 1.000000</matrix>
					<instance_geometry url="#meshId10">
						<bind_material>
							<technique_common>
								<instance_material symbol="defaultMaterial" target="#openPBR_shader1" />
							</technique_common>
						</bind_material>
					</instance_geometry>
				</node>
				<node id="polySurface3" name="polySurface3">
					<matrix>0.993197 0.000000 0.116450 5.124905 -0.000000 1.000000 -0.000000 -23.887754 -0.116450 0.000000 0.993197 2.942833 0.000000 0.000000 0.000000 1.000000</matrix>
					<instance_geometry url="#meshId11">
						<bind_material>
							<technique_common>
								<instance_material symbol="defaultMaterial" target="#openPBR_shader1" />
							</technique_common>
						</bind_material>
					</instance_geometry>
				</node>
				<node id="polySurface4" name="polySurface4">
					<matrix>0.993023 0.000000 0.117918 5.242351 -0.000000 1.000000 -0.000000 -23.887754 -0.117918 0.000000 0.993023 2.927005 0.000000 0.000000 0.000000 1.000000</matrix>
					<instance_geometry url="#meshId12">
						<bind_material>
							<technique_common>
								<instance_material symbol="defaultMaterial" target="#openPBR_shader1" />
							</technique_common>
						</bind_material>
					</instance_geometry>
				</node>
				<node id="polySurface5" name="polySurface5">
					<matrix>-0.965926 0.000000 -0.258819 63.540276 0.000000 1.000000 0.000000 -23.887754 0.258819 0.000000 -0.965926 -83.402977 0.000000 0.000000 0.000000 1.000000</matrix>
					<instance_geometry url="#meshId13">
						<bind_material>
							<technique_common>
								<instance_material symbol="defaultMaterial" target="#openPBR_shader1" />
							</technique_common>
						</bind_material>
					</instance_geometry>
				</node>
				<node id="polySurface6" name="polySurface6">
					<matrix>0.989542 0.000000 0.144248 5.301740 -0.000000 1.000000 -0.000000 -23.887754 -0.144248 0.000000 0.989542 3.114117 0.000000 0.000000 0.000000 1.000000</matrix>
					<instance_geometry url="#meshId14">
						<bind_material>
							<technique_common>
								<instance_material symbol="defaultMaterial" target="#openPBR_shader1" />
							</technique_common>
						</bind_material>
					</instance_geometry>
				</node>
				<node id="polySurface7" name="polySurface7">
					<matrix>0.996264 0.000000 0.086357 5.177171 -0.000000 1.000000 -0.000000 -23.887754 -0.086357 -0.000000 0.996264 0.331972 0.000000 0.000000 0.000000 1.000000</matrix>
					<instance_geometry url="#meshId15">
						<bind_material>
							<technique_common>
								<instance_material symbol="defaultMaterial" target="#openPBR_shader1" />
							</technique_common>
						</bind_material>
					</instance_geometry>
				</node>
				<node id="polySurface8" name="polySurface8">
					<matrix>0.996522 0.000000 0.083335 6.236671 -0.000000 1.000000 -0.000000 -23.887754 -0.083335 0.000000 0.996522 0.586578 0.000000 0.000000 0.000000 1.000000</matrix>
					<instance_geometry url="#meshId16">
						<bind_material>
							<technique_common>
								<instance_material symbol="defaultMaterial" target="#openPBR_shader1" />
							</technique_common>
						</bind_material>
					</instance_geometry>
				</node>
				<node id="transform9" name="transform9">
					<matrix>1.000000 0.000000 0.000000 0.000000 -0.000000 1.000000 -0.000000 0.000000 -0.000000 0.000000 1.000000 0.000000 0.000000 0.000000 0.000000 1.000000</matrix>
				</node>
				<node id="polySurface9" name="polySurface9">
					<matrix>0.983669 0.000000 -0.179989 1.111225 -0.000000 1.000000 -0.000000 -23.887754 0.179989 0.000000 0.983669 0.149866 0.000000 0.000000 0.000000 1.000000</matrix>
					<instance_geometry url="#meshId17">
						<bind_material>
							<technique_common>
								<instance_material symbol="defaultMaterial" target="#openPBR_shader1" />
							</technique_common>
						</bind_material>
					</instance_geometry>
				</node>
				<node id="polySurface10" name="polySurface10">
					<matrix>0.864509 0.000000 -0.502617 0.089676 -0.000000 1.000000 -0.000000 -23.887754 0.502617 -0.000000 0.864509 -3.969413 0.000000 0.000000 0.000000 1.000000</matrix>
					<instance_geometry url="#meshId18">
						<bind_material>
							<technique_common>
								<instance_material symbol="defaultMaterial" target="#openPBR_shader1" />
							</technique_common>
						</bind_material>
					</instance_geometry>
				</node>
				<node id="polySurface11" name="polySurface11">
					<matrix>0.699130 0.000000 -0.714995 -0.995776 -0.000000 1.000000 0.000000 -23.887754 0.714995 0.000000 0.699130 -8.238673 0.000000 0.000000 0.000000 1.000000</matrix>
					<instance_geometry url="#meshId19">
						<bind_material>
							<technique_common>
								<instance_material symbol="defaultMaterial" target="#openPBR_shader1" />
							</technique_common>
						</bind_material>
					</instance_geometry>
				</node>
				<node id="polySurface12" name="polySurface12">
					<matrix>0.442184 0.000000 -0.896924 -0.454183 -0.000000 1.000000 0.000000 -23.887754 0.896924 0.000000 0.442184 -13.382381 0.000000 0.000000 0.000000 1.000000</matrix>
					<instance_geometry url="#meshId20">
						<bind_material>
							<technique_common>
								<instance_material symbol="defaultMaterial" target="#openPBR_shader1" />
							</technique_common>
						</bind_material>
					</instance_geometry>
				</node>
			</node>
			<node id="pCylinder2" name="pCylinder2">
				<matrix>1.377616 0.000000 0.000000 8.881530 0.000000 1.377616 0.000000 -1.794622 0.000000 0.000000 1.377616 -9.677421 0.000000 0.000000 0.000000 1.000000</matrix>
				<instance_geometry url="#meshId21">
					<bind_material>
						<technique_common>
							<instance_material symbol="defaultMaterial" target="#openPBR_shader1" />
						</technique_common>
					</bind_material>
				</instance_geometry>
			</node>
		</visual_scene>
	</library_visual_scenes>
	<scene>
		<instance_visual_scene url="#RootNode" />
	</scene>
</COLLADA>
