# MagicaVoxel @ Ephtracy

# group
o 

# material
mtllib untitled.mtl
usemtl palette

# normals
vn -1 0 0
vn 1 0 0
vn 0 0 1
vn 0 0 -1
vn 0 -1 0
vn 0 1 0

# texcoords
vt 0.423828 0.5
vt 0.427734 0.5
vt 0.478516 0.5
vt 0.634766 0.5
vt 0.658203 0.5
vt 0.712891 0.5
vt 0.720703 0.5
vt 0.724609 0.5
vt 0.740234 0.5
vt 0.791016 0.5
vt 0.794922 0.5
vt 0.806641 0.5
vt 0.818359 0.5
vt 0.837891 0.5
vt 0.857422 0.5
vt 0.892578 0.5
vt 0.896484 0.5
vt 0.904297 0.5
vt 0.994141 0.5

# verts
v -2 0 2
v -2 0 -2
v -2 0.1 2
v -2 0.1 -1.9
v -2 0.3 -1.8
v -2 0.3 -1.9
v -2 0.4 -1.8
v -2 0.4 -1.9
v -2 0.5 2
v -2 0.5 1.9
v -2 0.5 -1.8
v -2 0.5 -1.9
v -2 0.6 2
v -2 0.6 1.9
v -2 0.6 -1.9
v -2 0.6 -2
v -1.9 0.1 1.2
v -1.9 0.1 1.1
v -1.9 0.2 1.2
v -1.9 0.2 1.1
v -1.9 0.3 -1.7
v -1.9 0.3 -1.8
v -1.9 0.4 -1.7
v -1.9 0.4 -1.8
v -1.9 0.5 -1.8
v -1.9 0.5 -1.9
v -1.9 0.6 -1.8
v -1.9 0.6 -1.9
v -1.9 1.8 2
v -1.9 1.8 1.9
v -1.9 1.9 2
v -1.9 1.9 1.9
v -1.9 2.5 2
v -1.9 2.5 1.9
v -1.9 2.6 2
v -1.9 2.6 1.9
v -1.8 0.1 1.3
v -1.8 0.1 1.2
v -1.8 0.1 -1
v -1.8 0.1 -1.4
v -1.8 0.1 -1.6
v -1.8 0.1 -1.8
v -1.8 0.1 -1.9
v -1.8 0.2 1.3
v -1.8 0.2 1.2
v -1.8 0.2 -1
v -1.8 0.2 -1.4
v -1.8 0.2 -1.6
v -1.8 0.2 -1.8
v -1.8 0.2 -1.9
v -1.7 0.1 1.1
v -1.7 0.1 1
v -1.7 0.1 0.0999999
v -1.7 0.1 -0.4
v -1.7 0.1 -1.4
v -1.7 0.1 -1.5
v -1.7 0.2 1.1
v -1.7 0.2 1
v -1.7 0.2 0.0999999
v -1.7 0.2 -2.38419e-07
v -1.7 0.2 -0.2
v -1.7 0.2 -0.4
v -1.7 0.2 -1.3
v -1.7 0.2 -1.4
v -1.7 0.2 -1.5
v -1.7 0.3 -2.38419e-07
v -1.7 0.3 -0.2
v -1.7 0.3 -1.3
v -1.7 0.3 -1.4
v -1.7 0.4 -1.8
v -1.7 0.4 -1.9
v -1.7 0.5 -1.8
v -1.7 0.5 -1.9
v -1.7 3 -1.9
v -1.7 3 -2
v -1.7 3.1 -1.9
v -1.7 3.1 -2
v -1.7 3.4 2
v -1.7 3.4 1.9
v -1.7 3.5 2
v -1.7 3.5 1.9
v -1.6 0.1 1.5
v -1.6 0.1 1.3
v -1.6 0.1 -1.5
v -1.6 0.1 -1.6
v -1.6 0.2 1.5
v -1.6 0.2 1.4
v -1.6 0.2 1.3
v -1.6 0.2 -0.2
v -1.6 0.2 -0.3
v -1.6 0.2 -1.5
v -1.6 0.2 -1.6
v -1.6 0.2 -1.8
v -1.6 0.2 -1.9
v -1.6 0.3 1.4
v -1.6 0.3 1.3
v -1.6 0.3 -0.2
v -1.6 0.3 -0.3
v -1.6 0.3 -1.8
v -1.6 0.3 -1.9
v -1.6 0.5 -1.9
v -1.6 0.5 -2
v -1.6 0.6 2
v -1.6 0.6 1.9
v -1.6 0.6 -1.9
v -1.6 0.6 -2
v -1.6 0.7 2
v -1.6 0.7 1.9
v -1.6 0.9 2
v -1.6 0.9 1.9
v -1.6 1 2
v -1.6 1 1.9
v -1.6 1.3 -1.9
v -1.6 1.3 -2
v -1.6 1.4 2
v -1.6 1.4 1.9
v -1.6 1.4 -1.9
v -1.6 1.4 -2
v -1.6 1.5 2
v -1.6 1.5 1.9
v -1.6 1.6 -1.9
v -1.6 1.6 -2
v -1.6 1.7 -1.9
v -1.6 1.7 -2
v -1.6 2.1 2
v -1.6 2.1 1.9
v -1.6 2.3 2
v -1.6 2.3 1.9
v -1.6 2.9 2
v -1.6 2.9 1.9
v -1.6 3 2
v -1.6 3 1.9
v -1.6 3.6 2
v -1.6 3.6 1.9
v -1.6 3.7 2
v -1.6 3.7 1.9
v -1.6 3.7 -1.9
v -1.6 3.7 -2
v -1.6 3.8 -1.9
v -1.6 3.8 -2
v -1.6 3.9 0.5
v -1.6 3.9 0.4
v -1.6 4 0.5
v -1.6 4 0.4
v -1.5 0.1 -0.4
v -1.5 0.1 -0.5
v -1.5 0.2 1.5
v -1.5 0.2 1.4
v -1.5 0.2 -0.4
v -1.5 0.2 -0.5
v -1.5 0.2 -1.6
v -1.5 0.2 -1.7
v -1.5 0.3 1.5
v -1.5 0.3 1.4
v -1.5 0.3 -1.6
v -1.5 0.3 -1.7
v -1.5 2.6 2
v -1.5 2.6 1.9
v -1.5 2.7 2
v -1.5 2.7 1.9
v -1.5 3.9 -1.2
v -1.5 3.9 -1.3
v -1.5 4 -1.2
v -1.5 4 -1.3
v -1.4 0.3 -0.1
v -1.4 0.3 -0.2
v -1.4 0.4 -0.1
v -1.4 0.4 -0.2
v -1.4 0.4 -1.8
v -1.4 0.4 -1.9
v -1.4 0.5 -1.8
v -1.4 0.5 -1.9
v -1.4 2 -1.9
v -1.4 2 -2
v -1.4 2.1 -1.9
v -1.4 2.1 -2
v -1.3 0.1 -1.7
v -1.3 0.1 -1.8
v -1.3 0.2 1.5
v -1.3 0.2 1.4
v -1.3 0.2 -1.7
v -1.3 0.2 -1.8
v -1.3 0.2 -1.9
v -1.3 0.3 1.5
v -1.3 0.3 1.4
v -1.3 0.3 -1.7
v -1.3 0.3 -1.8
v -1.3 0.3 -1.9
v -1.3 0.4 -1.7
v -1.3 0.4 -1.8
v -1.3 0.4 -1.9
v -1.3 0.5 -1.7
v -1.3 0.5 -1.8
v -1.3 1 -1.9
v -1.3 1 -2
v -1.3 1.1 -1.9
v -1.3 1.1 -2
v -1.3 2.2 -1.9
v -1.3 2.2 -2
v -1.3 2.3 -1.9
v -1.3 2.3 -2
v -1.3 2.5 -1.9
v -1.3 2.5 -2
v -1.3 2.6 -1.9
v -1.3 2.6 -2
v -1.2 3.9 -1.7
v -1.2 3.9 -1.8
v -1.2 4 -1.7
v -1.2 4 -1.8
v -1.1 1.7 2
v -1.1 1.7 1.9
v -1.1 1.8 2
v -1.1 1.8 1.9
v -1.1 3 -1.9
v -1.1 3 -2
v -1.1 3.1 -1.9
v -1.1 3.1 -2
v -1.1 3.9 0.6
v -1.1 3.9 0.5
v -1.1 4 0.6
v -1.1 4 0.5
v -1 0.3 1
v -1 0.3 0.9
v -1 0.3 -1.7
v -1 0.3 -1.8
v -1 0.4 1
v -1 0.4 0.9
v -1 0.4 -1.7
v -1 0.4 -1.8
v -1 1 2
v -1 1 1.9
v -1 1.1 2
v -1 1.1 1.9
v -1 3.4 2
v -1 3.4 1.9
v -1 3.5 2
v -1 3.5 1.9
v -1 3.9 1.3
v -1 3.9 1.2
v -1 3.9 -0.2
v -1 3.9 -0.3
v -1 4 1.3
v -1 4 1.2
v -1 4 -0.2
v -1 4 -0.3
v -0.9 0.1 1
v -0.9 0.1 0.9
v -0.9 0.2 -1.7
v -0.9 0.2 -1.8
v -0.9 0.3 1.1
v -0.9 0.3 1
v -0.9 0.3 0.9
v -0.9 0.3 0.8
v -0.9 0.3 -1.7
v -0.9 0.3 -1.8
v -0.9 0.4 1.1
v -0.9 0.4 1
v -0.9 0.4 0.9
v -0.9 0.4 0.8
v -0.9 0.5 1
v -0.9 0.5 0.9
v -0.9 3.5 -1.9
v -0.9 3.5 -2
v -0.9 3.6 -1.9
v -0.9 3.6 -2
v -0.9 3.9 1.7
v -0.9 3.9 1.6
v -0.9 3.9 -0.8
v -0.9 3.9 -0.9
v -0.9 3.9 -1.4
v -0.9 3.9 -1.5
v -0.9 4 1.7
v -0.9 4 1.6
v -0.9 4 -0.8
v -0.9 4 -0.9
v -0.9 4 -1.4
v -0.9 4 -1.5
v -0.8 0.1 -1.8
v -0.8 0.1 -1.9
v -0.8 0.2 -1.8
v -0.8 0.2 -1.9
v -0.8 0.3 -0.9
v -0.8 0.3 -1.2
v -0.8 0.3 -1.8
v -0.8 0.3 -1.9
v -0.8 0.4 -0.9
v -0.8 0.4 -1
v -0.8 0.4 -1.1
v -0.8 0.4 -1.2
v -0.8 0.4 -1.8
v -0.8 0.4 -1.9
v -0.8 0.5 -1
v -0.8 0.5 -1.1
v -0.8 1.4 -1.9
v -0.8 1.4 -2
v -0.8 1.5 -1.9
v -0.8 1.5 -2
v -0.8 3.9 1
v -0.8 3.9 0.9
v -0.8 3.9 0.0999999
v -0.8 3.9 -2.38419e-07
v -0.8 4 1
v -0.8 4 0.9
v -0.8 4 0.0999999
v -0.8 4 -2.38419e-07
v -0.7 0.1 -1
v -0.7 0.1 -1.1
v -0.7 0.2 -1.8
v -0.7 0.2 -1.9
v -0.7 0.3 -1
v -0.7 0.3 -1.1
v -0.7 0.3 -1.8
v -0.7 0.3 -1.9
v -0.7 0.4 -0.9
v -0.7 0.4 -1
v -0.7 0.4 -1.1
v -0.7 0.4 -1.2
v -0.7 0.5 -0.9
v -0.7 0.5 -1
v -0.7 0.5 -1.1
v -0.7 0.5 -1.2
v -0.7 0.6 -1
v -0.7 0.6 -1.1
v -0.6 0.3 -1.7
v -0.6 0.3 -1.8
v -0.6 0.4 -1.7
v -0.6 0.4 -1.8
v -0.6 0.4 -1.9
v -0.6 0.5 -1.8
v -0.6 0.5 -1.9
v -0.6 1.9 -1.9
v -0.6 1.9 -2
v -0.6 2 -1.9
v -0.6 2 -2
v -0.6 2.4 -1.9
v -0.6 2.4 -2
v -0.6 2.5 -1.9
v -0.6 2.5 -2
v -0.6 2.8 -1.9
v -0.6 2.8 -2
v -0.6 2.9 -1.9
v -0.6 2.9 -2
v -0.6 3 2
v -0.6 3 1.9
v -0.6 3.1 2
v -0.6 3.1 1.9
v -0.5 0.5 2
v -0.5 0.5 1.9
v -0.5 0.6 2
v -0.5 0.6 1.9
v -0.5 3.9 0.2
v -0.5 3.9 0.0999999
v -0.5 4 0.2
v -0.5 4 0.0999999
v -0.4 0.1 1.1
v -0.4 0.1 1
v -0.4 0.1 -1.8
v -0.4 0.1 -1.9
v -0.4 0.2 1.1
v -0.4 0.2 1
v -0.4 0.2 -1.7
v -0.4 0.2 -1.8
v -0.4 0.2 -1.9
v -0.4 0.3 -1.7
v -0.4 0.3 -1.8
v -0.4 3.9 -0.5
v -0.4 3.9 -0.6
v -0.4 4 -0.5
v -0.4 4 -0.6
v -0.3 0.1 1.2
v -0.3 0.1 1.1
v -0.3 0.1 -1.5
v -0.3 0.1 -1.7
v -0.3 0.1 -1.9
v -0.3 0.1 -2
v -0.3 0.2 1.2
v -0.3 0.2 1.1
v -0.3 0.2 -1.5
v -0.3 0.2 -1.7
v -0.3 0.2 -1.9
v -0.3 0.2 -2
v -0.3 0.3 -1.8
v -0.3 0.3 -1.9
v -0.3 0.4 -1.8
v -0.3 0.4 -1.9
v -0.3 1.7 -2.38419e-07
v -0.3 1.7 -0.2
v -0.3 1.8 0.0999999
v -0.3 1.8 -2.38419e-07
v -0.3 1.8 -0.2
v -0.3 1.8 -0.3
v -0.3 1.9 0.0999999
v -0.3 1.9 -2.38419e-07
v -0.3 1.9 -0.2
v -0.3 1.9 -0.3
v -0.3 2 -2.38419e-07
v -0.3 2 -0.2
v -0.3 2.6 2
v -0.3 2.6 1.9
v -0.3 2.7 2
v -0.3 2.7 1.9
v -0.2 0.1 1.3
v -0.2 0.1 1.2
v -0.2 0.2 1.3
v -0.2 0.2 1.2
v -0.2 0.2 1.1
v -0.2 0.2 1
v -0.2 0.3 1.1
v -0.2 0.3 1
v -0.2 0.5 -2.38419e-07
v -0.2 0.5 -0.2
v -0.2 0.6 0.0999999
v -0.2 0.6 -2.38419e-07
v -0.2 0.6 -0.2
v -0.2 0.6 -0.3
v -0.2 0.9 0.0999999
v -0.2 0.9 -2.38419e-07
v -0.2 0.9 -0.2
v -0.2 0.9 -0.3
v -0.2 1 -2.38419e-07
v -0.2 1 -0.2
v -0.2 1.1 0.0999999
v -0.2 1.1 -0.3
v -0.2 1.5 0.0999999
v -0.2 1.5 -0.3
v -0.2 1.7 0.0999999
v -0.2 1.7 -2.38419e-07
v -0.2 1.7 -0.2
v -0.2 1.7 -0.3
v -0.2 1.8 0.0999999
v -0.2 1.8 -2.38419e-07
v -0.2 1.8 -0.2
v -0.2 1.8 -0.3
v -0.2 1.9 0.0999999
v -0.2 1.9 -2.38419e-07
v -0.2 1.9 -0.2
v -0.2 1.9 -0.3
v -0.2 2 0.0999999
v -0.2 2 -2.38419e-07
v -0.2 2 -0.2
v -0.2 2 -0.3
v -0.2 2.3 2
v -0.2 2.3 1.9
v -0.2 2.4 2
v -0.2 2.4 1.9
v -0.2 3.9 -1.2
v -0.2 3.9 -1.3
v -0.2 4 -1.2
v -0.2 4 -1.3
v -0.0999999 0.1 1.4
v -0.0999999 0.1 1.3
v -0.0999999 0.1 0.5
v -0.0999999 0.1 -2.38419e-07
v -0.0999999 0.1 -0.2
v -0.0999999 0.1 -0.7
v -0.0999999 0.2 1.4
v -0.0999999 0.2 1.3
v -0.0999999 0.2 1.2
v -0.0999999 0.2 1.1
v -0.0999999 0.2 0.5
v -0.0999999 0.2 0.0999999
v -0.0999999 0.2 -0.3
v -0.0999999 0.2 -0.7
v -0.0999999 0.3 1.2
v -0.0999999 0.3 1.1
v -0.0999999 0.5 -2.38419e-07
v -0.0999999 0.5 -0.2
v -0.0999999 0.6 0.0999999
v -0.0999999 0.6 -2.38419e-07
v -0.0999999 0.6 -0.2
v -0.0999999 0.6 -0.3
v -0.0999999 0.9 0.0999999
v -0.0999999 0.9 -2.38419e-07
v -0.0999999 0.9 -0.2
v -0.0999999 0.9 -0.3
v -0.0999999 1 0.0999999
v -0.0999999 1 -2.38419e-07
v -0.0999999 1 -0.2
v -0.0999999 1 -0.3
v -0.0999999 1 -0.5
v -0.0999999 1 -0.6
v -0.0999999 1.1 -2.38419e-07
v -0.0999999 1.1 -0.2
v -0.0999999 1.1 -1.9
v -0.0999999 1.1 -2
v -0.0999999 1.2 -1.9
v -0.0999999 1.2 -2
v -0.0999999 1.3 0.5
v -0.0999999 1.3 0.0999999
v -0.0999999 1.3 -0.3
v -0.0999999 1.3 -0.5
v -0.0999999 1.4 0.4
v -0.0999999 1.4 0.0999999
v -0.0999999 1.4 -0.3
v -0.0999999 1.4 -0.6
v -0.0999999 1.5 -2.38419e-07
v -0.0999999 1.5 -0.2
v -0.0999999 1.7 -2.38419e-07
v -0.0999999 1.7 -0.2
v -0.0999999 1.8 0.5
v -0.0999999 1.8 0.4
v -0.0999999 2 0.0999999
v -0.0999999 2 -2.38419e-07
v -0.0999999 2 -0.2
v -0.0999999 2 -0.3
v -0.0999999 2.1 -1.9
v -0.0999999 2.1 -2
v -0.0999999 2.2 0.0999999
v -0.0999999 2.2 -2.38419e-07
v -0.0999999 2.2 -0.2
v -0.0999999 2.2 -0.3
v -0.0999999 2.2 -1.9
v -0.0999999 2.2 -2
v -0.0999999 3.9 1.2
v -0.0999999 3.9 1.1
v -0.0999999 4 1.2
v -0.0999999 4 1.1
v 2.38419e-07 0.1 1
v 2.38419e-07 0.1 0.9
v 2.38419e-07 0.2 1.1
v 2.38419e-07 0.2 1
v 2.38419e-07 0.2 0.9
v 2.38419e-07 0.3 1.2
v 2.38419e-07 0.3 1.1
v 2.38419e-07 0.3 1
v 2.38419e-07 0.4 1.2
v 2.38419e-07 0.4 1.1
v 2.38419e-07 0.7 2
v 2.38419e-07 0.7 1.9
v 2.38419e-07 0.8 2
v 2.38419e-07 0.8 1.9
v 2.38419e-07 1.2 2
v 2.38419e-07 1.2 1.9
v 2.38419e-07 1.3 2
v 2.38419e-07 1.3 1.9
v 2.38419e-07 1.9 2
v 2.38419e-07 1.9 1.9
v 2.38419e-07 2 2
v 2.38419e-07 2 1.9
v 0.1 0.5 -1.9
v 0.1 0.5 -2
v 0.1 0.6 -1.9
v 0.1 0.6 -2
v 0.1 3.3 2
v 0.1 3.3 1.9
v 0.1 3.3 -1.9
v 0.1 3.3 -2
v 0.1 3.4 2
v 0.1 3.4 1.9
v 0.1 3.4 -1.9
v 0.1 3.4 -2
v 0.1 3.9 -0.9
v 0.1 3.9 -1
v 0.1 4 -0.9
v 0.1 4 -1
v 0.2 0.1 1.8
v 0.2 0.1 1.7
v 0.2 0.1 -1.2
v 0.2 0.1 -1.4
v 0.2 0.2 1.8
v 0.2 0.2 1.7
v 0.2 0.2 -1.2
v 0.2 0.2 -1.4
v 0.2 3.9 1.6
v 0.2 3.9 1.5
v 0.2 4 1.6
v 0.2 4 1.5
v 0.3 0.1 2
v 0.3 0.1 1.8
v 0.3 0.1 1.7
v 0.3 0.1 1.6
v 0.3 0.1 1
v 0.3 0.1 0.8
v 0.3 0.2 2
v 0.3 0.2 1.8
v 0.3 0.2 1.7
v 0.3 0.2 1.6
v 0.3 0.2 1
v 0.3 0.2 0.8
v 0.3 3.9 0.0999999
v 0.3 3.9 -2.38419e-07
v 0.3 4 0.0999999
v 0.3 4 -2.38419e-07
v 0.4 0.1 -1.4
v 0.4 0.1 -1.5
v 0.4 0.2 1.9
v 0.4 0.2 1.8
v 0.4 0.2 -1.4
v 0.4 0.2 -1.5
v 0.4 0.3 1.9
v 0.4 0.3 1.8
v 0.4 1.9 -1.9
v 0.4 1.9 -2
v 0.4 2 -1.9
v 0.4 2 -2
v 0.4 3.9 0.8
v 0.4 3.9 0.7
v 0.4 4 0.8
v 0.4 4 0.7
v 0.5 0.1 1.6
v 0.5 0.1 1.5
v 0.5 0.1 1.1
v 0.5 0.1 1
v 0.5 0.1 -1.1
v 0.5 0.1 -1.2
v 0.5 0.1 -1.8
v 0.5 0.1 -1.9
v 0.5 0.2 1.6
v 0.5 0.2 1.5
v 0.5 0.2 1.1
v 0.5 0.2 1
v 0.5 0.2 0.9
v 0.5 0.2 -1.1
v 0.5 0.2 -1.2
v 0.5 0.2 -1.8
v 0.5 0.2 -1.9
v 0.5 0.3 1.9
v 0.5 0.3 1.8
v 0.5 0.3 1
v 0.5 0.3 0.9
v 0.5 0.4 1.9
v 0.5 0.4 1.8
v 0.5 0.6 -1.9
v 0.5 0.6 -2
v 0.5 0.7 -1.9
v 0.5 0.7 -2
v 0.5 2.5 -1.9
v 0.5 2.5 -2
v 0.5 2.6 -1.9
v 0.5 2.6 -2
v 0.5 3.2 -1.9
v 0.5 3.2 -2
v 0.5 3.3 -1.9
v 0.5 3.3 -2
v 0.5 3.9 -1.8
v 0.5 3.9 -1.9
v 0.5 4 -1.8
v 0.5 4 -1.9
v 0.6 0.1 1.5
v 0.6 0.1 1.1
v 0.6 0.2 2
v 0.6 0.2 1.9
v 0.6 0.2 1.8
v 0.6 0.2 1.7
v 0.6 0.2 1.5
v 0.6 0.2 1.3
v 0.6 0.2 1.1
v 0.6 0.2 1
v 0.6 0.3 2
v 0.6 0.3 1.9
v 0.6 0.3 1.8
v 0.6 0.3 1.7
v 0.6 0.3 1.5
v 0.6 0.3 1.3
v 0.6 0.3 1.1
v 0.6 0.3 1
v 0.6 0.4 2
v 0.6 0.4 1.9
v 0.7 0.1 -1.4
v 0.7 0.1 -1.5
v 0.7 0.2 1.7
v 0.7 0.2 1.6
v 0.7 0.2 1.5
v 0.7 0.2 1.3
v 0.7 0.2 1.1
v 0.7 0.2 -1.4
v 0.7 0.2 -1.5
v 0.7 0.3 1.7
v 0.7 0.3 1.6
v 0.7 0.3 1.5
v 0.7 0.3 1.4
v 0.7 0.3 1.3
v 0.7 0.3 1.1
v 0.7 0.4 1.4
v 0.7 0.4 1.3
v 0.7 0.5 -1.8
v 0.7 0.5 -1.9
v 0.7 0.6 -1.8
v 0.7 0.6 -1.9
v 0.7 1.7 -1.9
v 0.7 1.7 -2
v 0.7 1.8 -1.9
v 0.7 1.8 -2
v 0.7 2.8 2
v 0.7 2.8 1.9
v 0.7 2.9 2
v 0.7 2.9 1.9
v 0.7 3.5 -1.9
v 0.7 3.5 -2
v 0.7 3.6 -1.9
v 0.7 3.6 -2
v 0.8 0.2 1
v 0.8 0.2 0.9
v 0.8 0.3 1
v 0.8 0.3 0.9
v 0.8 0.3 0.5
v 0.8 0.3 0.4
v 0.8 0.5 0.5
v 0.8 0.5 0.4
v 0.8 2.4 2
v 0.8 2.4 1.9
v 0.8 2.5 2
v 0.8 2.5 1.9
v 0.9 0.1 0.9
v 0.9 0.1 0.8
v 0.9 0.1 0.5
v 0.9 0.1 0.4
v 0.9 0.2 1.7
v 0.9 0.2 1.6
v 0.9 0.2 0.9
v 0.9 0.2 0.8
v 0.9 0.3 1.7
v 0.9 0.3 1.6
v 0.9 0.3 1.5
v 0.9 0.3 1.4
v 0.9 0.3 1.3
v 0.9 0.3 1.1
v 0.9 0.3 0.6
v 0.9 0.3 0.5
v 0.9 0.3 0.4
v 0.9 0.3 0.3
v 0.9 0.4 1.5
v 0.9 0.4 1.4
v 0.9 0.4 1.3
v 0.9 0.4 1.1
v 0.9 0.5 0.6
v 0.9 0.5 0.5
v 0.9 0.5 0.4
v 0.9 0.5 0.3
v 0.9 0.6 0.5
v 0.9 0.6 0.4
v 0.9 1.4 -1.9
v 0.9 1.4 -2
v 0.9 1.5 -1.9
v 0.9 1.5 -2
v 0.9 2.1 -1.9
v 0.9 2.1 -2
v 0.9 2.2 -1.9
v 0.9 2.2 -2
v 0.9 3.9 -0.9
v 0.9 3.9 -1
v 0.9 3.9 -1.6
v 0.9 3.9 -1.7
v 0.9 4 -0.9
v 0.9 4 -1
v 0.9 4 -1.6
v 0.9 4 -1.7
v 1 0.2 2
v 1 0.2 1.9
v 1 0.2 1.4
v 1 0.2 1.3
v 1 0.3 2
v 1 0.3 1.9
v 1 0.3 1.4
v 1 0.3 1.3
v 1 0.4 1.4
v 1 0.4 1.3
v 1 1 -1.9
v 1 1 -2
v 1 1.1 -1.9
v 1 1.1 -2
v 1.1 0.1 -0.5
v 1.1 0.1 -0.7
v 1.1 0.2 1.6
v 1.1 0.2 1.5
v 1.1 0.2 1
v 1.1 0.2 0.8
v 1.1 0.2 -0.5
v 1.1 0.2 -0.7
v 1.1 0.3 1.6
v 1.1 0.3 1.5
v 1.1 0.3 1.4
v 1.1 0.3 1
v 1.1 0.3 0.8
v 1.1 0.4 1.5
v 1.1 0.4 1.4
v 1.1 3.9 0.5
v 1.1 3.9 0.4
v 1.1 3.9 -0.4
v 1.1 3.9 -0.5
v 1.1 4 0.5
v 1.1 4 0.4
v 1.1 4 -0.4
v 1.1 4 -0.5
v 1.2 0.1 -0.7
v 1.2 0.1 -0.8
v 1.2 0.2 1.8
v 1.2 0.2 1.7
v 1.2 0.2 1.4
v 1.2 0.2 1.2
v 1.2 0.2 -0.7
v 1.2 0.2 -0.8
v 1.2 0.3 1.8
v 1.2 0.3 1.7
v 1.2 0.3 1.4
v 1.2 0.3 1.2
v 1.2 0.9 2
v 1.2 0.9 1.9
v 1.2 1 2
v 1.2 1 1.9
v 1.2 1.5 2
v 1.2 1.5 1.9
v 1.2 1.6 2
v 1.2 1.6 1.9
v 1.3 0.1 1.1
v 1.3 0.1 1
v 1.3 0.1 -0.8
v 1.3 0.1 -1.2
v 1.3 0.2 1.1
v 1.3 0.2 1
v 1.3 0.2 -0.7
v 1.3 0.2 -0.8
v 1.3 0.2 -0.9
v 1.3 0.2 -1.2
v 1.3 0.3 1.7
v 1.3 0.3 1.6
v 1.3 0.3 1
v 1.3 0.3 0.9
v 1.3 0.3 -0.7
v 1.3 0.3 -0.9
v 1.3 0.4 1.7
v 1.3 0.4 1.6
v 1.3 0.4 1
v 1.3 0.4 0.9
v 1.3 0.5 -1.9
v 1.3 0.5 -2
v 1.3 0.6 -1.9
v 1.3 0.6 -2
v 1.3 2.9 -1.9
v 1.3 2.9 -2
v 1.3 3 -1.9
v 1.3 3 -2
v 1.4 0.1 1.5
v 1.4 0.1 1.4
v 1.4 0.1 -1.2
v 1.4 0.1 -1.3
v 1.4 0.2 1.5
v 1.4 0.2 1.4
v 1.4 0.2 -1.2
v 1.4 0.2 -1.3
v 1.4 0.3 1.6
v 1.4 0.3 1.4
v 1.4 0.3 1.3
v 1.4 0.3 1.2
v 1.4 0.4 1.6
v 1.4 0.4 1.4
v 1.4 0.4 1.3
v 1.4 0.4 1.2
v 1.4 2.5 -1.9
v 1.4 2.5 -2
v 1.4 2.6 -1.9
v 1.4 2.6 -2
v 1.4 3.3 -1.9
v 1.4 3.3 -2
v 1.4 3.4 -1.9
v 1.4 3.4 -2
v 1.5 0.1 -0.9
v 1.5 0.1 -1.1
v 1.5 0.2 -0.9
v 1.5 0.2 -1
v 1.5 0.2 -1.1
v 1.5 0.3 1.4
v 1.5 0.3 1.3
v 1.5 0.3 -0.9
v 1.5 0.3 -1
v 1.5 0.3 -1.5
v 1.5 0.3 -1.6
v 1.5 0.4 1.4
v 1.5 0.4 1.3
v 1.5 0.5 -1.5
v 1.5 0.5 -1.6
v 1.5 1.5 -1.9
v 1.5 1.5 -2
v 1.5 1.6 -1.9
v 1.5 1.6 -2
v 1.6 0.1 1.6
v 1.6 0.1 1.5
v 1.6 0.1 1.3
v 1.6 0.1 1.2
v 1.6 0.1 0.9
v 1.6 0.1 0.8
v 1.6 0.1 -1.1
v 1.6 0.1 -1.2
v 1.6 0.1 -1.5
v 1.6 0.1 -1.6
v 1.6 0.2 1.9
v 1.6 0.2 1.8
v 1.6 0.2 1.5
v 1.6 0.2 1.4
v 1.6 0.2 1.2
v 1.6 0.2 1.1
v 1.6 0.2 1
v 1.6 0.2 0.9
v 1.6 0.2 0.8
v 1.6 0.2 -1
v 1.6 0.2 -1.1
v 1.6 0.2 -1.2
v 1.6 0.2 -1.3
v 1.6 0.3 1.9
v 1.6 0.3 1.8
v 1.6 0.3 1.6
v 1.6 0.3 1.5
v 1.6 0.3 1.4
v 1.6 0.3 1.3
v 1.6 0.3 1.2
v 1.6 0.3 1.1
v 1.6 0.3 1
v 1.6 0.3 -1
v 1.6 0.3 -1.3
v 1.6 0.3 -1.4
v 1.6 0.3 -1.5
v 1.6 0.3 -1.6
v 1.6 0.3 -1.7
v 1.6 0.4 1.6
v 1.6 0.4 1.5
v 1.6 0.5 -1.4
v 1.6 0.5 -1.5
v 1.6 0.5 -1.6
v 1.6 0.5 -1.7
v 1.6 0.6 -1.5
v 1.6 0.6 -1.6
v 1.6 3.4 -0.5
v 1.6 3.4 -0.6
v 1.6 3.5 -0.4
v 1.6 3.5 -0.5
v 1.6 3.5 -0.6
v 1.6 3.5 -0.7
v 1.6 3.7 -0.4
v 1.6 3.7 -0.5
v 1.6 3.7 -0.6
v 1.6 3.7 -0.7
v 1.6 3.8 -0.5
v 1.6 3.8 -0.6
v 1.7 0.2 1.2
v 1.7 0.2 1.1
v 1.7 0.3 1.2
v 1.7 0.3 1.1
v 1.7 3.7 -0.4
v 1.7 3.7 -0.5
v 1.7 3.7 -0.6
v 1.7 3.7 -0.7
v 1.7 3.8 -0.4
v 1.7 3.8 -0.5
v 1.7 3.8 -0.6
v 1.7 3.8 -0.7
v 1.8 0.1 1.5
v 1.8 0.1 1.4
v 1.8 0.2 1.5
v 1.8 0.2 1.4
v 1.9 0.1 1.6
v 1.9 0.1 1.5
v 1.9 0.1 1.4
v 1.9 0.1 1.3
v 1.9 0.1 1
v 1.9 0.1 0.9
v 1.9 0.2 1.5
v 1.9 0.2 1.4
v 1.9 0.2 1.3
v 1.9 0.2 1.1
v 1.9 0.2 1
v 1.9 0.2 0.9
v 1.9 0.3 1.6
v 1.9 0.3 1.3
v 1.9 0.3 1.1
v 1.9 0.3 1
v 1.9 0.5 1.8
v 1.9 0.5 1.7
v 1.9 0.6 1.8
v 1.9 0.6 1.7
v 1.9 0.9 1
v 1.9 0.9 0.9
v 1.9 0.9 -1.4
v 1.9 0.9 -1.5
v 1.9 1 1.8
v 1.9 1 1.7
v 1.9 1 1
v 1.9 1 0.9
v 1.9 1 -1.1
v 1.9 1 -1.2
v 1.9 1 -1.4
v 1.9 1 -1.5
v 1.9 1.1 1.8
v 1.9 1.1 1.7
v 1.9 1.1 1.6
v 1.9 1.1 1.5
v 1.9 1.1 -1.1
v 1.9 1.1 -1.2
v 1.9 1.1 -1.7
v 1.9 1.1 -1.8
v 1.9 1.2 1.6
v 1.9 1.2 1.5
v 1.9 1.2 -0.9
v 1.9 1.2 -1
v 1.9 1.2 -1.7
v 1.9 1.2 -1.8
v 1.9 1.3 1.2
v 1.9 1.3 1.1
v 1.9 1.3 -0.9
v 1.9 1.3 -1
v 1.9 1.4 1.2
v 1.9 1.4 1.1
v 1.9 1.5 -1.4
v 1.9 1.5 -1.5
v 1.9 1.6 1.7
v 1.9 1.6 1.6
v 1.9 1.6 1.3
v 1.9 1.6 1.2
v 1.9 1.6 -1
v 1.9 1.6 -1.1
v 1.9 1.6 -1.4
v 1.9 1.6 -1.5
v 1.9 1.7 1.7
v 1.9 1.7 1.6
v 1.9 1.7 1.3
v 1.9 1.7 1.2
v 1.9 1.7 0.8
v 1.9 1.7 0.7
v 1.9 1.7 0.4
v 1.9 1.7 0.3
v 1.9 1.7 -1
v 1.9 1.7 -1.1
v 1.9 1.7 -1.8
v 1.9 1.7 -1.9
v 1.9 1.8 1.2
v 1.9 1.8 1.1
v 1.9 1.8 0.8
v 1.9 1.8 0.7
v 1.9 1.8 0.4
v 1.9 1.8 0.3
v 1.9 1.8 -1.5
v 1.9 1.8 -1.6
v 1.9 1.8 -1.8
v 1.9 1.8 -1.9
v 1.9 1.9 1.8
v 1.9 1.9 1.7
v 1.9 1.9 1.2
v 1.9 1.9 1.1
v 1.9 1.9 -1.3
v 1.9 1.9 -1.4
v 1.9 1.9 -1.5
v 1.9 1.9 -1.6
v 1.9 2 1.8
v 1.9 2 1.7
v 1.9 2 0.5
v 1.9 2 0.4
v 1.9 2 -1.3
v 1.9 2 -1.4
v 1.9 2.1 1.4
v 1.9 2.1 1.3
v 1.9 2.1 0.5
v 1.9 2.1 0.4
v 1.9 2.1 -0.9
v 1.9 2.1 -1
v 1.9 2.2 1.4
v 1.9 2.2 1.3
v 1.9 2.2 -0.4
v 1.9 2.2 -0.5
v 1.9 2.2 -0.9
v 1.9 2.2 -1
v 1.9 2.2 -1.3
v 1.9 2.2 -1.4
v 1.9 2.3 1.6
v 1.9 2.3 1.5
v 1.9 2.3 0.8
v 1.9 2.3 0.7
v 1.9 2.3 0.3
v 1.9 2.3 0.2
v 1.9 2.3 -0.4
v 1.9 2.3 -0.5
v 1.9 2.3 -1.3
v 1.9 2.3 -1.4
v 1.9 2.3 -1.6
v 1.9 2.3 -1.7
v 1.9 2.4 1.6
v 1.9 2.4 1.5
v 1.9 2.4 0.8
v 1.9 2.4 0.7
v 1.9 2.4 0.6
v 1.9 2.4 0.3
v 1.9 2.4 0.2
v 1.9 2.4 -1.6
v 1.9 2.4 -1.7
v 1.9 2.5 1.4
v 1.9 2.5 1.3
v 1.9 2.5 0.7
v 1.9 2.5 0.6
v 1.9 2.5 -2.38419e-07
v 1.9 2.5 -0.1
v 1.9 2.6 1.4
v 1.9 2.6 1.3
v 1.9 2.6 1
v 1.9 2.6 0.9
v 1.9 2.6 -2.38419e-07
v 1.9 2.6 -0.1
v 1.9 2.6 -1
v 1.9 2.6 -1.1
v 1.9 2.7 1.7
v 1.9 2.7 1.6
v 1.9 2.7 1
v 1.9 2.7 0.9
v 1.9 2.7 0.3
v 1.9 2.7 0.2
v 1.9 2.7 -0.3
v 1.9 2.7 -0.4
v 1.9 2.7 -1
v 1.9 2.7 -1.1
v 1.9 2.7 -1.3
v 1.9 2.7 -1.4
v 1.9 2.8 1.7
v 1.9 2.8 1.6
v 1.9 2.8 1.4
v 1.9 2.8 1.3
v 1.9 2.8 1
v 1.9 2.8 0.9
v 1.9 2.8 0.3
v 1.9 2.8 0.2
v 1.9 2.8 -0.3
v 1.9 2.8 -0.4
v 1.9 2.8 -1.3
v 1.9 2.8 -1.4
v 1.9 2.9 1.4
v 1.9 2.9 1.3
v 1.9 2.9 1
v 1.9 2.9 0.9
v 1.9 2.9 0.6
v 1.9 2.9 0.5
v 1.9 2.9 -0.6
v 1.9 2.9 -0.7
v 1.9 2.9 -1.6
v 1.9 2.9 -1.7
v 1.9 3 1.8
v 1.9 3 1.7
v 1.9 3 0.6
v 1.9 3 0.5
v 1.9 3 0.0999999
v 1.9 3 -2.38419e-07
v 1.9 3 -0.4
v 1.9 3 -0.5
v 1.9 3 -0.6
v 1.9 3 -0.7
v 1.9 3 -0.8
v 1.9 3 -0.9
v 1.9 3 -1.4
v 1.9 3 -1.5
v 1.9 3 -1.6
v 1.9 3 -1.7
v 1.9 3.1 1.8
v 1.9 3.1 1.7
v 1.9 3.1 1.6
v 1.9 3.1 1.5
v 1.9 3.1 1.1
v 1.9 3.1 1
v 1.9 3.1 0.6
v 1.9 3.1 0.5
v 1.9 3.1 0.0999999
v 1.9 3.1 -2.38419e-07
v 1.9 3.1 -0.4
v 1.9 3.1 -0.5
v 1.9 3.1 -0.8
v 1.9 3.1 -0.9
v 1.9 3.1 -1.4
v 1.9 3.1 -1.5
v 1.9 3.2 1.6
v 1.9 3.2 1.5
v 1.9 3.2 1.1
v 1.9 3.2 1
v 1.9 3.2 0.6
v 1.9 3.2 0.5
v 1.9 3.2 -1
v 1.9 3.2 -1.1
v 1.9 3.3 0.0999999
v 1.9 3.3 -2.38419e-07
v 1.9 3.3 -0.4
v 1.9 3.3 -0.5
v 1.9 3.3 -1
v 1.9 3.3 -1.1
v 1.9 3.4 1.9
v 1.9 3.4 1.8
v 1.9 3.4 0.9
v 1.9 3.4 0.8
v 1.9 3.4 0.0999999
v 1.9 3.4 -2.38419e-07
v 1.9 3.4 -0.4
v 1.9 3.4 -0.5
v 1.9 3.4 -0.6
v 1.9 3.4 -0.7
v 1.9 3.4 -1.2
v 1.9 3.4 -1.3
v 1.9 3.5 1.9
v 1.9 3.5 1.8
v 1.9 3.5 1.6
v 1.9 3.5 1.5
v 1.9 3.5 1.3
v 1.9 3.5 1.2
v 1.9 3.5 0.9
v 1.9 3.5 0.8
v 1.9 3.5 0.7
v 1.9 3.5 0.4
v 1.9 3.5 0.3
v 1.9 3.5 -0.3
v 1.9 3.5 -0.4
v 1.9 3.5 -0.5
v 1.9 3.5 -0.6
v 1.9 3.5 -0.7
v 1.9 3.5 -0.8
v 1.9 3.5 -1.2
v 1.9 3.5 -1.3
v 1.9 3.5 -1.5
v 1.9 3.5 -1.6
v 1.9 3.6 1.6
v 1.9 3.6 1.5
v 1.9 3.6 1.3
v 1.9 3.6 1.2
v 1.9 3.6 0.8
v 1.9 3.6 0.7
v 1.9 3.6 0.4
v 1.9 3.6 0.3
v 1.9 3.6 -0.9
v 1.9 3.6 -1
v 1.9 3.6 -1.5
v 1.9 3.6 -1.6
v 1.9 3.7 1.8
v 1.9 3.7 1.7
v 1.9 3.7 1.5
v 1.9 3.7 1.4
v 1.9 3.7 1.2
v 1.9 3.7 1.1
v 1.9 3.7 0.7
v 1.9 3.7 0.6
v 1.9 3.7 0.2
v 1.9 3.7 0.0999999
v 1.9 3.7 -0.2
v 1.9 3.7 -0.3
v 1.9 3.7 -0.4
v 1.9 3.7 -0.7
v 1.9 3.7 -0.8
v 1.9 3.7 -0.9
v 1.9 3.7 -1
v 1.9 3.8 1.8
v 1.9 3.8 1.7
v 1.9 3.8 1.5
v 1.9 3.8 1.4
v 1.9 3.8 1.2
v 1.9 3.8 1.1
v 1.9 3.8 0.7
v 1.9 3.8 0.6
v 1.9 3.8 0.2
v 1.9 3.8 0.0999999
v 1.9 3.8 -0.2
v 1.9 3.8 -0.3
v -1.9 0.4 -1.8
v -1.9 0.4 -1.9
v -1.9 0.5 2
v -1.9 0.5 1.9
v -1.9 0.5 -1.8
v -1.9 0.5 -1.9
v -1.9 0.6 2
v -1.9 0.6 1.9
v -1.8 0.3 -1.7
v -1.8 0.3 -1.8
v -1.8 0.3 -1.9
v -1.8 0.4 -1.7
v -1.8 0.4 -1.8
v -1.8 0.4 -1.9
v -1.8 0.5 -1.8
v -1.8 0.5 -1.9
v -1.8 0.5 -2
v -1.8 0.6 -1.8
v -1.8 0.6 -1.9
v -1.8 0.6 -2
v -1.8 1.8 2
v -1.8 1.8 1.9
v -1.8 1.9 2
v -1.8 1.9 1.9
v -1.8 2.5 2
v -1.8 2.5 1.9
v -1.8 2.6 2
v -1.8 2.6 1.9
v -1.6 0.1 -1
v -1.6 0.1 -1.2
v -1.6 0.2 -1
v -1.6 0.2 -1.2
v -1.6 0.4 -1.8
v -1.6 0.4 -1.9
v -1.6 0.5 -1.8
v -1.6 0.5 -1.9
v -1.6 3 -1.9
v -1.6 3 -2
v -1.6 3.1 -1.9
v -1.6 3.1 -2
v -1.6 3.4 2
v -1.6 3.4 1.9
v -1.6 3.5 2
v -1.6 3.5 1.9
v -1.5 0.1 -1.2
v -1.5 0.1 -1.5
v -1.5 0.2 -2.38419e-07
v -1.5 0.2 -0.1
v -1.5 0.2 -1.2
v -1.5 0.2 -1.3
v -1.5 0.2 -1.4
v -1.5 0.2 -1.5
v -1.5 0.3 -2.38419e-07
v -1.5 0.3 -0.1
v -1.5 0.3 -1.3
v -1.5 0.3 -1.4
v -1.5 0.6 2
v -1.5 0.6 1.9
v -1.5 0.7 2
v -1.5 0.7 1.9
v -1.5 0.9 2
v -1.5 0.9 1.9
v -1.5 1 2
v -1.5 1 1.9
v -1.5 1.3 -1.9
v -1.5 1.3 -2
v -1.5 1.4 2
v -1.5 1.4 1.9
v -1.5 1.4 -1.9
v -1.5 1.4 -2
v -1.5 1.5 2
v -1.5 1.5 1.9
v -1.5 1.6 -1.9
v -1.5 1.6 -2
v -1.5 1.7 -1.9
v -1.5 1.7 -2
v -1.5 2.1 2
v -1.5 2.1 1.9
v -1.5 2.3 2
v -1.5 2.3 1.9
v -1.5 2.9 2
v -1.5 2.9 1.9
v -1.5 3 2
v -1.5 3 1.9
v -1.5 3.6 2
v -1.5 3.6 1.9
v -1.5 3.7 2
v -1.5 3.7 1.9
v -1.5 3.7 -1.9
v -1.5 3.7 -2
v -1.5 3.8 -1.9
v -1.5 3.8 -2
v -1.5 3.9 0.5
v -1.5 3.9 0.4
v -1.5 4 0.5
v -1.5 4 0.4
v -1.4 0.1 1.2
v -1.4 0.1 1
v -1.4 0.1 0.0999999
v -1.4 0.1 -2.38419e-07
v -1.4 0.1 -0.4
v -1.4 0.1 -0.5
v -1.4 0.1 -1.7
v -1.4 0.1 -1.8
v -1.4 0.2 1.5
v -1.4 0.2 1.4
v -1.4 0.2 1.2
v -1.4 0.2 1
v -1.4 0.2 0.0999999
v -1.4 0.2 -2.38419e-07
v -1.4 0.2 -0.4
v -1.4 0.2 -0.5
v -1.4 0.2 -1.6
v -1.4 0.2 -1.7
v -1.4 0.2 -1.8
v -1.4 0.2 -1.9
v -1.4 0.3 1.5
v -1.4 0.3 1.4
v -1.4 0.3 -1.6
v -1.4 0.3 -1.7
v -1.4 0.3 -1.8
v -1.4 0.3 -1.9
v -1.4 2.6 2
v -1.4 2.6 1.9
v -1.4 2.7 2
v -1.4 2.7 1.9
v -1.4 3.9 -1.2
v -1.4 3.9 -1.3
v -1.4 4 -1.2
v -1.4 4 -1.3
v -1.3 0.1 -2.38419e-07
v -1.3 0.1 -0.1
v -1.3 0.1 -0.3
v -1.3 0.1 -0.4
v -1.3 0.2 -2.38419e-07
v -1.3 0.2 -0.1
v -1.3 0.2 -0.3
v -1.3 0.2 -0.4
v -1.3 0.3 -0.1
v -1.3 0.3 -0.2
v -1.3 0.3 -0.3
v -1.3 0.4 -0.1
v -1.3 0.4 -0.2
v -1.3 0.5 -1.9
v -1.3 0.5 -2
v -1.3 0.6 -1.9
v -1.3 0.6 -2
v -1.3 2 -1.9
v -1.3 2 -2
v -1.3 2.1 -1.9
v -1.3 2.1 -2
v -1.2 0.1 1.3
v -1.2 0.1 1.2
v -1.2 0.1 -0.1
v -1.2 0.1 -0.3
v -1.2 0.2 1.5
v -1.2 0.2 1.3
v -1.2 0.2 1.2
v -1.2 0.2 -0.1
v -1.2 0.2 -0.3
v -1.2 0.2 -1.7
v -1.2 0.2 -1.8
v -1.2 0.3 1.5
v -1.2 0.3 1.3
v -1.2 0.3 -1.7
v -1.2 0.3 -1.8
v -1.2 1 -1.9
v -1.2 1 -2
v -1.2 1.1 -1.9
v -1.2 1.1 -2
v -1.2 2.2 -1.9
v -1.2 2.2 -2
v -1.2 2.3 -1.9
v -1.2 2.3 -2
v -1.2 2.5 -1.9
v -1.2 2.5 -2
v -1.2 2.6 -1.9
v -1.2 2.6 -2
v -1.1 0.1 1.5
v -1.1 0.1 1.3
v -1.1 0.2 1.5
v -1.1 0.2 1.3
v -1.1 3.9 -1.7
v -1.1 3.9 -1.8
v -1.1 4 -1.7
v -1.1 4 -1.8
v -1 0.1 -1.5
v -1 0.1 -1.6
v -1 0.2 -1.5
v -1 0.2 -1.6
v -1 0.4 -1.7
v -1 0.4 -1.8
v -1 0.5 -1.7
v -1 0.5 -1.8
v -1 1.7 2
v -1 1.7 1.9
v -1 1.8 2
v -1 1.8 1.9
v -0.9 0.1 -1.8
v -0.9 0.1 -1.9
v -0.9 0.2 -1.8
v -0.9 0.2 -1.9
v -0.9 0.3 -1.7
v -0.9 0.3 -1.8
v -0.9 0.4 -1.7
v -0.9 0.4 -1.8
v -0.9 0.4 -1.9
v -0.9 0.5 -1.8
v -0.9 0.5 -1.9
v -0.9 1 2
v -0.9 1 1.9
v -0.9 1.1 2
v -0.9 1.1 1.9
v -0.9 3 -1.9
v -0.9 3 -2
v -0.9 3.1 -1.9
v -0.9 3.1 -2
v -0.9 3.4 2
v -0.9 3.4 1.9
v -0.9 3.5 2
v -0.9 3.5 1.9
v -0.9 3.9 1.3
v -0.9 3.9 1.2
v -0.9 3.9 0.6
v -0.9 3.9 0.5
v -0.9 3.9 -0.2
v -0.9 3.9 -0.3
v -0.9 4 1.3
v -0.9 4 1.2
v -0.9 4 0.6
v -0.9 4 0.5
v -0.9 4 -0.2
v -0.9 4 -0.3
v -0.8 0.1 1
v -0.8 0.1 0.9
v -0.8 0.1 -1.6
v -0.8 0.1 -1.7
v -0.8 0.2 -1.6
v -0.8 0.2 -1.7
v -0.8 0.3 1.1
v -0.8 0.3 1
v -0.8 0.3 0.9
v -0.8 0.3 0.8
v -0.8 0.4 1.1
v -0.8 0.4 1
v -0.8 0.4 0.9
v -0.8 0.4 0.8
v -0.8 0.5 1
v -0.8 0.5 0.9
v -0.8 3.5 -1.9
v -0.8 3.5 -2
v -0.8 3.6 -1.9
v -0.8 3.6 -2
v -0.8 3.9 -0.8
v -0.8 3.9 -0.9
v -0.8 3.9 -1.4
v -0.8 3.9 -1.5
v -0.8 4 -0.8
v -0.8 4 -0.9
v -0.8 4 -1.4
v -0.8 4 -1.5
v -0.7 0.3 1
v -0.7 0.3 0.9
v -0.7 0.4 1
v -0.7 0.4 0.9
v -0.7 1.4 -1.9
v -0.7 1.4 -2
v -0.7 1.5 -1.9
v -0.7 1.5 -2
v -0.7 3.9 1.7
v -0.7 3.9 1.6
v -0.7 3.9 1
v -0.7 3.9 0.9
v -0.7 3.9 0.0999999
v -0.7 3.9 -2.38419e-07
v -0.7 4 1.7
v -0.7 4 1.6
v -0.7 4 1
v -0.7 4 0.9
v -0.7 4 0.0999999
v -0.7 4 -2.38419e-07
v -0.6 0.1 -1
v -0.6 0.1 -1.1
v -0.6 0.1 -1.7
v -0.6 0.1 -1.8
v -0.6 0.2 -1.7
v -0.6 0.2 -1.8
v -0.6 0.3 -1
v -0.6 0.3 -1.1
v -0.6 0.3 -1.7
v -0.6 0.3 -1.8
v -0.6 0.4 -0.9
v -0.6 0.4 -1
v -0.6 0.4 -1.1
v -0.6 0.4 -1.2
v -0.6 0.5 -0.9
v -0.6 0.5 -1
v -0.6 0.5 -1.1
v -0.6 0.5 -1.2
v -0.6 0.6 -1
v -0.6 0.6 -1.1
v -0.5 0.1 -1.8
v -0.5 0.1 -1.9
v -0.5 0.2 -1.8
v -0.5 0.2 -1.9
v -0.5 0.3 -0.9
v -0.5 0.3 -1.2
v -0.5 0.3 -1.7
v -0.5 0.3 -1.8
v -0.5 0.4 -0.9
v -0.5 0.4 -1
v -0.5 0.4 -1.1
v -0.5 0.4 -1.2
v -0.5 0.4 -1.7
v -0.5 0.4 -1.8
v -0.5 0.5 -1
v -0.5 0.5 -1.1
v -0.5 1.9 -1.9
v -0.5 1.9 -2
v -0.5 2 -1.9
v -0.5 2 -2
v -0.5 2.4 -1.9
v -0.5 2.4 -2
v -0.5 2.5 -1.9
v -0.5 2.5 -2
v -0.5 2.8 -1.9
v -0.5 2.8 -2
v -0.5 2.9 -1.9
v -0.5 2.9 -2
v -0.5 3 2
v -0.5 3 1.9
v -0.5 3.1 2
v -0.5 3.1 1.9
v -0.4 0.1 -1.9
v -0.4 0.1 -2
v -0.4 0.2 -1.9
v -0.4 0.2 -2
v -0.4 0.3 -1.8
v -0.4 0.3 -1.9
v -0.4 0.4 -1.8
v -0.4 0.4 -1.9
v -0.4 0.5 2
v -0.4 0.5 1.9
v -0.4 0.6 2
v -0.4 0.6 1.9
v -0.4 3.9 0.2
v -0.4 3.9 0.0999999
v -0.4 4 0.2
v -0.4 4 0.0999999
v -0.3 0.2 -1.7
v -0.3 0.2 -1.8
v -0.3 0.3 -1.7
v -0.3 0.3 -1.8
v -0.3 3.9 -0.5
v -0.3 3.9 -0.6
v -0.3 4 -0.5
v -0.3 4 -0.6
v -0.2 2.6 2
v -0.2 2.6 1.9
v -0.2 2.7 2
v -0.2 2.7 1.9
v -0.0999999 0.1 -1.8
v -0.0999999 0.1 -1.9
v -0.0999999 0.2 1.1
v -0.0999999 0.2 1
v -0.0999999 0.2 -1.8
v -0.0999999 0.2 -1.9
v -0.0999999 0.3 1.1
v -0.0999999 0.3 1
v -0.0999999 2.3 2
v -0.0999999 2.3 1.9
v -0.0999999 2.4 2
v -0.0999999 2.4 1.9
v -0.0999999 3.9 -1.2
v -0.0999999 3.9 -1.3
v -0.0999999 4 -1.2
v -0.0999999 4 -1.3
v 2.38419e-07 0.1 0.5
v 2.38419e-07 0.1 -2.38419e-07
v 2.38419e-07 0.1 -0.2
v 2.38419e-07 0.1 -0.7
v 2.38419e-07 0.1 -1.5
v 2.38419e-07 0.1 -1.7
v 2.38419e-07 0.2 0.5
v 2.38419e-07 0.2 0.0999999
v 2.38419e-07 0.2 -0.3
v 2.38419e-07 0.2 -0.7
v 2.38419e-07 0.2 -1.5
v 2.38419e-07 0.2 -1.7
v 2.38419e-07 0.5 -2.38419e-07
v 2.38419e-07 0.5 -0.2
v 2.38419e-07 0.6 0.0999999
v 2.38419e-07 0.6 -2.38419e-07
v 2.38419e-07 0.6 -0.2
v 2.38419e-07 0.6 -0.3
v 2.38419e-07 0.9 0.0999999
v 2.38419e-07 0.9 -2.38419e-07
v 2.38419e-07 0.9 -0.2
v 2.38419e-07 0.9 -0.3
v 2.38419e-07 1 0.0999999
v 2.38419e-07 1 -2.38419e-07
v 2.38419e-07 1 -0.2
v 2.38419e-07 1 -0.3
v 2.38419e-07 1 -0.5
v 2.38419e-07 1 -0.6
v 2.38419e-07 1.1 -2.38419e-07
v 2.38419e-07 1.1 -0.2
v 2.38419e-07 1.1 -1.9
v 2.38419e-07 1.1 -2
v 2.38419e-07 1.2 -1.9
v 2.38419e-07 1.2 -2
v 2.38419e-07 1.3 0.5
v 2.38419e-07 1.3 0.0999999
v 2.38419e-07 1.3 -0.3
v 2.38419e-07 1.3 -0.5
v 2.38419e-07 1.4 0.4
v 2.38419e-07 1.4 0.0999999
v 2.38419e-07 1.4 -0.3
v 2.38419e-07 1.4 -0.6
v 2.38419e-07 1.5 -2.38419e-07
v 2.38419e-07 1.5 -0.2
v 2.38419e-07 1.7 0.0999999
v 2.38419e-07 1.7 -2.38419e-07
v 2.38419e-07 1.7 -0.2
v 2.38419e-07 1.7 -0.3
v 2.38419e-07 1.8 0.5
v 2.38419e-07 1.8 0.4
v 2.38419e-07 1.8 0.0999999
v 2.38419e-07 1.8 -2.38419e-07
v 2.38419e-07 1.8 -0.2
v 2.38419e-07 1.8 -0.3
v 2.38419e-07 1.9 0.0999999
v 2.38419e-07 1.9 -2.38419e-07
v 2.38419e-07 1.9 -0.2
v 2.38419e-07 1.9 -0.3
v 2.38419e-07 2 -2.38419e-07
v 2.38419e-07 2 -0.2
v 2.38419e-07 2.1 -1.9
v 2.38419e-07 2.1 -2
v 2.38419e-07 2.2 0.0999999
v 2.38419e-07 2.2 -2.38419e-07
v 2.38419e-07 2.2 -0.2
v 2.38419e-07 2.2 -0.3
v 2.38419e-07 2.2 -1.9
v 2.38419e-07 2.2 -2
v 2.38419e-07 3.9 1.2
v 2.38419e-07 3.9 1.1
v 2.38419e-07 4 1.2
v 2.38419e-07 4 1.1
v 0.1 0.1 1.4
v 0.1 0.1 1.1
v 0.1 0.1 0.9
v 0.1 0.2 1.4
v 0.1 0.2 1.2
v 0.1 0.2 1.1
v 0.1 0.2 1
v 0.1 0.2 0.9
v 0.1 0.3 1.2
v 0.1 0.3 1.1
v 0.1 0.3 1
v 0.1 0.4 1.2
v 0.1 0.4 1.1
v 0.1 0.5 -2.38419e-07
v 0.1 0.5 -0.2
v 0.1 0.6 0.0999999
v 0.1 0.6 -2.38419e-07
v 0.1 0.6 -0.2
v 0.1 0.6 -0.3
v 0.1 0.7 2
v 0.1 0.7 1.9
v 0.1 0.8 2
v 0.1 0.8 1.9
v 0.1 0.9 0.0999999
v 0.1 0.9 -2.38419e-07
v 0.1 0.9 -0.2
v 0.1 0.9 -0.3
v 0.1 1 -2.38419e-07
v 0.1 1 -0.2
v 0.1 1.1 0.0999999
v 0.1 1.1 -0.3
v 0.1 1.2 2
v 0.1 1.2 1.9
v 0.1 1.3 2
v 0.1 1.3 1.9
v 0.1 1.5 0.0999999
v 0.1 1.5 -0.3
v 0.1 1.7 -2.38419e-07
v 0.1 1.7 -0.2
v 0.1 1.8 0.0999999
v 0.1 1.8 -2.38419e-07
v 0.1 1.8 -0.2
v 0.1 1.8 -0.3
v 0.1 1.9 2
v 0.1 1.9 1.9
v 0.1 1.9 0.0999999
v 0.1 1.9 -2.38419e-07
v 0.1 1.9 -0.2
v 0.1 1.9 -0.3
v 0.1 2 2
v 0.1 2 1.9
v 0.1 2 -2.38419e-07
v 0.1 2 -0.2
v 0.2 3.3 2
v 0.2 3.3 1.9
v 0.2 3.3 -1.9
v 0.2 3.3 -2
v 0.2 3.4 2
v 0.2 3.4 1.9
v 0.2 3.4 -1.9
v 0.2 3.4 -2
v 0.2 3.9 -0.9
v 0.2 3.9 -1
v 0.2 4 -0.9
v 0.2 4 -1
v 0.3 3.9 1.6
v 0.3 3.9 1.5
v 0.3 4 1.6
v 0.3 4 1.5
v 0.4 0.1 0.9
v 0.4 0.1 0.8
v 0.4 0.2 0.9
v 0.4 0.2 0.8
v 0.4 3.9 0.0999999
v 0.4 3.9 -2.38419e-07
v 0.4 4 0.0999999
v 0.4 4 -2.38419e-07
v 0.5 1.9 -1.9
v 0.5 1.9 -2
v 0.5 2 -1.9
v 0.5 2 -2
v 0.5 3.9 0.8
v 0.5 3.9 0.7
v 0.5 4 0.8
v 0.5 4 0.7
v 0.6 0.1 -1.4
v 0.6 0.1 -1.5
v 0.6 0.2 1
v 0.6 0.2 0.9
v 0.6 0.2 -1.4
v 0.6 0.2 -1.5
v 0.6 0.3 1
v 0.6 0.3 0.9
v 0.6 2.5 -1.9
v 0.6 2.5 -2
v 0.6 2.6 -1.9
v 0.6 2.6 -2
v 0.6 3.2 -1.9
v 0.6 3.2 -2
v 0.6 3.3 -1.9
v 0.6 3.3 -2
v 0.6 3.9 -1.8
v 0.6 3.9 -1.9
v 0.6 4 -1.8
v 0.6 4 -1.9
v 0.7 0.3 1.9
v 0.7 0.3 1.8
v 0.7 0.4 1.9
v 0.7 0.4 1.8
v 0.8 0.1 -1.1
v 0.8 0.1 -1.2
v 0.8 0.1 -1.4
v 0.8 0.1 -1.5
v 0.8 0.2 2
v 0.8 0.2 1.9
v 0.8 0.2 1.7
v 0.8 0.2 1.6
v 0.8 0.2 -1.1
v 0.8 0.2 -1.2
v 0.8 0.2 -1.4
v 0.8 0.2 -1.5
v 0.8 0.3 2
v 0.8 0.3 1.9
v 0.8 0.3 1.7
v 0.8 0.3 1.6
v 0.8 0.3 -1.8
v 0.8 0.3 -1.9
v 0.8 0.4 2
v 0.8 0.4 1.9
v 0.8 0.4 -1.8
v 0.8 0.4 -1.9
v 0.8 1.7 -1.9
v 0.8 1.7 -2
v 0.8 1.8 -1.9
v 0.8 1.8 -2
v 0.8 2.8 2
v 0.8 2.8 1.9
v 0.8 2.9 2
v 0.8 2.9 1.9
v 0.8 3.5 -1.9
v 0.8 3.5 -2
v 0.8 3.6 -1.9
v 0.8 3.6 -2
v 0.9 0.1 -1.2
v 0.9 0.1 -1.4
v 0.9 0.2 1.4
v 0.9 0.2 1.3
v 0.9 0.2 1
v 0.9 0.2 0.9
v 0.9 0.2 -1.2
v 0.9 0.2 -1.4
v 0.9 0.3 1.4
v 0.9 0.3 1.3
v 0.9 0.3 1
v 0.9 0.3 0.9
v 0.9 0.4 1.4
v 0.9 0.4 1.3
v 0.9 2.4 2
v 0.9 2.4 1.9
v 0.9 2.5 2
v 0.9 2.5 1.9
v 1 0.1 0.5
v 1 0.1 0.4
v 1 0.2 1.6
v 1 0.2 1.5
v 1 0.2 1.3
v 1 0.2 1.2
v 1 0.3 1.6
v 1 0.3 1.5
v 1 0.3 1.4
v 1 0.3 1.3
v 1 0.3 1.2
v 1 0.3 0.6
v 1 0.3 0.5
v 1 0.3 0.4
v 1 0.3 0.3
v 1 0.4 1.5
v 1 0.4 1.4
v 1 0.4 1.3
v 1 0.4 1.2
v 1 0.5 0.6
v 1 0.5 0.5
v 1 0.5 0.4
v 1 0.5 0.3
v 1 0.6 0.5
v 1 0.6 0.4
v 1 1.4 -1.9
v 1 1.4 -2
v 1 1.5 -1.9
v 1 1.5 -2
v 1 2.1 -1.9
v 1 2.1 -2
v 1 2.2 -1.9
v 1 2.2 -2
v 1 3.9 -0.9
v 1 3.9 -1
v 1 3.9 -1.6
v 1 3.9 -1.7
v 1 4 -0.9
v 1 4 -1
v 1 4 -1.6
v 1 4 -1.7
v 1.1 0.2 1.8
v 1.1 0.2 1.7
v 1.1 0.2 1.4
v 1.1 0.2 1.3
v 1.1 0.3 1.8
v 1.1 0.3 1.7
v 1.1 0.3 1.4
v 1.1 0.3 1.3
v 1.1 0.3 0.5
v 1.1 0.3 0.4
v 1.1 0.4 1.4
v 1.1 0.4 1.3
v 1.1 0.5 0.5
v 1.1 0.5 0.4
v 1.1 0.5 -1.9
v 1.1 0.5 -2
v 1.1 0.6 -1.9
v 1.1 0.6 -2
v 1.1 1 -1.9
v 1.1 1 -2
v 1.1 1.1 -1.9
v 1.1 1.1 -2
v 1.2 0.1 1.1
v 1.2 0.1 1
v 1.2 0.2 1.1
v 1.2 0.2 1
v 1.2 3.9 0.5
v 1.2 3.9 0.4
v 1.2 3.9 -0.4
v 1.2 3.9 -0.5
v 1.2 4 0.5
v 1.2 4 0.4
v 1.2 4 -0.4
v 1.2 4 -0.5
v 1.3 0.1 1.5
v 1.3 0.1 1.4
v 1.3 0.2 1.5
v 1.3 0.2 1.4
v 1.3 0.3 1.5
v 1.3 0.3 1.4
v 1.3 0.4 1.5
v 1.3 0.4 1.4
v 1.3 0.9 2
v 1.3 0.9 1.9
v 1.3 1 2
v 1.3 1 1.9
v 1.3 1.5 2
v 1.3 1.5 1.9
v 1.3 1.6 2
v 1.3 1.6 1.9
v 1.4 0.1 0.9
v 1.4 0.1 0.8
v 1.4 0.1 -0.9
v 1.4 0.1 -1.1
v 1.4 0.1 -1.8
v 1.4 0.1 -1.9
v 1.4 0.2 1.2
v 1.4 0.2 1.1
v 1.4 0.2 1
v 1.4 0.2 0.9
v 1.4 0.2 0.8
v 1.4 0.2 -0.9
v 1.4 0.2 -1.1
v 1.4 0.3 1.7
v 1.4 0.3 1.6
v 1.4 0.3 1.2
v 1.4 0.3 1.1
v 1.4 0.3 1
v 1.4 0.3 0.9
v 1.4 0.3 0.8
v 1.4 0.3 -1.8
v 1.4 0.3 -1.9
v 1.4 0.4 1.7
v 1.4 0.4 1.6
v 1.4 0.4 1.2
v 1.4 0.4 1.1
v 1.4 0.5 -1.8
v 1.4 0.5 -1.9
v 1.4 0.6 -1.8
v 1.4 0.6 -1.9
v 1.4 2.9 -1.9
v 1.4 2.9 -2
v 1.4 3 -1.9
v 1.4 3 -2
v 1.5 0.1 1.6
v 1.5 0.1 1.5
v 1.5 0.1 1.3
v 1.5 0.1 1.2
v 1.5 0.1 -0.5
v 1.5 0.1 -0.6
v 1.5 0.1 -1.1
v 1.5 0.1 -1.2
v 1.5 0.2 1.9
v 1.5 0.2 1.8
v 1.5 0.2 1.5
v 1.5 0.2 1.4
v 1.5 0.2 1.2
v 1.5 0.2 -0.5
v 1.5 0.2 -0.6
v 1.5 0.2 -1.1
v 1.5 0.2 -1.2
v 1.5 0.3 1.9
v 1.5 0.3 1.8
v 1.5 0.3 1.6
v 1.5 0.3 1.4
v 1.5 0.3 1.3
v 1.5 0.3 1.2
v 1.5 0.4 1.6
v 1.5 0.4 1.4
v 1.5 0.4 1.3
v 1.5 0.4 1.2
v 1.5 0.6 -1.9
v 1.5 0.6 -2
v 1.5 0.7 -1.9
v 1.5 0.7 -2
v 1.5 2.5 -1.9
v 1.5 2.5 -2
v 1.5 2.6 -1.9
v 1.5 2.6 -2
v 1.5 3.3 -1.9
v 1.5 3.3 -2
v 1.5 3.4 -1.9
v 1.5 3.4 -2
v 1.6 0.1 1
v 1.6 0.1 0.9
v 1.6 0.2 1
v 1.6 0.2 0.9
v 1.6 0.3 1
v 1.6 0.3 0.9
v 1.6 0.4 1
v 1.6 0.4 0.9
v 1.6 1.5 -1.9
v 1.6 1.5 -2
v 1.6 1.6 -1.9
v 1.6 1.6 -2
v 1.7 0.1 1.6
v 1.7 0.1 1.3
v 1.7 0.1 -1.5
v 1.7 0.1 -1.6
v 1.7 0.2 1.9
v 1.7 0.2 1.7
v 1.7 0.2 1.6
v 1.7 0.2 1.5
v 1.7 0.2 1.4
v 1.7 0.2 1.3
v 1.7 0.2 -0.7
v 1.7 0.2 -0.8
v 1.7 0.3 1.9
v 1.7 0.3 1.7
v 1.7 0.3 1.6
v 1.7 0.3 1.5
v 1.7 0.3 1.4
v 1.7 0.3 1.3
v 1.7 0.3 -0.7
v 1.7 0.3 -0.8
v 1.7 0.3 -1.4
v 1.7 0.3 -1.5
v 1.7 0.3 -1.6
v 1.7 0.3 -1.7
v 1.7 0.4 1.6
v 1.7 0.4 1.5
v 1.7 0.4 1.4
v 1.7 0.4 1.3
v 1.7 0.4 -1.8
v 1.7 0.4 -1.9
v 1.7 0.5 -1.4
v 1.7 0.5 -1.5
v 1.7 0.5 -1.6
v 1.7 0.5 -1.7
v 1.7 0.5 -1.8
v 1.7 0.5 -1.9
v 1.7 0.6 -1.5
v 1.7 0.6 -1.6
v 1.8 0.1 1.8
v 1.8 0.1 1.6
v 1.8 0.2 1.8
v 1.8 0.2 1.6
v 1.8 0.2 1.2
v 1.8 0.2 1
v 1.8 0.3 1.2
v 1.8 0.3 1
v 1.8 0.3 -1.5
v 1.8 0.3 -1.6
v 1.8 0.5 -1.5
v 1.8 0.5 -1.6
v 1.9 0.1 2
v 1.9 0.1 1.8
v 1.9 0.1 -0.6
v 1.9 0.1 -0.7
v 1.9 0.1 -1.9
v 1.9 0.1 -2
v 1.9 0.2 2
v 1.9 0.2 1.9
v 1.9 0.2 1.8
v 1.9 0.2 1.3
v 1.9 0.2 1.2
v 1.9 0.2 -0.6
v 1.9 0.2 -0.7
v 1.9 0.2 -0.8
v 1.9 0.2 -0.9
v 1.9 0.2 -1.9
v 1.9 0.2 -2
v 1.9 0.3 2
v 1.9 0.3 1.9
v 1.9 0.3 1.3
v 1.9 0.3 1.2
v 1.9 0.3 -0.8
v 1.9 0.3 -0.9
v 1.9 0.4 -1.9
v 1.9 0.4 -2
v 1.9 0.5 -1.9
v 1.9 0.5 -2
v 1.9 0.6 -1.9
v 1.9 0.6 -2
v 2 0 2
v 2 0 -2
v 2 0.1 2
v 2 0.1 1.6
v 2 0.1 1.5
v 2 0.1 1
v 2 0.1 0.8
v 2 0.1 -0.7
v 2 0.1 -1.3
v 2 0.1 -2
v 2 0.2 1.5
v 2 0.2 1.3
v 2 0.2 1.1
v 2 0.2 1
v 2 0.2 0.8
v 2 0.2 -0.7
v 2 0.2 -0.9
v 2 0.2 -1.3
v 2 0.2 -1.9
v 2 0.2 -2
v 2 0.3 1.6
v 2 0.3 1.3
v 2 0.3 1.1
v 2 0.3 1
v 2 0.3 -0.9
v 2 0.3 -1.3
v 2 0.4 -1.9
v 2 0.4 -2
v 2 0.5 1.8
v 2 0.5 1.7
v 2 0.6 1.8
v 2 0.6 1.7
v 2 0.9 1
v 2 0.9 0.9
v 2 0.9 -1.4
v 2 0.9 -1.5
v 2 1 1.8
v 2 1 1.7
v 2 1 1
v 2 1 0.9
v 2 1 -1.1
v 2 1 -1.2
v 2 1 -1.4
v 2 1 -1.5
v 2 1.1 1.8
v 2 1.1 1.7
v 2 1.1 1.6
v 2 1.1 1.5
v 2 1.1 -1.1
v 2 1.1 -1.2
v 2 1.1 -1.7
v 2 1.1 -1.8
v 2 1.2 1.6
v 2 1.2 1.5
v 2 1.2 -0.9
v 2 1.2 -1
v 2 1.2 -1.7
v 2 1.2 -1.8
v 2 1.3 1.2
v 2 1.3 1.1
v 2 1.3 -0.9
v 2 1.3 -1
v 2 1.4 1.2
v 2 1.4 1.1
v 2 1.5 -1.4
v 2 1.5 -1.5
v 2 1.6 1.7
v 2 1.6 1.6
v 2 1.6 1.3
v 2 1.6 1.2
v 2 1.6 -1
v 2 1.6 -1.1
v 2 1.6 -1.4
v 2 1.6 -1.5
v 2 1.7 1.7
v 2 1.7 1.6
v 2 1.7 1.3
v 2 1.7 1.2
v 2 1.7 0.8
v 2 1.7 0.7
v 2 1.7 0.4
v 2 1.7 0.3
v 2 1.7 -1
v 2 1.7 -1.1
v 2 1.7 -1.8
v 2 1.7 -1.9
v 2 1.8 1.2
v 2 1.8 1.1
v 2 1.8 0.8
v 2 1.8 0.7
v 2 1.8 0.4
v 2 1.8 0.3
v 2 1.8 -1.5
v 2 1.8 -1.6
v 2 1.8 -1.8
v 2 1.8 -1.9
v 2 1.9 1.8
v 2 1.9 1.7
v 2 1.9 1.2
v 2 1.9 1.1
v 2 1.9 -1.3
v 2 1.9 -1.4
v 2 1.9 -1.5
v 2 1.9 -1.6
v 2 2 1.8
v 2 2 1.7
v 2 2 0.5
v 2 2 0.4
v 2 2 -1.3
v 2 2 -1.4
v 2 2.1 1.4
v 2 2.1 1.3
v 2 2.1 0.5
v 2 2.1 0.4
v 2 2.1 -0.9
v 2 2.1 -1
v 2 2.2 1.4
v 2 2.2 1.3
v 2 2.2 -0.4
v 2 2.2 -0.5
v 2 2.2 -0.9
v 2 2.2 -1
v 2 2.2 -1.3
v 2 2.2 -1.4
v 2 2.3 1.6
v 2 2.3 1.5
v 2 2.3 0.8
v 2 2.3 0.7
v 2 2.3 0.3
v 2 2.3 0.2
v 2 2.3 -0.4
v 2 2.3 -0.5
v 2 2.3 -1.3
v 2 2.3 -1.4
v 2 2.3 -1.6
v 2 2.3 -1.7
v 2 2.4 1.6
v 2 2.4 1.5
v 2 2.4 0.8
v 2 2.4 0.7
v 2 2.4 0.6
v 2 2.4 0.3
v 2 2.4 0.2
v 2 2.4 -1.6
v 2 2.4 -1.7
v 2 2.5 1.4
v 2 2.5 1.3
v 2 2.5 0.7
v 2 2.5 0.6
v 2 2.5 -2.38419e-07
v 2 2.5 -0.1
v 2 2.6 1.4
v 2 2.6 1.3
v 2 2.6 1
v 2 2.6 0.9
v 2 2.6 -2.38419e-07
v 2 2.6 -0.1
v 2 2.6 -1
v 2 2.6 -1.1
v 2 2.7 1.7
v 2 2.7 1.6
v 2 2.7 1
v 2 2.7 0.9
v 2 2.7 0.3
v 2 2.7 0.2
v 2 2.7 -0.3
v 2 2.7 -0.4
v 2 2.7 -1
v 2 2.7 -1.1
v 2 2.7 -1.3
v 2 2.7 -1.4
v 2 2.8 1.7
v 2 2.8 1.6
v 2 2.8 1.4
v 2 2.8 1.3
v 2 2.8 1
v 2 2.8 0.9
v 2 2.8 0.3
v 2 2.8 0.2
v 2 2.8 -0.3
v 2 2.8 -0.4
v 2 2.8 -1.3
v 2 2.8 -1.4
v 2 2.9 1.4
v 2 2.9 1.3
v 2 2.9 1
v 2 2.9 0.9
v 2 2.9 0.6
v 2 2.9 0.5
v 2 2.9 -0.6
v 2 2.9 -0.7
v 2 2.9 -1.6
v 2 2.9 -1.7
v 2 3 1.8
v 2 3 1.7
v 2 3 0.6
v 2 3 0.5
v 2 3 0.0999999
v 2 3 -2.38419e-07
v 2 3 -0.4
v 2 3 -0.5
v 2 3 -0.6
v 2 3 -0.7
v 2 3 -0.8
v 2 3 -0.9
v 2 3 -1.4
v 2 3 -1.5
v 2 3 -1.6
v 2 3 -1.7
v 2 3.1 1.8
v 2 3.1 1.7
v 2 3.1 1.6
v 2 3.1 1.5
v 2 3.1 1.1
v 2 3.1 1
v 2 3.1 0.6
v 2 3.1 0.5
v 2 3.1 0.0999999
v 2 3.1 -2.38419e-07
v 2 3.1 -0.4
v 2 3.1 -0.5
v 2 3.1 -0.8
v 2 3.1 -0.9
v 2 3.1 -1.4
v 2 3.1 -1.5
v 2 3.2 1.6
v 2 3.2 1.5
v 2 3.2 1.1
v 2 3.2 1
v 2 3.2 0.6
v 2 3.2 0.5
v 2 3.2 -1
v 2 3.2 -1.1
v 2 3.3 0.0999999
v 2 3.3 -2.38419e-07
v 2 3.3 -0.4
v 2 3.3 -0.5
v 2 3.3 -1
v 2 3.3 -1.1
v 2 3.4 1.9
v 2 3.4 1.8
v 2 3.4 0.9
v 2 3.4 0.8
v 2 3.4 0.0999999
v 2 3.4 -2.38419e-07
v 2 3.4 -0.4
v 2 3.4 -0.5
v 2 3.4 -0.7
v 2 3.4 -1.2
v 2 3.4 -1.3
v 2 3.5 1.9
v 2 3.5 1.8
v 2 3.5 1.6
v 2 3.5 1.5
v 2 3.5 1.3
v 2 3.5 1.2
v 2 3.5 0.9
v 2 3.5 0.8
v 2 3.5 0.7
v 2 3.5 0.4
v 2 3.5 0.3
v 2 3.5 -0.3
v 2 3.5 -0.4
v 2 3.5 -0.7
v 2 3.5 -0.8
v 2 3.5 -1.2
v 2 3.5 -1.3
v 2 3.5 -1.5
v 2 3.5 -1.6
v 2 3.6 1.6
v 2 3.6 1.5
v 2 3.6 1.3
v 2 3.6 1.2
v 2 3.6 0.8
v 2 3.6 0.7
v 2 3.6 0.4
v 2 3.6 0.3
v 2 3.6 -0.9
v 2 3.6 -1
v 2 3.6 -1.5
v 2 3.6 -1.6
v 2 3.7 1.8
v 2 3.7 1.7
v 2 3.7 1.5
v 2 3.7 1.4
v 2 3.7 1.2
v 2 3.7 1.1
v 2 3.7 0.7
v 2 3.7 0.6
v 2 3.7 0.2
v 2 3.7 0.0999999
v 2 3.7 -0.2
v 2 3.7 -0.3
v 2 3.7 -0.4
v 2 3.7 -0.7
v 2 3.7 -0.8
v 2 3.7 -0.9
v 2 3.7 -1
v 2 3.8 1.8
v 2 3.8 1.7
v 2 3.8 1.5
v 2 3.8 1.4
v 2 3.8 1.2
v 2 3.8 1.1
v 2 3.8 0.7
v 2 3.8 0.6
v 2 3.8 0.2
v 2 3.8 0.0999999
v 2 3.8 -0.2
v 2 3.8 -0.3
v 2 3.8 -0.4
v 2 3.8 -0.7
v -2 0 2
v -2 0.1 2
v -2 0.5 2
v -2 0.6 2
v -1.9 0.5 2
v -1.9 0.6 2
v -1.9 1.8 2
v -1.9 1.9 2
v -1.9 2.5 2
v -1.9 2.6 2
v -1.8 1.8 2
v -1.8 1.9 2
v -1.8 2.5 2
v -1.8 2.6 2
v -1.7 3.4 2
v -1.7 3.5 2
v -1.6 0.6 2
v -1.6 0.7 2
v -1.6 0.9 2
v -1.6 1 2
v -1.6 1.4 2
v -1.6 1.5 2
v -1.6 2.1 2
v -1.6 2.3 2
v -1.6 2.9 2
v -1.6 3 2
v -1.6 3.4 2
v -1.6 3.5 2
v -1.6 3.6 2
v -1.6 3.7 2
v -1.5 0.6 2
v -1.5 0.7 2
v -1.5 0.9 2
v -1.5 1 2
v -1.5 1.4 2
v -1.5 1.5 2
v -1.5 2.1 2
v -1.5 2.3 2
v -1.5 2.6 2
v -1.5 2.7 2
v -1.5 2.9 2
v -1.5 3 2
v -1.5 3.6 2
v -1.5 3.7 2
v -1.4 2.6 2
v -1.4 2.7 2
v -1.1 1.7 2
v -1.1 1.8 2
v -1 1 2
v -1 1.1 2
v -1 1.7 2
v -1 1.8 2
v -1 3.4 2
v -1 3.5 2
v -0.9 1 2
v -0.9 1.1 2
v -0.9 3.4 2
v -0.9 3.5 2
v -0.6 3 2
v -0.6 3.1 2
v -0.5 0.5 2
v -0.5 0.6 2
v -0.5 3 2
v -0.5 3.1 2
v -0.4 0.5 2
v -0.4 0.6 2
v -0.3 2.6 2
v -0.3 2.7 2
v -0.2 2.3 2
v -0.2 2.4 2
v -0.2 2.6 2
v -0.2 2.7 2
v -0.0999999 2.3 2
v -0.0999999 2.4 2
v 2.38419e-07 0.7 2
v 2.38419e-07 0.8 2
v 2.38419e-07 1.2 2
v 2.38419e-07 1.3 2
v 2.38419e-07 1.9 2
v 2.38419e-07 2 2
v 0.1 0.7 2
v 0.1 0.8 2
v 0.1 1.2 2
v 0.1 1.3 2
v 0.1 1.9 2
v 0.1 2 2
v 0.1 3.3 2
v 0.1 3.4 2
v 0.2 3.3 2
v 0.2 3.4 2
v 0.3 0.1 2
v 0.3 0.2 2
v 0.6 0.2 2
v 0.6 0.3 2
v 0.6 0.4 2
v 0.7 2.8 2
v 0.7 2.9 2
v 0.8 0.2 2
v 0.8 0.3 2
v 0.8 0.4 2
v 0.8 2.4 2
v 0.8 2.5 2
v 0.8 2.8 2
v 0.8 2.9 2
v 0.9 0.1 2
v 0.9 0.2 2
v 0.9 2.4 2
v 0.9 2.5 2
v 1 0.2 2
v 1 0.3 2
v 1.2 0.9 2
v 1.2 1 2
v 1.2 1.5 2
v 1.2 1.6 2
v 1.3 0.9 2
v 1.3 1 2
v 1.3 1.5 2
v 1.3 1.6 2
v 1.9 0.1 2
v 1.9 0.2 2
v 1.9 0.3 2
v 2 0 2
v 2 0.1 2
v 0.4 0.2 1.9
v 0.4 0.3 1.9
v 0.5 0.3 1.9
v 0.5 0.4 1.9
v 0.6 0.2 1.9
v 0.6 0.3 1.9
v 0.6 0.4 1.9
v 0.8 0.2 1.9
v 0.8 0.3 1.9
v 0.9 0.2 1.9
v 1 0.2 1.9
v 1 0.3 1.9
v 1.9 3.4 1.9
v 1.9 3.5 1.9
v 2 3.4 1.9
v 2 3.5 1.9
v 0.2 0.1 1.8
v 0.2 0.2 1.8
v 0.3 0.1 1.8
v 0.3 0.2 1.8
v 1.5 0.2 1.8
v 1.5 0.3 1.8
v 1.6 0.2 1.8
v 1.6 0.3 1.8
v 1.9 0.5 1.8
v 1.9 0.6 1.8
v 1.9 1 1.8
v 1.9 1.1 1.8
v 1.9 1.9 1.8
v 1.9 2 1.8
v 1.9 3 1.8
v 1.9 3.1 1.8
v 1.9 3.7 1.8
v 1.9 3.8 1.8
v 2 0.5 1.8
v 2 0.6 1.8
v 2 1 1.8
v 2 1.1 1.8
v 2 1.9 1.8
v 2 2 1.8
v 2 3 1.8
v 2 3.1 1.8
v 2 3.7 1.8
v 2 3.8 1.8
v -0.9 3.9 1.7
v -0.9 4 1.7
v -0.8 3.9 1.7
v -0.8 4 1.7
v -0.7 3.9 1.7
v -0.7 4 1.7
v 1.1 0.2 1.7
v 1.1 0.3 1.7
v 1.2 0.2 1.7
v 1.2 0.3 1.7
v 1.3 0.3 1.7
v 1.3 0.4 1.7
v 1.4 0.3 1.7
v 1.4 0.4 1.7
v 1.9 1.6 1.7
v 1.9 1.7 1.7
v 1.9 2.7 1.7
v 1.9 2.8 1.7
v 2 1.6 1.7
v 2 1.7 1.7
v 2 2.7 1.7
v 2 2.8 1.7
v 0.2 3.9 1.6
v 0.2 4 1.6
v 0.3 3.9 1.6
v 0.3 4 1.6
v 0.8 0.2 1.6
v 0.8 0.3 1.6
v 0.9 0.2 1.6
v 0.9 0.3 1.6
v 1.4 0.3 1.6
v 1.4 0.4 1.6
v 1.5 0.3 1.6
v 1.5 0.4 1.6
v 1.6 0.3 1.6
v 1.6 0.4 1.6
v 1.7 0.3 1.6
v 1.7 0.4 1.6
v 1.9 0.1 1.6
v 1.9 0.3 1.6
v 1.9 1.1 1.6
v 1.9 1.2 1.6
v 1.9 2.3 1.6
v 1.9 2.4 1.6
v 1.9 3.1 1.6
v 1.9 3.2 1.6
v 1.9 3.5 1.6
v 1.9 3.6 1.6
v 2 0.1 1.6
v 2 0.3 1.6
v 2 1.1 1.6
v 2 1.2 1.6
v 2 2.3 1.6
v 2 2.4 1.6
v 2 3.1 1.6
v 2 3.2 1.6
v 2 3.5 1.6
v 2 3.6 1.6
v -1.6 0.1 1.5
v -1.6 0.2 1.5
v -1.5 0.2 1.5
v -1.5 0.3 1.5
v -1.4 0.2 1.5
v -1.4 0.3 1.5
v -1.3 0.2 1.5
v -1.3 0.3 1.5
v -1.2 0.1 1.5
v -1.2 0.2 1.5
v -1.2 0.3 1.5
v -1.1 0.1 1.5
v -1.1 0.2 1.5
v 0.6 0.2 1.5
v 0.6 0.3 1.5
v 0.7 0.2 1.5
v 0.7 0.3 1.5
v 0.9 0.3 1.5
v 0.9 0.4 1.5
v 1 0.2 1.5
v 1 0.3 1.5
v 1 0.4 1.5
v 1.1 0.2 1.5
v 1.1 0.3 1.5
v 1.1 0.4 1.5
v 1.3 0.3 1.5
v 1.3 0.4 1.5
v 1.5 0.1 1.5
v 1.5 0.2 1.5
v 1.6 0.1 1.5
v 1.6 0.2 1.5
v 1.8 0.1 1.5
v 1.8 0.2 1.5
v 1.9 0.1 1.5
v 1.9 0.2 1.5
v 1.9 3.7 1.5
v 1.9 3.8 1.5
v 2 3.7 1.5
v 2 3.8 1.5
v -1.6 0.2 1.4
v -1.6 0.3 1.4
v -1.5 0.2 1.4
v -1.5 0.3 1.4
v -1.4 0.2 1.4
v -1.4 0.3 1.4
v -1.3 0.2 1.4
v -1.3 0.3 1.4
v -0.0999999 0.1 1.4
v -0.0999999 0.2 1.4
v 0.1 0.1 1.4
v 0.1 0.2 1.4
v 0.7 0.3 1.4
v 0.7 0.4 1.4
v 0.8 0.3 1.4
v 0.9 0.3 1.4
v 0.9 0.4 1.4
v 1 0.3 1.4
v 1 0.4 1.4
v 1.1 0.3 1.4
v 1.1 0.4 1.4
v 1.3 0.1 1.4
v 1.3 0.2 1.4
v 1.4 0.1 1.4
v 1.4 0.2 1.4
v 1.5 0.2 1.4
v 1.5 0.3 1.4
v 1.5 0.4 1.4
v 1.6 0.2 1.4
v 1.6 0.3 1.4
v 1.7 0.3 1.4
v 1.7 0.4 1.4
v 1.9 2.1 1.4
v 1.9 2.2 1.4
v 1.9 2.5 1.4
v 1.9 2.6 1.4
v 1.9 2.8 1.4
v 1.9 2.9 1.4
v 2 2.1 1.4
v 2 2.2 1.4
v 2 2.5 1.4
v 2 2.6 1.4
v 2 2.8 1.4
v 2 2.9 1.4
v -1.8 0.1 1.3
v -1.8 0.2 1.3
v -1.6 0.1 1.3
v -1.6 0.2 1.3
v -1 3.9 1.3
v -1 4 1.3
v -0.9 3.9 1.3
v -0.9 4 1.3
v -0.2 0.1 1.3
v -0.2 0.2 1.3
v -0.0999999 0.1 1.3
v -0.0999999 0.2 1.3
v 0.9 0.2 1.3
v 0.9 0.3 1.3
v 0.9 0.4 1.3
v 1 0.2 1.3
v 1 0.3 1.3
v 1 0.4 1.3
v 1.4 0.3 1.3
v 1.4 0.4 1.3
v 1.5 0.3 1.3
v 1.5 0.4 1.3
v 1.7 0.1 1.3
v 1.7 0.2 1.3
v 1.7 0.3 1.3
v 1.9 0.1 1.3
v 1.9 0.2 1.3
v 1.9 0.3 1.3
v 1.9 1.6 1.3
v 1.9 1.7 1.3
v 1.9 3.5 1.3
v 1.9 3.6 1.3
v 2 1.6 1.3
v 2 1.7 1.3
v 2 3.5 1.3
v 2 3.6 1.3
v -1.9 0.1 1.2
v -1.9 0.2 1.2
v -1.8 0.1 1.2
v -1.8 0.2 1.2
v -0.3 0.1 1.2
v -0.3 0.2 1.2
v -0.2 0.1 1.2
v -0.2 0.2 1.2
v -0.0999999 0.2 1.2
v -0.0999999 0.3 1.2
v -0.0999999 3.9 1.2
v -0.0999999 4 1.2
v 2.38419e-07 0.3 1.2
v 2.38419e-07 0.4 1.2
v 2.38419e-07 3.9 1.2
v 2.38419e-07 4 1.2
v 0.1 0.2 1.2
v 0.1 0.3 1.2
v 0.1 0.4 1.2
v 1 0.2 1.2
v 1 0.3 1.2
v 1 0.4 1.2
v 1.2 0.2 1.2
v 1.2 0.3 1.2
v 1.4 0.3 1.2
v 1.4 0.4 1.2
v 1.5 0.1 1.2
v 1.5 0.2 1.2
v 1.6 0.1 1.2
v 1.6 0.2 1.2
v 1.9 1.3 1.2
v 1.9 1.4 1.2
v 1.9 1.8 1.2
v 1.9 1.9 1.2
v 1.9 3.7 1.2
v 1.9 3.8 1.2
v 2 1.3 1.2
v 2 1.4 1.2
v 2 1.8 1.2
v 2 1.9 1.2
v 2 3.7 1.2
v 2 3.8 1.2
v -0.9 0.3 1.1
v -0.9 0.4 1.1
v -0.8 0.3 1.1
v -0.8 0.4 1.1
v -0.4 0.1 1.1
v -0.4 0.2 1.1
v -0.3 0.1 1.1
v -0.3 0.2 1.1
v -0.2 0.2 1.1
v -0.2 0.3 1.1
v -0.0999999 0.2 1.1
v -0.0999999 0.3 1.1
v 0.5 0.1 1.1
v 0.5 0.2 1.1
v 0.6 0.1 1.1
v 0.6 0.2 1.1
v 0.6 0.3 1.1
v 0.7 0.2 1.1
v 0.7 0.3 1.1
v 1.6 0.2 1.1
v 1.6 0.3 1.1
v 1.7 0.2 1.1
v 1.7 0.3 1.1
v 1.9 0.2 1.1
v 1.9 0.3 1.1
v 1.9 3.1 1.1
v 1.9 3.2 1.1
v 2 0.2 1.1
v 2 0.3 1.1
v 2 3.1 1.1
v 2 3.2 1.1
v -1 0.3 1
v -1 0.4 1
v -0.9 0.1 1
v -0.9 0.3 1
v -0.9 0.4 1
v -0.9 0.5 1
v -0.8 0.1 1
v -0.8 0.3 1
v -0.8 0.4 1
v -0.8 0.5 1
v -0.8 3.9 1
v -0.8 4 1
v -0.7 0.3 1
v -0.7 0.4 1
v -0.7 3.9 1
v -0.7 4 1
v 0.3 0.1 1
v 0.3 0.2 1
v 0.5 0.1 1
v 0.5 0.2 1
v 0.5 0.3 1
v 0.6 0.2 1
v 0.6 0.3 1
v 1.2 0.1 1
v 1.2 0.2 1
v 1.3 0.1 1
v 1.3 0.2 1
v 1.3 0.3 1
v 1.3 0.4 1
v 1.4 0.2 1
v 1.4 0.3 1
v 1.6 0.2 1
v 1.6 0.3 1
v 1.6 0.4 1
v 1.9 0.9 1
v 1.9 1 1
v 1.9 2.6 1
v 1.9 2.7 1
v 1.9 2.8 1
v 1.9 2.9 1
v 2 0.9 1
v 2 1 1
v 2 2.6 1
v 2 2.7 1
v 2 2.8 1
v 2 2.9 1
v 1.6 0.1 0.9
v 1.6 0.2 0.9
v 1.9 0.1 0.9
v 1.9 0.2 0.9
v 1.9 3.4 0.9
v 1.9 3.5 0.9
v 2 3.4 0.9
v 2 3.5 0.9
v 0.4 3.9 0.8
v 0.4 4 0.8
v 0.5 3.9 0.8
v 0.5 4 0.8
v 1.9 1.7 0.8
v 1.9 1.8 0.8
v 1.9 2.3 0.8
v 1.9 2.4 0.8
v 1.9 3.5 0.8
v 1.9 3.6 0.8
v 2 1.7 0.8
v 2 1.8 0.8
v 2 2.3 0.8
v 2 2.4 0.8
v 2 3.5 0.8
v 2 3.6 0.8
v 1.9 2.4 0.7
v 1.9 2.5 0.7
v 1.9 3.7 0.7
v 1.9 3.8 0.7
v 2 2.4 0.7
v 2 2.5 0.7
v 2 3.7 0.7
v 2 3.8 0.7
v -1.1 3.9 0.6
v -1.1 4 0.6
v -1 3.9 0.6
v -1 4 0.6
v -0.9 3.9 0.6
v -0.9 4 0.6
v 0.9 0.3 0.6
v 0.9 0.5 0.6
v 1 0.3 0.6
v 1 0.5 0.6
v 1.9 2.9 0.6
v 1.9 3 0.6
v 1.9 3.1 0.6
v 1.9 3.2 0.6
v 2 2.9 0.6
v 2 3 0.6
v 2 3.1 0.6
v 2 3.2 0.6
v -1.6 3.9 0.5
v -1.6 4 0.5
v -1.5 3.9 0.5
v -1.5 4 0.5
v -0.0999999 0.1 0.5
v -0.0999999 0.2 0.5
v -0.0999999 1.3 0.5
v -0.0999999 1.8 0.5
v 2.38419e-07 0.1 0.5
v 2.38419e-07 0.2 0.5
v 2.38419e-07 1.3 0.5
v 2.38419e-07 1.8 0.5
v 0.8 0.3 0.5
v 0.8 0.5 0.5
v 0.9 0.1 0.5
v 0.9 0.3 0.5
v 0.9 0.5 0.5
v 0.9 0.6 0.5
v 1 0.1 0.5
v 1 0.3 0.5
v 1 0.5 0.5
v 1 0.6 0.5
v 1.1 0.3 0.5
v 1.1 0.5 0.5
v 1.1 3.9 0.5
v 1.1 4 0.5
v 1.2 3.9 0.5
v 1.2 4 0.5
v 1.9 2 0.5
v 1.9 2.1 0.5
v 2 2 0.5
v 2 2.1 0.5
v 1.9 1.7 0.4
v 1.9 1.8 0.4
v 1.9 3.5 0.4
v 1.9 3.6 0.4
v 2 1.7 0.4
v 2 1.8 0.4
v 2 3.5 0.4
v 2 3.6 0.4
v 1.9 2.3 0.3
v 1.9 2.4 0.3
v 1.9 2.7 0.3
v 1.9 2.8 0.3
v 2 2.3 0.3
v 2 2.4 0.3
v 2 2.7 0.3
v 2 2.8 0.3
v -0.5 3.9 0.2
v -0.5 4 0.2
v -0.4 3.9 0.2
v -0.4 4 0.2
v 1.9 3.7 0.2
v 1.9 3.8 0.2
v 2 3.7 0.2
v 2 3.8 0.2
v -1.7 0.1 0.0999999
v -1.7 0.2 0.0999999
v -1.4 0.1 0.0999999
v -1.4 0.2 0.0999999
v -0.8 3.9 0.0999999
v -0.8 4 0.0999999
v -0.7 3.9 0.0999999
v -0.7 4 0.0999999
v -0.3 1.8 0.0999999
v -0.3 1.9 0.0999999
v -0.2 0.6 0.0999999
v -0.2 0.9 0.0999999
v -0.2 1.1 0.0999999
v -0.2 1.5 0.0999999
v -0.2 1.7 0.0999999
v -0.2 1.8 0.0999999
v -0.2 1.9 0.0999999
v -0.2 2 0.0999999
v -0.0999999 0.2 0.0999999
v -0.0999999 0.6 0.0999999
v -0.0999999 0.9 0.0999999
v -0.0999999 1 0.0999999
v -0.0999999 1.3 0.0999999
v -0.0999999 1.4 0.0999999
v -0.0999999 2 0.0999999
v -0.0999999 2.2 0.0999999
v 2.38419e-07 0.2 0.0999999
v 2.38419e-07 0.6 0.0999999
v 2.38419e-07 0.9 0.0999999
v 2.38419e-07 1 0.0999999
v 2.38419e-07 1.3 0.0999999
v 2.38419e-07 1.4 0.0999999
v 2.38419e-07 1.7 0.0999999
v 2.38419e-07 1.8 0.0999999
v 2.38419e-07 1.9 0.0999999
v 2.38419e-07 2.2 0.0999999
v 0.1 0.6 0.0999999
v 0.1 0.9 0.0999999
v 0.1 1.1 0.0999999
v 0.1 1.5 0.0999999
v 0.1 1.8 0.0999999
v 0.1 1.9 0.0999999
v 0.3 3.9 0.0999999
v 0.3 4 0.0999999
v 0.4 3.9 0.0999999
v 0.4 4 0.0999999
v 1.9 3 0.0999999
v 1.9 3.1 0.0999999
v 1.9 3.3 0.0999999
v 1.9 3.4 0.0999999
v 2 3 0.0999999
v 2 3.1 0.0999999
v 2 3.3 0.0999999
v 2 3.4 0.0999999
v -1.7 0.2 -2.38419e-07
v -1.7 0.3 -2.38419e-07
v -1.5 0.2 -2.38419e-07
v -1.5 0.3 -2.38419e-07
v -1.4 0.1 -2.38419e-07
v -1.4 0.2 -2.38419e-07
v -1.3 0.1 -2.38419e-07
v -1.3 0.2 -2.38419e-07
v -0.3 1.7 -2.38419e-07
v -0.3 1.8 -2.38419e-07
v -0.3 1.9 -2.38419e-07
v -0.3 2 -2.38419e-07
v -0.2 0.5 -2.38419e-07
v -0.2 0.6 -2.38419e-07
v -0.2 0.9 -2.38419e-07
v -0.2 1 -2.38419e-07
v -0.2 1.7 -2.38419e-07
v -0.2 1.8 -2.38419e-07
v -0.2 1.9 -2.38419e-07
v -0.2 2 -2.38419e-07
v -0.0999999 0.5 -2.38419e-07
v -0.0999999 0.6 -2.38419e-07
v -0.0999999 0.9 -2.38419e-07
v -0.0999999 1 -2.38419e-07
v -0.0999999 1.1 -2.38419e-07
v -0.0999999 1.5 -2.38419e-07
v -0.0999999 1.7 -2.38419e-07
v 2.38419e-07 0.5 -2.38419e-07
v 2.38419e-07 0.6 -2.38419e-07
v 2.38419e-07 0.9 -2.38419e-07
v 2.38419e-07 1 -2.38419e-07
v 2.38419e-07 1.1 -2.38419e-07
v 2.38419e-07 1.5 -2.38419e-07
v 2.38419e-07 1.7 -2.38419e-07
v 2.38419e-07 1.8 -2.38419e-07
v 2.38419e-07 1.9 -2.38419e-07
v 2.38419e-07 2 -2.38419e-07
v 0.1 0.5 -2.38419e-07
v 0.1 0.6 -2.38419e-07
v 0.1 0.9 -2.38419e-07
v 0.1 1 -2.38419e-07
v 0.1 1.7 -2.38419e-07
v 0.1 1.8 -2.38419e-07
v 0.1 1.9 -2.38419e-07
v 0.1 2 -2.38419e-07
v 1.9 2.5 -2.38419e-07
v 1.9 2.6 -2.38419e-07
v 2 2.5 -2.38419e-07
v 2 2.6 -2.38419e-07
v -1.5 0.2 -0.1
v -1.5 0.3 -0.1
v -1.4 0.3 -0.1
v -1.4 0.4 -0.1
v -1.3 0.1 -0.1
v -1.3 0.2 -0.1
v -1.3 0.3 -0.1
v -1.3 0.4 -0.1
v -1.2 0.1 -0.1
v -1.2 0.2 -0.1
v -1 3.9 -0.2
v -1 4 -0.2
v -0.9 3.9 -0.2
v -0.9 4 -0.2
v -0.0999999 0.1 -0.2
v -0.0999999 0.5 -0.2
v -0.0999999 2 -0.2
v -0.0999999 2.2 -0.2
v 2.38419e-07 0.1 -0.2
v 2.38419e-07 0.5 -0.2
v 2.38419e-07 2 -0.2
v 2.38419e-07 2.2 -0.2
v 1.9 3.7 -0.2
v 1.9 3.8 -0.2
v 2 3.7 -0.2
v 2 3.8 -0.2
v 1.9 2.7 -0.3
v 1.9 2.8 -0.3
v 1.9 3.5 -0.3
v 1.9 3.7 -0.3
v 2 2.7 -0.3
v 2 2.8 -0.3
v 2 3.5 -0.3
v 2 3.7 -0.3
v 1.1 3.9 -0.4
v 1.1 4 -0.4
v 1.2 3.9 -0.4
v 1.2 4 -0.4
v 1.6 3.5 -0.4
v 1.6 3.7 -0.4
v 1.7 3.7 -0.4
v 1.7 3.8 -0.4
v 1.9 2.2 -0.4
v 1.9 2.3 -0.4
v 1.9 3 -0.4
v 1.9 3.1 -0.4
v 1.9 3.3 -0.4
v 1.9 3.4 -0.4
v 1.9 3.5 -0.4
v 1.9 3.7 -0.4
v 1.9 3.8 -0.4
v 2 2.2 -0.4
v 2 2.3 -0.4
v 2 3 -0.4
v 2 3.1 -0.4
v 2 3.3 -0.4
v 2 3.4 -0.4
v 2 3.5 -0.4
v 2 3.7 -0.4
v 2 3.8 -0.4
v -0.4 3.9 -0.5
v -0.4 4 -0.5
v -0.3 3.9 -0.5
v -0.3 4 -0.5
v -0.0999999 1 -0.5
v -0.0999999 1.3 -0.5
v 2.38419e-07 1 -0.5
v 2.38419e-07 1.3 -0.5
v 1.1 0.1 -0.5
v 1.1 0.2 -0.5
v 1.5 0.1 -0.5
v 1.5 0.2 -0.5
v 1.6 3.4 -0.5
v 1.6 3.5 -0.5
v 1.6 3.7 -0.5
v 1.6 3.8 -0.5
v 1.7 3.7 -0.5
v 1.7 3.8 -0.5
v 1.9 3.4 -0.5
v 1.9 3.5 -0.5
v 1.5 0.1 -0.6
v 1.5 0.2 -0.6
v 1.9 0.1 -0.6
v 1.9 0.2 -0.6
v 1.9 2.9 -0.6
v 1.9 3 -0.6
v 2 2.9 -0.6
v 2 3 -0.6
v 1.3 0.2 -0.7
v 1.3 0.3 -0.7
v 1.7 0.2 -0.7
v 1.7 0.3 -0.7
v 1.9 0.1 -0.7
v 1.9 0.2 -0.7
v 2 0.1 -0.7
v 2 0.2 -0.7
v -0.9 3.9 -0.8
v -0.9 4 -0.8
v -0.8 3.9 -0.8
v -0.8 4 -0.8
v 1.7 0.2 -0.8
v 1.7 0.3 -0.8
v 1.9 0.2 -0.8
v 1.9 0.3 -0.8
v 1.9 3 -0.8
v 1.9 3.1 -0.8
v 2 3 -0.8
v 2 3.1 -0.8
v -0.8 0.3 -0.9
v -0.8 0.4 -0.9
v -0.7 0.4 -0.9
v -0.7 0.5 -0.9
v -0.6 0.4 -0.9
v -0.6 0.5 -0.9
v -0.5 0.3 -0.9
v -0.5 0.4 -0.9
v 0.1 3.9 -0.9
v 0.1 4 -0.9
v 0.2 3.9 -0.9
v 0.2 4 -0.9
v 0.9 3.9 -0.9
v 0.9 4 -0.9
v 1 3.9 -0.9
v 1 4 -0.9
v 1.9 0.2 -0.9
v 1.9 0.3 -0.9
v 1.9 1.2 -0.9
v 1.9 1.3 -0.9
v 1.9 2.1 -0.9
v 1.9 2.2 -0.9
v 1.9 3.6 -0.9
v 1.9 3.7 -0.9
v 2 0.2 -0.9
v 2 0.3 -0.9
v 2 1.2 -0.9
v 2 1.3 -0.9
v 2 2.1 -0.9
v 2 2.2 -0.9
v 2 3.6 -0.9
v 2 3.7 -0.9
v -1.8 0.1 -1
v -1.8 0.2 -1
v -1.6 0.1 -1
v -1.6 0.2 -1
v -0.8 0.4 -1
v -0.8 0.5 -1
v -0.7 0.1 -1
v -0.7 0.3 -1
v -0.7 0.4 -1
v -0.7 0.5 -1
v -0.7 0.6 -1
v -0.6 0.1 -1
v -0.6 0.3 -1
v -0.6 0.4 -1
v -0.6 0.5 -1
v -0.6 0.6 -1
v -0.5 0.4 -1
v -0.5 0.5 -1
v 1.9 1.6 -1
v 1.9 1.7 -1
v 1.9 2.6 -1
v 1.9 2.7 -1
v 1.9 3.2 -1
v 1.9 3.3 -1
v 2 1.6 -1
v 2 1.7 -1
v 2 2.6 -1
v 2 2.7 -1
v 2 3.2 -1
v 2 3.3 -1
v 0.5 0.1 -1.1
v 0.5 0.2 -1.1
v 0.8 0.1 -1.1
v 0.8 0.2 -1.1
v 1.4 0.1 -1.1
v 1.4 0.2 -1.1
v 1.5 0.1 -1.1
v 1.5 0.2 -1.1
v 1.9 1 -1.1
v 1.9 1.1 -1.1
v 2 1 -1.1
v 2 1.1 -1.1
v -1.6 0.1 -1.2
v -1.6 0.2 -1.2
v -1.5 0.1 -1.2
v -1.5 0.2 -1.2
v -1.5 3.9 -1.2
v -1.5 4 -1.2
v -1.4 3.9 -1.2
v -1.4 4 -1.2
v -0.2 3.9 -1.2
v -0.2 4 -1.2
v -0.0999999 3.9 -1.2
v -0.0999999 4 -1.2
v 0.2 0.1 -1.2
v 0.2 0.2 -1.2
v 0.4 0.1 -1.2
v 0.4 0.2 -1.2
v 0.5 0.1 -1.2
v 0.5 0.2 -1.2
v 0.8 0.1 -1.2
v 0.8 0.2 -1.2
v 0.9 0.1 -1.2
v 0.9 0.2 -1.2
v 1.5 0.1 -1.2
v 1.5 0.2 -1.2
v 1.6 0.1 -1.2
v 1.6 0.2 -1.2
v 1.9 3.4 -1.2
v 1.9 3.5 -1.2
v 2 3.4 -1.2
v 2 3.5 -1.2
v -1.7 0.2 -1.3
v -1.7 0.3 -1.3
v -1.5 0.2 -1.3
v -1.5 0.3 -1.3
v 1.9 1.9 -1.3
v 1.9 2 -1.3
v 1.9 2.2 -1.3
v 1.9 2.3 -1.3
v 1.9 2.7 -1.3
v 1.9 2.8 -1.3
v 2 1.9 -1.3
v 2 2 -1.3
v 2 2.2 -1.3
v 2 2.3 -1.3
v 2 2.7 -1.3
v 2 2.8 -1.3
v -0.9 3.9 -1.4
v -0.9 4 -1.4
v -0.8 3.9 -1.4
v -0.8 4 -1.4
v 1.6 0.3 -1.4
v 1.6 0.5 -1.4
v 1.7 0.3 -1.4
v 1.7 0.5 -1.4
v 1.9 0.9 -1.4
v 1.9 1 -1.4
v 1.9 1.5 -1.4
v 1.9 1.6 -1.4
v 1.9 3 -1.4
v 1.9 3.1 -1.4
v 2 0.9 -1.4
v 2 1 -1.4
v 2 1.5 -1.4
v 2 1.6 -1.4
v 2 3 -1.4
v 2 3.1 -1.4
v -1.5 0.1 -1.5
v -1.5 0.2 -1.5
v -1 0.1 -1.5
v -1 0.2 -1.5
v -0.3 0.1 -1.5
v -0.3 0.2 -1.5
v 2.38419e-07 0.1 -1.5
v 2.38419e-07 0.2 -1.5
v 1.5 0.3 -1.5
v 1.5 0.5 -1.5
v 1.6 0.1 -1.5
v 1.6 0.3 -1.5
v 1.6 0.5 -1.5
v 1.6 0.6 -1.5
v 1.7 0.1 -1.5
v 1.7 0.3 -1.5
v 1.7 0.5 -1.5
v 1.7 0.6 -1.5
v 1.8 0.3 -1.5
v 1.8 0.5 -1.5
v 1.9 1.8 -1.5
v 1.9 1.9 -1.5
v 1.9 3.5 -1.5
v 1.9 3.6 -1.5
v 2 1.8 -1.5
v 2 1.9 -1.5
v 2 3.5 -1.5
v 2 3.6 -1.5
v -1.8 0.1 -1.6
v -1.8 0.2 -1.6
v -1.6 0.1 -1.6
v -1.6 0.2 -1.6
v -1.5 0.2 -1.6
v -1.5 0.3 -1.6
v -1.4 0.2 -1.6
v -1.4 0.3 -1.6
v -1 0.1 -1.6
v -1 0.2 -1.6
v -0.8 0.1 -1.6
v -0.8 0.2 -1.6
v 0.9 3.9 -1.6
v 0.9 4 -1.6
v 1 3.9 -1.6
v 1 4 -1.6
v 1.9 2.3 -1.6
v 1.9 2.4 -1.6
v 1.9 2.9 -1.6
v 1.9 3 -1.6
v 2 2.3 -1.6
v 2 2.4 -1.6
v 2 2.9 -1.6
v 2 3 -1.6
v -1.9 0.3 -1.7
v -1.9 0.4 -1.7
v -1.8 0.3 -1.7
v -1.8 0.4 -1.7
v -1.3 0.2 -1.7
v -1.3 0.3 -1.7
v -1.3 0.4 -1.7
v -1.3 0.5 -1.7
v -1.2 0.2 -1.7
v -1.2 0.3 -1.7
v -1.2 3.9 -1.7
v -1.2 4 -1.7
v -1.1 3.9 -1.7
v -1.1 4 -1.7
v -1 0.3 -1.7
v -1 0.4 -1.7
v -1 0.5 -1.7
v -0.9 0.2 -1.7
v -0.9 0.3 -1.7
v -0.9 0.4 -1.7
v -0.8 0.1 -1.7
v -0.8 0.2 -1.7
v -0.6 0.1 -1.7
v -0.6 0.2 -1.7
v -0.6 0.3 -1.7
v -0.6 0.4 -1.7
v -0.5 0.3 -1.7
v -0.5 0.4 -1.7
v -0.4 0.2 -1.7
v -0.4 0.3 -1.7
v -0.3 0.2 -1.7
v -0.3 0.3 -1.7
v 1.9 1.1 -1.7
v 1.9 1.2 -1.7
v 2 1.1 -1.7
v 2 1.2 -1.7
v -2 0.3 -1.8
v -2 0.4 -1.8
v -2 0.5 -1.8
v -1.9 0.3 -1.8
v -1.9 0.4 -1.8
v -1.9 0.5 -1.8
v -1.9 0.6 -1.8
v -1.8 0.5 -1.8
v -1.8 0.6 -1.8
v -1.7 0.4 -1.8
v -1.7 0.5 -1.8
v -1.6 0.2 -1.8
v -1.6 0.3 -1.8
v -1.6 0.4 -1.8
v -1.6 0.5 -1.8
v -1.4 0.1 -1.8
v -1.4 0.2 -1.8
v -1.4 0.3 -1.8
v -1.4 0.4 -1.8
v -1.4 0.5 -1.8
v -1.3 0.1 -1.8
v -1.3 0.2 -1.8
v -1.3 0.3 -1.8
v -1.3 0.4 -1.8
v -1.3 0.5 -1.8
v -1.2 0.2 -1.8
v -1.2 0.3 -1.8
v -1.1 0.2 -1.8
v -1 0.2 -1.8
v -1 0.3 -1.8
v -1 0.4 -1.8
v -1 0.5 -1.8
v -0.9 0.2 -1.8
v -0.9 0.3 -1.8
v -0.9 0.4 -1.8
v -0.9 0.5 -1.8
v -0.8 0.3 -1.8
v -0.8 0.4 -1.8
v -0.6 0.1 -1.8
v -0.6 0.2 -1.8
v -0.6 0.3 -1.8
v -0.6 0.4 -1.8
v -0.6 0.5 -1.8
v -0.5 0.1 -1.8
v -0.5 0.2 -1.8
v -0.5 0.3 -1.8
v -0.5 0.4 -1.8
v -0.4 0.1 -1.8
v -0.4 0.2 -1.8
v -0.4 0.3 -1.8
v -0.4 0.4 -1.8
v -0.3 0.2 -1.8
v -0.3 0.3 -1.8
v -0.3 0.4 -1.8
v -0.0999999 0.1 -1.8
v -0.0999999 0.2 -1.8
v 0.5 0.1 -1.8
v 0.5 0.2 -1.8
v 0.5 0.3 -1.8
v 0.5 0.4 -1.8
v 0.5 3.9 -1.8
v 0.5 4 -1.8
v 0.6 3.9 -1.8
v 0.6 4 -1.8
v 0.7 0.4 -1.8
v 0.7 0.5 -1.8
v 0.7 0.6 -1.8
v 0.8 0.3 -1.8
v 0.8 0.4 -1.8
v 1.4 0.1 -1.8
v 1.4 0.3 -1.8
v 1.4 0.5 -1.8
v 1.4 0.6 -1.8
v 1.7 0.4 -1.8
v 1.7 0.5 -1.8
v 1.9 1.7 -1.8
v 1.9 1.8 -1.8
v 2 1.7 -1.8
v 2 1.8 -1.8
v -2 0.1 -1.9
v -2 0.3 -1.9
v -2 0.5 -1.9
v -2 0.6 -1.9
v -1.9 0.3 -1.9
v -1.9 0.4 -1.9
v -1.9 0.5 -1.9
v -1.9 0.6 -1.9
v -1.8 0.1 -1.9
v -1.8 0.2 -1.9
v -1.8 0.3 -1.9
v -1.8 0.4 -1.9
v -1.8 0.5 -1.9
v -1.7 0.4 -1.9
v -1.7 0.5 -1.9
v -1.7 3 -1.9
v -1.7 3.1 -1.9
v -1.6 0.2 -1.9
v -1.6 0.3 -1.9
v -1.6 0.4 -1.9
v -1.6 0.5 -1.9
v -1.6 0.6 -1.9
v -1.6 1.3 -1.9
v -1.6 1.4 -1.9
v -1.6 1.6 -1.9
v -1.6 1.7 -1.9
v -1.6 3 -1.9
v -1.6 3.1 -1.9
v -1.6 3.7 -1.9
v -1.6 3.8 -1.9
v -1.5 1.3 -1.9
v -1.5 1.4 -1.9
v -1.5 1.6 -1.9
v -1.5 1.7 -1.9
v -1.5 3.7 -1.9
v -1.5 3.8 -1.9
v -1.4 0.2 -1.9
v -1.4 0.3 -1.9
v -1.4 0.4 -1.9
v -1.4 0.5 -1.9
v -1.4 2 -1.9
v -1.4 2.1 -1.9
v -1.3 0.2 -1.9
v -1.3 0.3 -1.9
v -1.3 0.4 -1.9
v -1.3 0.5 -1.9
v -1.3 0.6 -1.9
v -1.3 1 -1.9
v -1.3 1.1 -1.9
v -1.3 2 -1.9
v -1.3 2.1 -1.9
v -1.3 2.2 -1.9
v -1.3 2.3 -1.9
v -1.3 2.5 -1.9
v -1.3 2.6 -1.9
v -1.2 1 -1.9
v -1.2 1.1 -1.9
v -1.2 2.2 -1.9
v -1.2 2.3 -1.9
v -1.2 2.5 -1.9
v -1.2 2.6 -1.9
v -1.1 3 -1.9
v -1.1 3.1 -1.9
v -0.9 0.1 -1.9
v -0.9 0.2 -1.9
v -0.9 0.4 -1.9
v -0.9 0.5 -1.9
v -0.9 3 -1.9
v -0.9 3.1 -1.9
v -0.9 3.5 -1.9
v -0.9 3.6 -1.9
v -0.8 0.1 -1.9
v -0.8 0.2 -1.9
v -0.8 0.3 -1.9
v -0.8 0.4 -1.9
v -0.8 1.4 -1.9
v -0.8 1.5 -1.9
v -0.8 3.5 -1.9
v -0.8 3.6 -1.9
v -0.7 0.2 -1.9
v -0.7 0.3 -1.9
v -0.7 1.4 -1.9
v -0.7 1.5 -1.9
v -0.6 0.4 -1.9
v -0.6 0.5 -1.9
v -0.6 1.9 -1.9
v -0.6 2 -1.9
v -0.6 2.4 -1.9
v -0.6 2.5 -1.9
v -0.6 2.8 -1.9
v -0.6 2.9 -1.9
v -0.5 0.1 -1.9
v -0.5 0.2 -1.9
v -0.5 1.9 -1.9
v -0.5 2 -1.9
v -0.5 2.4 -1.9
v -0.5 2.5 -1.9
v -0.5 2.8 -1.9
v -0.5 2.9 -1.9
v -0.4 0.1 -1.9
v -0.4 0.2 -1.9
v -0.4 0.3 -1.9
v -0.4 0.4 -1.9
v -0.3 0.3 -1.9
v -0.3 0.4 -1.9
v -0.0999999 0.1 -1.9
v -0.0999999 0.2 -1.9
v -0.0999999 1.1 -1.9
v -0.0999999 1.2 -1.9
v -0.0999999 2.1 -1.9
v -0.0999999 2.2 -1.9
v 2.38419e-07 1.1 -1.9
v 2.38419e-07 1.2 -1.9
v 2.38419e-07 2.1 -1.9
v 2.38419e-07 2.2 -1.9
v 0.1 0.5 -1.9
v 0.1 0.6 -1.9
v 0.1 3.3 -1.9
v 0.1 3.4 -1.9
v 0.2 3.3 -1.9
v 0.2 3.4 -1.9
v 0.4 1.9 -1.9
v 0.4 2 -1.9
v 0.5 0.1 -1.9
v 0.5 0.2 -1.9
v 0.5 0.6 -1.9
v 0.5 0.7 -1.9
v 0.5 1.9 -1.9
v 0.5 2 -1.9
v 0.5 2.5 -1.9
v 0.5 2.6 -1.9
v 0.5 3.2 -1.9
v 0.5 3.3 -1.9
v 0.6 2.5 -1.9
v 0.6 2.6 -1.9
v 0.6 3.2 -1.9
v 0.6 3.3 -1.9
v 0.7 0.5 -1.9
v 0.7 0.6 -1.9
v 0.7 1.7 -1.9
v 0.7 1.8 -1.9
v 0.7 3.5 -1.9
v 0.7 3.6 -1.9
v 0.8 0.3 -1.9
v 0.8 0.4 -1.9
v 0.8 1.7 -1.9
v 0.8 1.8 -1.9
v 0.8 3.5 -1.9
v 0.8 3.6 -1.9
v 0.9 1.4 -1.9
v 0.9 1.5 -1.9
v 0.9 2.1 -1.9
v 0.9 2.2 -1.9
v 1 1 -1.9
v 1 1.1 -1.9
v 1 1.4 -1.9
v 1 1.5 -1.9
v 1 2.1 -1.9
v 1 2.2 -1.9
v 1.1 1 -1.9
v 1.1 1.1 -1.9
v 1.3 2.9 -1.9
v 1.3 3 -1.9
v 1.4 0.1 -1.9
v 1.4 0.3 -1.9
v 1.4 0.5 -1.9
v 1.4 0.6 -1.9
v 1.4 2.5 -1.9
v 1.4 2.6 -1.9
v 1.4 2.9 -1.9
v 1.4 3 -1.9
v 1.4 3.3 -1.9
v 1.4 3.4 -1.9
v 1.5 0.6 -1.9
v 1.5 0.7 -1.9
v 1.5 1.5 -1.9
v 1.5 1.6 -1.9
v 1.5 2.5 -1.9
v 1.5 2.6 -1.9
v 1.5 3.3 -1.9
v 1.5 3.4 -1.9
v 1.6 1.5 -1.9
v 1.6 1.6 -1.9
v 1.7 0.4 -1.9
v 1.7 0.5 -1.9
v 1.9 0.1 -1.9
v 1.9 0.2 -1.9
v 1.9 0.4 -1.9
v 1.9 0.5 -1.9
v 1.9 0.6 -1.9
v 2 0.2 -1.9
v 2 0.4 -1.9
v -2 0.5 1.9
v -2 0.6 1.9
v -1.9 0.5 1.9
v -1.9 0.6 1.9
v -1.9 1.8 1.9
v -1.9 1.9 1.9
v -1.9 2.5 1.9
v -1.9 2.6 1.9
v -1.8 1.8 1.9
v -1.8 1.9 1.9
v -1.8 2.5 1.9
v -1.8 2.6 1.9
v -1.7 3.4 1.9
v -1.7 3.5 1.9
v -1.6 0.6 1.9
v -1.6 0.7 1.9
v -1.6 0.9 1.9
v -1.6 1 1.9
v -1.6 1.4 1.9
v -1.6 1.5 1.9
v -1.6 2.1 1.9
v -1.6 2.3 1.9
v -1.6 2.9 1.9
v -1.6 3 1.9
v -1.6 3.4 1.9
v -1.6 3.5 1.9
v -1.6 3.6 1.9
v -1.6 3.7 1.9
v -1.5 0.6 1.9
v -1.5 0.7 1.9
v -1.5 0.9 1.9
v -1.5 1 1.9
v -1.5 1.4 1.9
v -1.5 1.5 1.9
v -1.5 2.1 1.9
v -1.5 2.3 1.9
v -1.5 2.6 1.9
v -1.5 2.7 1.9
v -1.5 2.9 1.9
v -1.5 3 1.9
v -1.5 3.6 1.9
v -1.5 3.7 1.9
v -1.4 2.6 1.9
v -1.4 2.7 1.9
v -1.1 1.7 1.9
v -1.1 1.8 1.9
v -1 1 1.9
v -1 1.1 1.9
v -1 1.7 1.9
v -1 1.8 1.9
v -1 3.4 1.9
v -1 3.5 1.9
v -0.9 1 1.9
v -0.9 1.1 1.9
v -0.9 3.4 1.9
v -0.9 3.5 1.9
v -0.6 3 1.9
v -0.6 3.1 1.9
v -0.5 0.5 1.9
v -0.5 0.6 1.9
v -0.5 3 1.9
v -0.5 3.1 1.9
v -0.4 0.5 1.9
v -0.4 0.6 1.9
v -0.3 2.6 1.9
v -0.3 2.7 1.9
v -0.2 2.3 1.9
v -0.2 2.4 1.9
v -0.2 2.6 1.9
v -0.2 2.7 1.9
v -0.0999999 2.3 1.9
v -0.0999999 2.4 1.9
v 2.38419e-07 0.7 1.9
v 2.38419e-07 0.8 1.9
v 2.38419e-07 1.2 1.9
v 2.38419e-07 1.3 1.9
v 2.38419e-07 1.9 1.9
v 2.38419e-07 2 1.9
v 0.1 0.7 1.9
v 0.1 0.8 1.9
v 0.1 1.2 1.9
v 0.1 1.3 1.9
v 0.1 1.9 1.9
v 0.1 2 1.9
v 0.1 3.3 1.9
v 0.1 3.4 1.9
v 0.2 3.3 1.9
v 0.2 3.4 1.9
v 0.7 0.3 1.9
v 0.7 0.4 1.9
v 0.7 2.8 1.9
v 0.7 2.9 1.9
v 0.8 0.3 1.9
v 0.8 0.4 1.9
v 0.8 2.4 1.9
v 0.8 2.5 1.9
v 0.8 2.8 1.9
v 0.8 2.9 1.9
v 0.9 2.4 1.9
v 0.9 2.5 1.9
v 1.2 0.9 1.9
v 1.2 1 1.9
v 1.2 1.5 1.9
v 1.2 1.6 1.9
v 1.3 0.9 1.9
v 1.3 1 1.9
v 1.3 1.5 1.9
v 1.3 1.6 1.9
v 1.5 0.2 1.9
v 1.5 0.3 1.9
v 1.6 0.2 1.9
v 1.6 0.3 1.9
v 1.7 0.2 1.9
v 1.7 0.3 1.9
v 1.9 0.2 1.9
v 1.9 0.3 1.9
v 0.4 0.2 1.8
v 0.4 0.3 1.8
v 0.5 0.3 1.8
v 0.5 0.4 1.8
v 0.6 0.2 1.8
v 0.6 0.3 1.8
v 0.7 0.3 1.8
v 0.7 0.4 1.8
v 1.1 0.2 1.8
v 1.1 0.3 1.8
v 1.2 0.2 1.8
v 1.2 0.3 1.8
v 1.8 0.1 1.8
v 1.8 0.2 1.8
v 1.9 0.1 1.8
v 1.9 0.2 1.8
v 1.9 3.4 1.8
v 1.9 3.5 1.8
v 2 3.4 1.8
v 2 3.5 1.8
v 0.2 0.1 1.7
v 0.2 0.2 1.7
v 0.3 0.1 1.7
v 0.3 0.2 1.7
v 0.6 0.2 1.7
v 0.6 0.3 1.7
v 0.7 0.2 1.7
v 0.7 0.3 1.7
v 0.8 0.2 1.7
v 0.8 0.3 1.7
v 0.9 0.2 1.7
v 0.9 0.3 1.7
v 1.9 0.5 1.7
v 1.9 0.6 1.7
v 1.9 1 1.7
v 1.9 1.1 1.7
v 1.9 1.9 1.7
v 1.9 2 1.7
v 1.9 3 1.7
v 1.9 3.1 1.7
v 1.9 3.7 1.7
v 1.9 3.8 1.7
v 2 0.5 1.7
v 2 0.6 1.7
v 2 1 1.7
v 2 1.1 1.7
v 2 1.9 1.7
v 2 2 1.7
v 2 3 1.7
v 2 3.1 1.7
v 2 3.7 1.7
v 2 3.8 1.7
v -0.9 3.9 1.6
v -0.9 4 1.6
v -0.8 3.9 1.6
v -0.8 4 1.6
v -0.7 3.9 1.6
v -0.7 4 1.6
v 0.3 0.1 1.6
v 0.3 0.2 1.6
v 0.5 0.1 1.6
v 0.5 0.2 1.6
v 1 0.2 1.6
v 1 0.3 1.6
v 1.1 0.2 1.6
v 1.1 0.3 1.6
v 1.3 0.3 1.6
v 1.3 0.4 1.6
v 1.4 0.3 1.6
v 1.4 0.4 1.6
v 1.5 0.1 1.6
v 1.5 0.3 1.6
v 1.6 0.1 1.6
v 1.6 0.3 1.6
v 1.7 0.1 1.6
v 1.7 0.2 1.6
v 1.8 0.1 1.6
v 1.8 0.2 1.6
v 1.9 1.6 1.6
v 1.9 1.7 1.6
v 1.9 2.7 1.6
v 1.9 2.8 1.6
v 2 1.6 1.6
v 2 1.7 1.6
v 2 2.7 1.6
v 2 2.8 1.6
v 0.2 3.9 1.5
v 0.2 4 1.5
v 0.3 3.9 1.5
v 0.3 4 1.5
v 0.5 0.1 1.5
v 0.5 0.2 1.5
v 0.6 0.1 1.5
v 0.6 0.2 1.5
v 1.3 0.1 1.5
v 1.3 0.2 1.5
v 1.4 0.1 1.5
v 1.4 0.2 1.5
v 1.6 0.3 1.5
v 1.6 0.4 1.5
v 1.7 0.3 1.5
v 1.7 0.4 1.5
v 1.9 1.1 1.5
v 1.9 1.2 1.5
v 1.9 2.3 1.5
v 1.9 2.4 1.5
v 1.9 3.1 1.5
v 1.9 3.2 1.5
v 1.9 3.5 1.5
v 1.9 3.6 1.5
v 2 1.1 1.5
v 2 1.2 1.5
v 2 2.3 1.5
v 2 2.4 1.5
v 2 3.1 1.5
v 2 3.2 1.5
v 2 3.5 1.5
v 2 3.6 1.5
v 0.9 0.2 1.4
v 0.9 0.3 1.4
v 0.9 0.4 1.4
v 1 0.2 1.4
v 1 0.3 1.4
v 1 0.4 1.4
v 1.1 0.2 1.4
v 1.1 0.3 1.4
v 1.1 0.4 1.4
v 1.2 0.2 1.4
v 1.2 0.3 1.4
v 1.3 0.3 1.4
v 1.3 0.4 1.4
v 1.4 0.3 1.4
v 1.4 0.4 1.4
v 1.5 0.3 1.4
v 1.5 0.4 1.4
v 1.8 0.1 1.4
v 1.8 0.2 1.4
v 1.9 0.1 1.4
v 1.9 0.2 1.4
v 1.9 3.7 1.4
v 1.9 3.8 1.4
v 2 3.7 1.4
v 2 3.8 1.4
v -1.6 0.2 1.3
v -1.6 0.3 1.3
v -1.5 0.2 1.3
v -1.4 0.2 1.3
v -1.4 0.3 1.3
v -1.2 0.1 1.3
v -1.2 0.2 1.3
v -1.2 0.3 1.3
v -1.1 0.1 1.3
v -1.1 0.2 1.3
v 0.6 0.2 1.3
v 0.6 0.3 1.3
v 0.7 0.2 1.3
v 0.7 0.3 1.3
v 0.7 0.4 1.3
v 0.9 0.3 1.3
v 0.9 0.4 1.3
v 1 0.2 1.3
v 1 0.3 1.3
v 1 0.4 1.3
v 1.1 0.2 1.3
v 1.1 0.3 1.3
v 1.1 0.4 1.3
v 1.5 0.1 1.3
v 1.5 0.3 1.3
v 1.5 0.4 1.3
v 1.6 0.1 1.3
v 1.6 0.3 1.3
v 1.7 0.3 1.3
v 1.7 0.4 1.3
v 1.9 0.2 1.3
v 1.9 0.3 1.3
v 1.9 2.1 1.3
v 1.9 2.2 1.3
v 1.9 2.5 1.3
v 1.9 2.6 1.3
v 1.9 2.8 1.3
v 1.9 2.9 1.3
v 2 0.2 1.3
v 2 0.3 1.3
v 2 2.1 1.3
v 2 2.2 1.3
v 2 2.5 1.3
v 2 2.6 1.3
v 2 2.8 1.3
v 2 2.9 1.3
v -1.4 0.1 1.2
v -1.4 0.2 1.2
v -1.2 0.1 1.2
v -1.2 0.2 1.2
v -1 3.9 1.2
v -1 4 1.2
v -0.9 3.9 1.2
v -0.9 4 1.2
v 1.4 0.2 1.2
v 1.4 0.3 1.2
v 1.4 0.4 1.2
v 1.5 0.2 1.2
v 1.5 0.3 1.2
v 1.5 0.4 1.2
v 1.6 0.2 1.2
v 1.6 0.3 1.2
v 1.7 0.2 1.2
v 1.7 0.3 1.2
v 1.8 0.2 1.2
v 1.8 0.3 1.2
v 1.9 0.2 1.2
v 1.9 0.3 1.2
v 1.9 1.6 1.2
v 1.9 1.7 1.2
v 1.9 3.5 1.2
v 1.9 3.6 1.2
v 2 1.6 1.2
v 2 1.7 1.2
v 2 3.5 1.2
v 2 3.6 1.2
v -1.9 0.1 1.1
v -1.9 0.2 1.1
v -1.7 0.1 1.1
v -1.7 0.2 1.1
v -0.0999999 0.2 1.1
v -0.0999999 0.3 1.1
v -0.0999999 3.9 1.1
v -0.0999999 4 1.1
v 2.38419e-07 0.2 1.1
v 2.38419e-07 0.3 1.1
v 2.38419e-07 0.4 1.1
v 2.38419e-07 3.9 1.1
v 2.38419e-07 4 1.1
v 0.1 0.3 1.1
v 0.1 0.4 1.1
v 0.9 0.3 1.1
v 0.9 0.4 1.1
v 1.2 0.1 1.1
v 1.2 0.2 1.1
v 1.3 0.1 1.1
v 1.3 0.2 1.1
v 1.4 0.3 1.1
v 1.4 0.4 1.1
v 1.9 1.3 1.1
v 1.9 1.4 1.1
v 1.9 1.8 1.1
v 1.9 1.9 1.1
v 1.9 3.7 1.1
v 1.9 3.8 1.1
v 2 1.3 1.1
v 2 1.4 1.1
v 2 1.8 1.1
v 2 1.9 1.1
v 2 3.7 1.1
v 2 3.8 1.1
v -1.7 0.1 1
v -1.7 0.2 1
v -1.4 0.1 1
v -1.4 0.2 1
v -0.4 0.1 1
v -0.4 0.2 1
v -0.2 0.2 1
v -0.2 0.3 1
v -0.0999999 0.1 1
v -0.0999999 0.2 1
v -0.0999999 0.3 1
v 2.38419e-07 0.1 1
v 2.38419e-07 0.2 1
v 2.38419e-07 0.3 1
v 0.1 0.2 1
v 0.1 0.3 1
v 0.6 0.2 1
v 0.6 0.3 1
v 0.7 0.2 1
v 0.8 0.2 1
v 0.8 0.3 1
v 0.9 0.2 1
v 0.9 0.3 1
v 1.1 0.2 1
v 1.1 0.3 1
v 1.6 0.1 1
v 1.6 0.2 1
v 1.6 0.3 1
v 1.8 0.1 1
v 1.8 0.2 1
v 1.8 0.3 1
v 1.9 0.1 1
v 1.9 0.2 1
v 1.9 0.3 1
v 1.9 3.1 1
v 1.9 3.2 1
v 2 0.2 1
v 2 0.3 1
v 2 3.1 1
v 2 3.2 1
v -1 0.3 0.9
v -1 0.4 0.9
v -0.9 0.1 0.9
v -0.9 0.3 0.9
v -0.9 0.4 0.9
v -0.9 0.5 0.9
v -0.8 0.1 0.9
v -0.8 0.3 0.9
v -0.8 0.4 0.9
v -0.8 0.5 0.9
v -0.8 3.9 0.9
v -0.8 4 0.9
v -0.7 0.3 0.9
v -0.7 0.4 0.9
v -0.7 3.9 0.9
v -0.7 4 0.9
v 2.38419e-07 0.1 0.9
v 2.38419e-07 0.2 0.9
v 0.1 0.1 0.9
v 0.1 0.2 0.9
v 0.4 0.1 0.9
v 0.4 0.2 0.9
v 0.5 0.2 0.9
v 0.5 0.3 0.9
v 0.6 0.2 0.9
v 0.6 0.3 0.9
v 0.7 0.1 0.9
v 0.7 0.2 0.9
v 0.8 0.1 0.9
v 0.8 0.2 0.9
v 0.8 0.3 0.9
v 0.9 0.1 0.9
v 0.9 0.2 0.9
v 0.9 0.3 0.9
v 1.3 0.3 0.9
v 1.3 0.4 0.9
v 1.4 0.1 0.9
v 1.4 0.2 0.9
v 1.4 0.3 0.9
v 1.6 0.1 0.9
v 1.6 0.2 0.9
v 1.6 0.3 0.9
v 1.6 0.4 0.9
v 1.9 0.9 0.9
v 1.9 1 0.9
v 1.9 2.6 0.9
v 1.9 2.7 0.9
v 1.9 2.8 0.9
v 1.9 2.9 0.9
v 2 0.9 0.9
v 2 1 0.9
v 2 2.6 0.9
v 2 2.7 0.9
v 2 2.8 0.9
v 2 2.9 0.9
v -0.9 0.3 0.8
v -0.9 0.4 0.8
v -0.8 0.3 0.8
v -0.8 0.4 0.8
v 0.3 0.1 0.8
v 0.3 0.2 0.8
v 0.4 0.1 0.8
v 0.4 0.2 0.8
v 0.9 0.1 0.8
v 0.9 0.2 0.8
v 1.1 0.2 0.8
v 1.1 0.3 0.8
v 1.4 0.1 0.8
v 1.4 0.2 0.8
v 1.4 0.3 0.8
v 1.6 0.1 0.8
v 1.6 0.2 0.8
v 1.9 3.4 0.8
v 1.9 3.5 0.8
v 2 0.1 0.8
v 2 0.2 0.8
v 2 3.4 0.8
v 2 3.5 0.8
v 0.4 3.9 0.7
v 0.4 4 0.7
v 0.5 3.9 0.7
v 0.5 4 0.7
v 1.9 1.7 0.7
v 1.9 1.8 0.7
v 1.9 2.3 0.7
v 1.9 2.4 0.7
v 1.9 3.5 0.7
v 1.9 3.6 0.7
v 2 1.7 0.7
v 2 1.8 0.7
v 2 2.3 0.7
v 2 2.4 0.7
v 2 3.5 0.7
v 2 3.6 0.7
v 1.9 2.4 0.6
v 1.9 2.5 0.6
v 1.9 3.7 0.6
v 1.9 3.8 0.6
v 2 2.4 0.6
v 2 2.5 0.6
v 2 3.7 0.6
v 2 3.8 0.6
v -1.1 3.9 0.5
v -1.1 4 0.5
v -1 3.9 0.5
v -1 4 0.5
v -0.9 3.9 0.5
v -0.9 4 0.5
v 1.9 2.9 0.5
v 1.9 3 0.5
v 1.9 3.1 0.5
v 1.9 3.2 0.5
v 2 2.9 0.5
v 2 3 0.5
v 2 3.1 0.5
v 2 3.2 0.5
v -1.6 3.9 0.4
v -1.6 4 0.4
v -1.5 3.9 0.4
v -1.5 4 0.4
v -0.0999999 1.4 0.4
v -0.0999999 1.8 0.4
v 2.38419e-07 1.4 0.4
v 2.38419e-07 1.8 0.4
v 0.8 0.3 0.4
v 0.8 0.5 0.4
v 0.9 0.1 0.4
v 0.9 0.3 0.4
v 0.9 0.5 0.4
v 0.9 0.6 0.4
v 1 0.1 0.4
v 1 0.3 0.4
v 1 0.5 0.4
v 1 0.6 0.4
v 1.1 0.3 0.4
v 1.1 0.5 0.4
v 1.1 3.9 0.4
v 1.1 4 0.4
v 1.2 3.9 0.4
v 1.2 4 0.4
v 1.9 2 0.4
v 1.9 2.1 0.4
v 2 2 0.4
v 2 2.1 0.4
v 0.9 0.3 0.3
v 0.9 0.5 0.3
v 1 0.3 0.3
v 1 0.5 0.3
v 1.9 1.7 0.3
v 1.9 1.8 0.3
v 1.9 3.5 0.3
v 1.9 3.6 0.3
v 2 1.7 0.3
v 2 1.8 0.3
v 2 3.5 0.3
v 2 3.6 0.3
v 1.9 2.3 0.2
v 1.9 2.4 0.2
v 1.9 2.7 0.2
v 1.9 2.8 0.2
v 2 2.3 0.2
v 2 2.4 0.2
v 2 2.7 0.2
v 2 2.8 0.2
v -0.5 3.9 0.0999999
v -0.5 4 0.0999999
v -0.4 3.9 0.0999999
v -0.4 4 0.0999999
v 1.9 3.7 0.0999999
v 1.9 3.8 0.0999999
v 2 3.7 0.0999999
v 2 3.8 0.0999999
v -0.8 3.9 -2.38419e-07
v -0.8 4 -2.38419e-07
v -0.7 3.9 -2.38419e-07
v -0.7 4 -2.38419e-07
v -0.0999999 0.1 -2.38419e-07
v -0.0999999 0.5 -2.38419e-07
v -0.0999999 2 -2.38419e-07
v -0.0999999 2.2 -2.38419e-07
v 2.38419e-07 0.1 -2.38419e-07
v 2.38419e-07 0.5 -2.38419e-07
v 2.38419e-07 2 -2.38419e-07
v 2.38419e-07 2.2 -2.38419e-07
v 0.3 3.9 -2.38419e-07
v 0.3 4 -2.38419e-07
v 0.4 3.9 -2.38419e-07
v 0.4 4 -2.38419e-07
v 1.9 3 -2.38419e-07
v 1.9 3.1 -2.38419e-07
v 1.9 3.3 -2.38419e-07
v 1.9 3.4 -2.38419e-07
v 2 3 -2.38419e-07
v 2 3.1 -2.38419e-07
v 2 3.3 -2.38419e-07
v 2 3.4 -2.38419e-07
v 1.9 2.5 -0.1
v 1.9 2.6 -0.1
v 2 2.5 -0.1
v 2 2.6 -0.1
v -1.7 0.2 -0.2
v -1.7 0.3 -0.2
v -1.6 0.2 -0.2
v -1.6 0.3 -0.2
v -1.4 0.3 -0.2
v -1.4 0.4 -0.2
v -1.3 0.3 -0.2
v -1.3 0.4 -0.2
v -0.3 1.7 -0.2
v -0.3 1.8 -0.2
v -0.3 1.9 -0.2
v -0.3 2 -0.2
v -0.2 0.5 -0.2
v -0.2 0.6 -0.2
v -0.2 0.9 -0.2
v -0.2 1 -0.2
v -0.2 1.7 -0.2
v -0.2 1.8 -0.2
v -0.2 1.9 -0.2
v -0.2 2 -0.2
v -0.0999999 0.5 -0.2
v -0.0999999 0.6 -0.2
v -0.0999999 0.9 -0.2
v -0.0999999 1 -0.2
v -0.0999999 1.1 -0.2
v -0.0999999 1.5 -0.2
v -0.0999999 1.7 -0.2
v 2.38419e-07 0.5 -0.2
v 2.38419e-07 0.6 -0.2
v 2.38419e-07 0.9 -0.2
v 2.38419e-07 1 -0.2
v 2.38419e-07 1.1 -0.2
v 2.38419e-07 1.5 -0.2
v 2.38419e-07 1.7 -0.2
v 2.38419e-07 1.8 -0.2
v 2.38419e-07 1.9 -0.2
v 2.38419e-07 2 -0.2
v 0.1 0.5 -0.2
v 0.1 0.6 -0.2
v 0.1 0.9 -0.2
v 0.1 1 -0.2
v 0.1 1.7 -0.2
v 0.1 1.8 -0.2
v 0.1 1.9 -0.2
v 0.1 2 -0.2
v -1.6 0.2 -0.3
v -1.6 0.3 -0.3
v -1.4 0.2 -0.3
v -1.4 0.3 -0.3
v -1.3 0.1 -0.3
v -1.3 0.2 -0.3
v -1.3 0.3 -0.3
v -1.2 0.1 -0.3
v -1.2 0.2 -0.3
v -1 3.9 -0.3
v -1 4 -0.3
v -0.9 3.9 -0.3
v -0.9 4 -0.3
v -0.3 1.8 -0.3
v -0.3 1.9 -0.3
v -0.2 0.6 -0.3
v -0.2 0.9 -0.3
v -0.2 1.1 -0.3
v -0.2 1.5 -0.3
v -0.2 1.7 -0.3
v -0.2 1.8 -0.3
v -0.2 1.9 -0.3
v -0.2 2 -0.3
v -0.0999999 0.2 -0.3
v -0.0999999 0.6 -0.3
v -0.0999999 0.9 -0.3
v -0.0999999 1 -0.3
v -0.0999999 1.3 -0.3
v -0.0999999 1.4 -0.3
v -0.0999999 2 -0.3
v -0.0999999 2.2 -0.3
v 2.38419e-07 0.2 -0.3
v 2.38419e-07 0.6 -0.3
v 2.38419e-07 0.9 -0.3
v 2.38419e-07 1 -0.3
v 2.38419e-07 1.3 -0.3
v 2.38419e-07 1.4 -0.3
v 2.38419e-07 1.7 -0.3
v 2.38419e-07 1.8 -0.3
v 2.38419e-07 1.9 -0.3
v 2.38419e-07 2.2 -0.3
v 0.1 0.6 -0.3
v 0.1 0.9 -0.3
v 0.1 1.1 -0.3
v 0.1 1.5 -0.3
v 0.1 1.8 -0.3
v 0.1 1.9 -0.3
v 1.9 3.7 -0.3
v 1.9 3.8 -0.3
v 2 3.7 -0.3
v 2 3.8 -0.3
v -1.7 0.1 -0.4
v -1.7 0.2 -0.4
v -1.6 0.1 -0.4
v -1.6 0.2 -0.4
v -1.5 0.1 -0.4
v -1.5 0.2 -0.4
v -1.4 0.1 -0.4
v -1.4 0.2 -0.4
v -1.3 0.1 -0.4
v -1.3 0.2 -0.4
v 1.9 2.7 -0.4
v 1.9 2.8 -0.4
v 2 2.7 -0.4
v 2 2.8 -0.4
v -1.5 0.1 -0.5
v -1.5 0.2 -0.5
v -1.4 0.1 -0.5
v -1.4 0.2 -0.5
v 1.1 3.9 -0.5
v 1.1 4 -0.5
v 1.2 3.9 -0.5
v 1.2 4 -0.5
v 1.9 2.2 -0.5
v 1.9 2.3 -0.5
v 1.9 3 -0.5
v 1.9 3.1 -0.5
v 1.9 3.3 -0.5
v 1.9 3.4 -0.5
v 2 2.2 -0.5
v 2 2.3 -0.5
v 2 3 -0.5
v 2 3.1 -0.5
v 2 3.3 -0.5
v 2 3.4 -0.5
v -0.4 3.9 -0.6
v -0.4 4 -0.6
v -0.3 3.9 -0.6
v -0.3 4 -0.6
v -0.0999999 1 -0.6
v -0.0999999 1.4 -0.6
v 2.38419e-07 1 -0.6
v 2.38419e-07 1.4 -0.6
v 1.6 3.4 -0.6
v 1.6 3.5 -0.6
v 1.6 3.7 -0.6
v 1.6 3.8 -0.6
v 1.7 3.7 -0.6
v 1.7 3.8 -0.6
v 1.9 3.4 -0.6
v 1.9 3.5 -0.6
v -0.0999999 0.1 -0.7
v -0.0999999 0.2 -0.7
v 2.38419e-07 0.1 -0.7
v 2.38419e-07 0.2 -0.7
v 1.1 0.1 -0.7
v 1.1 0.2 -0.7
v 1.2 0.1 -0.7
v 1.2 0.2 -0.7
v 1.6 3.5 -0.7
v 1.6 3.7 -0.7
v 1.7 3.7 -0.7
v 1.7 3.8 -0.7
v 1.9 2.9 -0.7
v 1.9 3 -0.7
v 1.9 3.4 -0.7
v 1.9 3.5 -0.7
v 1.9 3.7 -0.7
v 1.9 3.8 -0.7
v 2 2.9 -0.7
v 2 3 -0.7
v 2 3.4 -0.7
v 2 3.5 -0.7
v 2 3.7 -0.7
v 2 3.8 -0.7
v 1.2 0.1 -0.8
v 1.2 0.2 -0.8
v 1.3 0.1 -0.8
v 1.3 0.2 -0.8
v 1.9 3.5 -0.8
v 1.9 3.7 -0.8
v 2 3.5 -0.8
v 2 3.7 -0.8
v -0.9 3.9 -0.9
v -0.9 4 -0.9
v -0.8 3.9 -0.9
v -0.8 4 -0.9
v 1.3 0.2 -0.9
v 1.3 0.3 -0.9
v 1.4 0.1 -0.9
v 1.4 0.2 -0.9
v 1.5 0.1 -0.9
v 1.5 0.2 -0.9
v 1.5 0.3 -0.9
v 1.9 3 -0.9
v 1.9 3.1 -0.9
v 2 3 -0.9
v 2 3.1 -0.9
v 0.1 3.9 -1
v 0.1 4 -1
v 0.2 3.9 -1
v 0.2 4 -1
v 0.9 3.9 -1
v 0.9 4 -1
v 1 3.9 -1
v 1 4 -1
v 1.5 0.2 -1
v 1.5 0.3 -1
v 1.6 0.2 -1
v 1.6 0.3 -1
v 1.9 1.2 -1
v 1.9 1.3 -1
v 1.9 2.1 -1
v 1.9 2.2 -1
v 1.9 3.6 -1
v 1.9 3.7 -1
v 2 1.2 -1
v 2 1.3 -1
v 2 2.1 -1
v 2 2.2 -1
v 2 3.6 -1
v 2 3.7 -1
v -0.8 0.4 -1.1
v -0.8 0.5 -1.1
v -0.7 0.1 -1.1
v -0.7 0.3 -1.1
v -0.7 0.4 -1.1
v -0.7 0.5 -1.1
v -0.7 0.6 -1.1
v -0.6 0.1 -1.1
v -0.6 0.3 -1.1
v -0.6 0.4 -1.1
v -0.6 0.5 -1.1
v -0.6 0.6 -1.1
v -0.5 0.4 -1.1
v -0.5 0.5 -1.1
v 1.5 0.1 -1.1
v 1.5 0.2 -1.1
v 1.6 0.1 -1.1
v 1.6 0.2 -1.1
v 1.9 1.6 -1.1
v 1.9 1.7 -1.1
v 1.9 2.6 -1.1
v 1.9 2.7 -1.1
v 1.9 3.2 -1.1
v 1.9 3.3 -1.1
v 2 1.6 -1.1
v 2 1.7 -1.1
v 2 2.6 -1.1
v 2 2.7 -1.1
v 2 3.2 -1.1
v 2 3.3 -1.1
v -0.8 0.3 -1.2
v -0.8 0.4 -1.2
v -0.7 0.4 -1.2
v -0.7 0.5 -1.2
v -0.6 0.4 -1.2
v -0.6 0.5 -1.2
v -0.5 0.3 -1.2
v -0.5 0.4 -1.2
v 1.3 0.1 -1.2
v 1.3 0.2 -1.2
v 1.4 0.1 -1.2
v 1.4 0.2 -1.2
v 1.9 1 -1.2
v 1.9 1.1 -1.2
v 2 1 -1.2
v 2 1.1 -1.2
v -1.5 3.9 -1.3
v -1.5 4 -1.3
v -1.4 3.9 -1.3
v -1.4 4 -1.3
v -0.2 3.9 -1.3
v -0.2 4 -1.3
v -0.0999999 3.9 -1.3
v -0.0999999 4 -1.3
v 1.4 0.1 -1.3
v 1.4 0.2 -1.3
v 1.6 0.2 -1.3
v 1.6 0.3 -1.3
v 1.9 3.4 -1.3
v 1.9 3.5 -1.3
v 2 0.1 -1.3
v 2 0.2 -1.3
v 2 0.3 -1.3
v 2 3.4 -1.3
v 2 3.5 -1.3
v -1.8 0.1 -1.4
v -1.8 0.2 -1.4
v -1.7 0.1 -1.4
v -1.7 0.2 -1.4
v -1.7 0.3 -1.4
v -1.5 0.2 -1.4
v -1.5 0.3 -1.4
v 0.2 0.1 -1.4
v 0.2 0.2 -1.4
v 0.4 0.1 -1.4
v 0.4 0.2 -1.4
v 0.6 0.1 -1.4
v 0.6 0.2 -1.4
v 0.7 0.1 -1.4
v 0.7 0.2 -1.4
v 0.8 0.1 -1.4
v 0.8 0.2 -1.4
v 0.9 0.1 -1.4
v 0.9 0.2 -1.4
v 1.9 1.9 -1.4
v 1.9 2 -1.4
v 1.9 2.2 -1.4
v 1.9 2.3 -1.4
v 1.9 2.7 -1.4
v 1.9 2.8 -1.4
v 2 1.9 -1.4
v 2 2 -1.4
v 2 2.2 -1.4
v 2 2.3 -1.4
v 2 2.7 -1.4
v 2 2.8 -1.4
v -1.7 0.1 -1.5
v -1.7 0.2 -1.5
v -1.6 0.1 -1.5
v -1.6 0.2 -1.5
v -0.9 3.9 -1.5
v -0.9 4 -1.5
v -0.8 3.9 -1.5
v -0.8 4 -1.5
v 0.4 0.1 -1.5
v 0.4 0.2 -1.5
v 0.6 0.1 -1.5
v 0.6 0.2 -1.5
v 0.7 0.1 -1.5
v 0.7 0.2 -1.5
v 0.8 0.1 -1.5
v 0.8 0.2 -1.5
v 1.9 0.9 -1.5
v 1.9 1 -1.5
v 1.9 1.5 -1.5
v 1.9 1.6 -1.5
v 1.9 3 -1.5
v 1.9 3.1 -1.5
v 2 0.9 -1.5
v 2 1 -1.5
v 2 1.5 -1.5
v 2 1.6 -1.5
v 2 3 -1.5
v 2 3.1 -1.5
v 1.5 0.3 -1.6
v 1.5 0.5 -1.6
v 1.6 0.1 -1.6
v 1.6 0.3 -1.6
v 1.6 0.5 -1.6
v 1.6 0.6 -1.6
v 1.7 0.1 -1.6
v 1.7 0.3 -1.6
v 1.7 0.5 -1.6
v 1.7 0.6 -1.6
v 1.8 0.3 -1.6
v 1.8 0.5 -1.6
v 1.9 1.8 -1.6
v 1.9 1.9 -1.6
v 1.9 3.5 -1.6
v 1.9 3.6 -1.6
v 2 1.8 -1.6
v 2 1.9 -1.6
v 2 3.5 -1.6
v 2 3.6 -1.6
v -1.5 0.2 -1.7
v -1.5 0.3 -1.7
v -1.4 0.1 -1.7
v -1.4 0.2 -1.7
v -1.4 0.3 -1.7
v -1.3 0.1 -1.7
v -1.3 0.2 -1.7
v -0.3 0.1 -1.7
v -0.3 0.2 -1.7
v 2.38419e-07 0.1 -1.7
v 2.38419e-07 0.2 -1.7
v 0.9 3.9 -1.7
v 0.9 4 -1.7
v 1 3.9 -1.7
v 1 4 -1.7
v 1.6 0.3 -1.7
v 1.6 0.5 -1.7
v 1.7 0.3 -1.7
v 1.7 0.5 -1.7
v 1.9 2.3 -1.7
v 1.9 2.4 -1.7
v 1.9 2.9 -1.7
v 1.9 3 -1.7
v 2 2.3 -1.7
v 2 2.4 -1.7
v 2 2.9 -1.7
v 2 3 -1.7
v -1.2 3.9 -1.8
v -1.2 4 -1.8
v -1.1 3.9 -1.8
v -1.1 4 -1.8
v -0.9 0.1 -1.8
v -0.9 0.2 -1.8
v -0.9 0.3 -1.8
v -0.8 0.1 -1.8
v -0.8 0.2 -1.8
v -0.8 0.3 -1.8
v -0.7 0.2 -1.8
v -0.7 0.3 -1.8
v 1.9 1.1 -1.8
v 1.9 1.2 -1.8
v 2 1.1 -1.8
v 2 1.2 -1.8
v -0.4 0.1 -1.9
v -0.4 0.2 -1.9
v -0.3 0.1 -1.9
v -0.3 0.2 -1.9
v 0.5 3.9 -1.9
v 0.5 4 -1.9
v 0.6 3.9 -1.9
v 0.6 4 -1.9
v 1.1 0.5 -1.9
v 1.1 0.6 -1.9
v 1.3 0.5 -1.9
v 1.3 0.6 -1.9
v 1.9 1.7 -1.9
v 1.9 1.8 -1.9
v 2 1.7 -1.9
v 2 1.8 -1.9
v -2 0 -2
v -2 0.6 -2
v -1.8 0.5 -2
v -1.8 0.6 -2
v -1.7 3 -2
v -1.7 3.1 -2
v -1.6 0.5 -2
v -1.6 0.6 -2
v -1.6 1.3 -2
v -1.6 1.4 -2
v -1.6 1.6 -2
v -1.6 1.7 -2
v -1.6 3 -2
v -1.6 3.1 -2
v -1.6 3.7 -2
v -1.6 3.8 -2
v -1.5 1.3 -2
v -1.5 1.4 -2
v -1.5 1.6 -2
v -1.5 1.7 -2
v -1.5 3.7 -2
v -1.5 3.8 -2
v -1.4 2 -2
v -1.4 2.1 -2
v -1.3 0.5 -2
v -1.3 0.6 -2
v -1.3 1 -2
v -1.3 1.1 -2
v -1.3 2 -2
v -1.3 2.1 -2
v -1.3 2.2 -2
v -1.3 2.3 -2
v -1.3 2.5 -2
v -1.3 2.6 -2
v -1.2 1 -2
v -1.2 1.1 -2
v -1.2 2.2 -2
v -1.2 2.3 -2
v -1.2 2.5 -2
v -1.2 2.6 -2
v -1.1 3 -2
v -1.1 3.1 -2
v -0.9 3 -2
v -0.9 3.1 -2
v -0.9 3.5 -2
v -0.9 3.6 -2
v -0.8 1.4 -2
v -0.8 1.5 -2
v -0.8 3.5 -2
v -0.8 3.6 -2
v -0.7 1.4 -2
v -0.7 1.5 -2
v -0.6 1.9 -2
v -0.6 2 -2
v -0.6 2.4 -2
v -0.6 2.5 -2
v -0.6 2.8 -2
v -0.6 2.9 -2
v -0.5 1.9 -2
v -0.5 2 -2
v -0.5 2.4 -2
v -0.5 2.5 -2
v -0.5 2.8 -2
v -0.5 2.9 -2
v -0.4 0.1 -2
v -0.4 0.2 -2
v -0.3 0.1 -2
v -0.3 0.2 -2
v -0.0999999 1.1 -2
v -0.0999999 1.2 -2
v -0.0999999 2.1 -2
v -0.0999999 2.2 -2
v 2.38419e-07 1.1 -2
v 2.38419e-07 1.2 -2
v 2.38419e-07 2.1 -2
v 2.38419e-07 2.2 -2
v 0.1 0.5 -2
v 0.1 0.6 -2
v 0.1 3.3 -2
v 0.1 3.4 -2
v 0.2 3.3 -2
v 0.2 3.4 -2
v 0.4 1.9 -2
v 0.4 2 -2
v 0.5 0.6 -2
v 0.5 0.7 -2
v 0.5 1.9 -2
v 0.5 2 -2
v 0.5 2.5 -2
v 0.5 2.6 -2
v 0.5 3.2 -2
v 0.5 3.3 -2
v 0.6 2.5 -2
v 0.6 2.6 -2
v 0.6 3.2 -2
v 0.6 3.3 -2
v 0.7 1.7 -2
v 0.7 1.8 -2
v 0.7 3.5 -2
v 0.7 3.6 -2
v 0.8 1.7 -2
v 0.8 1.8 -2
v 0.8 3.5 -2
v 0.8 3.6 -2
v 0.9 1.4 -2
v 0.9 1.5 -2
v 0.9 2.1 -2
v 0.9 2.2 -2
v 1 1 -2
v 1 1.1 -2
v 1 1.4 -2
v 1 1.5 -2
v 1 2.1 -2
v 1 2.2 -2
v 1.1 0.5 -2
v 1.1 0.6 -2
v 1.1 1 -2
v 1.1 1.1 -2
v 1.3 0.5 -2
v 1.3 0.6 -2
v 1.3 2.9 -2
v 1.3 3 -2
v 1.4 2.5 -2
v 1.4 2.6 -2
v 1.4 2.9 -2
v 1.4 3 -2
v 1.4 3.3 -2
v 1.4 3.4 -2
v 1.5 0.6 -2
v 1.5 0.7 -2
v 1.5 1.5 -2
v 1.5 1.6 -2
v 1.5 2.5 -2
v 1.5 2.6 -2
v 1.5 3.3 -2
v 1.5 3.4 -2
v 1.6 1.5 -2
v 1.6 1.6 -2
v 1.9 0.1 -2
v 1.9 0.2 -2
v 1.9 0.4 -2
v 1.9 0.5 -2
v 1.9 0.6 -2
v 2 0 -2
v 2 0.1 -2
v 2 0.2 -2
v 2 0.4 -2
v -2 0 2
v 2 0 2
v -2 0 -2
v 2 0 -2
v 1.3 0.2 1.5
v 1.4 0.2 1.5
v 1.3 0.2 1.4
v 1.4 0.2 1.4
v 1.2 0.2 1.1
v 1.3 0.2 1.1
v 1.2 0.2 1
v 1.3 0.2 1
v -0.4 0.2 -1.7
v -0.3 0.2 -1.7
v -0.5 0.2 -1.8
v -0.4 0.2 -1.8
v -0.3 0.2 -1.8
v -0.0999999 0.2 -1.8
v 0.5 0.2 -1.8
v -0.5 0.2 -1.9
v -0.4 0.2 -1.9
v -0.3 0.2 -1.9
v -0.0999999 0.2 -1.9
v 0.5 0.2 -1.9
v 1.9 0.2 -1.9
v 2 0.2 -1.9
v -0.4 0.2 -2
v -0.3 0.2 -2
v 1.9 0.2 -2
v 2 0.2 -2
v -0.9 0.3 1.1
v -0.8 0.3 1.1
v -1 0.3 1
v -0.9 0.3 1
v -0.8 0.3 1
v -0.7 0.3 1
v -1 0.3 0.9
v -0.9 0.3 0.9
v -0.8 0.3 0.9
v -0.7 0.3 0.9
v -0.9 0.3 0.8
v -0.8 0.3 0.8
v 0.9 0.3 0.6
v 1 0.3 0.6
v 0.8 0.3 0.5
v 0.9 0.3 0.5
v 1 0.3 0.5
v 1.1 0.3 0.5
v 0.8 0.3 0.4
v 0.9 0.3 0.4
v 1 0.3 0.4
v 1.1 0.3 0.4
v 0.9 0.3 0.3
v 1 0.3 0.3
v -0.8 0.3 -0.9
v -0.5 0.3 -0.9
v -0.7 0.3 -1
v -0.6 0.3 -1
v -0.7 0.3 -1.1
v -0.6 0.3 -1.1
v -0.8 0.3 -1.2
v -0.5 0.3 -1.2
v 1.6 0.3 -1.4
v 1.7 0.3 -1.4
v 1.5 0.3 -1.5
v 1.6 0.3 -1.5
v 1.7 0.3 -1.5
v 1.8 0.3 -1.5
v 1.5 0.3 -1.6
v 1.6 0.3 -1.6
v 1.7 0.3 -1.6
v 1.8 0.3 -1.6
v -1.9 0.3 -1.7
v -1.8 0.3 -1.7
v -1 0.3 -1.7
v -0.9 0.3 -1.7
v -0.6 0.3 -1.7
v -0.5 0.3 -1.7
v 1.6 0.3 -1.7
v 1.7 0.3 -1.7
v -2 0.3 -1.8
v -1.9 0.3 -1.8
v -1.8 0.3 -1.8
v -1 0.3 -1.8
v -0.9 0.3 -1.8
v -0.8 0.3 -1.8
v -0.7 0.3 -1.8
v -0.6 0.3 -1.8
v -0.5 0.3 -1.8
v -2 0.3 -1.9
v -1.9 0.3 -1.9
v -1.8 0.3 -1.9
v -0.8 0.3 -1.9
v -0.7 0.3 -1.9
v -1.3 0.4 -1.7
v -1 0.4 -1.7
v -1.7 0.4 -1.8
v -1.6 0.4 -1.8
v -1.4 0.4 -1.8
v -1.3 0.4 -1.8
v -1 0.4 -1.8
v -0.4 0.4 -1.8
v -0.3 0.4 -1.8
v 0.8 0.4 -1.8
v 1.7 0.4 -1.8
v -1.7 0.4 -1.9
v -1.6 0.4 -1.9
v -1.4 0.4 -1.9
v -1.3 0.4 -1.9
v -0.4 0.4 -1.9
v -0.3 0.4 -1.9
v 0.8 0.4 -1.9
v 1.7 0.4 -1.9
v -2 0.5 2
v -1.9 0.5 2
v -0.5 0.5 2
v -0.4 0.5 2
v -2 0.5 1.9
v -1.9 0.5 1.9
v -0.5 0.5 1.9
v -0.4 0.5 1.9
v 1.9 0.5 1.8
v 2 0.5 1.8
v 1.9 0.5 1.7
v 2 0.5 1.7
v -0.2 0.5 -2.38419e-07
v -0.0999999 0.5 -2.38419e-07
v 2.38419e-07 0.5 -2.38419e-07
v 0.1 0.5 -2.38419e-07
v -0.2 0.5 -0.2
v -0.0999999 0.5 -0.2
v 2.38419e-07 0.5 -0.2
v 0.1 0.5 -0.2
v -1.9 0.5 -1.8
v -1.8 0.5 -1.8
v -1.9 0.5 -1.9
v -1.8 0.5 -1.9
v -1.6 0.6 2
v -1.5 0.6 2
v -1.6 0.6 1.9
v -1.5 0.6 1.9
v -0.2 0.6 0.0999999
v -0.0999999 0.6 0.0999999
v 2.38419e-07 0.6 0.0999999
v 0.1 0.6 0.0999999
v -0.2 0.6 -2.38419e-07
v -0.0999999 0.6 -2.38419e-07
v 2.38419e-07 0.6 -2.38419e-07
v 0.1 0.6 -2.38419e-07
v -0.2 0.6 -0.2
v -0.0999999 0.6 -0.2
v 2.38419e-07 0.6 -0.2
v 0.1 0.6 -0.2
v -0.2 0.6 -0.3
v -0.0999999 0.6 -0.3
v 2.38419e-07 0.6 -0.3
v 0.1 0.6 -0.3
v 1.1 0.6 -1.9
v 1.3 0.6 -1.9
v 1.1 0.6 -2
v 1.3 0.6 -2
v 2.38419e-07 0.7 2
v 0.1 0.7 2
v 2.38419e-07 0.7 1.9
v 0.1 0.7 1.9
v -1.6 0.9 2
v -1.5 0.9 2
v 1.2 0.9 2
v 1.3 0.9 2
v -1.6 0.9 1.9
v -1.5 0.9 1.9
v 1.2 0.9 1.9
v 1.3 0.9 1.9
v 1.9 0.9 1
v 2 0.9 1
v 1.9 0.9 0.9
v 2 0.9 0.9
v 1.9 0.9 -1.4
v 2 0.9 -1.4
v 1.9 0.9 -1.5
v 2 0.9 -1.5
v -1 1 2
v -0.9 1 2
v -1 1 1.9
v -0.9 1 1.9
v 1.9 1 1.8
v 2 1 1.8
v 1.9 1 1.7
v 2 1 1.7
v -0.0999999 1 -0.5
v 2.38419e-07 1 -0.5
v -0.0999999 1 -0.6
v 2.38419e-07 1 -0.6
v 1.9 1 -1.1
v 2 1 -1.1
v 1.9 1 -1.2
v 2 1 -1.2
v -1.3 1 -1.9
v -1.2 1 -1.9
v 1 1 -1.9
v 1.1 1 -1.9
v -1.3 1 -2
v -1.2 1 -2
v 1 1 -2
v 1.1 1 -2
v 1.9 1.1 1.6
v 2 1.1 1.6
v 1.9 1.1 1.5
v 2 1.1 1.5
v -0.2 1.1 0.0999999
v 0.1 1.1 0.0999999
v -0.0999999 1.1 -2.38419e-07
v 2.38419e-07 1.1 -2.38419e-07
v -0.0999999 1.1 -0.2
v 2.38419e-07 1.1 -0.2
v -0.2 1.1 -0.3
v 0.1 1.1 -0.3
v 1.9 1.1 -1.7
v 2 1.1 -1.7
v 1.9 1.1 -1.8
v 2 1.1 -1.8
v -0.0999999 1.1 -1.9
v 2.38419e-07 1.1 -1.9
v -0.0999999 1.1 -2
v 2.38419e-07 1.1 -2
v 2.38419e-07 1.2 2
v 0.1 1.2 2
v 2.38419e-07 1.2 1.9
v 0.1 1.2 1.9
v 1.9 1.2 -0.9
v 2 1.2 -0.9
v 1.9 1.2 -1
v 2 1.2 -1
v 1.9 1.3 1.2
v 2 1.3 1.2
v 1.9 1.3 1.1
v 2 1.3 1.1
v -0.0999999 1.3 0.5
v 2.38419e-07 1.3 0.5
v -0.0999999 1.3 0.0999999
v 2.38419e-07 1.3 0.0999999
v -0.0999999 1.3 -0.3
v 2.38419e-07 1.3 -0.3
v -0.0999999 1.3 -0.5
v 2.38419e-07 1.3 -0.5
v -1.6 1.3 -1.9
v -1.5 1.3 -1.9
v -1.6 1.3 -2
v -1.5 1.3 -2
v -1.6 1.4 2
v -1.5 1.4 2
v -1.6 1.4 1.9
v -1.5 1.4 1.9
v -0.8 1.4 -1.9
v -0.7 1.4 -1.9
v 0.9 1.4 -1.9
v 1 1.4 -1.9
v -0.8 1.4 -2
v -0.7 1.4 -2
v 0.9 1.4 -2
v 1 1.4 -2
v 1.2 1.5 2
v 1.3 1.5 2
v 1.2 1.5 1.9
v 1.3 1.5 1.9
v 1.9 1.5 -1.4
v 2 1.5 -1.4
v 1.9 1.5 -1.5
v 2 1.5 -1.5
v 1.5 1.5 -1.9
v 1.6 1.5 -1.9
v 1.5 1.5 -2
v 1.6 1.5 -2
v 1.9 1.6 1.7
v 2 1.6 1.7
v 1.9 1.6 1.6
v 2 1.6 1.6
v 1.9 1.6 1.3
v 2 1.6 1.3
v 1.9 1.6 1.2
v 2 1.6 1.2
v 1.9 1.6 -1
v 2 1.6 -1
v 1.9 1.6 -1.1
v 2 1.6 -1.1
v -1.6 1.6 -1.9
v -1.5 1.6 -1.9
v -1.6 1.6 -2
v -1.5 1.6 -2
v -1.1 1.7 2
v -1 1.7 2
v -1.1 1.7 1.9
v -1 1.7 1.9
v 1.9 1.7 0.8
v 2 1.7 0.8
v 1.9 1.7 0.7
v 2 1.7 0.7
v 1.9 1.7 0.4
v 2 1.7 0.4
v 1.9 1.7 0.3
v 2 1.7 0.3
v -0.2 1.7 0.0999999
v 2.38419e-07 1.7 0.0999999
v -0.3 1.7 -2.38419e-07
v -0.2 1.7 -2.38419e-07
v -0.0999999 1.7 -2.38419e-07
v 2.38419e-07 1.7 -2.38419e-07
v 0.1 1.7 -2.38419e-07
v -0.3 1.7 -0.2
v -0.2 1.7 -0.2
v -0.0999999 1.7 -0.2
v 2.38419e-07 1.7 -0.2
v 0.1 1.7 -0.2
v -0.2 1.7 -0.3
v 2.38419e-07 1.7 -0.3
v 1.9 1.7 -1.8
v 2 1.7 -1.8
v 0.7 1.7 -1.9
v 0.8 1.7 -1.9
v 1.9 1.7 -1.9
v 2 1.7 -1.9
v 0.7 1.7 -2
v 0.8 1.7 -2
v -1.9 1.8 2
v -1.8 1.8 2
v -1.9 1.8 1.9
v -1.8 1.8 1.9
v 1.9 1.8 1.2
v 2 1.8 1.2
v 1.9 1.8 1.1
v 2 1.8 1.1
v -0.3 1.8 0.0999999
v -0.2 1.8 0.0999999
v 2.38419e-07 1.8 0.0999999
v 0.1 1.8 0.0999999
v -0.3 1.8 -2.38419e-07
v -0.2 1.8 -2.38419e-07
v 2.38419e-07 1.8 -2.38419e-07
v 0.1 1.8 -2.38419e-07
v -0.3 1.8 -0.2
v -0.2 1.8 -0.2
v 2.38419e-07 1.8 -0.2
v 0.1 1.8 -0.2
v -0.3 1.8 -0.3
v -0.2 1.8 -0.3
v 2.38419e-07 1.8 -0.3
v 0.1 1.8 -0.3
v 1.9 1.8 -1.5
v 2 1.8 -1.5
v 1.9 1.8 -1.6
v 2 1.8 -1.6
v 2.38419e-07 1.9 2
v 0.1 1.9 2
v 2.38419e-07 1.9 1.9
v 0.1 1.9 1.9
v 1.9 1.9 1.8
v 2 1.9 1.8
v 1.9 1.9 1.7
v 2 1.9 1.7
v 1.9 1.9 -1.3
v 2 1.9 -1.3
v 1.9 1.9 -1.4
v 2 1.9 -1.4
v -0.6 1.9 -1.9
v -0.5 1.9 -1.9
v 0.4 1.9 -1.9
v 0.5 1.9 -1.9
v -0.6 1.9 -2
v -0.5 1.9 -2
v 0.4 1.9 -2
v 0.5 1.9 -2
v 1.9 2 0.5
v 2 2 0.5
v 1.9 2 0.4
v 2 2 0.4
v -1.4 2 -1.9
v -1.3 2 -1.9
v -1.4 2 -2
v -1.3 2 -2
v -1.6 2.1 2
v -1.5 2.1 2
v -1.6 2.1 1.9
v -1.5 2.1 1.9
v 1.9 2.1 1.4
v 2 2.1 1.4
v 1.9 2.1 1.3
v 2 2.1 1.3
v 1.9 2.1 -0.9
v 2 2.1 -0.9
v 1.9 2.1 -1
v 2 2.1 -1
v -0.0999999 2.1 -1.9
v 2.38419e-07 2.1 -1.9
v 0.9 2.1 -1.9
v 1 2.1 -1.9
v -0.0999999 2.1 -2
v 2.38419e-07 2.1 -2
v 0.9 2.1 -2
v 1 2.1 -2
v 1.9 2.2 -0.4
v 2 2.2 -0.4
v 1.9 2.2 -0.5
v 2 2.2 -0.5
v 1.9 2.2 -1.3
v 2 2.2 -1.3
v 1.9 2.2 -1.4
v 2 2.2 -1.4
v -1.3 2.2 -1.9
v -1.2 2.2 -1.9
v -1.3 2.2 -2
v -1.2 2.2 -2
v -0.2 2.3 2
v -0.0999999 2.3 2
v -0.2 2.3 1.9
v -0.0999999 2.3 1.9
v 1.9 2.3 1.6
v 2 2.3 1.6
v 1.9 2.3 1.5
v 2 2.3 1.5
v 1.9 2.3 0.8
v 2 2.3 0.8
v 1.9 2.3 0.7
v 2 2.3 0.7
v 1.9 2.3 0.3
v 2 2.3 0.3
v 1.9 2.3 0.2
v 2 2.3 0.2
v 1.9 2.3 -1.6
v 2 2.3 -1.6
v 1.9 2.3 -1.7
v 2 2.3 -1.7
v 0.8 2.4 2
v 0.9 2.4 2
v 0.8 2.4 1.9
v 0.9 2.4 1.9
v 1.9 2.4 0.7
v 2 2.4 0.7
v 1.9 2.4 0.6
v 2 2.4 0.6
v -0.6 2.4 -1.9
v -0.5 2.4 -1.9
v -0.6 2.4 -2
v -0.5 2.4 -2
v -1.9 2.5 2
v -1.8 2.5 2
v -1.9 2.5 1.9
v -1.8 2.5 1.9
v 1.9 2.5 1.4
v 2 2.5 1.4
v 1.9 2.5 1.3
v 2 2.5 1.3
v 1.9 2.5 -2.38419e-07
v 2 2.5 -2.38419e-07
v 1.9 2.5 -0.1
v 2 2.5 -0.1
v -1.3 2.5 -1.9
v -1.2 2.5 -1.9
v 0.5 2.5 -1.9
v 0.6 2.5 -1.9
v 1.4 2.5 -1.9
v 1.5 2.5 -1.9
v -1.3 2.5 -2
v -1.2 2.5 -2
v 0.5 2.5 -2
v 0.6 2.5 -2
v 1.4 2.5 -2
v 1.5 2.5 -2
v -1.5 2.6 2
v -1.4 2.6 2
v -0.3 2.6 2
v -0.2 2.6 2
v -1.5 2.6 1.9
v -1.4 2.6 1.9
v -0.3 2.6 1.9
v -0.2 2.6 1.9
v 1.9 2.6 1
v 2 2.6 1
v 1.9 2.6 0.9
v 2 2.6 0.9
v 1.9 2.6 -1
v 2 2.6 -1
v 1.9 2.6 -1.1
v 2 2.6 -1.1
v 1.9 2.7 1.7
v 2 2.7 1.7
v 1.9 2.7 1.6
v 2 2.7 1.6
v 1.9 2.7 0.3
v 2 2.7 0.3
v 1.9 2.7 0.2
v 2 2.7 0.2
v 1.9 2.7 -0.3
v 2 2.7 -0.3
v 1.9 2.7 -0.4
v 2 2.7 -0.4
v 1.9 2.7 -1.3
v 2 2.7 -1.3
v 1.9 2.7 -1.4
v 2 2.7 -1.4
v 0.7 2.8 2
v 0.8 2.8 2
v 0.7 2.8 1.9
v 0.8 2.8 1.9
v 1.9 2.8 1.4
v 2 2.8 1.4
v 1.9 2.8 1.3
v 2 2.8 1.3
v 1.9 2.8 1
v 2 2.8 1
v 1.9 2.8 0.9
v 2 2.8 0.9
v -0.6 2.8 -1.9
v -0.5 2.8 -1.9
v -0.6 2.8 -2
v -0.5 2.8 -2
v -1.6 2.9 2
v -1.5 2.9 2
v -1.6 2.9 1.9
v -1.5 2.9 1.9
v 1.9 2.9 0.6
v 2 2.9 0.6
v 1.9 2.9 0.5
v 2 2.9 0.5
v 1.9 2.9 -0.6
v 2 2.9 -0.6
v 1.9 2.9 -0.7
v 2 2.9 -0.7
v 1.9 2.9 -1.6
v 2 2.9 -1.6
v 1.9 2.9 -1.7
v 2 2.9 -1.7
v 1.3 2.9 -1.9
v 1.4 2.9 -1.9
v 1.3 2.9 -2
v 1.4 2.9 -2
v -0.6 3 2
v -0.5 3 2
v -0.6 3 1.9
v -0.5 3 1.9
v 1.9 3 1.8
v 2 3 1.8
v 1.9 3 1.7
v 2 3 1.7
v 1.9 3 0.0999999
v 2 3 0.0999999
v 1.9 3 -2.38419e-07
v 2 3 -2.38419e-07
v 1.9 3 -0.4
v 2 3 -0.4
v 1.9 3 -0.5
v 2 3 -0.5
v 1.9 3 -0.8
v 2 3 -0.8
v 1.9 3 -0.9
v 2 3 -0.9
v 1.9 3 -1.4
v 2 3 -1.4
v 1.9 3 -1.5
v 2 3 -1.5
v -1.7 3 -1.9
v -1.6 3 -1.9
v -1.1 3 -1.9
v -0.9 3 -1.9
v -1.7 3 -2
v -1.6 3 -2
v -1.1 3 -2
v -0.9 3 -2
v 1.9 3.1 1.6
v 2 3.1 1.6
v 1.9 3.1 1.5
v 2 3.1 1.5
v 1.9 3.1 1.1
v 2 3.1 1.1
v 1.9 3.1 1
v 2 3.1 1
v 1.9 3.1 0.6
v 2 3.1 0.6
v 1.9 3.1 0.5
v 2 3.1 0.5
v 1.9 3.2 -1
v 2 3.2 -1
v 1.9 3.2 -1.1
v 2 3.2 -1.1
v 0.5 3.2 -1.9
v 0.6 3.2 -1.9
v 0.5 3.2 -2
v 0.6 3.2 -2
v 0.1 3.3 2
v 0.2 3.3 2
v 0.1 3.3 1.9
v 0.2 3.3 1.9
v 1.9 3.3 0.0999999
v 2 3.3 0.0999999
v 1.9 3.3 -2.38419e-07
v 2 3.3 -2.38419e-07
v 1.9 3.3 -0.4
v 2 3.3 -0.4
v 1.9 3.3 -0.5
v 2 3.3 -0.5
v 0.1 3.3 -1.9
v 0.2 3.3 -1.9
v 1.4 3.3 -1.9
v 1.5 3.3 -1.9
v 0.1 3.3 -2
v 0.2 3.3 -2
v 1.4 3.3 -2
v 1.5 3.3 -2
v -1.7 3.4 2
v -1.6 3.4 2
v -1 3.4 2
v -0.9 3.4 2
v -1.7 3.4 1.9
v -1.6 3.4 1.9
v -1 3.4 1.9
v -0.9 3.4 1.9
v 1.9 3.4 1.9
v 2 3.4 1.9
v 1.9 3.4 1.8
v 2 3.4 1.8
v 1.9 3.4 0.9
v 2 3.4 0.9
v 1.9 3.4 0.8
v 2 3.4 0.8
v 1.6 3.4 -0.5
v 1.9 3.4 -0.5
v 2 3.4 -0.5
v 1.6 3.4 -0.6
v 1.9 3.4 -0.6
v 1.9 3.4 -0.7
v 2 3.4 -0.7
v 1.9 3.4 -1.2
v 2 3.4 -1.2
v 1.9 3.4 -1.3
v 2 3.4 -1.3
v 1.9 3.5 1.6
v 2 3.5 1.6
v 1.9 3.5 1.5
v 2 3.5 1.5
v 1.9 3.5 1.3
v 2 3.5 1.3
v 1.9 3.5 1.2
v 2 3.5 1.2
v 1.9 3.5 0.8
v 2 3.5 0.8
v 1.9 3.5 0.7
v 2 3.5 0.7
v 1.9 3.5 0.4
v 2 3.5 0.4
v 1.9 3.5 0.3
v 2 3.5 0.3
v 1.9 3.5 -0.3
v 2 3.5 -0.3
v 1.6 3.5 -0.4
v 1.9 3.5 -0.4
v 2 3.5 -0.4
v 1.6 3.5 -0.5
v 1.9 3.5 -0.5
v 1.6 3.5 -0.6
v 1.9 3.5 -0.6
v 1.6 3.5 -0.7
v 1.9 3.5 -0.7
v 2 3.5 -0.7
v 1.9 3.5 -0.8
v 2 3.5 -0.8
v 1.9 3.5 -1.5
v 2 3.5 -1.5
v 1.9 3.5 -1.6
v 2 3.5 -1.6
v -0.9 3.5 -1.9
v -0.8 3.5 -1.9
v 0.7 3.5 -1.9
v 0.8 3.5 -1.9
v -0.9 3.5 -2
v -0.8 3.5 -2
v 0.7 3.5 -2
v 0.8 3.5 -2
v -1.6 3.6 2
v -1.5 3.6 2
v -1.6 3.6 1.9
v -1.5 3.6 1.9
v 1.9 3.6 -0.9
v 2 3.6 -0.9
v 1.9 3.6 -1
v 2 3.6 -1
v 1.9 3.7 1.8
v 2 3.7 1.8
v 1.9 3.7 1.7
v 2 3.7 1.7
v 1.9 3.7 1.5
v 2 3.7 1.5
v 1.9 3.7 1.4
v 2 3.7 1.4
v 1.9 3.7 1.2
v 2 3.7 1.2
v 1.9 3.7 1.1
v 2 3.7 1.1
v 1.9 3.7 0.7
v 2 3.7 0.7
v 1.9 3.7 0.6
v 2 3.7 0.6
v 1.9 3.7 0.2
v 2 3.7 0.2
v 1.9 3.7 0.0999999
v 2 3.7 0.0999999
v 1.9 3.7 -0.2
v 2 3.7 -0.2
v 1.9 3.7 -0.3
v 2 3.7 -0.3
v -1.6 3.7 -1.9
v -1.5 3.7 -1.9
v -1.6 3.7 -2
v -1.5 3.7 -2
v -0.9 3.9 1.7
v -0.8 3.9 1.7
v -0.7 3.9 1.7
v -0.9 3.9 1.6
v -0.8 3.9 1.6
v -0.7 3.9 1.6
v 0.2 3.9 1.6
v 0.3 3.9 1.6
v 0.2 3.9 1.5
v 0.3 3.9 1.5
v -1 3.9 1.3
v -0.9 3.9 1.3
v -1 3.9 1.2
v -0.9 3.9 1.2
v -0.0999999 3.9 1.2
v 2.38419e-07 3.9 1.2
v -0.0999999 3.9 1.1
v 2.38419e-07 3.9 1.1
v -0.8 3.9 1
v -0.7 3.9 1
v -0.8 3.9 0.9
v -0.7 3.9 0.9
v 0.4 3.9 0.8
v 0.5 3.9 0.8
v 0.4 3.9 0.7
v 0.5 3.9 0.7
v -1.1 3.9 0.6
v -1 3.9 0.6
v -0.9 3.9 0.6
v -1.6 3.9 0.5
v -1.5 3.9 0.5
v -1.1 3.9 0.5
v -1 3.9 0.5
v -0.9 3.9 0.5
v 1.1 3.9 0.5
v 1.2 3.9 0.5
v -1.6 3.9 0.4
v -1.5 3.9 0.4
v 1.1 3.9 0.4
v 1.2 3.9 0.4
v -0.5 3.9 0.2
v -0.4 3.9 0.2
v -0.8 3.9 0.0999999
v -0.7 3.9 0.0999999
v -0.5 3.9 0.0999999
v -0.4 3.9 0.0999999
v 0.3 3.9 0.0999999
v 0.4 3.9 0.0999999
v -0.8 3.9 -2.38419e-07
v -0.7 3.9 -2.38419e-07
v 0.3 3.9 -2.38419e-07
v 0.4 3.9 -2.38419e-07
v -1 3.9 -0.2
v -0.9 3.9 -0.2
v -1 3.9 -0.3
v -0.9 3.9 -0.3
v 1.1 3.9 -0.4
v 1.2 3.9 -0.4
v -0.4 3.9 -0.5
v -0.3 3.9 -0.5
v 1.1 3.9 -0.5
v 1.2 3.9 -0.5
v -0.4 3.9 -0.6
v -0.3 3.9 -0.6
v -0.9 3.9 -0.8
v -0.8 3.9 -0.8
v -0.9 3.9 -0.9
v -0.8 3.9 -0.9
v 0.1 3.9 -0.9
v 0.2 3.9 -0.9
v 0.9 3.9 -0.9
v 1 3.9 -0.9
v 0.1 3.9 -1
v 0.2 3.9 -1
v 0.9 3.9 -1
v 1 3.9 -1
v -1.5 3.9 -1.2
v -1.4 3.9 -1.2
v -0.2 3.9 -1.2
v -0.0999999 3.9 -1.2
v -1.5 3.9 -1.3
v -1.4 3.9 -1.3
v -0.2 3.9 -1.3
v -0.0999999 3.9 -1.3
v -0.9 3.9 -1.4
v -0.8 3.9 -1.4
v -0.9 3.9 -1.5
v -0.8 3.9 -1.5
v 0.9 3.9 -1.6
v 1 3.9 -1.6
v -1.2 3.9 -1.7
v -1.1 3.9 -1.7
v 0.9 3.9 -1.7
v 1 3.9 -1.7
v -1.2 3.9 -1.8
v -1.1 3.9 -1.8
v 0.5 3.9 -1.8
v 0.6 3.9 -1.8
v 0.5 3.9 -1.9
v 0.6 3.9 -1.9
v -2 0.1 2
v 0.3 0.1 2
v 1.9 0.1 2
v 2 0.1 2
v 0.2 0.1 1.8
v 0.3 0.1 1.8
v 1.8 0.1 1.8
v 1.9 0.1 1.8
v 0.2 0.1 1.7
v 0.3 0.1 1.7
v 0.3 0.1 1.6
v 0.5 0.1 1.6
v 1.5 0.1 1.6
v 1.6 0.1 1.6
v 1.7 0.1 1.6
v 1.8 0.1 1.6
v 1.9 0.1 1.6
v 2 0.1 1.6
v -1.6 0.1 1.5
v -1.2 0.1 1.5
v -1.1 0.1 1.5
v 0.5 0.1 1.5
v 0.6 0.1 1.5
v 1.3 0.1 1.5
v 1.4 0.1 1.5
v 1.5 0.1 1.5
v 1.6 0.1 1.5
v 1.8 0.1 1.5
v 1.9 0.1 1.5
v -0.0999999 0.1 1.4
v 0.1 0.1 1.4
v 1.3 0.1 1.4
v 1.4 0.1 1.4
v 1.8 0.1 1.4
v 1.9 0.1 1.4
v -1.8 0.1 1.3
v -1.6 0.1 1.3
v -1.2 0.1 1.3
v -1.1 0.1 1.3
v -0.2 0.1 1.3
v -0.0999999 0.1 1.3
v 1.5 0.1 1.3
v 1.6 0.1 1.3
v 1.7 0.1 1.3
v 1.9 0.1 1.3
v -1.9 0.1 1.2
v -1.8 0.1 1.2
v -1.4 0.1 1.2
v -1.2 0.1 1.2
v -0.3 0.1 1.2
v -0.2 0.1 1.2
v 1.5 0.1 1.2
v 1.6 0.1 1.2
v -1.9 0.1 1.1
v -1.7 0.1 1.1
v -0.4 0.1 1.1
v -0.3 0.1 1.1
v 0.1 0.1 1.1
v 0.5 0.1 1.1
v 0.6 0.1 1.1
v 1.2 0.1 1.1
v 1.3 0.1 1.1
v -1.7 0.1 1
v -1.4 0.1 1
v -0.9 0.1 1
v -0.8 0.1 1
v -0.4 0.1 1
v -0.0999999 0.1 1
v 2.38419e-07 0.1 1
v 0.3 0.1 1
v 0.5 0.1 1
v 1.2 0.1 1
v 1.3 0.1 1
v 1.6 0.1 1
v 1.8 0.1 1
v 1.9 0.1 1
v -0.9 0.1 0.9
v -0.8 0.1 0.9
v 2.38419e-07 0.1 0.9
v 0.1 0.1 0.9
v 0.4 0.1 0.9
v 0.7 0.1 0.9
v 0.8 0.1 0.9
v 0.9 0.1 0.9
v 1.4 0.1 0.9
v 1.6 0.1 0.9
v 1.9 0.1 0.9
v 0.3 0.1 0.8
v 0.4 0.1 0.8
v 0.9 0.1 0.8
v 1.4 0.1 0.8
v 1.6 0.1 0.8
v 2 0.1 0.8
v -0.0999999 0.1 0.5
v 2.38419e-07 0.1 0.5
v 0.9 0.1 0.5
v 1 0.1 0.5
v 0.9 0.1 0.4
v 1 0.1 0.4
v -1.7 0.1 0.0999999
v -1.4 0.1 0.0999999
v -1.4 0.1 -2.38419e-07
v -1.3 0.1 -2.38419e-07
v -0.0999999 0.1 -2.38419e-07
v 2.38419e-07 0.1 -2.38419e-07
v -1.3 0.1 -0.1
v -1.2 0.1 -0.1
v -0.0999999 0.1 -0.2
v 2.38419e-07 0.1 -0.2
v -1.3 0.1 -0.3
v -1.2 0.1 -0.3
v -1.7 0.1 -0.4
v -1.6 0.1 -0.4
v -1.5 0.1 -0.4
v -1.4 0.1 -0.4
v -1.3 0.1 -0.4
v -1.5 0.1 -0.5
v -1.4 0.1 -0.5
v 1.1 0.1 -0.5
v 1.5 0.1 -0.5
v 1.5 0.1 -0.6
v 1.9 0.1 -0.6
v -0.0999999 0.1 -0.7
v 2.38419e-07 0.1 -0.7
v 1.1 0.1 -0.7
v 1.2 0.1 -0.7
v 1.9 0.1 -0.7
v 2 0.1 -0.7
v 1.2 0.1 -0.8
v 1.3 0.1 -0.8
v 1.4 0.1 -0.9
v 1.5 0.1 -0.9
v -1.8 0.1 -1
v -1.6 0.1 -1
v -0.7 0.1 -1
v -0.6 0.1 -1
v -0.7 0.1 -1.1
v -0.6 0.1 -1.1
v 0.5 0.1 -1.1
v 0.8 0.1 -1.1
v 1.4 0.1 -1.1
v 1.5 0.1 -1.1
v 1.6 0.1 -1.1
v -1.6 0.1 -1.2
v -1.5 0.1 -1.2
v 0.2 0.1 -1.2
v 0.4 0.1 -1.2
v 0.5 0.1 -1.2
v 0.8 0.1 -1.2
v 0.9 0.1 -1.2
v 1.3 0.1 -1.2
v 1.4 0.1 -1.2
v 1.5 0.1 -1.2
v 1.6 0.1 -1.2
v 1.4 0.1 -1.3
v 2 0.1 -1.3
v -1.8 0.1 -1.4
v -1.7 0.1 -1.4
v 0.2 0.1 -1.4
v 0.4 0.1 -1.4
v 0.6 0.1 -1.4
v 0.7 0.1 -1.4
v 0.8 0.1 -1.4
v 0.9 0.1 -1.4
v -1.7 0.1 -1.5
v -1.6 0.1 -1.5
v -1.5 0.1 -1.5
v -1 0.1 -1.5
v -0.3 0.1 -1.5
v 2.38419e-07 0.1 -1.5
v 0.4 0.1 -1.5
v 0.6 0.1 -1.5
v 0.7 0.1 -1.5
v 0.8 0.1 -1.5
v 1.6 0.1 -1.5
v 1.7 0.1 -1.5
v -1.8 0.1 -1.6
v -1.6 0.1 -1.6
v -1 0.1 -1.6
v -0.8 0.1 -1.6
v 1.6 0.1 -1.6
v 1.7 0.1 -1.6
v -1.4 0.1 -1.7
v -1.3 0.1 -1.7
v -0.8 0.1 -1.7
v -0.6 0.1 -1.7
v -0.3 0.1 -1.7
v 2.38419e-07 0.1 -1.7
v -1.8 0.1 -1.8
v -1.4 0.1 -1.8
v -1.3 0.1 -1.8
v -0.9 0.1 -1.8
v -0.8 0.1 -1.8
v -0.6 0.1 -1.8
v -0.5 0.1 -1.8
v -0.4 0.1 -1.8
v -0.0999999 0.1 -1.8
v 0.5 0.1 -1.8
v 1.4 0.1 -1.8
v -2 0.1 -1.9
v -1.8 0.1 -1.9
v -0.9 0.1 -1.9
v -0.8 0.1 -1.9
v -0.5 0.1 -1.9
v -0.4 0.1 -1.9
v -0.3 0.1 -1.9
v -0.0999999 0.1 -1.9
v 0.5 0.1 -1.9
v 1.4 0.1 -1.9
v 1.9 0.1 -1.9
v -0.4 0.1 -2
v -0.3 0.1 -2
v 1.9 0.1 -2
v 2 0.1 -2
v 0.3 0.2 2
v 0.6 0.2 2
v 0.8 0.2 2
v 0.9 0.2 2
v 1 0.2 2
v 0.4 0.2 1.9
v 0.6 0.2 1.9
v 0.8 0.2 1.9
v 0.9 0.2 1.9
v 1 0.2 1.9
v 1.5 0.2 1.9
v 1.6 0.2 1.9
v 1.7 0.2 1.9
v 1.9 0.2 1.9
v 0.2 0.2 1.8
v 0.3 0.2 1.8
v 0.4 0.2 1.8
v 0.6 0.2 1.8
v 1.1 0.2 1.8
v 1.2 0.2 1.8
v 1.5 0.2 1.8
v 1.6 0.2 1.8
v 1.8 0.2 1.8
v 1.9 0.2 1.8
v 0.2 0.2 1.7
v 0.3 0.2 1.7
v 0.6 0.2 1.7
v 0.7 0.2 1.7
v 0.8 0.2 1.7
v 0.9 0.2 1.7
v 1.1 0.2 1.7
v 1.2 0.2 1.7
v 1.7 0.2 1.7
v 0.3 0.2 1.6
v 0.5 0.2 1.6
v 0.7 0.2 1.6
v 0.8 0.2 1.6
v 0.9 0.2 1.6
v 1 0.2 1.6
v 1.1 0.2 1.6
v 1.7 0.2 1.6
v 1.8 0.2 1.6
v -1.6 0.2 1.5
v -1.5 0.2 1.5
v -1.4 0.2 1.5
v -1.3 0.2 1.5
v -1.2 0.2 1.5
v -1.1 0.2 1.5
v 0.5 0.2 1.5
v 0.6 0.2 1.5
v 0.7 0.2 1.5
v 1 0.2 1.5
v 1.1 0.2 1.5
v 1.5 0.2 1.5
v 1.6 0.2 1.5
v 1.8 0.2 1.5
v 1.9 0.2 1.5
v -1.6 0.2 1.4
v -1.5 0.2 1.4
v -1.4 0.2 1.4
v -1.3 0.2 1.4
v -0.0999999 0.2 1.4
v 0.1 0.2 1.4
v 0.9 0.2 1.4
v 1 0.2 1.4
v 1.1 0.2 1.4
v 1.2 0.2 1.4
v 1.5 0.2 1.4
v 1.6 0.2 1.4
v 1.8 0.2 1.4
v 1.9 0.2 1.4
v -1.8 0.2 1.3
v -1.6 0.2 1.3
v -1.5 0.2 1.3
v -1.4 0.2 1.3
v -1.2 0.2 1.3
v -1.1 0.2 1.3
v -0.2 0.2 1.3
v -0.0999999 0.2 1.3
v 0.6 0.2 1.3
v 0.7 0.2 1.3
v 0.9 0.2 1.3
v 1 0.2 1.3
v 1.1 0.2 1.3
v 1.9 0.2 1.3
v 2 0.2 1.3
v -1.9 0.2 1.2
v -1.8 0.2 1.2
v -1.5 0.2 1.2
v -1.4 0.2 1.2
v -1.2 0.2 1.2
v -0.3 0.2 1.2
v -0.2 0.2 1.2
v -0.0999999 0.2 1.2
v 0.1 0.2 1.2
v 1 0.2 1.2
v 1.2 0.2 1.2
v 1.4 0.2 1.2
v 1.5 0.2 1.2
v 1.6 0.2 1.2
v 1.7 0.2 1.2
v 1.8 0.2 1.2
v 1.9 0.2 1.2
v -1.9 0.2 1.1
v -1.7 0.2 1.1
v -0.4 0.2 1.1
v -0.3 0.2 1.1
v -0.2 0.2 1.1
v -0.0999999 0.2 1.1
v 2.38419e-07 0.2 1.1
v 0.5 0.2 1.1
v 0.6 0.2 1.1
v 0.7 0.2 1.1
v 1.4 0.2 1.1
v 1.6 0.2 1.1
v 1.7 0.2 1.1
v 1.9 0.2 1.1
v 2 0.2 1.1
v -1.7 0.2 1
v -1.4 0.2 1
v -0.4 0.2 1
v -0.2 0.2 1
v -0.0999999 0.2 1
v 2.38419e-07 0.2 1
v 0.1 0.2 1
v 0.3 0.2 1
v 0.5 0.2 1
v 0.6 0.2 1
v 0.7 0.2 1
v 0.8 0.2 1
v 0.9 0.2 1
v 1.1 0.2 1
v 1.4 0.2 1
v 1.6 0.2 1
v 1.8 0.2 1
v 1.9 0.2 1
v 2 0.2 1
v 2.38419e-07 0.2 0.9
v 0.1 0.2 0.9
v 0.4 0.2 0.9
v 0.5 0.2 0.9
v 0.6 0.2 0.9
v 0.7 0.2 0.9
v 0.8 0.2 0.9
v 0.9 0.2 0.9
v 1.6 0.2 0.9
v 1.9 0.2 0.9
v 0.3 0.2 0.8
v 0.4 0.2 0.8
v 0.9 0.2 0.8
v 1.1 0.2 0.8
v 1.6 0.2 0.8
v 2 0.2 0.8
v -0.0999999 0.2 0.5
v 2.38419e-07 0.2 0.5
v -1.7 0.2 0.0999999
v -1.4 0.2 0.0999999
v -0.0999999 0.2 0.0999999
v 2.38419e-07 0.2 0.0999999
v -1.7 0.2 -2.38419e-07
v -1.5 0.2 -2.38419e-07
v -1.4 0.2 -2.38419e-07
v -1.3 0.2 -2.38419e-07
v -1.5 0.2 -0.1
v -1.3 0.2 -0.1
v -1.2 0.2 -0.1
v -1.7 0.2 -0.2
v -1.6 0.2 -0.2
v -1.6 0.2 -0.3
v -1.4 0.2 -0.3
v -1.3 0.2 -0.3
v -1.2 0.2 -0.3
v -0.0999999 0.2 -0.3
v 2.38419e-07 0.2 -0.3
v -1.7 0.2 -0.4
v -1.6 0.2 -0.4
v -1.5 0.2 -0.4
v -1.4 0.2 -0.4
v -1.3 0.2 -0.4
v -1.5 0.2 -0.5
v -1.4 0.2 -0.5
v 1.1 0.2 -0.5
v 1.5 0.2 -0.5
v 1.5 0.2 -0.6
v 1.9 0.2 -0.6
v -0.0999999 0.2 -0.7
v 2.38419e-07 0.2 -0.7
v 1.1 0.2 -0.7
v 1.2 0.2 -0.7
v 1.3 0.2 -0.7
v 1.7 0.2 -0.7
v 1.9 0.2 -0.7
v 2 0.2 -0.7
v 1.2 0.2 -0.8
v 1.3 0.2 -0.8
v 1.7 0.2 -0.8
v 1.9 0.2 -0.8
v 1.3 0.2 -0.9
v 1.4 0.2 -0.9
v 1.9 0.2 -0.9
v 2 0.2 -0.9
v -1.8 0.2 -1
v -1.6 0.2 -1
v 1.5 0.2 -1
v 1.6 0.2 -1
v 0.5 0.2 -1.1
v 0.8 0.2 -1.1
v 1.4 0.2 -1.1
v 1.5 0.2 -1.1
v 1.6 0.2 -1.1
v -1.6 0.2 -1.2
v -1.5 0.2 -1.2
v 0.2 0.2 -1.2
v 0.4 0.2 -1.2
v 0.5 0.2 -1.2
v 0.7 0.2 -1.2
v 0.8 0.2 -1.2
v 0.9 0.2 -1.2
v 1.3 0.2 -1.2
v 1.4 0.2 -1.2
v 1.5 0.2 -1.2
v 1.6 0.2 -1.2
v -1.7 0.2 -1.3
v -1.5 0.2 -1.3
v 0.4 0.2 -1.3
v 0.5 0.2 -1.3
v 0.7 0.2 -1.3
v 0.8 0.2 -1.3
v 1.4 0.2 -1.3
v 1.6 0.2 -1.3
v -1.8 0.2 -1.4
v -1.7 0.2 -1.4
v -1.5 0.2 -1.4
v 0.2 0.2 -1.4
v 0.4 0.2 -1.4
v 0.6 0.2 -1.4
v 0.7 0.2 -1.4
v 0.8 0.2 -1.4
v 0.9 0.2 -1.4
v -1.7 0.2 -1.5
v -1.6 0.2 -1.5
v -1.5 0.2 -1.5
v -1 0.2 -1.5
v -0.3 0.2 -1.5
v 2.38419e-07 0.2 -1.5
v 0.4 0.2 -1.5
v 0.6 0.2 -1.5
v 0.7 0.2 -1.5
v 0.8 0.2 -1.5
v -1.8 0.2 -1.6
v -1.6 0.2 -1.6
v -1.5 0.2 -1.6
v -1.4 0.2 -1.6
v -1 0.2 -1.6
v -0.8 0.2 -1.6
v -1.5 0.2 -1.7
v -1.4 0.2 -1.7
v -1.3 0.2 -1.7
v -1.2 0.2 -1.7
v -1.1 0.2 -1.7
v -1 0.2 -1.7
v -0.9 0.2 -1.7
v -0.8 0.2 -1.7
v -0.3 0.2 -1.7
v 2.38419e-07 0.2 -1.7
v -1.8 0.2 -1.8
v -1.6 0.2 -1.8
v -1.4 0.2 -1.8
v -1.3 0.2 -1.8
v -1.2 0.2 -1.8
v -1.1 0.2 -1.8
v -1 0.2 -1.8
v -0.9 0.2 -1.8
v -0.8 0.2 -1.8
v -0.7 0.2 -1.8
v -1.8 0.2 -1.9
v -1.6 0.2 -1.9
v -1.4 0.2 -1.9
v -1.3 0.2 -1.9
v -0.8 0.2 -1.9
v -0.7 0.2 -1.9
v 1 0.3 2
v 1.9 0.3 2
v 0.4 0.3 1.9
v 0.5 0.3 1.9
v 0.7 0.3 1.9
v 0.8 0.3 1.9
v 1 0.3 1.9
v 1.5 0.3 1.9
v 1.6 0.3 1.9
v 1.7 0.3 1.9
v 1.9 0.3 1.9
v 0.4 0.3 1.8
v 0.5 0.3 1.8
v 0.6 0.3 1.8
v 0.7 0.3 1.8
v 1.1 0.3 1.8
v 1.2 0.3 1.8
v 1.5 0.3 1.8
v 1.6 0.3 1.8
v 0.6 0.3 1.7
v 0.7 0.3 1.7
v 0.8 0.3 1.7
v 0.9 0.3 1.7
v 1.1 0.3 1.7
v 1.2 0.3 1.7
v 1.3 0.3 1.7
v 1.4 0.3 1.7
v 1.5 0.3 1.7
v 1.7 0.3 1.7
v 0.7 0.3 1.6
v 0.8 0.3 1.6
v 0.9 0.3 1.6
v 1 0.3 1.6
v 1.1 0.3 1.6
v 1.3 0.3 1.6
v 1.4 0.3 1.6
v 1.5 0.3 1.6
v 1.6 0.3 1.6
v 1.7 0.3 1.6
v 1.9 0.3 1.6
v 2 0.3 1.6
v -1.5 0.3 1.5
v -1.4 0.3 1.5
v -1.3 0.3 1.5
v -1.2 0.3 1.5
v 0.6 0.3 1.5
v 0.7 0.3 1.5
v 0.8 0.3 1.5
v 0.9 0.3 1.5
v 1 0.3 1.5
v 1.1 0.3 1.5
v 1.3 0.3 1.5
v 1.6 0.3 1.5
v 1.7 0.3 1.5
v -1.6 0.3 1.4
v -1.5 0.3 1.4
v -1.4 0.3 1.4
v -1.3 0.3 1.4
v 0.7 0.3 1.4
v 0.8 0.3 1.4
v 0.9 0.3 1.4
v 1 0.3 1.4
v 1.1 0.3 1.4
v 1.2 0.3 1.4
v 1.3 0.3 1.4
v 1.4 0.3 1.4
v 1.5 0.3 1.4
v 1.6 0.3 1.4
v 1.7 0.3 1.4
v -1.6 0.3 1.3
v -1.4 0.3 1.3
v -1.2 0.3 1.3
v 0.6 0.3 1.3
v 0.7 0.3 1.3
v 0.9 0.3 1.3
v 1.4 0.3 1.3
v 1.5 0.3 1.3
v 1.6 0.3 1.3
v 1.7 0.3 1.3
v 1.9 0.3 1.3
v 2 0.3 1.3
v -0.0999999 0.3 1.2
v 2.38419e-07 0.3 1.2
v 1.2 0.3 1.2
v 1.4 0.3 1.2
v 1.6 0.3 1.2
v 1.7 0.3 1.2
v 1.8 0.3 1.2
v 1.9 0.3 1.2
v -0.2 0.3 1.1
v -0.0999999 0.3 1.1
v 2.38419e-07 0.3 1.1
v 0.1 0.3 1.1
v 0.6 0.3 1.1
v 0.7 0.3 1.1
v 0.9 0.3 1.1
v 1.4 0.3 1.1
v 1.6 0.3 1.1
v 1.7 0.3 1.1
v 1.9 0.3 1.1
v 2 0.3 1.1
v -0.2 0.3 1
v -0.0999999 0.3 1
v 2.38419e-07 0.3 1
v 0.1 0.3 1
v 0.5 0.3 1
v 0.6 0.3 1
v 0.8 0.3 1
v 0.9 0.3 1
v 1.1 0.3 1
v 1.3 0.3 1
v 1.4 0.3 1
v 1.6 0.3 1
v 1.8 0.3 1
v 1.9 0.3 1
v 2 0.3 1
v 0.5 0.3 0.9
v 0.6 0.3 0.9
v 0.8 0.3 0.9
v 0.9 0.3 0.9
v 1.3 0.3 0.9
v 1.4 0.3 0.9
v 1.1 0.3 0.8
v 1.4 0.3 0.8
v -1.7 0.3 -2.38419e-07
v -1.5 0.3 -2.38419e-07
v -1.5 0.3 -0.1
v -1.4 0.3 -0.1
v -1.7 0.3 -0.2
v -1.6 0.3 -0.2
v -1.5 0.3 -0.2
v -1.4 0.3 -0.2
v -1.3 0.3 -0.2
v -1.6 0.3 -0.3
v -1.4 0.3 -0.3
v -1.3 0.3 -0.3
v 1.3 0.3 -0.7
v 1.7 0.3 -0.7
v 1.7 0.3 -0.8
v 1.9 0.3 -0.8
v 1.3 0.3 -0.9
v 1.5 0.3 -0.9
v 1.9 0.3 -0.9
v 2 0.3 -0.9
v 1.5 0.3 -1
v 1.6 0.3 -1
v -1.7 0.3 -1.3
v -1.5 0.3 -1.3
v 1.6 0.3 -1.3
v 2 0.3 -1.3
v -1.7 0.3 -1.4
v -1.5 0.3 -1.4
v -1.5 0.3 -1.6
v -1.4 0.3 -1.6
v -1.5 0.3 -1.7
v -1.4 0.3 -1.7
v -1.3 0.3 -1.7
v -1.2 0.3 -1.7
v -0.9 0.3 -1.7
v -0.6 0.3 -1.7
v -0.4 0.3 -1.7
v -0.3 0.3 -1.7
v -1.6 0.3 -1.8
v -1.4 0.3 -1.8
v -1.3 0.3 -1.8
v -1.2 0.3 -1.8
v -0.9 0.3 -1.8
v -0.8 0.3 -1.8
v -0.6 0.3 -1.8
v -0.4 0.3 -1.8
v -0.3 0.3 -1.8
v 0.8 0.3 -1.8
v 1.4 0.3 -1.8
v -1.6 0.3 -1.9
v -1.4 0.3 -1.9
v -0.4 0.3 -1.9
v -0.3 0.3 -1.9
v 0.8 0.3 -1.9
v 1.4 0.3 -1.9
v 0.6 0.4 2
v 0.8 0.4 2
v 0.5 0.4 1.9
v 0.6 0.4 1.9
v 0.7 0.4 1.9
v 0.8 0.4 1.9
v 0.5 0.4 1.8
v 0.7 0.4 1.8
v 1.3 0.4 1.7
v 1.4 0.4 1.7
v 1.3 0.4 1.6
v 1.4 0.4 1.6
v 1.5 0.4 1.6
v 1.6 0.4 1.6
v 1.7 0.4 1.6
v 0.9 0.4 1.5
v 1 0.4 1.5
v 1.1 0.4 1.5
v 1.3 0.4 1.5
v 1.6 0.4 1.5
v 1.7 0.4 1.5
v 0.7 0.4 1.4
v 0.9 0.4 1.4
v 1 0.4 1.4
v 1.1 0.4 1.4
v 1.3 0.4 1.4
v 1.4 0.4 1.4
v 1.5 0.4 1.4
v 1.7 0.4 1.4
v 0.7 0.4 1.3
v 0.9 0.4 1.3
v 1 0.4 1.3
v 1.1 0.4 1.3
v 1.4 0.4 1.3
v 1.5 0.4 1.3
v 1.7 0.4 1.3
v 2.38419e-07 0.4 1.2
v 0.1 0.4 1.2
v 1 0.4 1.2
v 1.4 0.4 1.2
v 1.5 0.4 1.2
v -0.9 0.4 1.1
v -0.8 0.4 1.1
v 2.38419e-07 0.4 1.1
v 0.1 0.4 1.1
v 0.9 0.4 1.1
v 1.4 0.4 1.1
v -1 0.4 1
v -0.9 0.4 1
v -0.8 0.4 1
v -0.7 0.4 1
v 1.3 0.4 1
v 1.6 0.4 1
v -1 0.4 0.9
v -0.9 0.4 0.9
v -0.8 0.4 0.9
v -0.7 0.4 0.9
v 1.3 0.4 0.9
v 1.6 0.4 0.9
v -0.9 0.4 0.8
v -0.8 0.4 0.8
v -1.4 0.4 -0.1
v -1.3 0.4 -0.1
v -1.4 0.4 -0.2
v -1.3 0.4 -0.2
v -0.8 0.4 -0.9
v -0.7 0.4 -0.9
v -0.6 0.4 -0.9
v -0.5 0.4 -0.9
v -0.8 0.4 -1
v -0.7 0.4 -1
v -0.6 0.4 -1
v -0.5 0.4 -1
v -0.8 0.4 -1.1
v -0.7 0.4 -1.1
v -0.6 0.4 -1.1
v -0.5 0.4 -1.1
v -0.8 0.4 -1.2
v -0.7 0.4 -1.2
v -0.6 0.4 -1.2
v -0.5 0.4 -1.2
v -1.9 0.4 -1.7
v -1.8 0.4 -1.7
v -1 0.4 -1.7
v -0.9 0.4 -1.7
v -0.6 0.4 -1.7
v -0.5 0.4 -1.7
v -1.9 0.4 -1.8
v -1.8 0.4 -1.8
v -1 0.4 -1.8
v -0.9 0.4 -1.8
v -0.8 0.4 -1.8
v -0.6 0.4 -1.8
v -0.5 0.4 -1.8
v -1.9 0.4 -1.9
v -1.8 0.4 -1.9
v -0.8 0.4 -1.9
v -0.6 0.4 -1.9
v 1.9 0.4 -1.9
v 2 0.4 -1.9
v 1.9 0.4 -2
v 2 0.4 -2
v -0.9 0.5 1
v -0.8 0.5 1
v -0.9 0.5 0.9
v -0.8 0.5 0.9
v 0.9 0.5 0.6
v 1 0.5 0.6
v 0.8 0.5 0.5
v 0.9 0.5 0.5
v 1 0.5 0.5
v 1.1 0.5 0.5
v 0.8 0.5 0.4
v 0.9 0.5 0.4
v 1 0.5 0.4
v 1.1 0.5 0.4
v 0.9 0.5 0.3
v 1 0.5 0.3
v -0.7 0.5 -0.9
v -0.6 0.5 -0.9
v -0.8 0.5 -1
v -0.7 0.5 -1
v -0.6 0.5 -1
v -0.5 0.5 -1
v -0.8 0.5 -1.1
v -0.7 0.5 -1.1
v -0.6 0.5 -1.1
v -0.5 0.5 -1.1
v -0.7 0.5 -1.2
v -0.6 0.5 -1.2
v 1.6 0.5 -1.4
v 1.7 0.5 -1.4
v 1.5 0.5 -1.5
v 1.6 0.5 -1.5
v 1.7 0.5 -1.5
v 1.8 0.5 -1.5
v 1.5 0.5 -1.6
v 1.6 0.5 -1.6
v 1.7 0.5 -1.6
v 1.8 0.5 -1.6
v -1.3 0.5 -1.7
v -1 0.5 -1.7
v 1.6 0.5 -1.7
v 1.7 0.5 -1.7
v -2 0.5 -1.8
v -1.9 0.5 -1.8
v -1.7 0.5 -1.8
v -1.6 0.5 -1.8
v -1.4 0.5 -1.8
v -1.3 0.5 -1.8
v -1 0.5 -1.8
v -0.9 0.5 -1.8
v -0.6 0.5 -1.8
v 0.7 0.5 -1.8
v 1.4 0.5 -1.8
v 1.7 0.5 -1.8
v -2 0.5 -1.9
v -1.9 0.5 -1.9
v -1.8 0.5 -1.9
v -1.7 0.5 -1.9
v -1.6 0.5 -1.9
v -1.4 0.5 -1.9
v -1.3 0.5 -1.9
v -1 0.5 -1.9
v -0.9 0.5 -1.9
v -0.6 0.5 -1.9
v 0.1 0.5 -1.9
v 0.7 0.5 -1.9
v 1.1 0.5 -1.9
v 1.3 0.5 -1.9
v 1.4 0.5 -1.9
v 1.7 0.5 -1.9
v -1.8 0.5 -2
v -1.6 0.5 -2
v -1.3 0.5 -2
v 0.1 0.5 -2
v 1.1 0.5 -2
v 1.3 0.5 -2
v -2 0.6 2
v -1.9 0.6 2
v -0.5 0.6 2
v -0.4 0.6 2
v -2 0.6 1.9
v -1.9 0.6 1.9
v -0.5 0.6 1.9
v -0.4 0.6 1.9
v 1.9 0.6 1.8
v 2 0.6 1.8
v 1.9 0.6 1.7
v 2 0.6 1.7
v 0.9 0.6 0.5
v 1 0.6 0.5
v 0.9 0.6 0.4
v 1 0.6 0.4
v -0.7 0.6 -1
v -0.6 0.6 -1
v -0.7 0.6 -1.1
v -0.6 0.6 -1.1
v 1.6 0.6 -1.5
v 1.7 0.6 -1.5
v 1.6 0.6 -1.6
v 1.7 0.6 -1.6
v -1.9 0.6 -1.8
v -1.8 0.6 -1.8
v 0.7 0.6 -1.8
v 1.4 0.6 -1.8
v -2 0.6 -1.9
v -1.9 0.6 -1.9
v -1.8 0.6 -1.9
v -1.6 0.6 -1.9
v -1.3 0.6 -1.9
v 0.1 0.6 -1.9
v 0.5 0.6 -1.9
v 0.7 0.6 -1.9
v 1.4 0.6 -1.9
v 1.5 0.6 -1.9
v 1.9 0.6 -1.9
v -2 0.6 -2
v -1.8 0.6 -2
v -1.6 0.6 -2
v -1.3 0.6 -2
v 0.1 0.6 -2
v 0.5 0.6 -2
v 1.5 0.6 -2
v 1.9 0.6 -2
v -1.6 0.7 2
v -1.5 0.7 2
v -1.6 0.7 1.9
v -1.5 0.7 1.9
v 0.5 0.7 -1.9
v 1.5 0.7 -1.9
v 0.5 0.7 -2
v 1.5 0.7 -2
v 2.38419e-07 0.8 2
v 0.1 0.8 2
v 2.38419e-07 0.8 1.9
v 0.1 0.8 1.9
v -0.2 0.9 0.0999999
v -0.0999999 0.9 0.0999999
v 2.38419e-07 0.9 0.0999999
v 0.1 0.9 0.0999999
v -0.2 0.9 -2.38419e-07
v -0.0999999 0.9 -2.38419e-07
v 2.38419e-07 0.9 -2.38419e-07
v 0.1 0.9 -2.38419e-07
v -0.2 0.9 -0.2
v -0.0999999 0.9 -0.2
v 2.38419e-07 0.9 -0.2
v 0.1 0.9 -0.2
v -0.2 0.9 -0.3
v -0.0999999 0.9 -0.3
v 2.38419e-07 0.9 -0.3
v 0.1 0.9 -0.3
v -1.6 1 2
v -1.5 1 2
v 1.2 1 2
v 1.3 1 2
v -1.6 1 1.9
v -1.5 1 1.9
v 1.2 1 1.9
v 1.3 1 1.9
v 1.9 1 1
v 2 1 1
v 1.9 1 0.9
v 2 1 0.9
v -0.0999999 1 0.0999999
v 2.38419e-07 1 0.0999999
v -0.2 1 -2.38419e-07
v -0.0999999 1 -2.38419e-07
v 2.38419e-07 1 -2.38419e-07
v 0.1 1 -2.38419e-07
v -0.2 1 -0.2
v -0.0999999 1 -0.2
v 2.38419e-07 1 -0.2
v 0.1 1 -0.2
v -0.0999999 1 -0.3
v 2.38419e-07 1 -0.3
v 1.9 1 -1.4
v 2 1 -1.4
v 1.9 1 -1.5
v 2 1 -1.5
v -1 1.1 2
v -0.9 1.1 2
v -1 1.1 1.9
v -0.9 1.1 1.9
v 1.9 1.1 1.8
v 2 1.1 1.8
v 1.9 1.1 1.7
v 2 1.1 1.7
v 1.9 1.1 -1.1
v 2 1.1 -1.1
v 1.9 1.1 -1.2
v 2 1.1 -1.2
v -1.3 1.1 -1.9
v -1.2 1.1 -1.9
v 1 1.1 -1.9
v 1.1 1.1 -1.9
v -1.3 1.1 -2
v -1.2 1.1 -2
v 1 1.1 -2
v 1.1 1.1 -2
v 1.9 1.2 1.6
v 2 1.2 1.6
v 1.9 1.2 1.5
v 2 1.2 1.5
v 1.9 1.2 -1.7
v 2 1.2 -1.7
v 1.9 1.2 -1.8
v 2 1.2 -1.8
v -0.0999999 1.2 -1.9
v 2.38419e-07 1.2 -1.9
v -0.0999999 1.2 -2
v 2.38419e-07 1.2 -2
v 2.38419e-07 1.3 2
v 0.1 1.3 2
v 2.38419e-07 1.3 1.9
v 0.1 1.3 1.9
v 1.9 1.3 -0.9
v 2 1.3 -0.9
v 1.9 1.3 -1
v 2 1.3 -1
v 1.9 1.4 1.2
v 2 1.4 1.2
v 1.9 1.4 1.1
v 2 1.4 1.1
v -0.0999999 1.4 0.4
v 2.38419e-07 1.4 0.4
v -0.0999999 1.4 0.0999999
v 2.38419e-07 1.4 0.0999999
v -0.0999999 1.4 -0.3
v 2.38419e-07 1.4 -0.3
v -0.0999999 1.4 -0.6
v 2.38419e-07 1.4 -0.6
v -1.6 1.4 -1.9
v -1.5 1.4 -1.9
v -1.6 1.4 -2
v -1.5 1.4 -2
v -1.6 1.5 2
v -1.5 1.5 2
v -1.6 1.5 1.9
v -1.5 1.5 1.9
v -0.2 1.5 0.0999999
v 0.1 1.5 0.0999999
v -0.0999999 1.5 -2.38419e-07
v 2.38419e-07 1.5 -2.38419e-07
v -0.0999999 1.5 -0.2
v 2.38419e-07 1.5 -0.2
v -0.2 1.5 -0.3
v 0.1 1.5 -0.3
v -0.8 1.5 -1.9
v -0.7 1.5 -1.9
v 0.9 1.5 -1.9
v 1 1.5 -1.9
v -0.8 1.5 -2
v -0.7 1.5 -2
v 0.9 1.5 -2
v 1 1.5 -2
v 1.2 1.6 2
v 1.3 1.6 2
v 1.2 1.6 1.9
v 1.3 1.6 1.9
v 1.9 1.6 -1.4
v 2 1.6 -1.4
v 1.9 1.6 -1.5
v 2 1.6 -1.5
v 1.5 1.6 -1.9
v 1.6 1.6 -1.9
v 1.5 1.6 -2
v 1.6 1.6 -2
v 1.9 1.7 1.7
v 2 1.7 1.7
v 1.9 1.7 1.6
v 2 1.7 1.6
v 1.9 1.7 1.3
v 2 1.7 1.3
v 1.9 1.7 1.2
v 2 1.7 1.2
v 1.9 1.7 -1
v 2 1.7 -1
v 1.9 1.7 -1.1
v 2 1.7 -1.1
v -1.6 1.7 -1.9
v -1.5 1.7 -1.9
v -1.6 1.7 -2
v -1.5 1.7 -2
v -1.1 1.8 2
v -1 1.8 2
v -1.1 1.8 1.9
v -1 1.8 1.9
v 1.9 1.8 0.8
v 2 1.8 0.8
v 1.9 1.8 0.7
v 2 1.8 0.7
v -0.0999999 1.8 0.5
v 2.38419e-07 1.8 0.5
v -0.0999999 1.8 0.4
v 2.38419e-07 1.8 0.4
v 1.9 1.8 0.4
v 2 1.8 0.4
v 1.9 1.8 0.3
v 2 1.8 0.3
v 1.9 1.8 -1.8
v 2 1.8 -1.8
v 0.7 1.8 -1.9
v 0.8 1.8 -1.9
v 1.9 1.8 -1.9
v 2 1.8 -1.9
v 0.7 1.8 -2
v 0.8 1.8 -2
v -1.9 1.9 2
v -1.8 1.9 2
v -1.9 1.9 1.9
v -1.8 1.9 1.9
v 1.9 1.9 1.2
v 2 1.9 1.2
v 1.9 1.9 1.1
v 2 1.9 1.1
v -0.3 1.9 0.0999999
v -0.2 1.9 0.0999999
v 2.38419e-07 1.9 0.0999999
v 0.1 1.9 0.0999999
v -0.3 1.9 -2.38419e-07
v -0.2 1.9 -2.38419e-07
v 2.38419e-07 1.9 -2.38419e-07
v 0.1 1.9 -2.38419e-07
v -0.3 1.9 -0.2
v -0.2 1.9 -0.2
v 2.38419e-07 1.9 -0.2
v 0.1 1.9 -0.2
v -0.3 1.9 -0.3
v -0.2 1.9 -0.3
v 2.38419e-07 1.9 -0.3
v 0.1 1.9 -0.3
v 1.9 1.9 -1.5
v 2 1.9 -1.5
v 1.9 1.9 -1.6
v 2 1.9 -1.6
v 2.38419e-07 2 2
v 0.1 2 2
v 2.38419e-07 2 1.9
v 0.1 2 1.9
v 1.9 2 1.8
v 2 2 1.8
v 1.9 2 1.7
v 2 2 1.7
v -0.2 2 0.0999999
v -0.0999999 2 0.0999999
v -0.3 2 -2.38419e-07
v -0.2 2 -2.38419e-07
v -0.0999999 2 -2.38419e-07
v 2.38419e-07 2 -2.38419e-07
v 0.1 2 -2.38419e-07
v -0.3 2 -0.2
v -0.2 2 -0.2
v -0.0999999 2 -0.2
v 2.38419e-07 2 -0.2
v 0.1 2 -0.2
v -0.2 2 -0.3
v -0.0999999 2 -0.3
v 1.9 2 -1.3
v 2 2 -1.3
v 1.9 2 -1.4
v 2 2 -1.4
v -0.6 2 -1.9
v -0.5 2 -1.9
v 0.4 2 -1.9
v 0.5 2 -1.9
v -0.6 2 -2
v -0.5 2 -2
v 0.4 2 -2
v 0.5 2 -2
v 1.9 2.1 0.5
v 2 2.1 0.5
v 1.9 2.1 0.4
v 2 2.1 0.4
v -1.4 2.1 -1.9
v -1.3 2.1 -1.9
v -1.4 2.1 -2
v -1.3 2.1 -2
v 1.9 2.2 1.4
v 2 2.2 1.4
v 1.9 2.2 1.3
v 2 2.2 1.3
v -0.0999999 2.2 0.0999999
v 2.38419e-07 2.2 0.0999999
v -0.0999999 2.2 -2.38419e-07
v 2.38419e-07 2.2 -2.38419e-07
v -0.0999999 2.2 -0.2
v 2.38419e-07 2.2 -0.2
v -0.0999999 2.2 -0.3
v 2.38419e-07 2.2 -0.3
v 1.9 2.2 -0.9
v 2 2.2 -0.9
v 1.9 2.2 -1
v 2 2.2 -1
v -0.0999999 2.2 -1.9
v 2.38419e-07 2.2 -1.9
v 0.9 2.2 -1.9
v 1 2.2 -1.9
v -0.0999999 2.2 -2
v 2.38419e-07 2.2 -2
v 0.9 2.2 -2
v 1 2.2 -2
v -1.6 2.3 2
v -1.5 2.3 2
v -1.6 2.3 1.9
v -1.5 2.3 1.9
v 1.9 2.3 -0.4
v 2 2.3 -0.4
v 1.9 2.3 -0.5
v 2 2.3 -0.5
v 1.9 2.3 -1.3
v 2 2.3 -1.3
v 1.9 2.3 -1.4
v 2 2.3 -1.4
v -1.3 2.3 -1.9
v -1.2 2.3 -1.9
v -1.3 2.3 -2
v -1.2 2.3 -2
v -0.2 2.4 2
v -0.0999999 2.4 2
v -0.2 2.4 1.9
v -0.0999999 2.4 1.9
v 1.9 2.4 1.6
v 2 2.4 1.6
v 1.9 2.4 1.5
v 2 2.4 1.5
v 1.9 2.4 0.8
v 2 2.4 0.8
v 1.9 2.4 0.7
v 2 2.4 0.7
v 1.9 2.4 0.3
v 2 2.4 0.3
v 1.9 2.4 0.2
v 2 2.4 0.2
v 1.9 2.4 -1.6
v 2 2.4 -1.6
v 1.9 2.4 -1.7
v 2 2.4 -1.7
v 0.8 2.5 2
v 0.9 2.5 2
v 0.8 2.5 1.9
v 0.9 2.5 1.9
v 1.9 2.5 0.7
v 2 2.5 0.7
v 1.9 2.5 0.6
v 2 2.5 0.6
v -0.6 2.5 -1.9
v -0.5 2.5 -1.9
v -0.6 2.5 -2
v -0.5 2.5 -2
v -1.9 2.6 2
v -1.8 2.6 2
v -1.9 2.6 1.9
v -1.8 2.6 1.9
v 1.9 2.6 1.4
v 2 2.6 1.4
v 1.9 2.6 1.3
v 2 2.6 1.3
v 1.9 2.6 -2.38419e-07
v 2 2.6 -2.38419e-07
v 1.9 2.6 -0.1
v 2 2.6 -0.1
v -1.3 2.6 -1.9
v -1.2 2.6 -1.9
v 0.5 2.6 -1.9
v 0.6 2.6 -1.9
v 1.4 2.6 -1.9
v 1.5 2.6 -1.9
v -1.3 2.6 -2
v -1.2 2.6 -2
v 0.5 2.6 -2
v 0.6 2.6 -2
v 1.4 2.6 -2
v 1.5 2.6 -2
v -1.5 2.7 2
v -1.4 2.7 2
v -0.3 2.7 2
v -0.2 2.7 2
v -1.5 2.7 1.9
v -1.4 2.7 1.9
v -0.3 2.7 1.9
v -0.2 2.7 1.9
v 1.9 2.7 1
v 2 2.7 1
v 1.9 2.7 0.9
v 2 2.7 0.9
v 1.9 2.7 -1
v 2 2.7 -1
v 1.9 2.7 -1.1
v 2 2.7 -1.1
v 1.9 2.8 1.7
v 2 2.8 1.7
v 1.9 2.8 1.6
v 2 2.8 1.6
v 1.9 2.8 0.3
v 2 2.8 0.3
v 1.9 2.8 0.2
v 2 2.8 0.2
v 1.9 2.8 -0.3
v 2 2.8 -0.3
v 1.9 2.8 -0.4
v 2 2.8 -0.4
v 1.9 2.8 -1.3
v 2 2.8 -1.3
v 1.9 2.8 -1.4
v 2 2.8 -1.4
v 0.7 2.9 2
v 0.8 2.9 2
v 0.7 2.9 1.9
v 0.8 2.9 1.9
v 1.9 2.9 1.4
v 2 2.9 1.4
v 1.9 2.9 1.3
v 2 2.9 1.3
v 1.9 2.9 1
v 2 2.9 1
v 1.9 2.9 0.9
v 2 2.9 0.9
v -0.6 2.9 -1.9
v -0.5 2.9 -1.9
v -0.6 2.9 -2
v -0.5 2.9 -2
v -1.6 3 2
v -1.5 3 2
v -1.6 3 1.9
v -1.5 3 1.9
v 1.9 3 0.6
v 2 3 0.6
v 1.9 3 0.5
v 2 3 0.5
v 1.9 3 -0.6
v 2 3 -0.6
v 1.9 3 -0.7
v 2 3 -0.7
v 1.9 3 -1.6
v 2 3 -1.6
v 1.9 3 -1.7
v 2 3 -1.7
v 1.3 3 -1.9
v 1.4 3 -1.9
v 1.3 3 -2
v 1.4 3 -2
v -0.6 3.1 2
v -0.5 3.1 2
v -0.6 3.1 1.9
v -0.5 3.1 1.9
v 1.9 3.1 1.8
v 2 3.1 1.8
v 1.9 3.1 1.7
v 2 3.1 1.7
v 1.9 3.1 0.0999999
v 2 3.1 0.0999999
v 1.9 3.1 -2.38419e-07
v 2 3.1 -2.38419e-07
v 1.9 3.1 -0.4
v 2 3.1 -0.4
v 1.9 3.1 -0.5
v 2 3.1 -0.5
v 1.9 3.1 -0.8
v 2 3.1 -0.8
v 1.9 3.1 -0.9
v 2 3.1 -0.9
v 1.9 3.1 -1.4
v 2 3.1 -1.4
v 1.9 3.1 -1.5
v 2 3.1 -1.5
v -1.7 3.1 -1.9
v -1.6 3.1 -1.9
v -1.1 3.1 -1.9
v -0.9 3.1 -1.9
v -1.7 3.1 -2
v -1.6 3.1 -2
v -1.1 3.1 -2
v -0.9 3.1 -2
v 1.9 3.2 1.6
v 2 3.2 1.6
v 1.9 3.2 1.5
v 2 3.2 1.5
v 1.9 3.2 1.1
v 2 3.2 1.1
v 1.9 3.2 1
v 2 3.2 1
v 1.9 3.2 0.6
v 2 3.2 0.6
v 1.9 3.2 0.5
v 2 3.2 0.5
v 1.9 3.3 -1
v 2 3.3 -1
v 1.9 3.3 -1.1
v 2 3.3 -1.1
v 0.5 3.3 -1.9
v 0.6 3.3 -1.9
v 0.5 3.3 -2
v 0.6 3.3 -2
v 0.1 3.4 2
v 0.2 3.4 2
v 0.1 3.4 1.9
v 0.2 3.4 1.9
v 1.9 3.4 0.0999999
v 2 3.4 0.0999999
v 1.9 3.4 -2.38419e-07
v 2 3.4 -2.38419e-07
v 0.1 3.4 -1.9
v 0.2 3.4 -1.9
v 1.4 3.4 -1.9
v 1.5 3.4 -1.9
v 0.1 3.4 -2
v 0.2 3.4 -2
v 1.4 3.4 -2
v 1.5 3.4 -2
v -1.7 3.5 2
v -1.6 3.5 2
v -1 3.5 2
v -0.9 3.5 2
v -1.7 3.5 1.9
v -1.6 3.5 1.9
v -1 3.5 1.9
v -0.9 3.5 1.9
v 1.9 3.5 1.9
v 2 3.5 1.9
v 1.9 3.5 1.8
v 2 3.5 1.8
v 1.9 3.5 0.9
v 2 3.5 0.9
v 1.9 3.5 0.8
v 2 3.5 0.8
v 1.9 3.5 -1.2
v 2 3.5 -1.2
v 1.9 3.5 -1.3
v 2 3.5 -1.3
v 1.9 3.6 1.6
v 2 3.6 1.6
v 1.9 3.6 1.5
v 2 3.6 1.5
v 1.9 3.6 1.3
v 2 3.6 1.3
v 1.9 3.6 1.2
v 2 3.6 1.2
v 1.9 3.6 0.8
v 2 3.6 0.8
v 1.9 3.6 0.7
v 2 3.6 0.7
v 1.9 3.6 0.4
v 2 3.6 0.4
v 1.9 3.6 0.3
v 2 3.6 0.3
v 1.9 3.6 -1.5
v 2 3.6 -1.5
v 1.9 3.6 -1.6
v 2 3.6 -1.6
v -0.9 3.6 -1.9
v -0.8 3.6 -1.9
v 0.7 3.6 -1.9
v 0.8 3.6 -1.9
v -0.9 3.6 -2
v -0.8 3.6 -2
v 0.7 3.6 -2
v 0.8 3.6 -2
v -1.6 3.7 2
v -1.5 3.7 2
v -1.6 3.7 1.9
v -1.5 3.7 1.9
v 1.9 3.7 -0.3
v 2 3.7 -0.3
v 1.6 3.7 -0.4
v 1.7 3.7 -0.4
v 1.9 3.7 -0.4
v 2 3.7 -0.4
v 1.6 3.7 -0.5
v 1.7 3.7 -0.5
v 1.6 3.7 -0.6
v 1.7 3.7 -0.6
v 1.6 3.7 -0.7
v 1.7 3.7 -0.7
v 1.9 3.7 -0.7
v 2 3.7 -0.7
v 1.9 3.7 -0.8
v 2 3.7 -0.8
v 1.9 3.7 -0.9
v 2 3.7 -0.9
v 1.9 3.7 -1
v 2 3.7 -1
v 1.9 3.8 1.8
v 2 3.8 1.8
v 1.9 3.8 1.7
v 2 3.8 1.7
v 1.9 3.8 1.5
v 2 3.8 1.5
v 1.9 3.8 1.4
v 2 3.8 1.4
v 1.9 3.8 1.2
v 2 3.8 1.2
v 1.9 3.8 1.1
v 2 3.8 1.1
v 1.9 3.8 0.7
v 2 3.8 0.7
v 1.9 3.8 0.6
v 2 3.8 0.6
v 1.9 3.8 0.2
v 2 3.8 0.2
v 1.9 3.8 0.0999999
v 2 3.8 0.0999999
v 1.9 3.8 -0.2
v 2 3.8 -0.2
v 1.9 3.8 -0.3
v 2 3.8 -0.3
v 1.7 3.8 -0.4
v 1.9 3.8 -0.4
v 2 3.8 -0.4
v 1.6 3.8 -0.5
v 1.7 3.8 -0.5
v 1.6 3.8 -0.6
v 1.7 3.8 -0.6
v 1.7 3.8 -0.7
v 1.9 3.8 -0.7
v 2 3.8 -0.7
v -1.6 3.8 -1.9
v -1.5 3.8 -1.9
v -1.6 3.8 -2
v -1.5 3.8 -2
v -0.9 4 1.7
v -0.8 4 1.7
v -0.7 4 1.7
v -0.9 4 1.6
v -0.8 4 1.6
v -0.7 4 1.6
v 0.2 4 1.6
v 0.3 4 1.6
v 0.2 4 1.5
v 0.3 4 1.5
v -1 4 1.3
v -0.9 4 1.3
v -1 4 1.2
v -0.9 4 1.2
v -0.0999999 4 1.2
v 2.38419e-07 4 1.2
v -0.0999999 4 1.1
v 2.38419e-07 4 1.1
v -0.8 4 1
v -0.7 4 1
v -0.8 4 0.9
v -0.7 4 0.9
v 0.4 4 0.8
v 0.5 4 0.8
v 0.4 4 0.7
v 0.5 4 0.7
v -1.1 4 0.6
v -1 4 0.6
v -0.9 4 0.6
v -1.6 4 0.5
v -1.5 4 0.5
v -1.1 4 0.5
v -1 4 0.5
v -0.9 4 0.5
v 1.1 4 0.5
v 1.2 4 0.5
v -1.6 4 0.4
v -1.5 4 0.4
v 1.1 4 0.4
v 1.2 4 0.4
v -0.5 4 0.2
v -0.4 4 0.2
v -0.8 4 0.0999999
v -0.7 4 0.0999999
v -0.5 4 0.0999999
v -0.4 4 0.0999999
v 0.3 4 0.0999999
v 0.4 4 0.0999999
v -0.8 4 -2.38419e-07
v -0.7 4 -2.38419e-07
v 0.3 4 -2.38419e-07
v 0.4 4 -2.38419e-07
v -1 4 -0.2
v -0.9 4 -0.2
v -1 4 -0.3
v -0.9 4 -0.3
v 1.1 4 -0.4
v 1.2 4 -0.4
v -0.4 4 -0.5
v -0.3 4 -0.5
v 1.1 4 -0.5
v 1.2 4 -0.5
v -0.4 4 -0.6
v -0.3 4 -0.6
v -0.9 4 -0.8
v -0.8 4 -0.8
v -0.9 4 -0.9
v -0.8 4 -0.9
v 0.1 4 -0.9
v 0.2 4 -0.9
v 0.9 4 -0.9
v 1 4 -0.9
v 0.1 4 -1
v 0.2 4 -1
v 0.9 4 -1
v 1 4 -1
v -1.5 4 -1.2
v -1.4 4 -1.2
v -0.2 4 -1.2
v -0.0999999 4 -1.2
v -1.5 4 -1.3
v -1.4 4 -1.3
v -0.2 4 -1.3
v -0.0999999 4 -1.3
v -0.9 4 -1.4
v -0.8 4 -1.4
v -0.9 4 -1.5
v -0.8 4 -1.5
v 0.9 4 -1.6
v 1 4 -1.6
v -1.2 4 -1.7
v -1.1 4 -1.7
v 0.9 4 -1.7
v 1 4 -1.7
v -1.2 4 -1.8
v -1.1 4 -1.8
v 0.5 4 -1.8
v 0.6 4 -1.8
v 0.5 4 -1.9
v 0.6 4 -1.9

# faces
f 3/8/1 2/8/1 1/8/1
f 4/8/1 2/8/1 3/8/1
f 6/8/1 2/8/1 4/8/1
f 7/9/1 6/9/1 5/9/1
f 8/8/1 2/8/1 6/8/1
f 8/9/1 6/9/1 7/9/1
f 11/8/1 8/8/1 7/8/1
f 12/8/1 2/8/1 8/8/1
f 12/8/1 8/8/1 11/8/1
f 13/15/1 10/15/1 9/15/1
f 14/15/1 10/15/1 13/15/1
f 15/8/1 2/8/1 12/8/1
f 16/8/1 2/8/1 15/8/1
f 19/9/1 18/9/1 17/9/1
f 20/9/1 18/9/1 19/9/1
f 23/9/1 22/9/1 21/9/1
f 24/9/1 22/9/1 23/9/1
f 27/9/1 26/9/1 25/9/1
f 28/9/1 26/9/1 27/9/1
f 31/10/1 30/10/1 29/10/1
f 32/10/1 30/10/1 31/10/1
f 35/12/1 34/12/1 33/12/1
f 36/12/1 34/12/1 35/12/1
f 44/9/1 38/9/1 37/9/1
f 45/9/1 38/9/1 44/9/1
f 46/9/1 40/9/1 39/9/1
f 47/9/1 40/9/1 46/9/1
f 48/6/1 42/6/1 41/6/1
f 49/9/1 43/9/1 42/9/1
f 49/6/1 42/6/1 48/6/1
f 50/9/1 43/9/1 49/9/1
f 57/9/1 52/9/1 51/9/1
f 58/9/1 52/9/1 57/9/1
f 59/9/1 54/9/1 53/9/1
f 60/9/1 54/9/1 59/9/1
f 61/9/1 54/9/1 60/9/1
f 62/9/1 54/9/1 61/9/1
f 64/9/1 56/9/1 55/9/1
f 65/9/1 56/9/1 64/9/1
f 66/9/1 61/9/1 60/9/1
f 67/9/1 61/9/1 66/9/1
f 68/9/1 64/9/1 63/9/1
f 69/9/1 64/9/1 68/9/1
f 72/9/1 71/9/1 70/9/1
f 73/9/1 71/9/1 72/9/1
f 76/15/1 75/15/1 74/15/1
f 77/15/1 75/15/1 76/15/1
f 80/10/1 79/10/1 78/10/1
f 81/10/1 79/10/1 80/10/1
f 86/8/1 83/8/1 82/8/1
f 87/8/1 83/8/1 86/8/1
f 88/8/1 83/8/1 87/8/1
f 91/9/1 85/9/1 84/9/1
f 92/9/1 85/9/1 91/9/1
f 95/9/1 88/9/1 87/9/1
f 96/9/1 88/9/1 95/9/1
f 97/9/1 90/9/1 89/9/1
f 98/9/1 90/9/1 97/9/1
f 99/9/1 94/9/1 93/9/1
f 100/9/1 94/9/1 99/9/1
f 105/9/1 102/9/1 101/9/1
f 106/9/1 102/9/1 105/9/1
f 107/12/1 104/12/1 103/12/1
f 108/12/1 104/12/1 107/12/1
f 111/10/1 110/10/1 109/10/1
f 112/10/1 110/10/1 111/10/1
f 117/10/1 114/10/1 113/10/1
f 118/10/1 114/10/1 117/10/1
f 119/12/1 116/12/1 115/12/1
f 120/12/1 116/12/1 119/12/1
f 123/13/1 122/13/1 121/13/1
f 124/13/1 122/13/1 123/13/1
f 127/12/1 126/12/1 125/12/1
f 128/12/1 126/12/1 127/12/1
f 131/12/1 130/12/1 129/12/1
f 132/12/1 130/12/1 131/12/1
f 135/15/1 134/15/1 133/15/1
f 136/15/1 134/15/1 135/15/1
f 139/13/1 138/13/1 137/13/1
f 140/13/1 138/13/1 139/13/1
f 143/15/1 142/15/1 141/15/1
f 144/15/1 142/15/1 143/15/1
f 149/8/1 146/8/1 145/8/1
f 150/8/1 146/8/1 149/8/1
f 153/9/1 148/9/1 147/9/1
f 154/9/1 148/9/1 153/9/1
f 155/6/1 152/6/1 151/6/1
f 156/6/1 152/6/1 155/6/1
f 159/10/1 158/10/1 157/10/1
f 160/10/1 158/10/1 159/10/1
f 163/15/1 162/15/1 161/15/1
f 164/15/1 162/15/1 163/15/1
f 167/7/1 166/7/1 165/7/1
f 168/7/1 166/7/1 167/7/1
f 171/6/1 170/6/1 169/6/1
f 172/6/1 170/6/1 171/6/1
f 175/15/1 174/15/1 173/15/1
f 176/15/1 174/15/1 175/15/1
f 181/6/1 178/6/1 177/6/1
f 182/6/1 178/6/1 181/6/1
f 184/7/1 180/7/1 179/7/1
f 185/7/1 180/7/1 184/7/1
f 186/6/1 182/6/1 181/6/1
f 187/9/1 183/9/1 182/9/1
f 187/6/1 182/6/1 186/6/1
f 188/9/1 183/9/1 187/9/1
f 190/6/1 188/6/1 187/6/1
f 191/6/1 188/6/1 190/6/1
f 192/6/1 190/6/1 189/6/1
f 193/6/1 190/6/1 192/6/1
f 196/13/1 195/13/1 194/13/1
f 197/13/1 195/13/1 196/13/1
f 200/13/1 199/13/1 198/13/1
f 201/13/1 199/13/1 200/13/1
f 204/10/1 203/10/1 202/10/1
f 205/10/1 203/10/1 204/10/1
f 208/13/1 207/13/1 206/13/1
f 209/13/1 207/13/1 208/13/1
f 212/12/1 211/12/1 210/12/1
f 213/12/1 211/12/1 212/12/1
f 216/13/1 215/13/1 214/13/1
f 217/13/1 215/13/1 216/13/1
f 220/12/1 219/12/1 218/12/1
f 221/12/1 219/12/1 220/12/1
f 226/16/1 223/16/1 222/16/1
f 227/16/1 223/16/1 226/16/1
f 228/6/1 225/6/1 224/6/1
f 229/6/1 225/6/1 228/6/1
f 232/15/1 231/15/1 230/15/1
f 233/15/1 231/15/1 232/15/1
f 236/12/1 235/12/1 234/12/1
f 237/12/1 235/12/1 236/12/1
f 242/14/1 239/14/1 238/14/1
f 243/14/1 239/14/1 242/14/1
f 244/14/1 241/14/1 240/14/1
f 245/14/1 241/14/1 244/14/1
f 251/4/1 247/4/1 246/4/1
f 252/4/1 247/4/1 251/4/1
f 254/8/1 249/8/1 248/8/1
f 255/8/1 249/8/1 254/8/1
f 256/16/1 251/16/1 250/16/1
f 257/16/1 251/16/1 256/16/1
f 258/16/1 253/16/1 252/16/1
f 259/16/1 253/16/1 258/16/1
f 260/16/1 258/16/1 257/16/1
f 261/16/1 258/16/1 260/16/1
f 264/10/1 263/10/1 262/10/1
f 265/10/1 263/10/1 264/10/1
f 272/12/1 267/12/1 266/12/1
f 273/12/1 267/12/1 272/12/1
f 274/14/1 269/14/1 268/14/1
f 275/14/1 269/14/1 274/14/1
f 276/14/1 271/14/1 270/14/1
f 277/14/1 271/14/1 276/14/1
f 280/8/1 279/8/1 278/8/1
f 281/8/1 279/8/1 280/8/1
f 286/16/1 283/16/1 282/16/1
f 287/16/1 283/16/1 286/16/1
f 288/16/1 283/16/1 287/16/1
f 289/16/1 283/16/1 288/16/1
f 290/6/1 285/6/1 284/6/1
f 291/6/1 285/6/1 290/6/1
f 292/16/1 288/16/1 287/16/1
f 293/16/1 288/16/1 292/16/1
f 296/13/1 295/13/1 294/13/1
f 297/13/1 295/13/1 296/13/1
f 302/12/1 299/12/1 298/12/1
f 303/12/1 299/12/1 302/12/1
f 304/12/1 301/12/1 300/12/1
f 305/12/1 301/12/1 304/12/1
f 310/4/1 307/4/1 306/4/1
f 311/4/1 307/4/1 310/4/1
f 312/8/1 309/8/1 308/8/1
f 313/8/1 309/8/1 312/8/1
f 318/16/1 315/16/1 314/16/1
f 319/16/1 315/16/1 318/16/1
f 320/16/1 317/16/1 316/16/1
f 321/16/1 317/16/1 320/16/1
f 322/17/1 320/17/1 319/17/1
f 323/17/1 320/17/1 322/17/1
f 326/6/1 325/6/1 324/6/1
f 327/6/1 325/6/1 326/6/1
f 329/6/1 328/6/1 327/6/1
f 330/6/1 328/6/1 329/6/1
f 333/13/1 332/13/1 331/13/1
f 334/13/1 332/13/1 333/13/1
f 337/13/1 336/13/1 335/13/1
f 338/13/1 336/13/1 337/13/1
f 341/13/1 340/13/1 339/13/1
f 342/13/1 340/13/1 341/13/1
f 345/12/1 344/12/1 343/12/1
f 346/12/1 344/12/1 345/12/1
f 349/15/1 348/15/1 347/15/1
f 350/15/1 348/15/1 349/15/1
f 353/10/1 352/10/1 351/10/1
f 354/10/1 352/10/1 353/10/1
f 359/8/1 356/8/1 355/8/1
f 360/8/1 356/8/1 359/8/1
f 362/8/1 358/8/1 357/8/1
f 363/8/1 358/8/1 362/8/1
f 364/6/1 362/6/1 361/6/1
f 365/6/1 362/6/1 364/6/1
f 368/10/1 367/10/1 366/10/1
f 369/10/1 367/10/1 368/10/1
f 376/8/1 371/8/1 370/8/1
f 377/8/1 371/8/1 376/8/1
f 378/7/1 373/7/1 372/7/1
f 379/7/1 373/7/1 378/7/1
f 380/8/1 375/8/1 374/8/1
f 381/8/1 375/8/1 380/8/1
f 384/6/1 383/6/1 382/6/1
f 385/6/1 383/6/1 384/6/1
f 389/5/1 387/5/1 386/5/1
f 390/5/1 387/5/1 389/5/1
f 392/19/1 389/19/1 388/19/1
f 393/5/1 390/5/1 389/5/1
f 393/19/1 389/19/1 392/19/1
f 394/19/1 391/19/1 390/19/1
f 394/5/1 390/5/1 393/5/1
f 395/19/1 391/19/1 394/19/1
f 396/5/1 394/5/1 393/5/1
f 397/5/1 394/5/1 396/5/1
f 400/12/1 399/12/1 398/12/1
f 401/12/1 399/12/1 400/12/1
f 404/8/1 403/8/1 402/8/1
f 405/8/1 403/8/1 404/8/1
f 408/7/1 407/7/1 406/7/1
f 409/7/1 407/7/1 408/7/1
f 413/5/1 411/5/1 410/5/1
f 414/5/1 411/5/1 413/5/1
f 416/5/1 413/5/1 412/5/1
f 416/5/1 415/5/1 414/5/1
f 416/5/1 414/5/1 413/5/1
f 417/5/1 415/5/1 416/5/1
f 418/5/1 415/5/1 417/5/1
f 419/5/1 415/5/1 418/5/1
f 420/5/1 418/5/1 417/5/1
f 421/5/1 418/5/1 420/5/1
f 424/5/1 423/5/1 422/5/1
f 425/5/1 423/5/1 424/5/1
f 430/5/1 427/5/1 426/5/1
f 431/5/1 427/5/1 430/5/1
f 432/5/1 429/5/1 428/5/1
f 433/5/1 429/5/1 432/5/1
f 438/5/1 435/5/1 434/5/1
f 439/5/1 435/5/1 438/5/1
f 440/5/1 437/5/1 436/5/1
f 441/5/1 437/5/1 440/5/1
f 444/12/1 443/12/1 442/12/1
f 445/12/1 443/12/1 444/12/1
f 448/10/1 447/10/1 446/10/1
f 449/10/1 447/10/1 448/10/1
f 456/8/1 451/8/1 450/8/1
f 457/8/1 451/8/1 456/8/1
f 460/5/1 453/5/1 452/5/1
f 461/5/1 453/5/1 460/5/1
f 462/5/1 455/5/1 454/5/1
f 463/5/1 455/5/1 462/5/1
f 464/7/1 459/7/1 458/7/1
f 465/7/1 459/7/1 464/7/1
f 466/5/1 453/5/1 461/5/1
f 467/5/1 462/5/1 454/5/1
f 468/5/1 466/5/1 461/5/1
f 469/5/1 466/5/1 468/5/1
f 470/5/1 462/5/1 467/5/1
f 471/5/1 462/5/1 470/5/1
f 476/5/1 473/5/1 472/5/1
f 477/5/1 473/5/1 476/5/1
f 478/5/1 475/5/1 474/5/1
f 479/5/1 475/5/1 478/5/1
f 482/5/1 478/5/1 477/5/1
f 483/5/1 478/5/1 482/5/1
f 486/10/1 485/10/1 484/10/1
f 487/10/1 485/10/1 486/10/1
f 491/5/1 481/5/1 480/5/1
f 492/5/1 489/5/1 488/5/1
f 493/5/1 489/5/1 492/5/1
f 494/5/1 491/5/1 490/5/1
f 495/5/1 481/5/1 491/5/1
f 495/5/1 491/5/1 494/5/1
f 498/5/1 497/5/1 496/5/1
f 499/5/1 497/5/1 498/5/1
f 500/5/1 492/5/1 488/5/1
f 501/5/1 492/5/1 500/5/1
f 508/5/1 503/5/1 502/5/1
f 509/5/1 503/5/1 508/5/1
f 510/5/1 505/5/1 504/5/1
f 511/5/1 505/5/1 510/5/1
f 512/13/1 507/13/1 506/13/1
f 513/13/1 507/13/1 512/13/1
f 516/14/1 515/14/1 514/14/1
f 517/14/1 515/14/1 516/14/1
f 521/7/1 519/7/1 518/7/1
f 522/7/1 519/7/1 521/7/1
f 524/9/1 521/9/1 520/9/1
f 525/9/1 521/9/1 524/9/1
f 526/9/1 524/9/1 523/9/1
f 527/9/1 524/9/1 526/9/1
f 530/10/1 529/10/1 528/10/1
f 531/10/1 529/10/1 530/10/1
f 534/12/1 533/12/1 532/12/1
f 535/12/1 533/12/1 534/12/1
f 538/12/1 537/12/1 536/12/1
f 539/12/1 537/12/1 538/12/1
f 542/6/1 541/6/1 540/6/1
f 543/6/1 541/6/1 542/6/1
f 548/12/1 545/12/1 544/12/1
f 549/12/1 545/12/1 548/12/1
f 550/10/1 547/10/1 546/10/1
f 551/10/1 547/10/1 550/10/1
f 554/14/1 553/14/1 552/14/1
f 555/14/1 553/14/1 554/14/1
f 560/9/1 557/9/1 556/9/1
f 561/9/1 557/9/1 560/9/1
f 562/8/1 559/8/1 558/8/1
f 563/8/1 559/8/1 562/8/1
f 566/10/1 565/10/1 564/10/1
f 567/10/1 565/10/1 566/10/1
f 574/8/1 569/8/1 568/8/1
f 575/8/1 569/8/1 574/8/1
f 576/9/1 571/9/1 570/9/1
f 577/9/1 571/9/1 576/9/1
f 578/9/1 573/9/1 572/9/1
f 579/9/1 573/9/1 578/9/1
f 582/14/1 581/14/1 580/14/1
f 583/14/1 581/14/1 582/14/1
f 588/8/1 585/8/1 584/8/1
f 589/8/1 585/8/1 588/8/1
f 590/8/1 587/8/1 586/8/1
f 591/8/1 587/8/1 590/8/1
f 594/13/1 593/13/1 592/13/1
f 595/13/1 593/13/1 594/13/1
f 598/10/1 597/10/1 596/10/1
f 599/10/1 597/10/1 598/10/1
f 608/9/1 601/9/1 600/9/1
f 609/9/1 601/9/1 608/9/1
f 610/8/1 603/8/1 602/8/1
f 611/8/1 603/8/1 610/8/1
f 613/7/1 605/7/1 604/7/1
f 614/7/1 605/7/1 613/7/1
f 615/9/1 607/9/1 606/9/1
f 616/9/1 607/9/1 615/9/1
f 619/8/1 612/8/1 611/8/1
f 620/8/1 612/8/1 619/8/1
f 621/7/1 618/7/1 617/7/1
f 622/7/1 618/7/1 621/7/1
f 625/6/1 624/6/1 623/6/1
f 626/6/1 624/6/1 625/6/1
f 629/13/1 628/13/1 627/13/1
f 630/13/1 628/13/1 629/13/1
f 633/13/1 632/13/1 631/13/1
f 634/13/1 632/13/1 633/13/1
f 637/14/1 636/14/1 635/14/1
f 638/14/1 636/14/1 637/14/1
f 645/8/1 640/8/1 639/8/1
f 646/8/1 640/8/1 645/8/1
f 647/8/1 640/8/1 646/8/1
f 649/8/1 642/8/1 641/8/1
f 650/8/1 642/8/1 649/8/1
f 651/7/1 644/7/1 643/7/1
f 652/7/1 644/7/1 651/7/1
f 653/8/1 646/8/1 645/8/1
f 654/8/1 646/8/1 653/8/1
f 655/8/1 648/8/1 647/8/1
f 656/8/1 648/8/1 655/8/1
f 657/7/1 650/7/1 649/7/1
f 658/7/1 650/7/1 657/7/1
f 666/8/1 660/8/1 659/8/1
f 667/8/1 660/8/1 666/8/1
f 668/7/1 662/7/1 661/7/1
f 669/8/1 663/8/1 662/8/1
f 669/7/1 662/7/1 668/7/1
f 670/8/1 663/8/1 669/8/1
f 672/8/1 665/8/1 664/8/1
f 673/8/1 665/8/1 672/8/1
f 674/8/1 672/8/1 671/8/1
f 675/8/1 672/8/1 674/8/1
f 678/6/1 677/6/1 676/6/1
f 679/6/1 677/6/1 678/6/1
f 682/10/1 681/10/1 680/10/1
f 683/10/1 681/10/1 682/10/1
f 686/10/1 685/10/1 684/10/1
f 687/10/1 685/10/1 686/10/1
f 690/10/1 689/10/1 688/10/1
f 691/10/1 689/10/1 690/10/1
f 694/8/1 693/8/1 692/8/1
f 695/8/1 693/8/1 694/8/1
f 698/18/1 697/18/1 696/18/1
f 699/18/1 697/18/1 698/18/1
f 702/15/1 701/15/1 700/15/1
f 703/15/1 701/15/1 702/15/1
f 710/9/1 705/9/1 704/9/1
f 711/9/1 705/9/1 710/9/1
f 712/7/1 709/7/1 708/7/1
f 713/7/1 709/7/1 712/7/1
f 719/4/1 707/4/1 706/4/1
f 720/4/1 707/4/1 719/4/1
f 722/8/1 715/8/1 714/8/1
f 723/8/1 715/8/1 722/8/1
f 724/8/1 717/8/1 716/8/1
f 725/8/1 717/8/1 724/8/1
f 726/18/1 719/18/1 718/18/1
f 727/18/1 719/18/1 726/18/1
f 728/18/1 721/18/1 720/18/1
f 729/18/1 721/18/1 728/18/1
f 730/18/1 728/18/1 727/18/1
f 731/18/1 728/18/1 730/18/1
f 734/13/1 733/13/1 732/13/1
f 735/13/1 733/13/1 734/13/1
f 738/13/1 737/13/1 736/13/1
f 739/13/1 737/13/1 738/13/1
f 744/14/1 741/14/1 740/14/1
f 745/14/1 741/14/1 744/14/1
f 746/12/1 743/12/1 742/12/1
f 747/12/1 743/12/1 746/12/1
f 752/7/1 749/7/1 748/7/1
f 753/7/1 749/7/1 752/7/1
f 754/9/1 751/9/1 750/9/1
f 755/9/1 751/9/1 754/9/1
f 756/8/1 755/8/1 754/8/1
f 757/8/1 755/8/1 756/8/1
f 760/13/1 759/13/1 758/13/1
f 761/13/1 759/13/1 760/13/1
f 768/7/1 763/7/1 762/7/1
f 769/7/1 763/7/1 768/7/1
f 770/9/1 765/9/1 764/9/1
f 771/9/1 765/9/1 770/9/1
f 773/8/1 767/8/1 766/8/1
f 774/8/1 767/8/1 773/8/1
f 775/8/1 772/8/1 771/8/1
f 776/8/1 772/8/1 775/8/1
f 781/12/1 778/12/1 777/12/1
f 782/12/1 778/12/1 781/12/1
f 783/12/1 780/12/1 779/12/1
f 784/12/1 780/12/1 783/12/1
f 791/7/1 786/7/1 785/7/1
f 792/7/1 786/7/1 791/7/1
f 793/7/1 788/7/1 787/7/1
f 794/7/1 788/7/1 793/7/1
f 795/8/1 790/8/1 789/8/1
f 796/8/1 790/8/1 795/8/1
f 799/15/1 798/15/1 797/15/1
f 800/15/1 798/15/1 799/15/1
f 803/15/1 802/15/1 801/15/1
f 804/15/1 802/15/1 803/15/1
f 809/8/1 806/8/1 805/8/1
f 810/8/1 806/8/1 809/8/1
f 812/7/1 808/7/1 807/7/1
f 813/7/1 808/7/1 812/7/1
f 814/7/1 808/7/1 813/7/1
f 819/9/1 812/9/1 811/9/1
f 819/9/1 813/9/1 812/9/1
f 820/9/1 813/9/1 819/9/1
f 821/8/1 816/8/1 815/8/1
f 822/8/1 816/8/1 821/8/1
f 823/8/1 818/8/1 817/8/1
f 824/8/1 818/8/1 823/8/1
f 827/6/1 826/6/1 825/6/1
f 828/6/1 826/6/1 827/6/1
f 831/13/1 830/13/1 829/13/1
f 832/13/1 830/13/1 831/13/1
f 837/9/1 834/9/1 833/9/1
f 838/9/1 834/9/1 837/9/1
f 839/7/1 836/7/1 835/7/1
f 840/7/1 836/7/1 839/7/1
f 845/8/1 842/8/1 841/8/1
f 846/8/1 842/8/1 845/8/1
f 847/8/1 844/8/1 843/8/1
f 848/8/1 844/8/1 847/8/1
f 851/10/1 850/10/1 849/10/1
f 852/10/1 850/10/1 851/10/1
f 855/15/1 854/15/1 853/15/1
f 856/15/1 854/15/1 855/15/1
f 859/7/1 858/7/1 857/7/1
f 860/7/1 858/7/1 859/7/1
f 861/7/1 858/7/1 860/7/1
f 864/9/1 860/9/1 859/9/1
f 865/9/1 860/9/1 864/9/1
f 868/8/1 863/8/1 862/8/1
f 869/8/1 863/8/1 868/8/1
f 870/16/1 867/16/1 866/16/1
f 871/16/1 867/16/1 870/16/1
f 874/10/1 873/10/1 872/10/1
f 875/10/1 873/10/1 874/10/1
f 888/9/1 877/9/1 876/9/1
f 890/8/1 879/8/1 878/8/1
f 893/8/1 881/8/1 880/8/1
f 894/8/1 881/8/1 893/8/1
f 896/7/1 883/7/1 882/7/1
f 897/7/1 883/7/1 896/7/1
f 899/8/1 887/8/1 886/8/1
f 900/8/1 887/8/1 899/8/1
f 901/9/1 888/9/1 876/9/1
f 902/8/1 889/8/1 888/8/1
f 902/9/1 888/9/1 901/9/1
f 903/8/1 889/8/1 902/8/1
f 904/8/1 890/8/1 878/8/1
f 905/8/1 890/8/1 904/8/1
f 906/8/1 892/8/1 891/8/1
f 907/8/1 892/8/1 906/8/1
f 908/9/1 898/9/1 897/9/1
f 908/9/1 897/9/1 896/9/1
f 908/9/1 896/9/1 895/9/1
f 909/9/1 898/9/1 908/9/1
f 911/4/1 885/4/1 884/4/1
f 912/4/1 885/4/1 911/4/1
f 914/8/1 902/8/1 901/8/1
f 915/8/1 902/8/1 914/8/1
f 916/16/1 911/16/1 910/16/1
f 917/16/1 911/16/1 916/16/1
f 918/16/1 913/16/1 912/16/1
f 919/16/1 913/16/1 918/16/1
f 920/16/1 918/16/1 917/16/1
f 921/16/1 918/16/1 920/16/1
f 925/3/1 923/3/1 922/3/1
f 926/3/1 923/3/1 925/3/1
f 928/3/1 925/3/1 924/3/1
f 928/3/1 927/3/1 926/3/1
f 928/3/1 926/3/1 925/3/1
f 929/3/1 927/3/1 928/3/1
f 930/3/1 927/3/1 929/3/1
f 931/3/1 927/3/1 930/3/1
f 932/3/1 930/3/1 929/3/1
f 933/3/1 930/3/1 932/3/1
f 936/8/1 935/8/1 934/8/1
f 937/8/1 935/8/1 936/8/1
f 942/3/1 939/3/1 938/3/1
f 943/3/1 939/3/1 942/3/1
f 944/3/1 941/3/1 940/3/1
f 945/3/1 941/3/1 944/3/1
f 948/8/1 947/8/1 946/8/1
f 949/8/1 947/8/1 948/8/1
f 956/8/1 951/8/1 950/8/1
f 957/9/1 953/9/1 952/9/1
f 958/9/1 953/9/1 957/9/1
f 960/8/1 955/8/1 954/8/1
f 961/8/1 955/8/1 960/8/1
f 962/8/1 958/8/1 957/8/1
f 962/8/1 956/8/1 950/8/1
f 962/8/1 957/8/1 956/8/1
f 963/8/1 958/8/1 962/8/1
f 964/8/1 960/8/1 959/8/1
f 965/8/1 960/8/1 964/8/1
f 968/15/1 967/15/1 966/15/1
f 969/15/1 967/15/1 968/15/1
f 976/11/1 971/11/1 970/11/1
f 977/11/1 971/11/1 976/11/1
f 980/11/1 973/11/1 972/11/1
f 981/11/1 973/11/1 980/11/1
f 982/14/1 975/14/1 974/14/1
f 983/14/1 975/14/1 982/14/1
f 986/15/1 979/15/1 978/15/1
f 987/15/1 979/15/1 986/15/1
f 990/11/1 985/11/1 984/11/1
f 991/11/1 985/11/1 990/11/1
f 994/11/1 989/11/1 988/11/1
f 995/11/1 989/11/1 994/11/1
f 998/11/1 993/11/1 992/11/1
f 999/11/1 993/11/1 998/11/1
f 1000/11/1 997/11/1 996/11/1
f 1001/11/1 997/11/1 1000/11/1
f 1010/11/1 1003/11/1 1002/11/1
f 1011/11/1 1003/11/1 1010/11/1
f 1012/11/1 1005/11/1 1004/11/1
f 1013/11/1 1005/11/1 1012/11/1
f 1014/14/1 1007/14/1 1006/14/1
f 1015/14/1 1007/14/1 1014/14/1
f 1020/11/1 1009/11/1 1008/11/1
f 1021/11/1 1009/11/1 1020/11/1
f 1026/11/1 1017/11/1 1016/11/1
f 1027/11/1 1017/11/1 1026/11/1
f 1028/11/1 1019/11/1 1018/11/1
f 1029/11/1 1019/11/1 1028/11/1
f 1032/11/1 1023/11/1 1022/11/1
f 1033/11/1 1023/11/1 1032/11/1
f 1036/11/1 1025/11/1 1024/11/1
f 1037/11/1 1025/11/1 1036/11/1
f 1040/11/1 1031/11/1 1030/11/1
f 1041/11/1 1031/11/1 1040/11/1
f 1042/11/1 1035/11/1 1034/11/1
f 1043/11/1 1035/11/1 1042/11/1
f 1046/14/1 1039/14/1 1038/14/1
f 1047/14/1 1039/14/1 1046/14/1
f 1050/11/1 1045/11/1 1044/11/1
f 1051/11/1 1045/11/1 1050/11/1
f 1054/14/1 1049/14/1 1048/14/1
f 1055/14/1 1049/14/1 1054/14/1
f 1058/11/1 1053/11/1 1052/11/1
f 1059/11/1 1053/11/1 1058/11/1
f 1068/11/1 1057/11/1 1056/11/1
f 1069/11/1 1057/11/1 1068/11/1
f 1070/11/1 1061/11/1 1060/11/1
f 1071/11/1 1061/11/1 1070/11/1
f 1074/11/1 1063/11/1 1062/11/1
f 1075/11/1 1063/11/1 1074/11/1
f 1076/11/1 1065/11/1 1064/11/1
f 1077/11/1 1065/11/1 1076/11/1
f 1079/11/1 1067/11/1 1066/11/1
f 1080/11/1 1067/11/1 1079/11/1
f 1081/11/1 1073/11/1 1072/11/1
f 1082/11/1 1073/11/1 1081/11/1
f 1085/11/1 1078/11/1 1077/11/1
f 1086/11/1 1078/11/1 1085/11/1
f 1089/11/1 1084/11/1 1083/11/1
f 1090/11/1 1084/11/1 1089/11/1
f 1093/11/1 1088/11/1 1087/11/1
f 1094/11/1 1088/11/1 1093/11/1
f 1099/14/1 1092/14/1 1091/14/1
f 1100/14/1 1092/14/1 1099/14/1
f 1105/11/1 1096/11/1 1095/11/1
f 1106/11/1 1096/11/1 1105/11/1
f 1109/11/1 1098/11/1 1097/11/1
f 1110/11/1 1098/11/1 1109/11/1
f 1115/11/1 1102/11/1 1101/11/1
f 1116/11/1 1102/11/1 1115/11/1
f 1117/11/1 1104/11/1 1103/11/1
f 1118/11/1 1104/11/1 1117/11/1
f 1119/11/1 1108/11/1 1107/11/1
f 1120/11/1 1108/11/1 1119/11/1
f 1121/11/1 1112/11/1 1111/11/1
f 1122/11/1 1112/11/1 1121/11/1
f 1123/11/1 1114/11/1 1113/11/1
f 1124/11/1 1114/11/1 1123/11/1
f 1133/11/1 1126/11/1 1125/11/1
f 1134/11/1 1126/11/1 1133/11/1
f 1139/11/1 1128/11/1 1127/11/1
f 1140/11/1 1128/11/1 1139/11/1
f 1145/11/1 1130/11/1 1129/11/1
f 1146/11/1 1130/11/1 1145/11/1
f 1147/11/1 1132/11/1 1131/11/1
f 1148/11/1 1132/11/1 1147/11/1
f 1155/11/1 1136/11/1 1135/11/1
f 1156/11/1 1136/11/1 1155/11/1
f 1157/11/1 1138/11/1 1137/11/1
f 1158/11/1 1138/11/1 1157/11/1
f 1159/11/1 1142/11/1 1141/11/1
f 1160/11/1 1142/11/1 1159/11/1
f 1161/11/1 1144/11/1 1143/11/1
f 1162/11/1 1144/11/1 1161/11/1
f 1163/11/1 1150/11/1 1149/11/1
f 1164/11/1 1150/11/1 1163/11/1
f 1165/11/1 1152/11/1 1151/11/1
f 1166/11/1 1152/11/1 1165/11/1
f 1167/11/1 1154/11/1 1153/11/1
f 1168/11/1 1154/11/1 1167/11/1
f 1175/11/1 1170/11/1 1169/11/1
f 1176/11/1 1170/11/1 1175/11/1
f 1181/11/1 1172/11/1 1171/11/1
f 1182/11/1 1172/11/1 1181/11/1
f 1183/11/1 1174/11/1 1173/11/1
f 1184/11/1 1174/11/1 1183/11/1
f 1189/14/1 1178/14/1 1177/14/1
f 1190/14/1 1178/14/1 1189/14/1
f 1195/11/1 1180/11/1 1179/11/1
f 1196/11/1 1180/11/1 1195/11/1
f 1201/1/1 1184/1/1 1183/1/1
f 1202/1/1 1184/1/1 1201/1/1
f 1203/1/1 1186/1/1 1185/1/1
f 1204/1/1 1186/1/1 1203/1/1
f 1206/15/1 1188/15/1 1187/15/1
f 1207/15/1 1188/15/1 1206/15/1
f 1210/11/1 1192/11/1 1191/11/1
f 1211/11/1 1192/11/1 1210/11/1
f 1212/11/1 1194/11/1 1193/11/1
f 1213/11/1 1194/11/1 1212/11/1
f 1214/11/1 1197/11/1 1196/11/1
f 1215/11/1 1197/11/1 1214/11/1
f 1216/15/1 1199/15/1 1198/15/1
f 1217/15/1 1199/15/1 1216/15/1
f 1220/11/1 1209/11/1 1208/11/1
f 1221/11/1 1209/11/1 1220/11/1
f 1233/1/1 1201/1/1 1200/1/1
f 1234/1/1 1201/1/1 1233/1/1
f 1235/1/1 1205/1/1 1204/1/1
f 1236/1/1 1205/1/1 1235/1/1
f 1237/11/1 1219/11/1 1218/11/1
f 1238/11/1 1219/11/1 1237/11/1
f 1239/11/1 1223/11/1 1222/11/1
f 1240/11/1 1223/11/1 1239/11/1
f 1241/14/1 1225/14/1 1224/14/1
f 1242/14/1 1225/14/1 1241/14/1
f 1243/11/1 1227/11/1 1226/11/1
f 1244/11/1 1227/11/1 1243/11/1
f 1245/11/1 1229/11/1 1228/11/1
f 1246/11/1 1229/11/1 1245/11/1
f 1247/11/1 1231/11/1 1230/11/1
f 1248/11/1 1231/11/1 1247/11/1
f 1249/11/1 1233/11/1 1232/11/1
f 1250/11/1 1233/11/1 1249/11/1
f 1251/8/2 1252/8/2 1255/8/2
f 1255/8/2 1252/8/2 1256/8/2
f 1253/15/2 1254/15/2 1257/15/2
f 1257/15/2 1254/15/2 1258/15/2
f 1259/9/2 1260/9/2 1262/9/2
f 1260/8/2 1261/8/2 1263/8/2
f 1262/9/2 1260/9/2 1263/9/2
f 1263/8/2 1261/8/2 1264/8/2
f 1265/9/2 1266/9/2 1268/9/2
f 1266/8/2 1267/8/2 1269/8/2
f 1268/9/2 1266/9/2 1269/9/2
f 1269/8/2 1267/8/2 1270/8/2
f 1271/10/2 1272/10/2 1273/10/2
f 1273/10/2 1272/10/2 1274/10/2
f 1275/12/2 1276/12/2 1277/12/2
f 1277/12/2 1276/12/2 1278/12/2
f 1279/9/2 1280/9/2 1281/9/2
f 1281/9/2 1280/9/2 1282/9/2
f 1283/9/2 1284/9/2 1285/9/2
f 1285/9/2 1284/9/2 1286/9/2
f 1287/15/2 1288/15/2 1289/15/2
f 1289/15/2 1288/15/2 1290/15/2
f 1291/10/2 1292/10/2 1293/10/2
f 1293/10/2 1292/10/2 1294/10/2
f 1295/9/2 1296/9/2 1299/9/2
f 1299/9/2 1296/9/2 1300/9/2
f 1300/9/2 1296/9/2 1301/9/2
f 1301/9/2 1296/9/2 1302/9/2
f 1297/9/2 1298/9/2 1303/9/2
f 1303/9/2 1298/9/2 1304/9/2
f 1300/9/2 1301/9/2 1305/9/2
f 1305/9/2 1301/9/2 1306/9/2
f 1307/12/2 1308/12/2 1309/12/2
f 1309/12/2 1308/12/2 1310/12/2
f 1311/10/2 1312/10/2 1313/10/2
f 1313/10/2 1312/10/2 1314/10/2
f 1315/10/2 1316/10/2 1319/10/2
f 1319/10/2 1316/10/2 1320/10/2
f 1317/12/2 1318/12/2 1321/12/2
f 1321/12/2 1318/12/2 1322/12/2
f 1323/13/2 1324/13/2 1325/13/2
f 1325/13/2 1324/13/2 1326/13/2
f 1327/12/2 1328/12/2 1329/12/2
f 1329/12/2 1328/12/2 1330/12/2
f 1331/12/2 1332/12/2 1333/12/2
f 1333/12/2 1332/12/2 1334/12/2
f 1335/15/2 1336/15/2 1337/15/2
f 1337/15/2 1336/15/2 1338/15/2
f 1339/13/2 1340/13/2 1341/13/2
f 1341/13/2 1340/13/2 1342/13/2
f 1343/15/2 1344/15/2 1345/15/2
f 1345/15/2 1344/15/2 1346/15/2
f 1347/9/2 1348/9/2 1357/9/2
f 1357/9/2 1348/9/2 1358/9/2
f 1349/9/2 1350/9/2 1359/9/2
f 1359/9/2 1350/9/2 1360/9/2
f 1351/8/2 1352/8/2 1361/8/2
f 1361/8/2 1352/8/2 1362/8/2
f 1353/6/2 1354/6/2 1364/6/2
f 1364/6/2 1354/6/2 1365/6/2
f 1355/9/2 1356/9/2 1367/9/2
f 1367/9/2 1356/9/2 1368/9/2
f 1363/6/2 1364/6/2 1369/6/2
f 1369/6/2 1364/6/2 1370/6/2
f 1365/9/2 1366/9/2 1371/9/2
f 1371/9/2 1366/9/2 1372/9/2
f 1373/10/2 1374/10/2 1375/10/2
f 1375/10/2 1374/10/2 1376/10/2
f 1377/15/2 1378/15/2 1379/15/2
f 1379/15/2 1378/15/2 1380/15/2
f 1381/8/2 1382/8/2 1385/8/2
f 1385/8/2 1382/8/2 1386/8/2
f 1383/8/2 1384/8/2 1387/8/2
f 1387/8/2 1384/8/2 1388/8/2
f 1386/8/2 1387/8/2 1389/8/2
f 1389/8/2 1387/8/2 1390/8/2
f 1390/8/2 1387/8/2 1391/8/2
f 1389/7/2 1390/7/2 1392/7/2
f 1392/7/2 1390/7/2 1393/7/2
f 1394/9/2 1395/9/2 1396/9/2
f 1396/9/2 1395/9/2 1397/9/2
f 1398/15/2 1399/15/2 1400/15/2
f 1400/15/2 1399/15/2 1401/15/2
f 1402/8/2 1403/8/2 1407/8/2
f 1407/8/2 1403/8/2 1408/8/2
f 1404/8/2 1405/8/2 1409/8/2
f 1409/8/2 1405/8/2 1410/8/2
f 1406/7/2 1407/7/2 1413/7/2
f 1413/7/2 1407/7/2 1414/7/2
f 1411/6/2 1412/6/2 1415/6/2
f 1415/6/2 1412/6/2 1416/6/2
f 1417/13/2 1418/13/2 1419/13/2
f 1419/13/2 1418/13/2 1420/13/2
f 1421/13/2 1422/13/2 1423/13/2
f 1423/13/2 1422/13/2 1424/13/2
f 1425/10/2 1426/10/2 1427/10/2
f 1427/10/2 1426/10/2 1428/10/2
f 1429/7/2 1430/7/2 1431/7/2
f 1431/7/2 1430/7/2 1432/7/2
f 1433/13/2 1434/13/2 1435/13/2
f 1435/13/2 1434/13/2 1436/13/2
f 1437/9/2 1438/9/2 1439/9/2
f 1439/9/2 1438/9/2 1440/9/2
f 1441/6/2 1442/6/2 1443/6/2
f 1443/6/2 1442/6/2 1444/6/2
f 1445/12/2 1446/12/2 1447/12/2
f 1447/12/2 1446/12/2 1448/12/2
f 1449/8/2 1450/8/2 1451/8/2
f 1451/8/2 1450/8/2 1452/8/2
f 1451/9/2 1452/9/2 1454/9/2
f 1453/6/2 1454/6/2 1455/6/2
f 1454/9/2 1452/9/2 1456/9/2
f 1455/6/2 1454/6/2 1456/6/2
f 1456/9/2 1452/9/2 1457/9/2
f 1456/6/2 1457/6/2 1458/6/2
f 1458/6/2 1457/6/2 1459/6/2
f 1460/15/2 1461/15/2 1462/15/2
f 1462/15/2 1461/15/2 1463/15/2
f 1464/13/2 1465/13/2 1466/13/2
f 1466/13/2 1465/13/2 1467/13/2
f 1468/12/2 1469/12/2 1470/12/2
f 1470/12/2 1469/12/2 1471/12/2
f 1472/14/2 1473/14/2 1478/14/2
f 1478/14/2 1473/14/2 1479/14/2
f 1474/14/2 1475/14/2 1480/14/2
f 1480/14/2 1475/14/2 1481/14/2
f 1476/14/2 1477/14/2 1482/14/2
f 1482/14/2 1477/14/2 1483/14/2
f 1486/9/2 1487/9/2 1488/9/2
f 1488/9/2 1487/9/2 1489/9/2
f 1484/4/2 1485/4/2 1491/4/2
f 1491/4/2 1485/4/2 1492/4/2
f 1490/16/2 1491/16/2 1494/16/2
f 1494/16/2 1491/16/2 1495/16/2
f 1492/16/2 1493/16/2 1496/16/2
f 1496/16/2 1493/16/2 1497/16/2
f 1495/16/2 1496/16/2 1498/16/2
f 1498/16/2 1496/16/2 1499/16/2
f 1500/10/2 1501/10/2 1502/10/2
f 1502/10/2 1501/10/2 1503/10/2
f 1504/14/2 1505/14/2 1508/14/2
f 1508/14/2 1505/14/2 1509/14/2
f 1506/14/2 1507/14/2 1510/14/2
f 1510/14/2 1507/14/2 1511/14/2
f 1512/16/2 1513/16/2 1514/16/2
f 1514/16/2 1513/16/2 1515/16/2
f 1516/13/2 1517/13/2 1518/13/2
f 1518/13/2 1517/13/2 1519/13/2
f 1520/10/2 1521/10/2 1526/10/2
f 1526/10/2 1521/10/2 1527/10/2
f 1522/12/2 1523/12/2 1528/12/2
f 1528/12/2 1523/12/2 1529/12/2
f 1524/12/2 1525/12/2 1530/12/2
f 1530/12/2 1525/12/2 1531/12/2
f 1534/9/2 1535/9/2 1536/9/2
f 1536/9/2 1535/9/2 1537/9/2
f 1532/4/2 1533/4/2 1538/4/2
f 1538/4/2 1533/4/2 1539/4/2
f 1536/8/2 1537/8/2 1540/8/2
f 1540/8/2 1537/8/2 1541/8/2
f 1542/16/2 1543/16/2 1546/16/2
f 1546/16/2 1543/16/2 1547/16/2
f 1544/16/2 1545/16/2 1548/16/2
f 1548/16/2 1545/16/2 1549/16/2
f 1547/17/2 1548/17/2 1550/17/2
f 1550/17/2 1548/17/2 1551/17/2
f 1552/9/2 1553/9/2 1554/9/2
f 1554/9/2 1553/9/2 1555/9/2
f 1556/16/2 1557/16/2 1560/16/2
f 1560/16/2 1557/16/2 1561/16/2
f 1561/16/2 1557/16/2 1562/16/2
f 1562/16/2 1557/16/2 1563/16/2
f 1558/6/2 1559/6/2 1564/6/2
f 1564/6/2 1559/6/2 1565/6/2
f 1561/16/2 1562/16/2 1566/16/2
f 1566/16/2 1562/16/2 1567/16/2
f 1568/13/2 1569/13/2 1570/13/2
f 1570/13/2 1569/13/2 1571/13/2
f 1572/13/2 1573/13/2 1574/13/2
f 1574/13/2 1573/13/2 1575/13/2
f 1576/13/2 1577/13/2 1578/13/2
f 1578/13/2 1577/13/2 1579/13/2
f 1580/12/2 1581/12/2 1582/12/2
f 1582/12/2 1581/12/2 1583/12/2
f 1584/8/2 1585/8/2 1586/8/2
f 1586/8/2 1585/8/2 1587/8/2
f 1588/6/2 1589/6/2 1590/6/2
f 1590/6/2 1589/6/2 1591/6/2
f 1592/15/2 1593/15/2 1594/15/2
f 1594/15/2 1593/15/2 1595/15/2
f 1596/10/2 1597/10/2 1598/10/2
f 1598/10/2 1597/10/2 1599/10/2
f 1600/6/2 1601/6/2 1602/6/2
f 1602/6/2 1601/6/2 1603/6/2
f 1604/10/2 1605/10/2 1606/10/2
f 1606/10/2 1605/10/2 1607/10/2
f 1608/12/2 1609/12/2 1610/12/2
f 1610/12/2 1609/12/2 1611/12/2
f 1612/8/2 1613/8/2 1616/8/2
f 1616/8/2 1613/8/2 1617/8/2
f 1614/7/2 1615/7/2 1618/7/2
f 1618/7/2 1615/7/2 1619/7/2
f 1620/12/2 1621/12/2 1622/12/2
f 1622/12/2 1621/12/2 1623/12/2
f 1624/10/2 1625/10/2 1626/10/2
f 1626/10/2 1625/10/2 1627/10/2
f 1628/5/2 1629/5/2 1634/5/2
f 1634/5/2 1629/5/2 1635/5/2
f 1630/5/2 1631/5/2 1636/5/2
f 1636/5/2 1631/5/2 1637/5/2
f 1632/7/2 1633/7/2 1638/7/2
f 1638/7/2 1633/7/2 1639/7/2
f 1635/5/2 1629/5/2 1640/5/2
f 1630/5/2 1636/5/2 1641/5/2
f 1635/5/2 1640/5/2 1642/5/2
f 1642/5/2 1640/5/2 1643/5/2
f 1641/5/2 1636/5/2 1644/5/2
f 1644/5/2 1636/5/2 1645/5/2
f 1646/5/2 1647/5/2 1650/5/2
f 1650/5/2 1647/5/2 1651/5/2
f 1648/5/2 1649/5/2 1652/5/2
f 1652/5/2 1649/5/2 1653/5/2
f 1651/5/2 1652/5/2 1656/5/2
f 1656/5/2 1652/5/2 1657/5/2
f 1658/10/2 1659/10/2 1660/10/2
f 1660/10/2 1659/10/2 1661/10/2
f 1654/5/2 1655/5/2 1665/5/2
f 1662/5/2 1663/5/2 1666/5/2
f 1666/5/2 1663/5/2 1667/5/2
f 1664/5/2 1665/5/2 1668/5/2
f 1665/5/2 1655/5/2 1669/5/2
f 1668/5/2 1665/5/2 1669/5/2
f 1670/5/2 1671/5/2 1673/5/2
f 1673/5/2 1671/5/2 1674/5/2
f 1662/5/2 1666/5/2 1676/5/2
f 1676/5/2 1666/5/2 1677/5/2
f 1672/5/2 1673/5/2 1678/5/2
f 1678/5/2 1673/5/2 1679/5/2
f 1674/5/2 1675/5/2 1680/5/2
f 1680/5/2 1675/5/2 1681/5/2
f 1682/5/2 1683/5/2 1686/5/2
f 1684/5/2 1685/5/2 1687/5/2
f 1682/5/2 1686/5/2 1690/5/2
f 1690/5/2 1686/5/2 1691/5/2
f 1687/5/2 1685/5/2 1692/5/2
f 1692/5/2 1685/5/2 1693/5/2
f 1688/13/2 1689/13/2 1694/13/2
f 1694/13/2 1689/13/2 1695/13/2
f 1696/14/2 1697/14/2 1698/14/2
f 1698/14/2 1697/14/2 1699/14/2
f 1700/8/2 1701/8/2 1703/8/2
f 1703/8/2 1701/8/2 1704/8/2
f 1701/7/2 1702/7/2 1705/7/2
f 1704/8/2 1701/8/2 1705/8/2
f 1705/7/2 1702/7/2 1706/7/2
f 1706/7/2 1702/7/2 1707/7/2
f 1704/7/2 1705/7/2 1708/7/2
f 1705/9/2 1706/9/2 1709/9/2
f 1708/7/2 1705/7/2 1709/7/2
f 1709/9/2 1706/9/2 1710/9/2
f 1708/9/2 1709/9/2 1711/9/2
f 1711/9/2 1709/9/2 1712/9/2
f 1713/5/2 1714/5/2 1716/5/2
f 1716/5/2 1714/5/2 1717/5/2
f 1719/10/2 1720/10/2 1721/10/2
f 1721/10/2 1720/10/2 1722/10/2
f 1715/5/2 1716/5/2 1723/5/2
f 1716/5/2 1717/5/2 1723/5/2
f 1717/5/2 1718/5/2 1723/5/2
f 1723/5/2 1718/5/2 1724/5/2
f 1724/5/2 1718/5/2 1725/5/2
f 1725/5/2 1718/5/2 1726/5/2
f 1724/5/2 1725/5/2 1727/5/2
f 1727/5/2 1725/5/2 1728/5/2
f 1731/12/2 1732/12/2 1733/12/2
f 1733/12/2 1732/12/2 1734/12/2
f 1729/5/2 1730/5/2 1735/5/2
f 1735/5/2 1730/5/2 1736/5/2
f 1737/5/2 1738/5/2 1740/5/2
f 1740/5/2 1738/5/2 1741/5/2
f 1739/5/2 1740/5/2 1745/5/2
f 1740/5/2 1741/5/2 1745/5/2
f 1741/5/2 1742/5/2 1745/5/2
f 1745/5/2 1742/5/2 1746/5/2
f 1746/5/2 1742/5/2 1747/5/2
f 1747/5/2 1742/5/2 1748/5/2
f 1743/12/2 1744/12/2 1749/12/2
f 1749/12/2 1744/12/2 1750/12/2
f 1746/5/2 1747/5/2 1751/5/2
f 1751/5/2 1747/5/2 1752/5/2
f 1753/12/2 1754/12/2 1757/12/2
f 1757/12/2 1754/12/2 1758/12/2
f 1755/10/2 1756/10/2 1759/10/2
f 1759/10/2 1756/10/2 1760/10/2
f 1761/14/2 1762/14/2 1763/14/2
f 1763/14/2 1762/14/2 1764/14/2
f 1765/10/2 1766/10/2 1767/10/2
f 1767/10/2 1766/10/2 1768/10/2
f 1769/9/2 1770/9/2 1771/9/2
f 1771/9/2 1770/9/2 1772/9/2
f 1773/14/2 1774/14/2 1775/14/2
f 1775/14/2 1774/14/2 1776/14/2
f 1777/13/2 1778/13/2 1779/13/2
f 1779/13/2 1778/13/2 1780/13/2
f 1781/10/2 1782/10/2 1783/10/2
f 1783/10/2 1782/10/2 1784/10/2
f 1785/8/2 1786/8/2 1789/8/2
f 1789/8/2 1786/8/2 1790/8/2
f 1787/8/2 1788/8/2 1791/8/2
f 1791/8/2 1788/8/2 1792/8/2
f 1793/13/2 1794/13/2 1795/13/2
f 1795/13/2 1794/13/2 1796/13/2
f 1797/13/2 1798/13/2 1799/13/2
f 1799/13/2 1798/13/2 1800/13/2
f 1801/14/2 1802/14/2 1803/14/2
f 1803/14/2 1802/14/2 1804/14/2
f 1805/7/2 1806/7/2 1807/7/2
f 1807/7/2 1806/7/2 1808/7/2
f 1809/7/2 1810/7/2 1817/7/2
f 1817/7/2 1810/7/2 1818/7/2
f 1811/8/2 1812/8/2 1819/8/2
f 1819/8/2 1812/8/2 1820/8/2
f 1813/8/2 1814/8/2 1821/8/2
f 1821/8/2 1814/8/2 1822/8/2
f 1815/7/2 1816/7/2 1823/7/2
f 1823/7/2 1816/7/2 1824/7/2
f 1821/7/2 1822/7/2 1827/7/2
f 1827/7/2 1822/7/2 1828/7/2
f 1825/9/2 1826/9/2 1829/9/2
f 1829/9/2 1826/9/2 1830/9/2
f 1831/10/2 1832/10/2 1833/10/2
f 1833/10/2 1832/10/2 1834/10/2
f 1835/10/2 1836/10/2 1837/10/2
f 1837/10/2 1836/10/2 1838/10/2
f 1839/10/2 1840/10/2 1841/10/2
f 1841/10/2 1840/10/2 1842/10/2
f 1843/8/2 1844/8/2 1849/8/2
f 1849/8/2 1844/8/2 1850/8/2
f 1845/9/2 1846/9/2 1851/9/2
f 1851/9/2 1846/9/2 1852/9/2
f 1847/8/2 1848/8/2 1853/8/2
f 1853/8/2 1848/8/2 1854/8/2
f 1851/8/2 1852/8/2 1855/8/2
f 1855/8/2 1852/8/2 1856/8/2
f 1857/15/2 1858/15/2 1859/15/2
f 1859/15/2 1858/15/2 1860/15/2
f 1863/9/2 1864/9/2 1867/9/2
f 1867/9/2 1864/9/2 1868/9/2
f 1865/9/2 1866/9/2 1870/9/2
f 1870/9/2 1866/9/2 1871/9/2
f 1861/4/2 1862/4/2 1873/4/2
f 1873/4/2 1862/4/2 1874/4/2
f 1868/8/2 1869/8/2 1876/8/2
f 1876/8/2 1869/8/2 1877/8/2
f 1870/8/2 1871/8/2 1878/8/2
f 1878/8/2 1871/8/2 1879/8/2
f 1872/18/2 1873/18/2 1880/18/2
f 1880/18/2 1873/18/2 1881/18/2
f 1874/18/2 1875/18/2 1882/18/2
f 1882/18/2 1875/18/2 1883/18/2
f 1881/18/2 1882/18/2 1884/18/2
f 1884/18/2 1882/18/2 1885/18/2
f 1886/13/2 1887/13/2 1888/13/2
f 1888/13/2 1887/13/2 1889/13/2
f 1890/13/2 1891/13/2 1892/13/2
f 1892/13/2 1891/13/2 1893/13/2
f 1894/14/2 1895/14/2 1898/14/2
f 1898/14/2 1895/14/2 1899/14/2
f 1896/12/2 1897/12/2 1900/12/2
f 1900/12/2 1897/12/2 1901/12/2
f 1902/7/2 1903/7/2 1906/7/2
f 1906/7/2 1903/7/2 1907/7/2
f 1904/9/2 1905/9/2 1908/9/2
f 1908/9/2 1905/9/2 1909/9/2
f 1908/8/2 1909/8/2 1912/8/2
f 1912/8/2 1909/8/2 1913/8/2
f 1910/18/2 1911/18/2 1914/18/2
f 1914/18/2 1911/18/2 1915/18/2
f 1916/6/2 1917/6/2 1918/6/2
f 1918/6/2 1917/6/2 1919/6/2
f 1920/13/2 1921/13/2 1922/13/2
f 1922/13/2 1921/13/2 1923/13/2
f 1924/9/2 1925/9/2 1926/9/2
f 1926/9/2 1925/9/2 1927/9/2
f 1928/12/2 1929/12/2 1932/12/2
f 1932/12/2 1929/12/2 1933/12/2
f 1930/12/2 1931/12/2 1934/12/2
f 1934/12/2 1931/12/2 1935/12/2
f 1936/9/2 1937/9/2 1938/9/2
f 1938/9/2 1937/9/2 1939/9/2
f 1940/8/2 1941/8/2 1942/8/2
f 1942/8/2 1941/8/2 1943/8/2
f 1944/15/2 1945/15/2 1946/15/2
f 1946/15/2 1945/15/2 1947/15/2
f 1948/15/2 1949/15/2 1950/15/2
f 1950/15/2 1949/15/2 1951/15/2
f 1952/9/2 1953/9/2 1961/9/2
f 1961/9/2 1953/9/2 1962/9/2
f 1954/7/2 1955/7/2 1963/7/2
f 1963/7/2 1955/7/2 1964/7/2
f 1958/9/2 1959/9/2 1967/9/2
f 1959/8/2 1960/8/2 1968/8/2
f 1967/9/2 1959/9/2 1968/9/2
f 1968/8/2 1960/8/2 1969/8/2
f 1961/8/2 1962/8/2 1970/8/2
f 1970/8/2 1962/8/2 1971/8/2
f 1956/9/2 1957/9/2 1972/9/2
f 1972/9/2 1957/9/2 1973/9/2
f 1965/8/2 1966/8/2 1974/8/2
f 1974/8/2 1966/8/2 1975/8/2
f 1967/8/2 1968/8/2 1976/8/2
f 1976/8/2 1968/8/2 1977/8/2
f 1978/6/2 1979/6/2 1980/6/2
f 1980/6/2 1979/6/2 1981/6/2
f 1982/13/2 1983/13/2 1984/13/2
f 1984/13/2 1983/13/2 1985/13/2
f 1986/9/2 1987/9/2 1996/9/2
f 1988/9/2 1989/9/2 1998/9/2
f 1990/7/2 1991/7/2 1999/7/2
f 1999/7/2 1991/7/2 2000/7/2
f 1992/7/2 1993/7/2 2001/7/2
f 2001/7/2 1993/7/2 2002/7/2
f 1994/7/2 1995/7/2 2003/7/2
f 2003/7/2 1995/7/2 2004/7/2
f 1996/9/2 1997/9/2 2005/9/2
f 1986/9/2 1996/9/2 2005/9/2
f 2005/9/2 1997/9/2 2006/9/2
f 1988/9/2 1998/9/2 2007/9/2
f 2007/9/2 1998/9/2 2008/9/2
f 2005/8/2 2006/8/2 2009/8/2
f 2009/8/2 2006/8/2 2010/8/2
f 2007/8/2 2008/8/2 2011/8/2
f 2011/8/2 2008/8/2 2012/8/2
f 2013/6/2 2014/6/2 2015/6/2
f 2015/6/2 2014/6/2 2016/6/2
f 2017/10/2 2018/10/2 2019/10/2
f 2019/10/2 2018/10/2 2020/10/2
f 2021/15/2 2022/15/2 2023/15/2
f 2023/15/2 2022/15/2 2024/15/2
f 2025/9/2 2026/9/2 2027/9/2
f 2027/9/2 2026/9/2 2028/9/2
f 2027/9/2 2028/9/2 2029/9/2
f 2029/9/2 2028/9/2 2030/9/2
f 2029/8/2 2030/8/2 2031/8/2
f 2031/8/2 2030/8/2 2032/8/2
f 2033/10/2 2034/10/2 2035/10/2
f 2035/10/2 2034/10/2 2036/10/2
f 2037/9/2 2038/9/2 2043/9/2
f 2043/9/2 2038/9/2 2044/9/2
f 2044/9/2 2038/9/2 2045/9/2
f 2045/9/2 2038/9/2 2046/9/2
f 2041/8/2 2042/8/2 2049/8/2
f 2042/9/2 2043/9/2 2050/9/2
f 2049/8/2 2042/8/2 2050/8/2
f 2043/9/2 2044/9/2 2050/9/2
f 2050/9/2 2044/9/2 2051/9/2
f 2044/8/2 2045/8/2 2052/8/2
f 2051/9/2 2044/9/2 2052/9/2
f 2045/9/2 2046/9/2 2053/9/2
f 2052/8/2 2045/8/2 2053/8/2
f 2053/9/2 2046/9/2 2054/9/2
f 2047/9/2 2048/9/2 2055/9/2
f 2055/9/2 2048/9/2 2056/9/2
f 2039/4/2 2040/4/2 2058/4/2
f 2058/4/2 2040/4/2 2059/4/2
f 2051/8/2 2052/8/2 2061/8/2
f 2061/8/2 2052/8/2 2062/8/2
f 2053/8/2 2054/8/2 2063/8/2
f 2063/8/2 2054/8/2 2064/8/2
f 2057/16/2 2058/16/2 2067/16/2
f 2067/16/2 2058/16/2 2068/16/2
f 2059/16/2 2060/16/2 2069/16/2
f 2069/16/2 2060/16/2 2070/16/2
f 2065/9/2 2066/9/2 2071/9/2
f 2071/9/2 2066/9/2 2072/9/2
f 2068/16/2 2069/16/2 2073/16/2
f 2073/16/2 2069/16/2 2074/16/2
f 2075/9/2 2076/9/2 2077/9/2
f 2077/9/2 2076/9/2 2078/9/2
f 2079/8/2 2080/8/2 2081/8/2
f 2081/8/2 2080/8/2 2082/8/2
f 2083/16/2 2084/16/2 2085/16/2
f 2085/16/2 2084/16/2 2086/16/2
f 2087/9/2 2088/9/2 2093/9/2
f 2093/9/2 2088/9/2 2094/9/2
f 2094/9/2 2088/9/2 2095/9/2
f 2089/7/2 2090/7/2 2098/7/2
f 2098/7/2 2090/7/2 2099/7/2
f 2091/8/2 2092/8/2 2102/8/2
f 2102/8/2 2092/8/2 2103/8/2
f 2093/7/2 2094/7/2 2104/7/2
f 2104/7/2 2094/7/2 2105/7/2
f 2096/8/2 2097/8/2 2106/8/2
f 2106/8/2 2097/8/2 2107/8/2
f 2100/9/2 2101/9/2 2108/9/2
f 2108/9/2 2101/9/2 2109/9/2
f 2110/8/2 2111/8/2 2112/8/2
f 2112/8/2 2111/8/2 2113/8/2
f 2112/6/2 2113/6/2 2114/6/2
f 2114/6/2 2113/6/2 2115/6/2
f 2116/8/2 2117/8/2 2118/8/2
f 2118/8/2 2117/8/2 2119/8/2
f 2119/8/2 2117/8/2 2120/8/2
f 2120/8/2 2117/8/2 2121/8/2
f 2121/8/2 2117/8/2 2122/8/2
f 2122/8/2 2117/8/2 2123/8/2
f 2123/8/2 2117/8/2 2124/8/2
f 2124/8/2 2117/8/2 2125/8/2
f 2119/8/2 2120/8/2 2126/8/2
f 2120/9/2 2121/9/2 2126/9/2
f 2126/9/2 2121/9/2 2127/9/2
f 2127/9/2 2121/9/2 2128/9/2
f 2121/8/2 2122/8/2 2129/8/2
f 2128/9/2 2121/9/2 2129/9/2
f 2129/8/2 2122/8/2 2130/8/2
f 2123/7/2 2124/7/2 2131/7/2
f 2131/7/2 2124/7/2 2132/7/2
f 2132/7/2 2124/7/2 2133/7/2
f 2119/8/2 2126/8/2 2136/8/2
f 2126/8/2 2127/8/2 2136/8/2
f 2136/8/2 2127/8/2 2137/8/2
f 2128/8/2 2129/8/2 2138/8/2
f 2138/8/2 2129/8/2 2139/8/2
f 2132/9/2 2133/9/2 2140/9/2
f 2140/9/2 2133/9/2 2141/9/2
f 2134/8/2 2135/8/2 2142/8/2
f 2142/8/2 2135/8/2 2143/8/2
f 2144/15/2 2145/15/2 2146/15/2
f 2146/15/2 2145/15/2 2147/15/2
f 2148/11/2 2149/11/2 2154/11/2
f 2154/11/2 2149/11/2 2155/11/2
f 2150/11/2 2151/11/2 2158/11/2
f 2158/11/2 2151/11/2 2159/11/2
f 2152/14/2 2153/14/2 2160/14/2
f 2160/14/2 2153/14/2 2161/14/2
f 2156/15/2 2157/15/2 2164/15/2
f 2164/15/2 2157/15/2 2165/15/2
f 2162/11/2 2163/11/2 2168/11/2
f 2168/11/2 2163/11/2 2169/11/2
f 2166/11/2 2167/11/2 2172/11/2
f 2172/11/2 2167/11/2 2173/11/2
f 2170/11/2 2171/11/2 2176/11/2
f 2176/11/2 2171/11/2 2177/11/2
f 2174/11/2 2175/11/2 2178/11/2
f 2178/11/2 2175/11/2 2179/11/2
f 2180/11/2 2181/11/2 2188/11/2
f 2188/11/2 2181/11/2 2189/11/2
f 2182/11/2 2183/11/2 2190/11/2
f 2190/11/2 2183/11/2 2191/11/2
f 2184/14/2 2185/14/2 2192/14/2
f 2192/14/2 2185/14/2 2193/14/2
f 2186/11/2 2187/11/2 2198/11/2
f 2198/11/2 2187/11/2 2199/11/2
f 2194/11/2 2195/11/2 2204/11/2
f 2204/11/2 2195/11/2 2205/11/2
f 2196/11/2 2197/11/2 2206/11/2
f 2206/11/2 2197/11/2 2207/11/2
f 2200/11/2 2201/11/2 2210/11/2
f 2210/11/2 2201/11/2 2211/11/2
f 2202/11/2 2203/11/2 2214/11/2
f 2214/11/2 2203/11/2 2215/11/2
f 2208/11/2 2209/11/2 2218/11/2
f 2218/11/2 2209/11/2 2219/11/2
f 2212/11/2 2213/11/2 2220/11/2
f 2220/11/2 2213/11/2 2221/11/2
f 2216/14/2 2217/14/2 2224/14/2
f 2224/14/2 2217/14/2 2225/14/2
f 2222/11/2 2223/11/2 2228/11/2
f 2228/11/2 2223/11/2 2229/11/2
f 2226/14/2 2227/14/2 2232/14/2
f 2232/14/2 2227/14/2 2233/14/2
f 2230/11/2 2231/11/2 2236/11/2
f 2236/11/2 2231/11/2 2237/11/2
f 2234/11/2 2235/11/2 2246/11/2
f 2246/11/2 2235/11/2 2247/11/2
f 2238/11/2 2239/11/2 2248/11/2
f 2248/11/2 2239/11/2 2249/11/2
f 2240/11/2 2241/11/2 2252/11/2
f 2252/11/2 2241/11/2 2253/11/2
f 2242/11/2 2243/11/2 2254/11/2
f 2254/11/2 2243/11/2 2255/11/2
f 2244/11/2 2245/11/2 2257/11/2
f 2257/11/2 2245/11/2 2258/11/2
f 2250/11/2 2251/11/2 2259/11/2
f 2259/11/2 2251/11/2 2260/11/2
f 2255/11/2 2256/11/2 2263/11/2
f 2263/11/2 2256/11/2 2264/11/2
f 2261/11/2 2262/11/2 2267/11/2
f 2267/11/2 2262/11/2 2268/11/2
f 2265/11/2 2266/11/2 2271/11/2
f 2271/11/2 2266/11/2 2272/11/2
f 2269/14/2 2270/14/2 2277/14/2
f 2277/14/2 2270/14/2 2278/14/2
f 2273/11/2 2274/11/2 2283/11/2
f 2283/11/2 2274/11/2 2284/11/2
f 2275/11/2 2276/11/2 2287/11/2
f 2287/11/2 2276/11/2 2288/11/2
f 2279/11/2 2280/11/2 2293/11/2
f 2293/11/2 2280/11/2 2294/11/2
f 2281/11/2 2282/11/2 2295/11/2
f 2295/11/2 2282/11/2 2296/11/2
f 2285/11/2 2286/11/2 2297/11/2
f 2297/11/2 2286/11/2 2298/11/2
f 2289/11/2 2290/11/2 2299/11/2
f 2299/11/2 2290/11/2 2300/11/2
f 2291/11/2 2292/11/2 2301/11/2
f 2301/11/2 2292/11/2 2302/11/2
f 2303/11/2 2304/11/2 2311/11/2
f 2311/11/2 2304/11/2 2312/11/2
f 2305/11/2 2306/11/2 2317/11/2
f 2317/11/2 2306/11/2 2318/11/2
f 2307/11/2 2308/11/2 2323/11/2
f 2323/11/2 2308/11/2 2324/11/2
f 2309/11/2 2310/11/2 2325/11/2
f 2325/11/2 2310/11/2 2326/11/2
f 2313/11/2 2314/11/2 2333/11/2
f 2333/11/2 2314/11/2 2334/11/2
f 2315/11/2 2316/11/2 2335/11/2
f 2335/11/2 2316/11/2 2336/11/2
f 2319/11/2 2320/11/2 2337/11/2
f 2337/11/2 2320/11/2 2338/11/2
f 2321/11/2 2322/11/2 2339/11/2
f 2339/11/2 2322/11/2 2340/11/2
f 2327/11/2 2328/11/2 2341/11/2
f 2341/11/2 2328/11/2 2342/11/2
f 2329/11/2 2330/11/2 2343/11/2
f 2343/11/2 2330/11/2 2344/11/2
f 2331/11/2 2332/11/2 2345/11/2
f 2345/11/2 2332/11/2 2346/11/2
f 2347/11/2 2348/11/2 2353/11/2
f 2353/11/2 2348/11/2 2354/11/2
f 2349/11/2 2350/11/2 2359/11/2
f 2359/11/2 2350/11/2 2360/11/2
f 2351/11/2 2352/11/2 2361/11/2
f 2361/11/2 2352/11/2 2362/11/2
f 2355/14/2 2356/14/2 2366/14/2
f 2366/14/2 2356/14/2 2367/14/2
f 2357/11/2 2358/11/2 2372/11/2
f 2372/11/2 2358/11/2 2373/11/2
f 2362/1/2 2363/1/2 2378/1/2
f 2361/1/2 2362/1/2 2378/1/2
f 2378/1/2 2363/1/2 2379/1/2
f 2364/15/2 2365/15/2 2381/15/2
f 2381/15/2 2365/15/2 2382/15/2
f 2368/11/2 2369/11/2 2385/11/2
f 2385/11/2 2369/11/2 2386/11/2
f 2370/11/2 2371/11/2 2387/11/2
f 2387/11/2 2371/11/2 2388/11/2
f 2373/11/2 2374/11/2 2389/11/2
f 2389/11/2 2374/11/2 2390/11/2
f 2375/15/2 2376/15/2 2391/15/2
f 2391/15/2 2376/15/2 2392/15/2
f 2383/11/2 2384/11/2 2395/11/2
f 2395/11/2 2384/11/2 2396/11/2
f 2379/1/2 2380/1/2 2408/1/2
f 2378/1/2 2379/1/2 2408/1/2
f 2377/1/2 2378/1/2 2408/1/2
f 2408/1/2 2380/1/2 2409/1/2
f 2409/1/2 2380/1/2 2410/1/2
f 2410/1/2 2380/1/2 2411/1/2
f 2393/11/2 2394/11/2 2412/11/2
f 2412/11/2 2394/11/2 2413/11/2
f 2397/11/2 2398/11/2 2414/11/2
f 2414/11/2 2398/11/2 2415/11/2
f 2399/14/2 2400/14/2 2416/14/2
f 2416/14/2 2400/14/2 2417/14/2
f 2401/11/2 2402/11/2 2418/11/2
f 2418/11/2 2402/11/2 2419/11/2
f 2403/11/2 2404/11/2 2420/11/2
f 2420/11/2 2404/11/2 2421/11/2
f 2405/11/2 2406/11/2 2422/11/2
f 2422/11/2 2406/11/2 2423/11/2
f 2407/11/2 2408/11/2 2424/11/2
f 2424/11/2 2408/11/2 2425/11/2
f 2409/1/2 2410/1/2 2426/1/2
f 2426/1/2 2410/1/2 2427/1/2
f 2432/15/3 2431/15/3 2430/15/3
f 2433/15/3 2431/15/3 2432/15/3
f 2438/10/3 2435/10/3 2434/10/3
f 2439/10/3 2435/10/3 2438/10/3
f 2440/12/3 2437/12/3 2436/12/3
f 2441/12/3 2437/12/3 2440/12/3
f 2454/10/3 2443/10/3 2442/10/3
f 2455/10/3 2443/10/3 2454/10/3
f 2458/12/3 2445/12/3 2444/12/3
f 2459/12/3 2445/12/3 2458/12/3
f 2460/10/3 2447/10/3 2446/10/3
f 2461/10/3 2447/10/3 2460/10/3
f 2462/12/3 2449/12/3 2448/12/3
f 2463/12/3 2449/12/3 2462/12/3
f 2464/12/3 2451/12/3 2450/12/3
f 2465/12/3 2451/12/3 2464/12/3
f 2468/12/3 2453/12/3 2452/12/3
f 2469/12/3 2453/12/3 2468/12/3
f 2470/15/3 2457/15/3 2456/15/3
f 2471/15/3 2457/15/3 2470/15/3
f 2472/10/3 2467/10/3 2466/10/3
f 2473/10/3 2467/10/3 2472/10/3
f 2478/12/3 2475/12/3 2474/12/3
f 2479/12/3 2475/12/3 2478/12/3
f 2482/15/3 2477/15/3 2476/15/3
f 2483/15/3 2477/15/3 2482/15/3
f 2484/12/3 2481/12/3 2480/12/3
f 2485/12/3 2481/12/3 2484/12/3
f 2490/12/3 2487/12/3 2486/12/3
f 2491/12/3 2487/12/3 2490/12/3
f 2492/15/3 2489/15/3 2488/15/3
f 2493/15/3 2489/15/3 2492/15/3
f 2498/12/3 2495/12/3 2494/12/3
f 2499/12/3 2495/12/3 2498/12/3
f 2500/12/3 2497/12/3 2496/12/3
f 2501/12/3 2497/12/3 2500/12/3
f 2508/10/3 2503/10/3 2502/10/3
f 2509/10/3 2503/10/3 2508/10/3
f 2510/12/3 2505/12/3 2504/12/3
f 2511/12/3 2505/12/3 2510/12/3
f 2512/12/3 2507/12/3 2506/12/3
f 2513/12/3 2507/12/3 2512/12/3
f 2516/12/3 2515/12/3 2514/12/3
f 2517/12/3 2515/12/3 2516/12/3
f 2518/8/3 2429/8/3 2428/8/3
f 2520/8/3 2519/8/3 2518/8/3
f 2525/8/3 2520/8/3 2518/8/3
f 2525/8/3 2521/8/3 2520/8/3
f 2526/7/3 2522/7/3 2521/7/3
f 2526/8/3 2521/8/3 2525/8/3
f 2527/7/3 2522/7/3 2526/7/3
f 2530/10/3 2524/10/3 2523/10/3
f 2531/10/3 2524/10/3 2530/10/3
f 2532/8/3 2518/8/3 2428/8/3
f 2532/8/3 2525/8/3 2518/8/3
f 2533/8/3 2525/8/3 2532/8/3
f 2534/15/3 2529/15/3 2528/15/3
f 2535/15/3 2529/15/3 2534/15/3
f 2536/9/3 2533/9/3 2532/9/3
f 2542/15/3 2539/15/3 2538/15/3
f 2543/15/3 2539/15/3 2542/15/3
f 2544/15/3 2541/15/3 2540/15/3
f 2545/15/3 2541/15/3 2544/15/3
f 2546/8/3 2532/8/3 2428/8/3
f 2546/9/3 2536/9/3 2532/9/3
f 2547/7/3 2537/7/3 2536/7/3
f 2547/9/3 2536/9/3 2546/9/3
f 2548/7/3 2537/7/3 2547/7/3
f 2549/8/3 2546/8/3 2428/8/3
f 2550/8/3 2546/8/3 2549/8/3
f 2553/8/3 2552/8/3 2551/8/3
f 2555/8/3 2553/8/3 2551/8/3
f 2556/7/3 2554/7/3 2553/7/3
f 2556/8/3 2553/8/3 2555/8/3
f 2557/7/3 2554/7/3 2556/7/3
f 2560/7/3 2559/7/3 2558/7/3
f 2561/7/3 2559/7/3 2560/7/3
f 2562/7/3 2559/7/3 2561/7/3
f 2565/14/3 2564/14/3 2563/14/3
f 2566/14/3 2564/14/3 2565/14/3
f 2569/9/3 2568/9/3 2567/9/3
f 2570/9/3 2568/9/3 2569/9/3
f 2573/8/3 2572/8/3 2571/8/3
f 2574/8/3 2572/8/3 2573/8/3
f 2585/15/3 2576/15/3 2575/15/3
f 2586/15/3 2576/15/3 2585/15/3
f 2587/14/3 2578/14/3 2577/14/3
f 2588/14/3 2578/14/3 2587/14/3
f 2589/11/3 2580/11/3 2579/11/3
f 2590/11/3 2580/11/3 2589/11/3
f 2591/11/3 2582/11/3 2581/11/3
f 2592/11/3 2582/11/3 2591/11/3
f 2593/11/3 2584/11/3 2583/11/3
f 2594/11/3 2584/11/3 2593/11/3
f 2597/12/3 2596/12/3 2595/12/3
f 2598/12/3 2596/12/3 2597/12/3
f 2599/10/3 2598/10/3 2597/10/3
f 2600/10/3 2598/10/3 2599/10/3
f 2603/7/3 2602/7/3 2601/7/3
f 2604/7/3 2602/7/3 2603/7/3
f 2607/8/3 2606/8/3 2605/8/3
f 2608/8/3 2606/8/3 2607/8/3
f 2613/11/3 2610/11/3 2609/11/3
f 2614/11/3 2610/11/3 2613/11/3
f 2615/11/3 2612/11/3 2611/11/3
f 2616/11/3 2612/11/3 2615/11/3
f 2619/10/3 2618/10/3 2617/10/3
f 2620/10/3 2618/10/3 2619/10/3
f 2623/9/3 2622/9/3 2621/9/3
f 2624/9/3 2622/9/3 2623/9/3
f 2627/8/3 2626/8/3 2625/8/3
f 2628/8/3 2626/8/3 2627/8/3
f 2631/8/3 2630/8/3 2629/8/3
f 2632/8/3 2630/8/3 2631/8/3
f 2643/8/3 2634/8/3 2633/8/3
f 2644/8/3 2634/8/3 2643/8/3
f 2645/11/3 2636/11/3 2635/11/3
f 2646/11/3 2636/11/3 2645/11/3
f 2647/11/3 2638/11/3 2637/11/3
f 2648/11/3 2638/11/3 2647/11/3
f 2649/11/3 2640/11/3 2639/11/3
f 2650/11/3 2640/11/3 2649/11/3
f 2651/11/3 2642/11/3 2641/11/3
f 2652/11/3 2642/11/3 2651/11/3
f 2655/8/3 2654/8/3 2653/8/3
f 2657/8/3 2655/8/3 2653/8/3
f 2657/9/3 2656/9/3 2655/9/3
f 2658/9/3 2656/9/3 2657/9/3
f 2659/8/3 2657/8/3 2653/8/3
f 2661/8/3 2659/8/3 2653/8/3
f 2662/7/3 2660/7/3 2659/7/3
f 2662/8/3 2659/8/3 2661/8/3
f 2663/7/3 2660/7/3 2662/7/3
f 2664/7/3 2662/7/3 2661/7/3
f 2665/7/3 2662/7/3 2664/7/3
f 2668/8/3 2667/8/3 2666/8/3
f 2669/8/3 2667/8/3 2668/8/3
f 2673/8/3 2671/8/3 2670/8/3
f 2674/8/3 2671/8/3 2673/8/3
f 2675/9/3 2673/9/3 2672/9/3
f 2676/9/3 2673/9/3 2675/9/3
f 2678/8/3 2677/8/3 2676/8/3
f 2679/8/3 2677/8/3 2678/8/3
f 2682/9/3 2681/9/3 2680/9/3
f 2683/9/3 2681/9/3 2682/9/3
f 2686/8/3 2685/8/3 2684/8/3
f 2687/8/3 2685/8/3 2686/8/3
f 2690/14/3 2689/14/3 2688/14/3
f 2691/14/3 2689/14/3 2690/14/3
f 2694/9/3 2693/9/3 2692/9/3
f 2695/9/3 2693/9/3 2694/9/3
f 2698/7/3 2697/7/3 2696/7/3
f 2699/7/3 2697/7/3 2698/7/3
f 2702/8/3 2701/8/3 2700/8/3
f 2703/8/3 2701/8/3 2702/8/3
f 2706/8/3 2705/8/3 2704/8/3
f 2707/8/3 2705/8/3 2706/8/3
f 2708/8/3 2705/8/3 2707/8/3
f 2711/8/3 2710/8/3 2709/8/3
f 2712/8/3 2710/8/3 2711/8/3
f 2715/9/3 2714/9/3 2713/9/3
f 2716/9/3 2714/9/3 2715/9/3
f 2720/9/3 2718/9/3 2717/9/3
f 2721/8/3 2719/8/3 2718/8/3
f 2721/9/3 2718/9/3 2720/9/3
f 2722/8/3 2719/8/3 2721/8/3
f 2723/8/3 2719/8/3 2722/8/3
f 2730/14/3 2725/14/3 2724/14/3
f 2731/14/3 2725/14/3 2730/14/3
f 2732/11/3 2727/11/3 2726/11/3
f 2733/11/3 2727/11/3 2732/11/3
f 2734/11/3 2729/11/3 2728/11/3
f 2735/11/3 2729/11/3 2734/11/3
f 2738/9/3 2737/9/3 2736/9/3
f 2739/9/3 2737/9/3 2738/9/3
f 2742/14/3 2741/14/3 2740/14/3
f 2743/14/3 2741/14/3 2742/14/3
f 2746/8/3 2745/8/3 2744/8/3
f 2747/8/3 2745/8/3 2746/8/3
f 2751/9/3 2749/9/3 2748/9/3
f 2752/8/3 2750/8/3 2749/8/3
f 2752/9/3 2749/9/3 2751/9/3
f 2753/8/3 2750/8/3 2752/8/3
f 2756/8/3 2755/8/3 2754/8/3
f 2757/8/3 2755/8/3 2756/8/3
f 2761/9/3 2759/9/3 2758/9/3
f 2762/8/3 2760/8/3 2759/8/3
f 2762/9/3 2759/9/3 2761/9/3
f 2763/8/3 2760/8/3 2762/8/3
f 2768/14/3 2765/14/3 2764/14/3
f 2769/14/3 2765/14/3 2768/14/3
f 2770/11/3 2767/11/3 2766/11/3
f 2771/11/3 2767/11/3 2770/11/3
f 2774/9/3 2773/9/3 2772/9/3
f 2775/9/3 2773/9/3 2774/9/3
f 2778/8/3 2777/8/3 2776/8/3
f 2779/8/3 2777/8/3 2778/8/3
f 2784/7/3 2781/7/3 2780/7/3
f 2786/14/3 2783/14/3 2782/14/3
f 2787/14/3 2783/14/3 2786/14/3
f 2788/7/3 2784/7/3 2780/7/3
f 2789/9/3 2785/9/3 2784/9/3
f 2789/7/3 2784/7/3 2788/7/3
f 2790/9/3 2785/9/3 2789/9/3
f 2794/9/3 2792/9/3 2791/9/3
f 2795/8/3 2793/8/3 2792/8/3
f 2795/9/3 2792/9/3 2794/9/3
f 2796/8/3 2793/8/3 2795/8/3
f 2797/8/3 2793/8/3 2796/8/3
f 2800/8/3 2799/8/3 2798/8/3
f 2801/8/3 2799/8/3 2800/8/3
f 2808/11/3 2803/11/3 2802/11/3
f 2809/11/3 2803/11/3 2808/11/3
f 2810/11/3 2805/11/3 2804/11/3
f 2811/11/3 2805/11/3 2810/11/3
f 2812/11/3 2807/11/3 2806/11/3
f 2813/11/3 2807/11/3 2812/11/3
f 2816/16/3 2815/16/3 2814/16/3
f 2817/16/3 2815/16/3 2816/16/3
f 2820/8/3 2819/8/3 2818/8/3
f 2821/8/3 2819/8/3 2820/8/3
f 2824/7/3 2823/7/3 2822/7/3
f 2825/7/3 2823/7/3 2824/7/3
f 2828/8/3 2827/8/3 2826/8/3
f 2829/8/3 2827/8/3 2828/8/3
f 2831/8/3 2830/8/3 2829/8/3
f 2832/8/3 2830/8/3 2831/8/3
f 2835/8/3 2834/8/3 2833/8/3
f 2836/8/3 2834/8/3 2835/8/3
f 2841/8/3 2838/8/3 2837/8/3
f 2842/8/3 2838/8/3 2841/8/3
f 2843/11/3 2840/11/3 2839/11/3
f 2844/11/3 2840/11/3 2843/11/3
f 2848/16/3 2846/16/3 2845/16/3
f 2849/16/3 2846/16/3 2848/16/3
f 2851/4/3 2848/4/3 2847/4/3
f 2852/4/3 2848/4/3 2851/4/3
f 2853/16/3 2850/16/3 2849/16/3
f 2854/16/3 2850/16/3 2853/16/3
f 2857/16/3 2853/16/3 2852/16/3
f 2858/16/3 2853/16/3 2857/16/3
f 2859/12/3 2856/12/3 2855/12/3
f 2860/12/3 2856/12/3 2859/12/3
f 2863/9/3 2862/9/3 2861/9/3
f 2864/9/3 2862/9/3 2863/9/3
f 2866/8/3 2865/8/3 2864/8/3
f 2867/8/3 2865/8/3 2866/8/3
f 2870/9/3 2869/9/3 2868/9/3
f 2871/9/3 2869/9/3 2870/9/3
f 2875/8/3 2873/8/3 2872/8/3
f 2876/9/3 2875/9/3 2874/9/3
f 2877/8/3 2873/8/3 2875/8/3
f 2877/9/3 2875/9/3 2876/9/3
f 2878/8/3 2873/8/3 2877/8/3
f 2885/11/3 2880/11/3 2879/11/3
f 2886/11/3 2880/11/3 2885/11/3
f 2887/14/3 2882/14/3 2881/14/3
f 2888/14/3 2882/14/3 2887/14/3
f 2889/11/3 2884/11/3 2883/11/3
f 2890/11/3 2884/11/3 2889/11/3
f 2893/8/3 2892/8/3 2891/8/3
f 2894/8/3 2892/8/3 2893/8/3
f 2897/11/3 2896/11/3 2895/11/3
f 2898/11/3 2896/11/3 2897/11/3
f 2901/10/3 2900/10/3 2899/10/3
f 2902/10/3 2900/10/3 2901/10/3
f 2909/11/3 2904/11/3 2903/11/3
f 2910/11/3 2904/11/3 2909/11/3
f 2911/11/3 2906/11/3 2905/11/3
f 2912/11/3 2906/11/3 2911/11/3
f 2913/11/3 2908/11/3 2907/11/3
f 2914/11/3 2908/11/3 2913/11/3
f 2919/11/3 2916/11/3 2915/11/3
f 2920/11/3 2916/11/3 2919/11/3
f 2921/11/3 2918/11/3 2917/11/3
f 2922/11/3 2918/11/3 2921/11/3
f 2925/12/3 2924/12/3 2923/12/3
f 2926/12/3 2924/12/3 2925/12/3
f 2927/14/3 2926/14/3 2925/14/3
f 2928/14/3 2926/14/3 2927/14/3
f 2931/18/3 2930/18/3 2929/18/3
f 2932/18/3 2930/18/3 2931/18/3
f 2937/11/3 2934/11/3 2933/11/3
f 2938/11/3 2934/11/3 2937/11/3
f 2939/11/3 2936/11/3 2935/11/3
f 2940/11/3 2936/11/3 2939/11/3
f 2943/15/3 2942/15/3 2941/15/3
f 2944/15/3 2942/15/3 2943/15/3
f 2949/5/3 2946/5/3 2945/5/3
f 2950/5/3 2946/5/3 2949/5/3
f 2951/5/3 2948/5/3 2947/5/3
f 2952/5/3 2948/5/3 2951/5/3
f 2956/18/3 2954/18/3 2953/18/3
f 2957/18/3 2954/18/3 2956/18/3
f 2959/4/3 2956/4/3 2955/4/3
f 2960/4/3 2956/4/3 2959/4/3
f 2961/18/3 2958/18/3 2957/18/3
f 2962/18/3 2958/18/3 2961/18/3
f 2963/18/3 2961/18/3 2960/18/3
f 2964/18/3 2961/18/3 2963/18/3
f 2967/12/3 2966/12/3 2965/12/3
f 2968/12/3 2966/12/3 2967/12/3
f 2971/11/3 2970/11/3 2969/11/3
f 2972/11/3 2970/11/3 2971/11/3
f 2977/11/3 2974/11/3 2973/11/3
f 2978/11/3 2974/11/3 2977/11/3
f 2979/15/3 2976/15/3 2975/15/3
f 2980/15/3 2976/15/3 2979/15/3
f 2985/11/3 2982/11/3 2981/11/3
f 2986/11/3 2982/11/3 2985/11/3
f 2987/11/3 2984/11/3 2983/11/3
f 2988/11/3 2984/11/3 2987/11/3
f 2991/10/3 2990/10/3 2989/10/3
f 2992/10/3 2990/10/3 2991/10/3
f 2995/11/3 2994/11/3 2993/11/3
f 2996/11/3 2994/11/3 2995/11/3
f 2999/9/3 2998/9/3 2997/9/3
f 3000/9/3 2998/9/3 2999/9/3
f 3003/12/3 3002/12/3 3001/12/3
f 3004/12/3 3002/12/3 3003/12/3
f 3012/19/3 3006/19/3 3005/19/3
f 3013/19/3 3006/19/3 3012/19/3
f 3016/5/3 3008/5/3 3007/5/3
f 3017/5/3 3008/5/3 3016/5/3
f 3019/5/3 3010/5/3 3009/5/3
f 3020/5/3 3010/5/3 3019/5/3
f 3021/5/3 3014/5/3 3013/5/3
f 3021/5/3 3012/5/3 3011/5/3
f 3021/5/3 3013/5/3 3012/5/3
f 3023/5/3 3018/5/3 3017/5/3
f 3023/5/3 3016/5/3 3015/5/3
f 3023/5/3 3017/5/3 3016/5/3
f 3024/5/3 3018/5/3 3023/5/3
f 3025/5/3 3018/5/3 3024/5/3
f 3026/5/3 3018/5/3 3025/5/3
f 3027/5/3 3019/5/3 3009/5/3
f 3028/5/3 3010/5/3 3020/5/3
f 3029/5/3 3022/5/3 3021/5/3
f 3029/5/3 3021/5/3 3011/5/3
f 3030/5/3 3022/5/3 3029/5/3
f 3031/5/3 3022/5/3 3030/5/3
f 3032/5/3 3022/5/3 3031/5/3
f 3033/5/3 3025/5/3 3024/5/3
f 3034/5/3 3025/5/3 3033/5/3
f 3035/5/3 3028/5/3 3027/5/3
f 3035/5/3 3027/5/3 3009/5/3
f 3036/5/3 3010/5/3 3028/5/3
f 3036/5/3 3028/5/3 3035/5/3
f 3037/5/3 3031/5/3 3030/5/3
f 3038/5/3 3031/5/3 3037/5/3
f 3041/14/3 3040/14/3 3039/14/3
f 3042/14/3 3040/14/3 3041/14/3
f 3047/11/3 3044/11/3 3043/11/3
f 3048/11/3 3044/11/3 3047/11/3
f 3049/11/3 3046/11/3 3045/11/3
f 3050/11/3 3046/11/3 3049/11/3
f 3053/9/3 3052/9/3 3051/9/3
f 3054/9/3 3052/9/3 3053/9/3
f 3057/8/3 3056/8/3 3055/8/3
f 3058/8/3 3056/8/3 3057/8/3
f 3067/5/3 3060/5/3 3059/5/3
f 3068/5/3 3060/5/3 3067/5/3
f 3069/5/3 3062/5/3 3061/5/3
f 3070/5/3 3062/5/3 3069/5/3
f 3071/5/3 3064/5/3 3063/5/3
f 3072/5/3 3064/5/3 3071/5/3
f 3073/5/3 3066/5/3 3065/5/3
f 3074/5/3 3066/5/3 3073/5/3
f 3081/5/3 3075/5/3 3074/5/3
f 3082/5/3 3075/5/3 3081/5/3
f 3083/5/3 3077/5/3 3076/5/3
f 3084/5/3 3077/5/3 3083/5/3
f 3088/5/3 3079/5/3 3078/5/3
f 3089/5/3 3079/5/3 3088/5/3
f 3090/5/3 3081/5/3 3080/5/3
f 3091/5/3 3081/5/3 3090/5/3
f 3092/5/3 3085/5/3 3084/5/3
f 3093/5/3 3085/5/3 3092/5/3
f 3094/5/3 3087/5/3 3086/5/3
f 3095/5/3 3087/5/3 3094/5/3
f 3098/11/3 3097/11/3 3096/11/3
f 3099/11/3 3097/11/3 3098/11/3
f 3102/8/3 3101/8/3 3100/8/3
f 3105/8/3 3102/8/3 3100/8/3
f 3106/7/3 3103/7/3 3102/7/3
f 3106/8/3 3102/8/3 3105/8/3
f 3107/7/3 3103/7/3 3106/7/3
f 3108/8/3 3105/8/3 3104/8/3
f 3109/8/3 3105/8/3 3108/8/3
f 3112/14/3 3111/14/3 3110/14/3
f 3113/14/3 3111/14/3 3112/14/3
f 3118/5/3 3115/5/3 3114/5/3
f 3119/5/3 3115/5/3 3118/5/3
f 3120/5/3 3117/5/3 3116/5/3
f 3121/5/3 3117/5/3 3120/5/3
f 3124/11/3 3123/11/3 3122/11/3
f 3125/11/3 3123/11/3 3124/11/3
f 3130/11/3 3127/11/3 3126/11/3
f 3131/11/3 3127/11/3 3130/11/3
f 3132/1/3 3129/1/3 3128/1/3
f 3133/1/3 3129/1/3 3132/1/3
f 3136/12/3 3135/12/3 3134/12/3
f 3137/12/3 3135/12/3 3136/12/3
f 3140/3/3 3139/3/3 3138/3/3
f 3148/3/3 3140/3/3 3138/3/3
f 3148/3/3 3141/3/3 3140/3/3
f 3149/3/3 3141/3/3 3148/3/3
f 3150/3/3 3141/3/3 3149/3/3
f 3151/11/3 3143/11/3 3142/11/3
f 3152/11/3 3143/11/3 3151/11/3
f 3153/11/3 3145/11/3 3144/11/3
f 3154/11/3 3145/11/3 3153/11/3
f 3155/11/3 3147/11/3 3146/11/3
f 3156/1/3 3148/1/3 3147/1/3
f 3156/11/3 3147/11/3 3155/11/3
f 3157/1/3 3148/1/3 3156/1/3
f 3158/1/3 3150/1/3 3149/1/3
f 3159/1/3 3150/1/3 3158/1/3
f 3162/10/3 3161/10/3 3160/10/3
f 3163/10/3 3161/10/3 3162/10/3
f 3166/5/3 3165/5/3 3164/5/3
f 3167/5/3 3165/5/3 3166/5/3
f 3170/7/3 3169/7/3 3168/7/3
f 3171/7/3 3169/7/3 3170/7/3
f 3176/3/3 3175/3/3 3174/3/3
f 3177/3/3 3175/3/3 3176/3/3
f 3178/3/3 3173/3/3 3172/3/3
f 3179/3/3 3173/3/3 3178/3/3
f 3182/7/3 3181/7/3 3180/7/3
f 3183/7/3 3181/7/3 3182/7/3
f 3186/11/3 3185/11/3 3184/11/3
f 3187/11/3 3185/11/3 3186/11/3
f 3190/9/3 3189/9/3 3188/9/3
f 3191/9/3 3189/9/3 3190/9/3
f 3194/7/3 3193/7/3 3192/7/3
f 3195/7/3 3193/7/3 3194/7/3
f 3198/14/3 3197/14/3 3196/14/3
f 3199/14/3 3197/14/3 3198/14/3
f 3202/9/3 3201/9/3 3200/9/3
f 3203/9/3 3201/9/3 3202/9/3
f 3206/11/3 3205/11/3 3204/11/3
f 3207/11/3 3205/11/3 3206/11/3
f 3210/16/3 3209/16/3 3208/16/3
f 3212/16/3 3210/16/3 3208/16/3
f 3212/16/3 3211/16/3 3210/16/3
f 3213/16/3 3211/16/3 3212/16/3
f 3214/16/3 3212/16/3 3208/16/3
f 3215/16/3 3212/16/3 3214/16/3
f 3218/14/3 3217/14/3 3216/14/3
f 3219/14/3 3217/14/3 3218/14/3
f 3222/14/3 3221/14/3 3220/14/3
f 3223/14/3 3221/14/3 3222/14/3
f 3232/9/3 3225/9/3 3224/9/3
f 3233/9/3 3225/9/3 3232/9/3
f 3234/11/3 3227/11/3 3226/11/3
f 3235/11/3 3227/11/3 3234/11/3
f 3236/11/3 3229/11/3 3228/11/3
f 3237/11/3 3229/11/3 3236/11/3
f 3238/11/3 3231/11/3 3230/11/3
f 3239/11/3 3231/11/3 3238/11/3
f 3242/9/3 3241/9/3 3240/9/3
f 3243/9/3 3241/9/3 3242/9/3
f 3248/16/3 3245/16/3 3244/16/3
f 3249/16/3 3245/16/3 3248/16/3
f 3251/4/3 3247/4/3 3246/4/3
f 3252/4/3 3247/4/3 3251/4/3
f 3254/17/3 3250/17/3 3249/17/3
f 3255/17/3 3250/17/3 3254/17/3
f 3256/16/3 3254/16/3 3253/16/3
f 3257/16/3 3254/16/3 3256/16/3
f 3264/11/3 3259/11/3 3258/11/3
f 3265/11/3 3259/11/3 3264/11/3
f 3266/11/3 3261/11/3 3260/11/3
f 3267/11/3 3261/11/3 3266/11/3
f 3268/11/3 3263/11/3 3262/11/3
f 3269/11/3 3263/11/3 3268/11/3
f 3272/7/3 3271/7/3 3270/7/3
f 3273/7/3 3271/7/3 3272/7/3
f 3276/7/3 3275/7/3 3274/7/3
f 3277/7/3 3275/7/3 3276/7/3
f 3280/15/3 3279/15/3 3278/15/3
f 3281/15/3 3279/15/3 3280/15/3
f 3284/9/3 3283/9/3 3282/9/3
f 3285/9/3 3283/9/3 3284/9/3
f 3288/15/3 3287/15/3 3286/15/3
f 3289/15/3 3287/15/3 3288/15/3
f 3292/10/3 3291/10/3 3290/10/3
f 3293/10/3 3291/10/3 3292/10/3
f 3296/8/3 3295/8/3 3294/8/3
f 3297/8/3 3295/8/3 3296/8/3
f 3298/7/3 3297/7/3 3296/7/3
f 3299/7/3 3297/7/3 3298/7/3
f 3302/8/3 3301/8/3 3300/8/3
f 3303/8/3 3301/8/3 3302/8/3
f 3306/7/3 3305/7/3 3304/7/3
f 3307/7/3 3305/7/3 3306/7/3
f 3310/15/3 3309/15/3 3308/15/3
f 3311/15/3 3309/15/3 3310/15/3
f 3314/9/3 3313/9/3 3312/9/3
f 3315/9/3 3313/9/3 3314/9/3
f 3322/14/3 3317/14/3 3316/14/3
f 3323/14/3 3317/14/3 3322/14/3
f 3324/11/3 3319/11/3 3318/11/3
f 3325/11/3 3319/11/3 3324/11/3
f 3326/11/3 3321/11/3 3320/11/3
f 3327/11/3 3321/11/3 3326/11/3
f 3330/14/3 3329/14/3 3328/14/3
f 3331/14/3 3329/14/3 3330/14/3
f 3334/16/3 3333/16/3 3332/16/3
f 3335/16/3 3333/16/3 3334/16/3
f 3342/11/3 3337/11/3 3336/11/3
f 3343/11/3 3337/11/3 3342/11/3
f 3344/11/3 3339/11/3 3338/11/3
f 3345/11/3 3339/11/3 3344/11/3
f 3346/11/3 3341/11/3 3340/11/3
f 3347/11/3 3341/11/3 3346/11/3
f 3350/9/3 3349/9/3 3348/9/3
f 3351/9/3 3349/9/3 3350/9/3
f 3354/7/3 3353/7/3 3352/7/3
f 3355/7/3 3353/7/3 3354/7/3
f 3359/16/3 3357/16/3 3356/16/3
f 3360/16/3 3357/16/3 3359/16/3
f 3362/4/3 3359/4/3 3358/4/3
f 3363/4/3 3359/4/3 3362/4/3
f 3364/16/3 3361/16/3 3360/16/3
f 3365/16/3 3361/16/3 3364/16/3
f 3366/16/3 3364/16/3 3363/16/3
f 3367/16/3 3364/16/3 3366/16/3
f 3372/11/3 3369/11/3 3368/11/3
f 3373/11/3 3369/11/3 3372/11/3
f 3374/11/3 3371/11/3 3370/11/3
f 3375/11/3 3371/11/3 3374/11/3
f 3378/6/3 3377/6/3 3376/6/3
f 3379/6/3 3377/6/3 3378/6/3
f 3382/6/3 3381/6/3 3380/6/3
f 3383/6/3 3381/6/3 3382/6/3
f 3386/9/3 3385/9/3 3384/9/3
f 3387/9/3 3385/9/3 3386/9/3
f 3390/12/3 3389/12/3 3388/12/3
f 3391/12/3 3389/12/3 3390/12/3
f 3396/11/3 3393/11/3 3392/11/3
f 3397/11/3 3393/11/3 3396/11/3
f 3398/11/3 3395/11/3 3394/11/3
f 3399/11/3 3395/11/3 3398/11/3
f 3402/9/3 3401/9/3 3400/9/3
f 3403/9/3 3401/9/3 3402/9/3
f 3408/6/3 3405/6/3 3404/6/3
f 3409/6/3 3405/6/3 3408/6/3
f 3412/13/3 3411/13/3 3410/13/3
f 3413/13/3 3411/13/3 3412/13/3
f 3415/6/3 3407/6/3 3406/6/3
f 3416/6/3 3407/6/3 3415/6/3
f 3418/6/3 3415/6/3 3414/6/3
f 3419/6/3 3415/6/3 3418/6/3
f 3421/8/3 3418/8/3 3417/8/3
f 3422/9/3 3421/9/3 3420/9/3
f 3423/8/3 3418/8/3 3421/8/3
f 3423/9/3 3421/9/3 3422/9/3
f 3424/8/3 3418/8/3 3423/8/3
f 3426/6/3 3425/6/3 3424/6/3
f 3427/6/3 3425/6/3 3426/6/3
f 3430/6/3 3429/6/3 3428/6/3
f 3431/6/3 3429/6/3 3430/6/3
f 3434/11/3 3433/11/3 3432/11/3
f 3435/11/3 3433/11/3 3434/11/3
f 3439/9/3 3437/9/3 3436/9/3
f 3440/8/3 3438/8/3 3437/8/3
f 3440/9/3 3437/9/3 3439/9/3
f 3441/8/3 3438/8/3 3440/8/3
f 3443/9/3 3442/9/3 3441/9/3
f 3444/9/3 3442/9/3 3443/9/3
f 3449/9/3 3446/9/3 3445/9/3
f 3450/9/3 3446/9/3 3449/9/3
f 3452/9/3 3448/9/3 3447/9/3
f 3453/9/3 3448/9/3 3452/9/3
f 3456/9/3 3452/9/3 3451/9/3
f 3457/9/3 3452/9/3 3456/9/3
f 3459/6/3 3455/6/3 3454/6/3
f 3460/6/3 3455/6/3 3459/6/3
f 3462/6/3 3459/6/3 3458/6/3
f 3463/9/3 3462/9/3 3461/9/3
f 3464/9/3 3462/9/3 3463/9/3
f 3465/6/3 3459/6/3 3462/6/3
f 3465/9/3 3462/9/3 3464/9/3
f 3466/6/3 3459/6/3 3465/6/3
f 3468/9/3 3465/9/3 3464/9/3
f 3469/9/3 3465/9/3 3468/9/3
f 3470/6/3 3467/6/3 3466/6/3
f 3471/6/3 3467/6/3 3470/6/3
f 3476/6/3 3473/6/3 3472/6/3
f 3477/6/3 3473/6/3 3476/6/3
f 3479/9/3 3475/9/3 3474/9/3
f 3480/8/3 3476/8/3 3475/8/3
f 3480/9/3 3475/9/3 3479/9/3
f 3481/8/3 3476/8/3 3480/8/3
f 3482/6/3 3478/6/3 3477/6/3
f 3484/9/3 3481/9/3 3480/9/3
f 3485/6/3 3482/6/3 3481/6/3
f 3485/9/3 3481/9/3 3484/9/3
f 3486/6/3 3478/6/3 3482/6/3
f 3486/6/3 3482/6/3 3485/6/3
f 3487/8/3 3484/8/3 3483/8/3
f 3489/6/3 3478/6/3 3486/6/3
f 3490/8/3 3487/8/3 3483/8/3
f 3491/9/3 3488/9/3 3487/9/3
f 3491/8/3 3487/8/3 3490/8/3
f 3493/9/3 3488/9/3 3491/9/3
f 3494/6/3 3489/6/3 3488/6/3
f 3494/9/3 3488/9/3 3493/9/3
f 3495/6/3 3478/6/3 3489/6/3
f 3495/6/3 3489/6/3 3494/6/3
f 3498/14/3 3497/14/3 3496/14/3
f 3499/14/3 3497/14/3 3498/14/3
f 3500/6/3 3478/6/3 3495/6/3
f 3500/9/3 3495/9/3 3494/9/3
f 3500/9/3 3494/9/3 3493/9/3
f 3500/9/3 3493/9/3 3492/9/3
f 3501/6/3 3478/6/3 3500/6/3
f 3503/9/3 3500/9/3 3492/9/3
f 3503/9/3 3501/9/3 3500/9/3
f 3504/9/3 3501/9/3 3503/9/3
f 3505/9/3 3503/9/3 3492/9/3
f 3506/9/3 3503/9/3 3505/9/3
f 3507/6/3 3502/6/3 3501/6/3
f 3507/9/3 3501/9/3 3504/9/3
f 3508/6/3 3502/6/3 3507/6/3
f 3509/9/3 3507/9/3 3504/9/3
f 3510/9/3 3507/9/3 3509/9/3
f 3513/11/3 3512/11/3 3511/11/3
f 3514/11/3 3512/11/3 3513/11/3
f 3519/8/3 3516/8/3 3515/8/3
f 3521/8/3 3518/8/3 3517/8/3
f 3522/8/3 3518/8/3 3521/8/3
f 3523/8/3 3519/8/3 3515/8/3
f 3524/8/3 3519/8/3 3523/8/3
f 3525/8/3 3519/8/3 3524/8/3
f 3526/8/3 3521/8/3 3520/8/3
f 3527/8/3 3521/8/3 3526/8/3
f 3528/8/3 3525/8/3 3524/8/3
f 3528/8/3 3527/8/3 3526/8/3
f 3528/8/3 3526/8/3 3525/8/3
f 3529/8/3 3527/8/3 3528/8/3
f 3532/8/3 3528/8/3 3524/8/3
f 3533/8/3 3528/8/3 3532/8/3
f 3534/8/3 3528/8/3 3533/8/3
f 3541/15/3 3531/15/3 3530/15/3
f 3542/15/3 3531/15/3 3541/15/3
f 3545/10/3 3538/10/3 3537/10/3
f 3546/10/3 3538/10/3 3545/10/3
f 3547/13/3 3540/13/3 3539/13/3
f 3548/13/3 3540/13/3 3547/13/3
f 3549/13/3 3544/13/3 3543/13/3
f 3550/13/3 3544/13/3 3549/13/3
f 3552/8/3 3534/8/3 3533/8/3
f 3552/8/3 3535/8/3 3534/8/3
f 3553/8/3 3535/8/3 3552/8/3
f 3554/9/3 3536/9/3 3535/9/3
f 3554/8/3 3535/8/3 3553/8/3
f 3557/8/3 3553/8/3 3552/8/3
f 3557/8/3 3552/8/3 3551/8/3
f 3558/8/3 3553/8/3 3557/8/3
f 3559/8/3 3553/8/3 3558/8/3
f 3560/9/3 3536/9/3 3554/9/3
f 3561/9/3 3536/9/3 3560/9/3
f 3564/15/3 3556/15/3 3555/15/3
f 3565/15/3 3556/15/3 3564/15/3
f 3570/13/3 3563/13/3 3562/13/3
f 3571/13/3 3563/13/3 3570/13/3
f 3572/13/3 3567/13/3 3566/13/3
f 3573/13/3 3567/13/3 3572/13/3
f 3574/10/3 3569/10/3 3568/10/3
f 3575/10/3 3569/10/3 3574/10/3
f 3582/13/3 3577/13/3 3576/13/3
f 3583/13/3 3577/13/3 3582/13/3
f 3586/8/3 3581/8/3 3580/8/3
f 3586/8/3 3579/8/3 3578/8/3
f 3586/8/3 3580/8/3 3579/8/3
f 3587/8/3 3581/8/3 3586/8/3
f 3588/8/3 3581/8/3 3587/8/3
f 3589/8/3 3581/8/3 3588/8/3
f 3592/10/3 3585/10/3 3584/10/3
f 3593/10/3 3585/10/3 3592/10/3
f 3594/8/3 3588/8/3 3587/8/3
f 3595/8/3 3588/8/3 3594/8/3
f 3596/13/3 3591/13/3 3590/13/3
f 3597/13/3 3591/13/3 3596/13/3
f 3598/8/3 3581/8/3 3589/8/3
f 3599/8/3 3581/8/3 3598/8/3
f 3608/13/3 3601/13/3 3600/13/3
f 3609/13/3 3601/13/3 3608/13/3
f 3610/13/3 3603/13/3 3602/13/3
f 3611/13/3 3603/13/3 3610/13/3
f 3612/13/3 3605/13/3 3604/13/3
f 3613/13/3 3605/13/3 3612/13/3
f 3614/8/3 3607/8/3 3606/8/3
f 3615/8/3 3607/8/3 3614/8/3
f 3618/8/3 3617/8/3 3616/8/3
f 3619/8/3 3617/8/3 3618/8/3
f 3626/10/3 3623/10/3 3622/10/3
f 3627/10/3 3623/10/3 3626/10/3
f 3628/13/3 3625/13/3 3624/13/3
f 3629/13/3 3625/13/3 3628/13/3
f 3634/10/3 3633/10/3 3632/10/3
f 3635/10/3 3633/10/3 3634/10/3
f 3638/8/3 3621/8/3 3620/8/3
f 3639/8/3 3621/8/3 3638/8/3
f 3640/6/3 3631/6/3 3630/6/3
f 3642/13/3 3637/13/3 3636/13/3
f 3643/13/3 3637/13/3 3642/13/3
f 3648/13/3 3645/13/3 3644/13/3
f 3649/13/3 3645/13/3 3648/13/3
f 3650/13/3 3647/13/3 3646/13/3
f 3651/13/3 3647/13/3 3650/13/3
f 3652/6/3 3641/6/3 3640/6/3
f 3652/6/3 3640/6/3 3630/6/3
f 3653/6/3 3641/6/3 3652/6/3
f 3660/10/3 3655/10/3 3654/10/3
f 3661/10/3 3655/10/3 3660/10/3
f 3662/10/3 3657/10/3 3656/10/3
f 3663/10/3 3657/10/3 3662/10/3
f 3670/13/3 3665/13/3 3664/13/3
f 3671/13/3 3665/13/3 3670/13/3
f 3672/13/3 3667/13/3 3666/13/3
f 3673/13/3 3667/13/3 3672/13/3
f 3674/13/3 3669/13/3 3668/13/3
f 3675/13/3 3669/13/3 3674/13/3
f 3679/8/3 3659/8/3 3658/8/3
f 3681/6/3 3641/6/3 3653/6/3
f 3684/13/3 3677/13/3 3676/13/3
f 3685/13/3 3677/13/3 3684/13/3
f 3688/6/3 3641/6/3 3681/6/3
f 3688/6/3 3681/6/3 3680/6/3
f 3689/6/3 3641/6/3 3688/6/3
f 3692/10/3 3683/10/3 3682/10/3
f 3693/10/3 3683/10/3 3692/10/3
f 3694/15/3 3687/15/3 3686/15/3
f 3695/15/3 3687/15/3 3694/15/3
f 3696/10/3 3691/10/3 3690/10/3
f 3697/10/3 3691/10/3 3696/10/3
f 3698/8/3 3679/8/3 3678/8/3
f 3698/8/3 3659/8/3 3679/8/3
f 3699/6/3 3688/6/3 3680/6/3
f 3700/8/3 3698/8/3 3678/8/3
f 3700/8/3 3699/8/3 3698/8/3
f 3701/8/3 3699/8/3 3700/8/3
f 3702/8/3 3699/8/3 3701/8/3
f 3703/6/3 3688/6/3 3699/6/3
f 3703/8/3 3699/8/3 3702/8/3
f 3704/6/3 3688/6/3 3703/6/3
f 3705/8/3 3702/8/3 3701/8/3
f 3706/8/3 3702/8/3 3705/8/3
f 3707/15/4 3708/15/4 3709/15/4
f 3709/15/4 3708/15/4 3710/15/4
f 3711/10/4 3712/10/4 3715/10/4
f 3715/10/4 3712/10/4 3716/10/4
f 3713/12/4 3714/12/4 3717/12/4
f 3717/12/4 3714/12/4 3718/12/4
f 3719/10/4 3720/10/4 3731/10/4
f 3731/10/4 3720/10/4 3732/10/4
f 3721/12/4 3722/12/4 3735/12/4
f 3735/12/4 3722/12/4 3736/12/4
f 3723/10/4 3724/10/4 3737/10/4
f 3737/10/4 3724/10/4 3738/10/4
f 3725/12/4 3726/12/4 3739/12/4
f 3739/12/4 3726/12/4 3740/12/4
f 3727/12/4 3728/12/4 3741/12/4
f 3741/12/4 3728/12/4 3742/12/4
f 3729/12/4 3730/12/4 3745/12/4
f 3745/12/4 3730/12/4 3746/12/4
f 3733/15/4 3734/15/4 3747/15/4
f 3747/15/4 3734/15/4 3748/15/4
f 3743/10/4 3744/10/4 3749/10/4
f 3749/10/4 3744/10/4 3750/10/4
f 3751/12/4 3752/12/4 3755/12/4
f 3755/12/4 3752/12/4 3756/12/4
f 3753/15/4 3754/15/4 3759/15/4
f 3759/15/4 3754/15/4 3760/15/4
f 3757/12/4 3758/12/4 3761/12/4
f 3761/12/4 3758/12/4 3762/12/4
f 3763/12/4 3764/12/4 3767/12/4
f 3767/12/4 3764/12/4 3768/12/4
f 3765/15/4 3766/15/4 3769/15/4
f 3769/15/4 3766/15/4 3770/15/4
f 3771/12/4 3772/12/4 3775/12/4
f 3775/12/4 3772/12/4 3776/12/4
f 3773/12/4 3774/12/4 3777/12/4
f 3777/12/4 3774/12/4 3778/12/4
f 3779/10/4 3780/10/4 3785/10/4
f 3785/10/4 3780/10/4 3786/10/4
f 3781/12/4 3782/12/4 3787/12/4
f 3787/12/4 3782/12/4 3788/12/4
f 3783/12/4 3784/12/4 3789/12/4
f 3789/12/4 3784/12/4 3790/12/4
f 3791/12/4 3792/12/4 3793/12/4
f 3793/12/4 3792/12/4 3794/12/4
f 3795/7/4 3796/7/4 3799/7/4
f 3799/7/4 3796/7/4 3800/7/4
f 3797/10/4 3798/10/4 3803/10/4
f 3803/10/4 3798/10/4 3804/10/4
f 3801/15/4 3802/15/4 3805/15/4
f 3805/15/4 3802/15/4 3806/15/4
f 3807/15/4 3808/15/4 3811/15/4
f 3811/15/4 3808/15/4 3812/15/4
f 3809/15/4 3810/15/4 3813/15/4
f 3813/15/4 3810/15/4 3814/15/4
f 3815/7/4 3816/7/4 3817/7/4
f 3817/7/4 3816/7/4 3818/7/4
f 3819/7/4 3820/7/4 3821/7/4
f 3821/7/4 3820/7/4 3822/7/4
f 3823/8/4 3824/8/4 3825/8/4
f 3823/8/4 3825/8/4 3827/8/4
f 3825/7/4 3826/7/4 3828/7/4
f 3827/8/4 3825/8/4 3828/8/4
f 3828/7/4 3826/7/4 3829/7/4
f 3829/7/4 3826/7/4 3830/7/4
f 3831/7/4 3832/7/4 3833/7/4
f 3833/7/4 3832/7/4 3834/7/4
f 3835/9/4 3836/9/4 3837/9/4
f 3837/9/4 3836/9/4 3838/9/4
f 3839/14/4 3840/14/4 3841/14/4
f 3841/14/4 3840/14/4 3842/14/4
f 3843/9/4 3844/9/4 3845/9/4
f 3845/9/4 3844/9/4 3846/9/4
f 3847/7/4 3848/7/4 3849/7/4
f 3849/7/4 3848/7/4 3850/7/4
f 3851/7/4 3852/7/4 3853/7/4
f 3853/7/4 3852/7/4 3854/7/4
f 3855/15/4 3856/15/4 3865/15/4
f 3865/15/4 3856/15/4 3866/15/4
f 3857/14/4 3858/14/4 3867/14/4
f 3867/14/4 3858/14/4 3868/14/4
f 3859/11/4 3860/11/4 3869/11/4
f 3869/11/4 3860/11/4 3870/11/4
f 3861/11/4 3862/11/4 3871/11/4
f 3871/11/4 3862/11/4 3872/11/4
f 3863/11/4 3864/11/4 3873/11/4
f 3873/11/4 3864/11/4 3874/11/4
f 3875/12/4 3876/12/4 3877/12/4
f 3877/12/4 3876/12/4 3878/12/4
f 3877/10/4 3878/10/4 3879/10/4
f 3879/10/4 3878/10/4 3880/10/4
f 3881/9/4 3882/9/4 3883/9/4
f 3883/9/4 3882/9/4 3884/9/4
f 3885/7/4 3886/7/4 3887/7/4
f 3887/7/4 3886/7/4 3888/7/4
f 3889/8/4 3890/8/4 3891/8/4
f 3891/8/4 3890/8/4 3892/8/4
f 3893/9/4 3894/9/4 3895/9/4
f 3895/9/4 3894/9/4 3896/9/4
f 3897/9/4 3898/9/4 3899/9/4
f 3899/9/4 3898/9/4 3900/9/4
f 3901/11/4 3902/11/4 3905/11/4
f 3905/11/4 3902/11/4 3906/11/4
f 3903/11/4 3904/11/4 3907/11/4
f 3907/11/4 3904/11/4 3908/11/4
f 3909/10/4 3910/10/4 3911/10/4
f 3911/10/4 3910/10/4 3912/10/4
f 3913/9/4 3914/9/4 3915/9/4
f 3915/9/4 3914/9/4 3916/9/4
f 3917/9/4 3918/9/4 3919/9/4
f 3919/9/4 3918/9/4 3920/9/4
f 3921/8/4 3922/8/4 3923/8/4
f 3923/8/4 3922/8/4 3924/8/4
f 3925/11/4 3926/11/4 3933/11/4
f 3933/11/4 3926/11/4 3934/11/4
f 3927/11/4 3928/11/4 3935/11/4
f 3935/11/4 3928/11/4 3936/11/4
f 3929/11/4 3930/11/4 3937/11/4
f 3937/11/4 3930/11/4 3938/11/4
f 3931/11/4 3932/11/4 3939/11/4
f 3939/11/4 3932/11/4 3940/11/4
f 3941/9/4 3942/9/4 3944/9/4
f 3942/8/4 3943/8/4 3945/8/4
f 3944/9/4 3942/9/4 3945/9/4
f 3945/8/4 3943/8/4 3946/8/4
f 3947/9/4 3948/9/4 3950/9/4
f 3948/8/4 3949/8/4 3951/8/4
f 3950/9/4 3948/9/4 3951/9/4
f 3951/8/4 3949/8/4 3952/8/4
f 3952/8/4 3949/8/4 3953/8/4
f 3954/8/4 3955/8/4 3956/8/4
f 3956/8/4 3955/8/4 3957/8/4
f 3958/8/4 3959/8/4 3960/8/4
f 3960/8/4 3959/8/4 3961/8/4
f 3962/14/4 3963/14/4 3964/14/4
f 3964/14/4 3963/14/4 3965/14/4
f 3966/9/4 3967/9/4 3968/9/4
f 3968/9/4 3967/9/4 3969/9/4
f 3969/9/4 3967/9/4 3970/9/4
f 3969/7/4 3970/7/4 3972/7/4
f 3972/7/4 3970/7/4 3973/7/4
f 3971/7/4 3972/7/4 3974/7/4
f 3974/7/4 3972/7/4 3975/7/4
f 3976/8/4 3977/8/4 3978/8/4
f 3978/8/4 3977/8/4 3979/8/4
f 3979/8/4 3980/8/4 3981/8/4
f 3981/8/4 3980/8/4 3982/8/4
f 3983/9/4 3984/9/4 3986/9/4
f 3984/8/4 3985/8/4 3987/8/4
f 3986/9/4 3984/9/4 3987/9/4
f 3987/8/4 3985/8/4 3988/8/4
f 3989/9/4 3990/9/4 3992/9/4
f 3990/8/4 3991/8/4 3993/8/4
f 3992/9/4 3990/9/4 3993/9/4
f 3993/8/4 3991/8/4 3994/8/4
f 3994/8/4 3991/8/4 3995/8/4
f 3996/8/4 3997/8/4 4004/8/4
f 4004/8/4 3997/8/4 4005/8/4
f 3998/14/4 3999/14/4 4006/14/4
f 4006/14/4 3999/14/4 4007/14/4
f 4000/11/4 4001/11/4 4008/11/4
f 4008/11/4 4001/11/4 4009/11/4
f 4002/11/4 4003/11/4 4010/11/4
f 4010/11/4 4003/11/4 4011/11/4
f 4012/8/4 4013/8/4 4014/8/4
f 4014/8/4 4013/8/4 4015/8/4
f 4016/14/4 4017/14/4 4018/14/4
f 4018/14/4 4017/14/4 4019/14/4
f 4020/9/4 4021/9/4 4023/9/4
f 4021/8/4 4022/8/4 4024/8/4
f 4023/9/4 4021/9/4 4024/9/4
f 4024/8/4 4022/8/4 4025/8/4
f 4026/8/4 4027/8/4 4028/8/4
f 4028/8/4 4027/8/4 4029/8/4
f 4030/8/4 4031/8/4 4032/8/4
f 4032/8/4 4031/8/4 4033/8/4
f 4034/14/4 4035/14/4 4038/14/4
f 4038/14/4 4035/14/4 4039/14/4
f 4036/11/4 4037/11/4 4040/11/4
f 4040/11/4 4037/11/4 4041/11/4
f 4042/9/4 4043/9/4 4044/9/4
f 4044/9/4 4043/9/4 4045/9/4
f 4046/7/4 4047/7/4 4050/7/4
f 4050/7/4 4047/7/4 4051/7/4
f 4048/14/4 4049/14/4 4053/14/4
f 4053/14/4 4049/14/4 4054/14/4
f 4051/9/4 4052/9/4 4055/9/4
f 4055/9/4 4052/9/4 4056/9/4
f 4059/9/4 4060/9/4 4061/9/4
f 4061/9/4 4060/9/4 4062/9/4
f 4057/8/4 4058/8/4 4063/8/4
f 4063/8/4 4058/8/4 4064/8/4
f 4065/11/4 4066/11/4 4071/11/4
f 4071/11/4 4066/11/4 4072/11/4
f 4067/11/4 4068/11/4 4073/11/4
f 4073/11/4 4068/11/4 4074/11/4
f 4069/11/4 4070/11/4 4075/11/4
f 4075/11/4 4070/11/4 4076/11/4
f 4077/9/4 4078/9/4 4079/9/4
f 4079/9/4 4078/9/4 4080/9/4
f 4081/8/4 4082/8/4 4083/8/4
f 4081/8/4 4083/8/4 4085/8/4
f 4083/7/4 4084/7/4 4086/7/4
f 4085/8/4 4083/8/4 4086/8/4
f 4086/7/4 4084/7/4 4087/7/4
f 4085/7/4 4086/7/4 4088/7/4
f 4088/7/4 4086/7/4 4089/7/4
f 4089/9/4 4090/9/4 4091/9/4
f 4091/9/4 4090/9/4 4092/9/4
f 4093/8/4 4094/8/4 4095/8/4
f 4095/8/4 4094/8/4 4096/8/4
f 4096/8/4 4094/8/4 4097/8/4
f 4098/8/4 4099/8/4 4100/8/4
f 4100/8/4 4099/8/4 4101/8/4
f 4102/9/4 4103/9/4 4105/9/4
f 4103/8/4 4104/8/4 4106/8/4
f 4105/9/4 4103/9/4 4106/9/4
f 4106/8/4 4104/8/4 4107/8/4
f 4105/8/4 4106/8/4 4108/8/4
f 4108/8/4 4106/8/4 4109/8/4
f 4109/8/4 4110/8/4 4113/8/4
f 4113/8/4 4110/8/4 4114/8/4
f 4111/11/4 4112/11/4 4115/11/4
f 4115/11/4 4112/11/4 4116/11/4
f 4117/16/4 4118/16/4 4120/16/4
f 4120/16/4 4118/16/4 4121/16/4
f 4119/4/4 4120/4/4 4123/4/4
f 4123/4/4 4120/4/4 4124/4/4
f 4121/16/4 4122/16/4 4125/16/4
f 4125/16/4 4122/16/4 4126/16/4
f 4124/16/4 4125/16/4 4129/16/4
f 4129/16/4 4125/16/4 4130/16/4
f 4127/12/4 4128/12/4 4131/12/4
f 4131/12/4 4128/12/4 4132/12/4
f 4133/7/4 4134/7/4 4135/7/4
f 4135/7/4 4134/7/4 4136/7/4
f 4137/9/4 4138/9/4 4139/9/4
f 4137/9/4 4139/9/4 4141/9/4
f 4139/8/4 4140/8/4 4141/8/4
f 4141/8/4 4140/8/4 4142/8/4
f 4137/9/4 4141/9/4 4143/9/4
f 4143/9/4 4141/9/4 4144/9/4
f 4143/8/4 4144/8/4 4145/8/4
f 4145/8/4 4144/8/4 4146/8/4
f 4145/9/4 4146/9/4 4148/9/4
f 4146/8/4 4147/8/4 4149/8/4
f 4148/9/4 4146/9/4 4149/9/4
f 4149/8/4 4147/8/4 4150/8/4
f 4151/8/4 4152/8/4 4155/8/4
f 4153/9/4 4154/9/4 4156/9/4
f 4154/9/4 4155/9/4 4156/9/4
f 4156/9/4 4155/9/4 4157/9/4
f 4155/8/4 4152/8/4 4158/8/4
f 4157/9/4 4155/9/4 4158/9/4
f 4158/8/4 4152/8/4 4159/8/4
f 4160/11/4 4161/11/4 4166/11/4
f 4166/11/4 4161/11/4 4167/11/4
f 4162/14/4 4163/14/4 4168/14/4
f 4168/14/4 4163/14/4 4169/14/4
f 4164/11/4 4165/11/4 4170/11/4
f 4170/11/4 4165/11/4 4171/11/4
f 4172/16/4 4173/16/4 4174/16/4
f 4174/16/4 4173/16/4 4175/16/4
f 4176/9/4 4177/9/4 4178/9/4
f 4178/9/4 4177/9/4 4179/9/4
f 4180/9/4 4181/9/4 4182/9/4
f 4180/9/4 4182/9/4 4184/9/4
f 4182/8/4 4183/8/4 4185/8/4
f 4184/9/4 4182/9/4 4185/9/4
f 4185/8/4 4183/8/4 4186/8/4
f 4187/8/4 4188/8/4 4191/8/4
f 4191/8/4 4188/8/4 4192/8/4
f 4189/11/4 4190/11/4 4193/11/4
f 4193/11/4 4190/11/4 4194/11/4
f 4195/10/4 4196/10/4 4197/10/4
f 4197/10/4 4196/10/4 4198/10/4
f 4199/11/4 4200/11/4 4205/11/4
f 4205/11/4 4200/11/4 4206/11/4
f 4201/11/4 4202/11/4 4207/11/4
f 4207/11/4 4202/11/4 4208/11/4
f 4203/11/4 4204/11/4 4209/11/4
f 4209/11/4 4204/11/4 4210/11/4
f 4211/11/4 4212/11/4 4215/11/4
f 4215/11/4 4212/11/4 4216/11/4
f 4213/11/4 4214/11/4 4217/11/4
f 4217/11/4 4214/11/4 4218/11/4
f 4219/12/4 4220/12/4 4221/12/4
f 4221/12/4 4220/12/4 4222/12/4
f 4221/14/4 4222/14/4 4223/14/4
f 4223/14/4 4222/14/4 4224/14/4
f 4225/11/4 4226/11/4 4229/11/4
f 4229/11/4 4226/11/4 4230/11/4
f 4227/11/4 4228/11/4 4231/11/4
f 4231/11/4 4228/11/4 4232/11/4
f 4233/15/4 4234/15/4 4235/15/4
f 4235/15/4 4234/15/4 4236/15/4
f 4237/5/4 4238/5/4 4239/5/4
f 4239/5/4 4238/5/4 4240/5/4
f 4241/18/4 4242/18/4 4244/18/4
f 4244/18/4 4242/18/4 4245/18/4
f 4243/4/4 4244/4/4 4247/4/4
f 4247/4/4 4244/4/4 4248/4/4
f 4245/18/4 4246/18/4 4249/18/4
f 4249/18/4 4246/18/4 4250/18/4
f 4248/18/4 4249/18/4 4251/18/4
f 4251/18/4 4249/18/4 4252/18/4
f 4253/12/4 4254/12/4 4255/12/4
f 4255/12/4 4254/12/4 4256/12/4
f 4257/11/4 4258/11/4 4259/11/4
f 4259/11/4 4258/11/4 4260/11/4
f 4261/18/4 4262/18/4 4263/18/4
f 4263/18/4 4262/18/4 4264/18/4
f 4265/11/4 4266/11/4 4269/11/4
f 4269/11/4 4266/11/4 4270/11/4
f 4267/15/4 4268/15/4 4271/15/4
f 4271/15/4 4268/15/4 4272/15/4
f 4273/11/4 4274/11/4 4277/11/4
f 4277/11/4 4274/11/4 4278/11/4
f 4275/11/4 4276/11/4 4279/11/4
f 4279/11/4 4276/11/4 4280/11/4
f 4281/10/4 4282/10/4 4283/10/4
f 4283/10/4 4282/10/4 4284/10/4
f 4285/11/4 4286/11/4 4287/11/4
f 4287/11/4 4286/11/4 4288/11/4
f 4289/12/4 4290/12/4 4291/12/4
f 4291/12/4 4290/12/4 4292/12/4
f 4293/5/4 4294/5/4 4297/5/4
f 4297/5/4 4294/5/4 4298/5/4
f 4295/5/4 4296/5/4 4299/5/4
f 4299/5/4 4296/5/4 4300/5/4
f 4301/14/4 4302/14/4 4303/14/4
f 4303/14/4 4302/14/4 4304/14/4
f 4305/11/4 4306/11/4 4309/11/4
f 4309/11/4 4306/11/4 4310/11/4
f 4307/11/4 4308/11/4 4311/11/4
f 4311/11/4 4308/11/4 4312/11/4
f 4313/11/4 4314/11/4 4315/11/4
f 4315/11/4 4314/11/4 4316/11/4
f 4317/9/4 4318/9/4 4319/9/4
f 4319/9/4 4318/9/4 4320/9/4
f 4321/7/4 4322/7/4 4323/7/4
f 4323/7/4 4322/7/4 4324/7/4
f 4325/5/4 4326/5/4 4333/5/4
f 4333/5/4 4326/5/4 4334/5/4
f 4327/5/4 4328/5/4 4335/5/4
f 4335/5/4 4328/5/4 4336/5/4
f 4329/5/4 4330/5/4 4337/5/4
f 4337/5/4 4330/5/4 4338/5/4
f 4331/5/4 4332/5/4 4339/5/4
f 4339/5/4 4332/5/4 4340/5/4
f 4340/5/4 4341/5/4 4347/5/4
f 4347/5/4 4341/5/4 4348/5/4
f 4342/5/4 4343/5/4 4349/5/4
f 4349/5/4 4343/5/4 4350/5/4
f 4344/5/4 4345/5/4 4354/5/4
f 4354/5/4 4345/5/4 4355/5/4
f 4346/5/4 4347/5/4 4356/5/4
f 4356/5/4 4347/5/4 4357/5/4
f 4350/5/4 4351/5/4 4358/5/4
f 4358/5/4 4351/5/4 4359/5/4
f 4352/5/4 4353/5/4 4360/5/4
f 4360/5/4 4353/5/4 4361/5/4
f 4362/9/4 4363/9/4 4364/9/4
f 4364/9/4 4363/9/4 4365/9/4
f 4364/8/4 4365/8/4 4367/8/4
f 4367/8/4 4365/8/4 4368/8/4
f 4366/8/4 4367/8/4 4369/8/4
f 4369/8/4 4367/8/4 4370/8/4
f 4371/14/4 4372/14/4 4373/14/4
f 4373/14/4 4372/14/4 4374/14/4
f 4375/19/4 4376/19/4 4382/19/4
f 4382/19/4 4376/19/4 4383/19/4
f 4377/5/4 4378/5/4 4386/5/4
f 4386/5/4 4378/5/4 4387/5/4
f 4379/5/4 4380/5/4 4389/5/4
f 4389/5/4 4380/5/4 4390/5/4
f 4383/5/4 4384/5/4 4391/5/4
f 4381/5/4 4382/5/4 4391/5/4
f 4382/5/4 4383/5/4 4391/5/4
f 4387/5/4 4388/5/4 4393/5/4
f 4385/5/4 4386/5/4 4393/5/4
f 4386/5/4 4387/5/4 4393/5/4
f 4393/5/4 4388/5/4 4394/5/4
f 4394/5/4 4388/5/4 4395/5/4
f 4395/5/4 4388/5/4 4396/5/4
f 4379/5/4 4389/5/4 4397/5/4
f 4390/5/4 4380/5/4 4398/5/4
f 4391/5/4 4392/5/4 4399/5/4
f 4381/5/4 4391/5/4 4399/5/4
f 4399/5/4 4392/5/4 4400/5/4
f 4400/5/4 4392/5/4 4401/5/4
f 4401/5/4 4392/5/4 4402/5/4
f 4394/5/4 4395/5/4 4403/5/4
f 4403/5/4 4395/5/4 4404/5/4
f 4397/5/4 4398/5/4 4405/5/4
f 4379/5/4 4397/5/4 4405/5/4
f 4398/5/4 4380/5/4 4406/5/4
f 4405/5/4 4398/5/4 4406/5/4
f 4400/5/4 4401/5/4 4407/5/4
f 4407/5/4 4401/5/4 4408/5/4
f 4409/11/4 4410/11/4 4411/11/4
f 4411/11/4 4410/11/4 4412/11/4
f 4413/9/4 4414/9/4 4415/9/4
f 4415/9/4 4414/9/4 4416/9/4
f 4415/8/4 4416/8/4 4417/8/4
f 4417/8/4 4416/8/4 4418/8/4
f 4419/8/4 4420/8/4 4421/8/4
f 4421/8/4 4420/8/4 4422/8/4
f 4423/11/4 4424/11/4 4425/11/4
f 4425/11/4 4424/11/4 4426/11/4
f 4427/8/4 4428/8/4 4429/8/4
f 4429/8/4 4428/8/4 4430/8/4
f 4431/12/4 4432/12/4 4433/12/4
f 4433/12/4 4432/12/4 4434/12/4
f 4435/11/4 4436/11/4 4441/11/4
f 4441/11/4 4436/11/4 4442/11/4
f 4437/11/4 4438/11/4 4443/11/4
f 4443/11/4 4438/11/4 4444/11/4
f 4439/11/4 4440/11/4 4445/11/4
f 4445/11/4 4440/11/4 4446/11/4
f 4447/10/4 4448/10/4 4449/10/4
f 4449/10/4 4448/10/4 4450/10/4
f 4451/5/4 4452/5/4 4453/5/4
f 4453/5/4 4452/5/4 4454/5/4
f 4457/3/4 4458/3/4 4459/3/4
f 4459/3/4 4458/3/4 4460/3/4
f 4455/3/4 4456/3/4 4461/3/4
f 4461/3/4 4456/3/4 4462/3/4
f 4463/5/4 4464/5/4 4465/5/4
f 4465/5/4 4464/5/4 4466/5/4
f 4467/7/4 4468/7/4 4469/7/4
f 4469/7/4 4468/7/4 4470/7/4
f 4471/3/4 4472/3/4 4473/3/4
f 4471/3/4 4473/3/4 4478/3/4
f 4473/3/4 4474/3/4 4478/3/4
f 4478/3/4 4474/3/4 4479/3/4
f 4479/3/4 4474/3/4 4480/3/4
f 4475/11/4 4476/11/4 4481/11/4
f 4481/11/4 4476/11/4 4482/11/4
f 4477/1/4 4478/1/4 4483/1/4
f 4483/1/4 4478/1/4 4484/1/4
f 4479/1/4 4480/1/4 4485/1/4
f 4485/1/4 4480/1/4 4486/1/4
f 4487/7/4 4488/7/4 4489/7/4
f 4489/7/4 4488/7/4 4490/7/4
f 4491/1/4 4492/1/4 4493/1/4
f 4493/1/4 4492/1/4 4494/1/4
f 4495/14/4 4496/14/4 4497/14/4
f 4497/14/4 4496/14/4 4498/14/4
f 4499/9/4 4500/9/4 4502/9/4
f 4501/7/4 4502/7/4 4503/7/4
f 4502/9/4 4500/9/4 4504/9/4
f 4503/7/4 4502/7/4 4504/7/4
f 4504/9/4 4500/9/4 4505/9/4
f 4506/11/4 4507/11/4 4508/11/4
f 4508/11/4 4507/11/4 4509/11/4
f 4510/14/4 4511/14/4 4512/14/4
f 4512/14/4 4511/14/4 4513/14/4
f 4514/14/4 4515/14/4 4516/14/4
f 4516/14/4 4515/14/4 4517/14/4
f 4518/9/4 4519/9/4 4520/9/4
f 4520/9/4 4519/9/4 4521/9/4
f 4522/11/4 4523/11/4 4528/11/4
f 4528/11/4 4523/11/4 4529/11/4
f 4524/11/4 4525/11/4 4530/11/4
f 4530/11/4 4525/11/4 4531/11/4
f 4526/11/4 4527/11/4 4532/11/4
f 4532/11/4 4527/11/4 4533/11/4
f 4534/16/4 4535/16/4 4538/16/4
f 4538/16/4 4535/16/4 4539/16/4
f 4536/4/4 4537/4/4 4541/4/4
f 4541/4/4 4537/4/4 4542/4/4
f 4539/17/4 4540/17/4 4544/17/4
f 4544/17/4 4540/17/4 4545/17/4
f 4543/16/4 4544/16/4 4546/16/4
f 4546/16/4 4544/16/4 4547/16/4
f 4548/7/4 4549/7/4 4550/7/4
f 4550/7/4 4549/7/4 4551/7/4
f 4552/11/4 4553/11/4 4558/11/4
f 4558/11/4 4553/11/4 4559/11/4
f 4554/11/4 4555/11/4 4560/11/4
f 4560/11/4 4555/11/4 4561/11/4
f 4556/11/4 4557/11/4 4562/11/4
f 4562/11/4 4557/11/4 4563/11/4
f 4564/16/4 4565/16/4 4566/16/4
f 4564/16/4 4566/16/4 4568/16/4
f 4566/16/4 4567/16/4 4568/16/4
f 4568/16/4 4567/16/4 4569/16/4
f 4564/16/4 4568/16/4 4570/16/4
f 4570/16/4 4568/16/4 4571/16/4
f 4572/7/4 4573/7/4 4574/7/4
f 4574/7/4 4573/7/4 4575/7/4
f 4576/15/4 4577/15/4 4578/15/4
f 4578/15/4 4577/15/4 4579/15/4
f 4580/15/4 4581/15/4 4582/15/4
f 4582/15/4 4581/15/4 4583/15/4
f 4584/10/4 4585/10/4 4586/10/4
f 4586/10/4 4585/10/4 4587/10/4
f 4588/7/4 4589/7/4 4590/7/4
f 4588/7/4 4590/7/4 4594/7/4
f 4590/9/4 4591/9/4 4595/9/4
f 4594/7/4 4590/7/4 4595/7/4
f 4595/9/4 4591/9/4 4596/9/4
f 4592/15/4 4593/15/4 4597/15/4
f 4597/15/4 4593/15/4 4598/15/4
f 4599/9/4 4600/9/4 4601/9/4
f 4601/9/4 4600/9/4 4602/9/4
f 4602/9/4 4603/9/4 4604/9/4
f 4604/9/4 4603/9/4 4605/9/4
f 4606/8/4 4607/8/4 4608/8/4
f 4608/8/4 4607/8/4 4609/8/4
f 4610/8/4 4611/8/4 4612/8/4
f 4612/8/4 4611/8/4 4613/8/4
f 4614/8/4 4615/8/4 4616/8/4
f 4616/8/4 4615/8/4 4617/8/4
f 4618/14/4 4619/14/4 4624/14/4
f 4624/14/4 4619/14/4 4625/14/4
f 4620/11/4 4621/11/4 4626/11/4
f 4626/11/4 4621/11/4 4627/11/4
f 4622/11/4 4623/11/4 4628/11/4
f 4628/11/4 4623/11/4 4629/11/4
f 4630/9/4 4631/9/4 4632/9/4
f 4632/9/4 4631/9/4 4633/9/4
f 4634/14/4 4635/14/4 4636/14/4
f 4636/14/4 4635/14/4 4637/14/4
f 4638/8/4 4639/8/4 4640/8/4
f 4640/8/4 4639/8/4 4641/8/4
f 4642/8/4 4643/8/4 4644/8/4
f 4644/8/4 4643/8/4 4645/8/4
f 4646/11/4 4647/11/4 4652/11/4
f 4652/11/4 4647/11/4 4653/11/4
f 4648/11/4 4649/11/4 4654/11/4
f 4654/11/4 4649/11/4 4655/11/4
f 4650/11/4 4651/11/4 4656/11/4
f 4656/11/4 4651/11/4 4657/11/4
f 4658/16/4 4659/16/4 4661/16/4
f 4661/16/4 4659/16/4 4662/16/4
f 4660/4/4 4661/4/4 4664/4/4
f 4664/4/4 4661/4/4 4665/4/4
f 4662/16/4 4663/16/4 4666/16/4
f 4666/16/4 4663/16/4 4667/16/4
f 4665/16/4 4666/16/4 4668/16/4
f 4668/16/4 4666/16/4 4669/16/4
f 4670/11/4 4671/11/4 4674/11/4
f 4674/11/4 4671/11/4 4675/11/4
f 4672/11/4 4673/11/4 4676/11/4
f 4676/11/4 4673/11/4 4677/11/4
f 4678/6/4 4679/6/4 4681/6/4
f 4681/6/4 4679/6/4 4682/6/4
f 4680/9/4 4681/9/4 4683/9/4
f 4683/9/4 4681/9/4 4684/9/4
f 4685/7/4 4686/7/4 4687/7/4
f 4687/7/4 4686/7/4 4688/7/4
f 4689/12/4 4690/12/4 4691/12/4
f 4691/12/4 4690/12/4 4692/12/4
f 4693/16/4 4694/16/4 4695/16/4
f 4695/16/4 4694/16/4 4696/16/4
f 4697/11/4 4698/11/4 4701/11/4
f 4701/11/4 4698/11/4 4702/11/4
f 4699/11/4 4700/11/4 4703/11/4
f 4703/11/4 4700/11/4 4704/11/4
f 4705/13/4 4706/13/4 4707/13/4
f 4707/13/4 4706/13/4 4708/13/4
f 4709/9/4 4710/9/4 4712/9/4
f 4710/8/4 4711/8/4 4713/8/4
f 4712/9/4 4710/9/4 4713/9/4
f 4713/8/4 4711/8/4 4714/8/4
f 4713/8/4 4714/8/4 4715/8/4
f 4715/8/4 4714/8/4 4716/8/4
f 4717/11/4 4718/11/4 4719/11/4
f 4719/11/4 4718/11/4 4720/11/4
f 4721/8/4 4722/8/4 4723/8/4
f 4723/8/4 4722/8/4 4724/8/4
f 4725/14/4 4726/14/4 4727/14/4
f 4727/14/4 4726/14/4 4728/14/4
f 4729/6/4 4730/6/4 4731/6/4
f 4731/6/4 4730/6/4 4732/6/4
f 4733/11/4 4734/11/4 4735/11/4
f 4735/11/4 4734/11/4 4736/11/4
f 4737/8/4 4738/8/4 4739/8/4
f 4739/8/4 4738/8/4 4740/8/4
f 4737/8/4 4739/8/4 4743/8/4
f 4741/15/4 4742/15/4 4749/15/4
f 4749/15/4 4742/15/4 4750/15/4
f 4745/10/4 4746/10/4 4753/10/4
f 4753/10/4 4746/10/4 4754/10/4
f 4747/13/4 4748/13/4 4755/13/4
f 4755/13/4 4748/13/4 4756/13/4
f 4751/13/4 4752/13/4 4757/13/4
f 4757/13/4 4752/13/4 4758/13/4
f 4737/8/4 4743/8/4 4761/8/4
f 4743/9/4 4744/9/4 4761/9/4
f 4761/9/4 4744/9/4 4762/9/4
f 4759/15/4 4760/15/4 4765/15/4
f 4765/15/4 4760/15/4 4766/15/4
f 4763/13/4 4764/13/4 4771/13/4
f 4771/13/4 4764/13/4 4772/13/4
f 4767/13/4 4768/13/4 4773/13/4
f 4773/13/4 4768/13/4 4774/13/4
f 4769/10/4 4770/10/4 4775/10/4
f 4775/10/4 4770/10/4 4776/10/4
f 4777/13/4 4778/13/4 4779/13/4
f 4779/13/4 4778/13/4 4780/13/4
f 4781/10/4 4782/10/4 4785/10/4
f 4785/10/4 4782/10/4 4786/10/4
f 4783/13/4 4784/13/4 4787/13/4
f 4787/13/4 4784/13/4 4788/13/4
f 4789/13/4 4790/13/4 4795/13/4
f 4795/13/4 4790/13/4 4796/13/4
f 4791/13/4 4792/13/4 4797/13/4
f 4797/13/4 4792/13/4 4798/13/4
f 4793/13/4 4794/13/4 4799/13/4
f 4799/13/4 4794/13/4 4800/13/4
f 4737/8/4 4761/8/4 4801/8/4
f 4801/8/4 4761/8/4 4802/8/4
f 4737/8/4 4801/8/4 4803/8/4
f 4802/8/4 4761/8/4 4804/8/4
f 4805/10/4 4806/10/4 4809/10/4
f 4809/10/4 4806/10/4 4810/10/4
f 4807/13/4 4808/13/4 4811/13/4
f 4811/13/4 4808/13/4 4812/13/4
f 4804/8/4 4761/8/4 4813/8/4
f 4803/8/4 4804/8/4 4813/8/4
f 4815/10/4 4816/10/4 4817/10/4
f 4817/10/4 4816/10/4 4818/10/4
f 4813/6/4 4814/6/4 4821/6/4
f 4819/13/4 4820/13/4 4823/13/4
f 4823/13/4 4820/13/4 4824/13/4
f 4825/13/4 4826/13/4 4829/13/4
f 4829/13/4 4826/13/4 4830/13/4
f 4827/13/4 4828/13/4 4831/13/4
f 4831/13/4 4828/13/4 4832/13/4
f 4833/10/4 4834/10/4 4837/10/4
f 4837/10/4 4834/10/4 4838/10/4
f 4835/10/4 4836/10/4 4839/10/4
f 4839/10/4 4836/10/4 4840/10/4
f 4841/13/4 4842/13/4 4847/13/4
f 4847/13/4 4842/13/4 4848/13/4
f 4843/13/4 4844/13/4 4849/13/4
f 4849/13/4 4844/13/4 4850/13/4
f 4821/6/4 4822/6/4 4851/6/4
f 4803/8/4 4813/8/4 4851/8/4
f 4813/6/4 4821/6/4 4851/6/4
f 4851/6/4 4822/6/4 4852/6/4
f 4845/13/4 4846/13/4 4853/13/4
f 4853/13/4 4846/13/4 4854/13/4
f 4803/8/4 4851/8/4 4855/8/4
f 4852/6/4 4822/6/4 4856/6/4
f 4857/13/4 4858/13/4 4861/13/4
f 4861/13/4 4858/13/4 4862/13/4
f 4855/6/4 4856/6/4 4865/6/4
f 4856/6/4 4822/6/4 4865/6/4
f 4865/6/4 4822/6/4 4866/6/4
f 4859/10/4 4860/10/4 4869/10/4
f 4869/10/4 4860/10/4 4870/10/4
f 4863/15/4 4864/15/4 4871/15/4
f 4871/15/4 4864/15/4 4872/15/4
f 4867/10/4 4868/10/4 4873/10/4
f 4873/10/4 4868/10/4 4874/10/4
f 4737/8/4 4803/8/4 4875/8/4
f 4803/8/4 4855/8/4 4875/8/4
f 4875/8/4 4855/8/4 4876/8/4
f 4876/8/4 4855/8/4 4877/8/4
f 4855/6/4 4865/6/4 4878/6/4
f 4877/8/4 4855/8/4 4878/8/4
f 4878/6/4 4865/6/4 4879/6/4
f 4737/8/4 4875/8/4 4880/8/4
f 4880/8/4 4875/8/4 4881/8/4
f 4876/8/4 4877/8/4 4882/8/4
f 4882/8/4 4877/8/4 4883/8/4
f 4886/8/5 4885/8/5 4884/8/5
f 4887/8/5 4885/8/5 4886/8/5
f 4890/8/5 4889/8/5 4888/8/5
f 4891/8/5 4889/8/5 4890/8/5
f 4894/8/5 4893/8/5 4892/8/5
f 4895/8/5 4893/8/5 4894/8/5
f 4899/6/5 4897/6/5 4896/6/5
f 4900/6/5 4897/6/5 4899/6/5
f 4903/9/5 4899/9/5 4898/9/5
f 4904/9/5 4899/9/5 4903/9/5
f 4906/9/5 4902/9/5 4901/9/5
f 4907/9/5 4902/9/5 4906/9/5
f 4910/8/5 4905/8/5 4904/8/5
f 4911/8/5 4905/8/5 4910/8/5
f 4912/8/5 4909/8/5 4908/8/5
f 4913/8/5 4909/8/5 4912/8/5
f 4917/16/5 4915/16/5 4914/16/5
f 4918/16/5 4915/16/5 4917/16/5
f 4920/16/5 4917/16/5 4916/16/5
f 4921/16/5 4917/16/5 4920/16/5
f 4922/16/5 4919/16/5 4918/16/5
f 4923/16/5 4919/16/5 4922/16/5
f 4924/16/5 4922/16/5 4921/16/5
f 4925/16/5 4922/16/5 4924/16/5
f 4929/18/5 4927/18/5 4926/18/5
f 4930/18/5 4927/18/5 4929/18/5
f 4932/18/5 4929/18/5 4928/18/5
f 4933/18/5 4929/18/5 4932/18/5
f 4934/18/5 4931/18/5 4930/18/5
f 4935/18/5 4931/18/5 4934/18/5
f 4936/18/5 4934/18/5 4933/18/5
f 4937/18/5 4934/18/5 4936/18/5
f 4940/16/5 4939/16/5 4938/16/5
f 4941/16/5 4939/16/5 4940/16/5
f 4942/16/5 4940/16/5 4938/16/5
f 4943/16/5 4939/16/5 4941/16/5
f 4944/16/5 4942/16/5 4938/16/5
f 4944/16/5 4943/16/5 4942/16/5
f 4945/16/5 4939/16/5 4943/16/5
f 4945/16/5 4943/16/5 4944/16/5
f 4949/16/5 4947/16/5 4946/16/5
f 4950/16/5 4947/16/5 4949/16/5
f 4952/16/5 4949/16/5 4948/16/5
f 4953/16/5 4949/16/5 4952/16/5
f 4954/16/5 4951/16/5 4950/16/5
f 4955/16/5 4951/16/5 4954/16/5
f 4962/16/5 4954/16/5 4953/16/5
f 4963/16/5 4954/16/5 4962/16/5
f 4965/9/5 4957/9/5 4956/9/5
f 4966/9/5 4957/9/5 4965/9/5
f 4967/6/5 4959/6/5 4958/6/5
f 4968/6/5 4959/6/5 4967/6/5
f 4971/6/5 4961/6/5 4960/6/5
f 4972/6/5 4961/6/5 4971/6/5
f 4973/9/5 4965/9/5 4964/9/5
f 4974/8/5 4966/8/5 4965/8/5
f 4974/9/5 4965/9/5 4973/9/5
f 4975/8/5 4966/8/5 4974/8/5
f 4976/6/5 4970/6/5 4969/6/5
f 4977/6/5 4970/6/5 4976/6/5
f 4983/6/5 4979/6/5 4978/6/5
f 4984/6/5 4979/6/5 4983/6/5
f 4989/9/5 4981/9/5 4980/9/5
f 4990/9/5 4981/9/5 4989/9/5
f 4991/6/5 4983/6/5 4982/6/5
f 4992/6/5 4983/6/5 4991/6/5
f 4993/6/5 4986/6/5 4985/6/5
f 4994/6/5 4986/6/5 4993/6/5
f 4995/9/5 4988/9/5 4987/9/5
f 4996/9/5 4988/9/5 4995/9/5
f 5001/15/5 4998/15/5 4997/15/5
f 5002/15/5 4998/15/5 5001/15/5
f 5003/15/5 5000/15/5 4999/15/5
f 5004/15/5 5000/15/5 5003/15/5
f 5007/15/5 5006/15/5 5005/15/5
f 5008/15/5 5006/15/5 5007/15/5
f 5013/5/5 5010/5/5 5009/5/5
f 5013/5/5 5012/5/5 5011/5/5
f 5013/5/5 5011/5/5 5010/5/5
f 5014/5/5 5012/5/5 5013/5/5
f 5015/5/5 5012/5/5 5014/5/5
f 5016/5/5 5012/5/5 5015/5/5
f 5019/9/5 5018/9/5 5017/9/5
f 5020/9/5 5018/9/5 5019/9/5
f 5023/12/5 5022/12/5 5021/12/5
f 5024/12/5 5022/12/5 5023/12/5
f 5029/5/5 5026/5/5 5025/5/5
f 5030/5/5 5026/5/5 5029/5/5
f 5031/5/5 5028/5/5 5027/5/5
f 5032/5/5 5028/5/5 5031/5/5
f 5037/5/5 5034/5/5 5033/5/5
f 5038/5/5 5034/5/5 5037/5/5
f 5039/5/5 5036/5/5 5035/5/5
f 5040/5/5 5036/5/5 5039/5/5
f 5043/6/5 5042/6/5 5041/6/5
f 5044/6/5 5042/6/5 5043/6/5
f 5047/10/5 5046/10/5 5045/10/5
f 5048/10/5 5046/10/5 5047/10/5
f 5053/10/5 5050/10/5 5049/10/5
f 5054/10/5 5050/10/5 5053/10/5
f 5055/15/5 5052/15/5 5051/15/5
f 5056/15/5 5052/15/5 5055/15/5
f 5059/11/5 5058/11/5 5057/11/5
f 5060/11/5 5058/11/5 5059/11/5
f 5063/11/5 5062/11/5 5061/11/5
f 5064/11/5 5062/11/5 5063/11/5
f 5067/15/5 5066/15/5 5065/15/5
f 5068/15/5 5066/15/5 5067/15/5
f 5071/14/5 5070/14/5 5069/14/5
f 5072/14/5 5070/14/5 5071/14/5
f 5075/5/5 5074/5/5 5073/5/5
f 5076/5/5 5074/5/5 5075/5/5
f 5079/15/5 5078/15/5 5077/15/5
f 5080/15/5 5078/15/5 5079/15/5
f 5085/13/5 5082/13/5 5081/13/5
f 5086/13/5 5082/13/5 5085/13/5
f 5087/13/5 5084/13/5 5083/13/5
f 5088/13/5 5084/13/5 5087/13/5
f 5091/11/5 5090/11/5 5089/11/5
f 5092/11/5 5090/11/5 5091/11/5
f 5095/5/5 5094/5/5 5093/5/5
f 5096/5/5 5094/5/5 5095/5/5
f 5097/5/5 5095/5/5 5093/5/5
f 5098/5/5 5094/5/5 5096/5/5
f 5099/5/5 5097/5/5 5093/5/5
f 5099/5/5 5098/5/5 5097/5/5
f 5100/5/5 5094/5/5 5098/5/5
f 5100/5/5 5098/5/5 5099/5/5
f 5103/11/5 5102/11/5 5101/11/5
f 5104/11/5 5102/11/5 5103/11/5
f 5107/10/5 5106/10/5 5105/10/5
f 5108/10/5 5106/10/5 5107/10/5
f 5111/12/5 5110/12/5 5109/12/5
f 5112/12/5 5110/12/5 5111/12/5
f 5115/11/5 5114/11/5 5113/11/5
f 5116/11/5 5114/11/5 5115/11/5
f 5119/11/5 5118/11/5 5117/11/5
f 5120/11/5 5118/11/5 5119/11/5
f 5123/5/5 5122/5/5 5121/5/5
f 5124/5/5 5122/5/5 5123/5/5
f 5127/5/5 5126/5/5 5125/5/5
f 5128/5/5 5126/5/5 5127/5/5
f 5131/10/5 5130/10/5 5129/10/5
f 5132/10/5 5130/10/5 5131/10/5
f 5135/12/5 5134/12/5 5133/12/5
f 5136/12/5 5134/12/5 5135/12/5
f 5141/13/5 5138/13/5 5137/13/5
f 5142/13/5 5138/13/5 5141/13/5
f 5143/13/5 5140/13/5 5139/13/5
f 5144/13/5 5140/13/5 5143/13/5
f 5147/15/5 5146/15/5 5145/15/5
f 5148/15/5 5146/15/5 5147/15/5
f 5151/11/5 5150/11/5 5149/11/5
f 5152/11/5 5150/11/5 5151/11/5
f 5155/10/5 5154/10/5 5153/10/5
f 5156/10/5 5154/10/5 5155/10/5
f 5159/11/5 5158/11/5 5157/11/5
f 5160/11/5 5158/11/5 5159/11/5
f 5163/14/5 5162/14/5 5161/14/5
f 5164/14/5 5162/14/5 5163/14/5
f 5167/11/5 5166/11/5 5165/11/5
f 5168/11/5 5166/11/5 5167/11/5
f 5171/13/5 5170/13/5 5169/13/5
f 5172/13/5 5170/13/5 5171/13/5
f 5175/12/5 5174/12/5 5173/12/5
f 5176/12/5 5174/12/5 5175/12/5
f 5179/11/5 5178/11/5 5177/11/5
f 5180/11/5 5178/11/5 5179/11/5
f 5183/11/5 5182/11/5 5181/11/5
f 5184/11/5 5182/11/5 5183/11/5
f 5188/5/5 5186/5/5 5185/5/5
f 5189/5/5 5186/5/5 5188/5/5
f 5190/5/5 5186/5/5 5189/5/5
f 5192/5/5 5188/5/5 5187/5/5
f 5192/5/5 5189/5/5 5188/5/5
f 5193/5/5 5189/5/5 5192/5/5
f 5194/5/5 5189/5/5 5193/5/5
f 5195/5/5 5191/5/5 5190/5/5
f 5196/5/5 5191/5/5 5195/5/5
f 5197/5/5 5194/5/5 5193/5/5
f 5197/5/5 5195/5/5 5194/5/5
f 5198/5/5 5195/5/5 5197/5/5
f 5203/11/5 5200/11/5 5199/11/5
f 5204/11/5 5200/11/5 5203/11/5
f 5205/10/5 5202/10/5 5201/10/5
f 5206/10/5 5202/10/5 5205/10/5
f 5209/10/5 5208/10/5 5207/10/5
f 5210/10/5 5208/10/5 5209/10/5
f 5213/11/5 5212/11/5 5211/11/5
f 5214/11/5 5212/11/5 5213/11/5
f 5219/19/5 5216/19/5 5215/19/5
f 5220/19/5 5216/19/5 5219/19/5
f 5221/5/5 5218/5/5 5217/5/5
f 5222/5/5 5218/5/5 5221/5/5
f 5227/19/5 5224/19/5 5223/19/5
f 5228/19/5 5224/19/5 5227/19/5
f 5229/5/5 5226/5/5 5225/5/5
f 5230/5/5 5226/5/5 5229/5/5
f 5233/11/5 5232/11/5 5231/11/5
f 5234/11/5 5232/11/5 5233/11/5
f 5237/12/5 5236/12/5 5235/12/5
f 5238/12/5 5236/12/5 5237/12/5
f 5241/11/5 5240/11/5 5239/11/5
f 5242/11/5 5240/11/5 5241/11/5
f 5245/14/5 5244/14/5 5243/14/5
f 5246/14/5 5244/14/5 5245/14/5
f 5251/13/5 5248/13/5 5247/13/5
f 5252/13/5 5248/13/5 5251/13/5
f 5253/13/5 5250/13/5 5249/13/5
f 5254/13/5 5250/13/5 5253/13/5
f 5257/11/5 5256/11/5 5255/11/5
f 5258/11/5 5256/11/5 5257/11/5
f 5261/15/5 5260/15/5 5259/15/5
f 5262/15/5 5260/15/5 5261/15/5
f 5265/12/5 5264/12/5 5263/12/5
f 5266/12/5 5264/12/5 5265/12/5
f 5269/14/5 5268/14/5 5267/14/5
f 5270/14/5 5268/14/5 5269/14/5
f 5273/11/5 5272/11/5 5271/11/5
f 5274/11/5 5272/11/5 5273/11/5
f 5279/13/5 5276/13/5 5275/13/5
f 5280/13/5 5276/13/5 5279/13/5
f 5281/13/5 5278/13/5 5277/13/5
f 5282/13/5 5278/13/5 5281/13/5
f 5285/11/5 5284/11/5 5283/11/5
f 5286/11/5 5284/11/5 5285/11/5
f 5289/11/5 5288/11/5 5287/11/5
f 5290/11/5 5288/11/5 5289/11/5
f 5293/13/5 5292/13/5 5291/13/5
f 5294/13/5 5292/13/5 5293/13/5
f 5297/12/5 5296/12/5 5295/12/5
f 5298/12/5 5296/12/5 5297/12/5
f 5301/11/5 5300/11/5 5299/11/5
f 5302/11/5 5300/11/5 5301/11/5
f 5305/11/5 5304/11/5 5303/11/5
f 5306/11/5 5304/11/5 5305/11/5
f 5309/11/5 5308/11/5 5307/11/5
f 5310/11/5 5308/11/5 5309/11/5
f 5313/11/5 5312/11/5 5311/11/5
f 5314/11/5 5312/11/5 5313/11/5
f 5317/15/5 5316/15/5 5315/15/5
f 5318/15/5 5316/15/5 5317/15/5
f 5321/11/5 5320/11/5 5319/11/5
f 5322/11/5 5320/11/5 5321/11/5
f 5325/13/5 5324/13/5 5323/13/5
f 5326/13/5 5324/13/5 5325/13/5
f 5329/12/5 5328/12/5 5327/12/5
f 5330/12/5 5328/12/5 5329/12/5
f 5333/11/5 5332/11/5 5331/11/5
f 5334/11/5 5332/11/5 5333/11/5
f 5337/11/5 5336/11/5 5335/11/5
f 5338/11/5 5336/11/5 5337/11/5
f 5345/10/5 5340/10/5 5339/10/5
f 5346/10/5 5340/10/5 5345/10/5
f 5347/13/5 5342/13/5 5341/13/5
f 5348/13/5 5342/13/5 5347/13/5
f 5349/10/5 5344/10/5 5343/10/5
f 5350/10/5 5344/10/5 5349/10/5
f 5355/10/5 5352/10/5 5351/10/5
f 5356/10/5 5352/10/5 5355/10/5
f 5357/12/5 5354/12/5 5353/12/5
f 5358/12/5 5354/12/5 5357/12/5
f 5361/14/5 5360/14/5 5359/14/5
f 5362/14/5 5360/14/5 5361/14/5
f 5365/11/5 5364/11/5 5363/11/5
f 5366/11/5 5364/11/5 5365/11/5
f 5369/11/5 5368/11/5 5367/11/5
f 5370/11/5 5368/11/5 5369/11/5
f 5373/11/5 5372/11/5 5371/11/5
f 5374/11/5 5372/11/5 5373/11/5
f 5377/11/5 5376/11/5 5375/11/5
f 5378/11/5 5376/11/5 5377/11/5
f 5381/11/5 5380/11/5 5379/11/5
f 5382/11/5 5380/11/5 5381/11/5
f 5385/10/5 5384/10/5 5383/10/5
f 5386/10/5 5384/10/5 5385/10/5
f 5389/11/5 5388/11/5 5387/11/5
f 5390/11/5 5388/11/5 5389/11/5
f 5393/11/5 5392/11/5 5391/11/5
f 5394/11/5 5392/11/5 5393/11/5
f 5397/13/5 5396/13/5 5395/13/5
f 5398/13/5 5396/13/5 5397/13/5
f 5401/12/5 5400/12/5 5399/12/5
f 5402/12/5 5400/12/5 5401/12/5
f 5405/11/5 5404/11/5 5403/11/5
f 5406/11/5 5404/11/5 5405/11/5
f 5409/11/5 5408/11/5 5407/11/5
f 5410/11/5 5408/11/5 5409/11/5
f 5413/11/5 5412/11/5 5411/11/5
f 5414/11/5 5412/11/5 5413/11/5
f 5417/13/5 5416/13/5 5415/13/5
f 5418/13/5 5416/13/5 5417/13/5
f 5421/12/5 5420/12/5 5419/12/5
f 5422/12/5 5420/12/5 5421/12/5
f 5425/11/5 5424/11/5 5423/11/5
f 5426/11/5 5424/11/5 5425/11/5
f 5429/11/5 5428/11/5 5427/11/5
f 5430/11/5 5428/11/5 5429/11/5
f 5433/11/5 5432/11/5 5431/11/5
f 5434/11/5 5432/11/5 5433/11/5
f 5437/11/5 5436/11/5 5435/11/5
f 5438/11/5 5436/11/5 5437/11/5
f 5441/11/5 5440/11/5 5439/11/5
f 5442/11/5 5440/11/5 5441/11/5
f 5447/15/5 5444/15/5 5443/15/5
f 5448/15/5 5444/15/5 5447/15/5
f 5449/13/5 5446/13/5 5445/13/5
f 5450/13/5 5446/13/5 5449/13/5
f 5453/11/5 5452/11/5 5451/11/5
f 5454/11/5 5452/11/5 5453/11/5
f 5457/11/5 5456/11/5 5455/11/5
f 5458/11/5 5456/11/5 5457/11/5
f 5461/11/5 5460/11/5 5459/11/5
f 5462/11/5 5460/11/5 5461/11/5
f 5465/11/5 5464/11/5 5463/11/5
f 5466/11/5 5464/11/5 5465/11/5
f 5469/13/5 5468/13/5 5467/13/5
f 5470/13/5 5468/13/5 5469/13/5
f 5473/12/5 5472/12/5 5471/12/5
f 5474/12/5 5472/12/5 5473/12/5
f 5477/11/5 5476/11/5 5475/11/5
f 5478/11/5 5476/11/5 5477/11/5
f 5481/11/5 5480/11/5 5479/11/5
f 5482/11/5 5480/11/5 5481/11/5
f 5487/10/5 5484/10/5 5483/10/5
f 5488/10/5 5484/10/5 5487/10/5
f 5489/15/5 5486/15/5 5485/15/5
f 5490/15/5 5486/15/5 5489/15/5
f 5495/10/5 5492/10/5 5491/10/5
f 5496/10/5 5492/10/5 5495/10/5
f 5497/12/5 5494/12/5 5493/12/5
f 5498/12/5 5494/12/5 5497/12/5
f 5501/14/5 5500/14/5 5499/14/5
f 5502/14/5 5500/14/5 5501/14/5
f 5505/11/5 5504/11/5 5503/11/5
f 5506/11/5 5504/11/5 5505/11/5
f 5510/3/5 5508/3/5 5507/3/5
f 5511/1/5 5509/1/5 5508/1/5
f 5511/3/5 5508/3/5 5510/3/5
f 5512/1/5 5509/1/5 5511/1/5
f 5513/1/5 5509/1/5 5512/1/5
f 5516/15/5 5515/15/5 5514/15/5
f 5517/15/5 5515/15/5 5516/15/5
f 5520/11/5 5519/11/5 5518/11/5
f 5521/11/5 5519/11/5 5520/11/5
f 5524/11/5 5523/11/5 5522/11/5
f 5525/11/5 5523/11/5 5524/11/5
f 5528/11/5 5527/11/5 5526/11/5
f 5529/11/5 5527/11/5 5528/11/5
f 5532/15/5 5531/15/5 5530/15/5
f 5533/15/5 5531/15/5 5532/15/5
f 5537/1/5 5535/1/5 5534/1/5
f 5538/1/5 5535/1/5 5537/1/5
f 5539/3/5 5537/3/5 5536/3/5
f 5540/3/5 5537/3/5 5539/3/5
f 5543/3/5 5542/3/5 5541/3/5
f 5544/3/5 5542/3/5 5543/3/5
f 5546/1/5 5545/1/5 5544/1/5
f 5547/1/5 5545/1/5 5546/1/5
f 5550/11/5 5549/11/5 5548/11/5
f 5551/11/5 5549/11/5 5550/11/5
f 5556/10/5 5553/10/5 5552/10/5
f 5557/10/5 5553/10/5 5556/10/5
f 5558/10/5 5555/10/5 5554/10/5
f 5559/10/5 5555/10/5 5558/10/5
f 5562/15/5 5561/15/5 5560/15/5
f 5563/15/5 5561/15/5 5562/15/5
f 5566/11/5 5565/11/5 5564/11/5
f 5567/11/5 5565/11/5 5566/11/5
f 5570/11/5 5569/11/5 5568/11/5
f 5571/11/5 5569/11/5 5570/11/5
f 5574/14/5 5573/14/5 5572/14/5
f 5575/14/5 5573/14/5 5574/14/5
f 5578/11/5 5577/11/5 5576/11/5
f 5579/11/5 5577/11/5 5578/11/5
f 5582/11/5 5581/11/5 5580/11/5
f 5583/11/5 5581/11/5 5582/11/5
f 5586/11/5 5585/11/5 5584/11/5
f 5587/11/5 5585/11/5 5586/11/5
f 5590/11/5 5589/11/5 5588/11/5
f 5591/11/5 5589/11/5 5590/11/5
f 5594/13/5 5593/13/5 5592/13/5
f 5595/13/5 5593/13/5 5594/13/5
f 5599/12/5 5597/12/5 5596/12/5
f 5600/10/5 5598/10/5 5597/10/5
f 5600/12/5 5597/12/5 5599/12/5
f 5601/10/5 5598/10/5 5600/10/5
f 5604/10/5 5603/10/5 5602/10/5
f 5605/10/5 5603/10/5 5604/10/5
f 5608/14/5 5607/14/5 5606/14/5
f 5609/14/5 5607/14/5 5608/14/5
f 5612/14/5 5611/14/5 5610/14/5
f 5613/14/5 5611/14/5 5612/14/5
f 5616/12/5 5615/12/5 5614/12/5
f 5617/12/5 5615/12/5 5616/12/5
f 5620/10/5 5619/10/5 5618/10/5
f 5621/10/5 5619/10/5 5620/10/5
f 5627/12/5 5623/12/5 5622/12/5
f 5628/14/5 5624/14/5 5623/14/5
f 5628/12/5 5623/12/5 5627/12/5
f 5629/14/5 5624/14/5 5628/14/5
f 5632/15/5 5626/15/5 5625/15/5
f 5633/15/5 5626/15/5 5632/15/5
f 5634/12/5 5631/12/5 5630/12/5
f 5635/12/5 5631/12/5 5634/12/5
f 5640/10/5 5637/10/5 5636/10/5
f 5641/10/5 5637/10/5 5640/10/5
f 5644/12/5 5639/12/5 5638/12/5
f 5645/12/5 5639/12/5 5644/12/5
f 5646/14/5 5643/14/5 5642/14/5
f 5647/14/5 5643/14/5 5646/14/5
f 5650/14/5 5649/14/5 5648/14/5
f 5651/14/5 5649/14/5 5650/14/5
f 5656/12/5 5653/12/5 5652/12/5
f 5657/12/5 5653/12/5 5656/12/5
f 5658/10/5 5655/10/5 5654/10/5
f 5659/10/5 5655/10/5 5658/10/5
f 5662/14/5 5661/14/5 5660/14/5
f 5663/14/5 5661/14/5 5662/14/5
f 5668/14/5 5665/14/5 5664/14/5
f 5669/14/5 5665/14/5 5668/14/5
f 5670/14/5 5667/14/5 5666/14/5
f 5671/14/5 5667/14/5 5670/14/5
f 5676/15/5 5673/15/5 5672/15/5
f 5677/15/5 5673/15/5 5676/15/5
f 5678/10/5 5675/10/5 5674/10/5
f 5679/10/5 5675/10/5 5678/10/5
f 5682/14/5 5681/14/5 5680/14/5
f 5683/14/5 5681/14/5 5682/14/5
f 5688/12/5 5685/12/5 5684/12/5
f 5689/12/5 5685/12/5 5688/12/5
f 5690/13/5 5687/13/5 5686/13/5
f 5691/13/5 5687/13/5 5690/13/5
f 5694/14/5 5693/14/5 5692/14/5
f 5695/14/5 5693/14/5 5694/14/5
f 5696/8/6 5697/8/6 5700/8/6
f 5700/8/6 5697/8/6 5701/8/6
f 5698/8/6 5699/8/6 5703/8/6
f 5696/8/6 5700/8/6 5704/8/6
f 5704/8/6 5705/8/6 5706/8/6
f 5702/8/6 5703/8/6 5711/8/6
f 5703/8/6 5699/8/6 5712/8/6
f 5711/8/6 5703/8/6 5712/8/6
f 5712/8/6 5699/8/6 5713/8/6
f 5696/8/6 5704/8/6 5714/8/6
f 5704/8/6 5706/8/6 5714/8/6
f 5706/8/6 5707/8/6 5714/8/6
f 5714/8/6 5707/8/6 5715/8/6
f 5715/8/6 5707/8/6 5716/8/6
f 5716/8/6 5707/8/6 5717/8/6
f 5708/8/6 5709/8/6 5721/8/6
f 5721/8/6 5709/8/6 5722/8/6
f 5710/8/6 5711/8/6 5723/8/6
f 5711/8/6 5712/8/6 5723/8/6
f 5723/8/6 5712/8/6 5724/8/6
f 5717/8/6 5718/8/6 5725/8/6
f 5716/8/6 5717/8/6 5725/8/6
f 5725/8/6 5718/8/6 5726/8/6
f 5719/8/6 5720/8/6 5727/8/6
f 5727/8/6 5720/8/6 5728/8/6
f 5710/8/6 5723/8/6 5729/8/6
f 5696/8/6 5714/8/6 5731/8/6
f 5731/8/6 5714/8/6 5732/8/6
f 5716/8/6 5725/8/6 5734/8/6
f 5734/8/6 5725/8/6 5735/8/6
f 5735/8/6 5725/8/6 5736/8/6
f 5729/8/6 5730/8/6 5739/8/6
f 5710/8/6 5729/8/6 5739/8/6
f 5739/8/6 5730/8/6 5740/8/6
f 5696/8/6 5731/8/6 5741/8/6
f 5741/8/6 5731/8/6 5742/8/6
f 5734/8/6 5735/8/6 5744/8/6
f 5733/8/6 5734/8/6 5744/8/6
f 5744/8/6 5735/8/6 5745/8/6
f 5745/8/6 5735/8/6 5746/8/6
f 5737/8/6 5738/8/6 5747/8/6
f 5747/8/6 5738/8/6 5748/8/6
f 5696/8/6 5741/8/6 5749/8/6
f 5744/8/6 5745/8/6 5751/8/6
f 5743/8/6 5744/8/6 5751/8/6
f 5751/8/6 5745/8/6 5752/8/6
f 5726/8/6 5718/8/6 5753/8/6
f 5753/8/6 5718/8/6 5754/8/6
f 5754/8/6 5718/8/6 5755/8/6
f 5749/8/6 5750/8/6 5758/8/6
f 5743/8/6 5751/8/6 5759/8/6
f 5759/8/6 5751/8/6 5760/8/6
f 5760/8/6 5751/8/6 5761/8/6
f 5761/8/6 5751/8/6 5762/8/6
f 5753/8/6 5754/8/6 5765/8/6
f 5765/8/6 5754/8/6 5766/8/6
f 5756/8/6 5757/8/6 5767/8/6
f 5767/8/6 5757/8/6 5768/8/6
f 5758/8/6 5759/8/6 5772/8/6
f 5759/8/6 5760/8/6 5772/8/6
f 5763/8/6 5764/8/6 5773/8/6
f 5762/8/6 5763/8/6 5773/8/6
f 5761/8/6 5762/8/6 5773/8/6
f 5773/8/6 5764/8/6 5774/8/6
f 5753/8/6 5765/8/6 5775/8/6
f 5770/8/6 5771/8/6 5781/8/6
f 5769/8/6 5770/8/6 5781/8/6
f 5781/8/6 5771/8/6 5782/8/6
f 5773/8/6 5774/8/6 5783/8/6
f 5772/8/6 5773/8/6 5783/8/6
f 5775/8/6 5765/8/6 5783/8/6
f 5774/8/6 5775/8/6 5783/8/6
f 5778/8/6 5779/8/6 5784/8/6
f 5777/8/6 5778/8/6 5784/8/6
f 5776/8/6 5777/8/6 5784/8/6
f 5784/8/6 5779/8/6 5785/8/6
f 5780/8/6 5781/8/6 5786/8/6
f 5786/8/6 5781/8/6 5787/8/6
f 5772/8/6 5783/8/6 5789/8/6
f 5787/8/6 5788/8/6 5789/8/6
f 5783/8/6 5784/8/6 5789/8/6
f 5786/8/6 5787/8/6 5789/8/6
f 5785/8/6 5786/8/6 5789/8/6
f 5784/8/6 5785/8/6 5789/8/6
f 5789/8/6 5788/8/6 5790/8/6
f 5790/8/6 5788/8/6 5791/8/6
f 5791/8/6 5788/8/6 5792/8/6
f 5790/8/6 5791/8/6 5793/8/6
f 5792/8/6 5788/8/6 5794/8/6
f 5758/8/6 5772/8/6 5795/8/6
f 5749/8/6 5758/8/6 5795/8/6
f 5772/8/6 5789/8/6 5795/8/6
f 5795/8/6 5789/8/6 5796/8/6
f 5796/8/6 5789/8/6 5797/8/6
f 5797/8/6 5789/8/6 5798/8/6
f 5798/8/6 5789/8/6 5799/8/6
f 5793/8/6 5794/8/6 5800/8/6
f 5790/8/6 5793/8/6 5800/8/6
f 5798/8/6 5799/8/6 5801/8/6
f 5799/8/6 5800/8/6 5801/8/6
f 5801/8/6 5800/8/6 5802/8/6
f 5802/8/6 5800/8/6 5803/8/6
f 5800/8/6 5794/8/6 5804/8/6
f 5803/8/6 5800/8/6 5804/8/6
f 5802/8/6 5803/8/6 5806/8/6
f 5749/8/6 5795/8/6 5807/8/6
f 5805/8/6 5806/8/6 5811/8/6
f 5808/8/6 5809/8/6 5812/8/6
f 5807/8/6 5808/8/6 5812/8/6
f 5810/8/6 5811/8/6 5813/8/6
f 5804/8/6 5794/8/6 5814/8/6
f 5794/8/6 5788/8/6 5814/8/6
f 5814/8/6 5788/8/6 5815/8/6
f 5815/8/6 5788/8/6 5816/8/6
f 5816/8/6 5788/8/6 5817/8/6
f 5812/8/6 5813/8/6 5818/8/6
f 5813/8/6 5811/8/6 5818/8/6
f 5806/8/6 5803/8/6 5818/8/6
f 5811/8/6 5806/8/6 5818/8/6
f 5804/8/6 5814/8/6 5819/8/6
f 5819/8/6 5814/8/6 5820/8/6
f 5817/8/6 5788/8/6 5822/8/6
f 5822/8/6 5788/8/6 5823/8/6
f 5820/8/6 5821/8/6 5824/8/6
f 5818/8/6 5819/8/6 5824/8/6
f 5819/8/6 5820/8/6 5824/8/6
f 5807/8/6 5812/8/6 5828/8/6
f 5812/8/6 5818/8/6 5828/8/6
f 5824/8/6 5825/8/6 5828/8/6
f 5818/8/6 5824/8/6 5828/8/6
f 5749/8/6 5807/8/6 5828/8/6
f 5828/8/6 5825/8/6 5829/8/6
f 5829/8/6 5825/8/6 5830/8/6
f 5830/8/6 5825/8/6 5831/8/6
f 5829/8/6 5830/8/6 5832/8/6
f 5831/8/6 5825/8/6 5833/8/6
f 5833/8/6 5825/8/6 5834/8/6
f 5834/8/6 5825/8/6 5835/8/6
f 5826/8/6 5827/8/6 5836/8/6
f 5836/8/6 5827/8/6 5837/8/6
f 5829/8/6 5832/8/6 5839/8/6
f 5832/8/6 5833/8/6 5839/8/6
f 5833/8/6 5834/8/6 5839/8/6
f 5839/8/6 5834/8/6 5840/8/6
f 5840/8/6 5834/8/6 5841/8/6
f 5841/8/6 5834/8/6 5842/8/6
f 5842/8/6 5834/8/6 5843/8/6
f 5835/8/6 5825/8/6 5844/8/6
f 5844/8/6 5825/8/6 5845/8/6
f 5845/8/6 5825/8/6 5846/8/6
f 5837/8/6 5838/8/6 5848/8/6
f 5848/8/6 5838/8/6 5849/8/6
f 5846/8/6 5847/8/6 5850/8/6
f 5845/8/6 5846/8/6 5850/8/6
f 5749/8/6 5828/8/6 5852/8/6
f 5840/8/6 5841/8/6 5854/8/6
f 5845/8/6 5850/8/6 5859/8/6
f 5850/8/6 5851/8/6 5859/8/6
f 5852/8/6 5853/8/6 5860/8/6
f 5854/8/6 5855/8/6 5862/8/6
f 5840/8/6 5854/8/6 5862/8/6
f 5862/8/6 5855/8/6 5863/8/6
f 5863/8/6 5855/8/6 5864/8/6
f 5864/8/6 5855/8/6 5865/8/6
f 5865/8/6 5855/8/6 5866/8/6
f 5856/8/6 5857/8/6 5867/8/6
f 5867/8/6 5857/8/6 5868/8/6
f 5858/8/6 5859/8/6 5869/8/6
f 5859/8/6 5851/8/6 5870/8/6
f 5869/8/6 5859/8/6 5870/8/6
f 5870/8/6 5851/8/6 5871/8/6
f 5860/8/6 5861/8/6 5872/8/6
f 5749/8/6 5852/8/6 5872/8/6
f 5852/8/6 5860/8/6 5872/8/6
f 5872/8/6 5861/8/6 5873/8/6
f 5863/8/6 5864/8/6 5874/8/6
f 5874/8/6 5864/8/6 5875/8/6
f 5865/8/6 5866/8/6 5876/8/6
f 5867/8/6 5868/8/6 5876/8/6
f 5869/8/6 5870/8/6 5876/8/6
f 5868/8/6 5869/8/6 5876/8/6
f 5866/8/6 5867/8/6 5876/8/6
f 5871/8/6 5851/8/6 5877/8/6
f 5875/8/6 5864/8/6 5880/8/6
f 5880/8/6 5864/8/6 5881/8/6
f 5881/8/6 5864/8/6 5882/8/6
f 5865/8/6 5876/8/6 5883/8/6
f 5876/8/6 5877/8/6 5883/8/6
f 5749/8/6 5872/8/6 5884/8/6
f 5878/8/6 5879/8/6 5885/8/6
f 5885/8/6 5879/8/6 5886/8/6
f 5881/8/6 5882/8/6 5889/8/6
f 5882/8/6 5883/8/6 5889/8/6
f 5889/8/6 5883/8/6 5890/8/6
f 5890/8/6 5883/8/6 5891/8/6
f 5891/8/6 5883/8/6 5892/8/6
f 5883/8/6 5877/8/6 5893/8/6
f 5892/8/6 5883/8/6 5893/8/6
f 5893/8/6 5877/8/6 5894/8/6
f 5696/8/6 5749/8/6 5895/8/6
f 5749/8/6 5884/8/6 5895/8/6
f 5895/8/6 5884/8/6 5896/8/6
f 5887/8/6 5888/8/6 5897/8/6
f 5897/8/6 5888/8/6 5898/8/6
f 5890/8/6 5891/8/6 5899/8/6
f 5899/8/6 5891/8/6 5900/8/6
f 5892/8/6 5893/8/6 5902/8/6
f 5902/8/6 5893/8/6 5903/8/6
f 5894/8/6 5877/8/6 5904/8/6
f 5877/8/6 5851/8/6 5905/8/6
f 5904/8/6 5877/8/6 5905/8/6
f 5900/8/6 5901/8/6 5906/8/6
f 5906/8/6 5901/8/6 5907/8/6
f 5905/8/6 5851/8/6 5908/8/6
f 5908/8/6 5851/8/6 5909/8/6
f 5910/8/6 5911/8/6 5915/8/6
f 5915/8/6 5911/8/6 5916/8/6
f 5912/8/6 5913/8/6 5917/8/6
f 5913/9/6 5914/9/6 5918/9/6
f 5917/8/6 5913/8/6 5918/8/6
f 5918/9/6 5914/9/6 5919/9/6
f 5910/8/6 5915/8/6 5925/8/6
f 5925/8/6 5915/8/6 5926/8/6
f 5920/9/6 5921/9/6 5930/9/6
f 5930/9/6 5921/9/6 5931/9/6
f 5922/9/6 5923/9/6 5932/9/6
f 5932/9/6 5923/9/6 5933/9/6
f 5924/9/6 5925/9/6 5934/9/6
f 5925/9/6 5926/9/6 5934/9/6
f 5926/9/6 5927/9/6 5934/9/6
f 5934/9/6 5927/9/6 5935/9/6
f 5935/9/6 5927/9/6 5936/9/6
f 5928/9/6 5929/9/6 5940/9/6
f 5940/9/6 5929/9/6 5941/9/6
f 5922/9/6 5932/9/6 5942/9/6
f 5935/9/6 5936/9/6 5943/9/6
f 5936/9/6 5937/9/6 5943/9/6
f 5943/9/6 5937/9/6 5944/9/6
f 5944/9/6 5937/9/6 5945/9/6
f 5938/9/6 5939/9/6 5946/9/6
f 5946/9/6 5939/9/6 5947/9/6
f 5942/9/6 5932/9/6 5950/9/6
f 5950/9/6 5932/9/6 5951/9/6
f 5944/9/6 5945/9/6 5958/9/6
f 5958/9/6 5945/9/6 5959/9/6
f 5959/9/6 5945/9/6 5960/9/6
f 5948/9/6 5949/9/6 5961/9/6
f 5961/9/6 5949/9/6 5962/9/6
f 5952/8/6 5953/8/6 5967/8/6
f 5967/8/6 5953/8/6 5968/8/6
f 5954/8/6 5955/8/6 5969/8/6
f 5969/8/6 5955/8/6 5970/8/6
f 5963/9/6 5964/9/6 5977/9/6
f 5977/9/6 5964/9/6 5978/9/6
f 5965/8/6 5966/8/6 5979/8/6
f 5979/8/6 5966/8/6 5980/8/6
f 5956/7/6 5957/7/6 5985/7/6
f 5985/7/6 5957/7/6 5986/7/6
f 5971/8/6 5972/8/6 5988/8/6
f 5973/9/6 5974/9/6 5991/9/6
f 5991/9/6 5974/9/6 5992/9/6
f 5975/9/6 5976/9/6 5993/9/6
f 5981/9/6 5982/9/6 5997/9/6
f 5982/9/6 5983/9/6 5997/9/6
f 5983/8/6 5984/8/6 5998/8/6
f 5984/8/6 5985/8/6 5998/8/6
f 5997/9/6 5983/9/6 5998/9/6
f 5998/8/6 5985/8/6 5999/8/6
f 5999/8/6 5985/8/6 6000/8/6
f 5987/8/6 5988/8/6 6002/8/6
f 5988/8/6 5972/8/6 6003/8/6
f 6002/8/6 5988/8/6 6003/8/6
f 6003/8/6 5972/8/6 6004/8/6
f 5992/9/6 5993/9/6 6005/9/6
f 5993/9/6 5976/9/6 6006/9/6
f 6005/9/6 5993/9/6 6006/9/6
f 5994/9/6 5995/9/6 6012/9/6
f 5996/9/6 5997/9/6 6013/9/6
f 5997/9/6 5998/9/6 6013/9/6
f 5998/9/6 5999/9/6 6013/9/6
f 6013/9/6 5999/9/6 6014/9/6
f 6001/8/6 6002/8/6 6016/8/6
f 6002/8/6 6003/8/6 6016/8/6
f 6016/8/6 6003/8/6 6017/8/6
f 6017/8/6 6003/8/6 6018/8/6
f 5989/8/6 5990/8/6 6021/8/6
f 6021/8/6 5990/8/6 6022/8/6
f 6009/8/6 6010/8/6 6023/8/6
f 6008/8/6 6009/8/6 6023/8/6
f 6007/8/6 6008/8/6 6023/8/6
f 6023/8/6 6010/8/6 6024/8/6
f 6024/8/6 6010/8/6 6025/8/6
f 6011/8/6 6012/8/6 6026/8/6
f 6012/9/6 5995/9/6 6026/9/6
f 6026/9/6 5995/9/6 6027/9/6
f 6014/9/6 5999/9/6 6028/9/6
f 6028/9/6 5999/9/6 6029/9/6
f 6016/8/6 6017/8/6 6030/8/6
f 6015/8/6 6016/8/6 6030/8/6
f 6030/8/6 6017/8/6 6031/8/6
f 6018/7/6 6019/7/6 6032/7/6
f 6032/7/6 6019/7/6 6033/7/6
f 6020/8/6 6021/8/6 6036/8/6
f 6036/8/6 6021/8/6 6037/8/6
f 6023/8/6 6024/8/6 6042/8/6
f 6042/8/6 6024/8/6 6043/8/6
f 6011/8/6 6026/8/6 6044/8/6
f 6044/8/6 6026/8/6 6045/8/6
f 6033/7/6 6034/7/6 6047/7/6
f 6047/7/6 6034/7/6 6048/7/6
f 6035/9/6 6036/9/6 6049/9/6
f 6049/9/6 6036/9/6 6050/9/6
f 6037/9/6 6038/9/6 6051/9/6
f 6038/8/6 6039/8/6 6052/8/6
f 6051/9/6 6038/9/6 6052/9/6
f 6052/8/6 6039/8/6 6053/8/6
f 6040/9/6 6041/9/6 6054/9/6
f 6045/8/6 6046/8/6 6056/8/6
f 6035/9/6 6049/9/6 6057/9/6
f 6057/9/6 6049/9/6 6058/9/6
f 6054/9/6 6041/9/6 6059/9/6
f 6059/9/6 6041/9/6 6060/9/6
f 6055/8/6 6056/8/6 6061/8/6
f 6056/8/6 6046/8/6 6062/8/6
f 6061/8/6 6056/8/6 6062/8/6
f 6063/5/6 6064/5/6 6067/5/6
f 6067/5/6 6064/5/6 6068/5/6
f 6065/9/6 6066/9/6 6069/9/6
f 6069/9/6 6066/9/6 6070/9/6
f 6070/9/6 6066/9/6 6071/9/6
f 6071/8/6 6072/8/6 6073/8/6
f 6070/8/6 6071/8/6 6073/8/6
f 6073/8/6 6072/8/6 6074/8/6
f 6076/9/6 6077/9/6 6078/9/6
f 6074/8/6 6075/8/6 6080/8/6
f 6080/8/6 6075/8/6 6081/8/6
f 6076/9/6 6078/9/6 6084/9/6
f 6078/8/6 6079/8/6 6085/8/6
f 6084/9/6 6078/9/6 6085/9/6
f 6079/8/6 6080/8/6 6085/8/6
f 6085/8/6 6080/8/6 6086/8/6
f 6086/8/6 6080/8/6 6087/8/6
f 6087/8/6 6080/8/6 6088/8/6
f 6086/8/6 6087/8/6 6089/8/6
f 6089/8/6 6087/8/6 6090/8/6
f 6091/7/6 6092/7/6 6093/7/6
f 6082/5/6 6083/5/6 6095/5/6
f 6095/5/6 6083/5/6 6096/5/6
f 6093/7/6 6094/7/6 6097/7/6
f 6091/7/6 6093/7/6 6097/7/6
f 6097/7/6 6094/7/6 6098/7/6
f 6098/7/6 6094/7/6 6099/7/6
f 6099/7/6 6094/7/6 6100/7/6
f 6100/7/6 6094/7/6 6101/7/6
f 6098/7/6 6099/7/6 6103/7/6
f 6103/7/6 6099/7/6 6104/7/6
f 6101/7/6 6102/7/6 6105/7/6
f 6100/7/6 6101/7/6 6105/7/6
f 6105/7/6 6102/7/6 6106/7/6
f 6106/7/6 6102/7/6 6109/7/6
f 6109/7/6 6102/7/6 6110/7/6
f 6107/7/6 6108/7/6 6117/7/6
f 6113/7/6 6114/7/6 6118/7/6
f 6118/7/6 6114/7/6 6119/7/6
f 6111/9/6 6112/9/6 6120/9/6
f 6115/7/6 6116/7/6 6124/7/6
f 6124/7/6 6116/7/6 6125/7/6
f 6125/7/6 6116/7/6 6126/7/6
f 6107/7/6 6117/7/6 6128/7/6
f 6117/7/6 6118/7/6 6128/7/6
f 6128/7/6 6118/7/6 6129/7/6
f 6129/7/6 6118/7/6 6130/7/6
f 6111/9/6 6120/9/6 6132/9/6
f 6120/9/6 6121/9/6 6132/9/6
f 6132/9/6 6121/9/6 6133/9/6
f 6122/8/6 6123/8/6 6134/8/6
f 6123/7/6 6124/7/6 6134/7/6
f 6124/8/6 6125/8/6 6135/8/6
f 6134/7/6 6124/7/6 6135/7/6
f 6125/7/6 6126/7/6 6136/7/6
f 6135/8/6 6125/8/6 6136/8/6
f 6126/8/6 6127/8/6 6137/8/6
f 6136/7/6 6126/7/6 6137/7/6
f 6130/7/6 6131/7/6 6138/7/6
f 6129/7/6 6130/7/6 6138/7/6
f 6138/7/6 6131/7/6 6139/7/6
f 6111/9/6 6132/9/6 6140/9/6
f 6140/9/6 6132/9/6 6141/9/6
f 6135/8/6 6136/8/6 6143/8/6
f 6134/8/6 6135/8/6 6143/8/6
f 6136/8/6 6137/8/6 6143/8/6
f 6122/8/6 6134/8/6 6143/8/6
f 6143/8/6 6137/8/6 6144/8/6
f 6144/8/6 6137/8/6 6145/8/6
f 6145/8/6 6137/8/6 6146/8/6
f 6137/8/6 6127/8/6 6147/8/6
f 6146/8/6 6137/8/6 6147/8/6
f 6147/8/6 6127/8/6 6148/8/6
f 6141/9/6 6142/9/6 6149/9/6
f 6149/9/6 6142/9/6 6150/9/6
f 6150/9/6 6142/9/6 6151/9/6
f 6144/8/6 6145/8/6 6155/8/6
f 6155/8/6 6145/8/6 6156/8/6
f 6146/8/6 6147/8/6 6157/8/6
f 6157/8/6 6147/8/6 6158/8/6
f 6150/9/6 6151/9/6 6160/9/6
f 6151/9/6 6152/9/6 6160/9/6
f 6160/9/6 6152/9/6 6161/9/6
f 6161/9/6 6152/9/6 6162/9/6
f 6162/9/6 6152/9/6 6163/9/6
f 6159/6/6 6160/6/6 6165/6/6
f 6160/6/6 6161/6/6 6165/6/6
f 6163/9/6 6164/9/6 6166/9/6
f 6162/9/6 6163/9/6 6166/9/6
f 6166/9/6 6164/9/6 6167/9/6
f 6167/9/6 6164/9/6 6168/9/6
f 6168/9/6 6164/9/6 6169/9/6
f 6169/9/6 6164/9/6 6170/9/6
f 6170/9/6 6164/9/6 6171/9/6
f 6171/9/6 6164/9/6 6172/9/6
f 6153/7/6 6154/7/6 6173/7/6
f 6173/7/6 6154/7/6 6174/7/6
f 6159/6/6 6165/6/6 6175/6/6
f 6165/6/6 6166/6/6 6175/6/6
f 6175/6/6 6166/6/6 6176/6/6
f 6176/6/6 6166/6/6 6177/6/6
f 6168/6/6 6169/6/6 6179/6/6
f 6169/8/6 6170/8/6 6180/8/6
f 6179/6/6 6169/6/6 6180/6/6
f 6170/9/6 6171/9/6 6181/9/6
f 6180/8/6 6170/8/6 6181/8/6
f 6181/9/6 6171/9/6 6182/9/6
f 6175/9/6 6176/9/6 6185/9/6
f 6185/9/6 6176/9/6 6186/9/6
f 6177/9/6 6178/9/6 6187/9/6
f 6187/9/6 6178/9/6 6188/9/6
f 6183/8/6 6184/8/6 6189/8/6
f 6189/8/6 6184/8/6 6190/8/6
f 6191/7/6 6192/7/6 6197/7/6
f 6197/7/6 6192/7/6 6198/7/6
f 6198/7/6 6192/7/6 6199/7/6
f 6199/7/6 6192/7/6 6200/7/6
f 6200/7/6 6192/7/6 6201/7/6
f 6193/8/6 6194/8/6 6202/8/6
f 6202/8/6 6194/8/6 6203/8/6
f 6195/7/6 6196/7/6 6205/7/6
f 6196/7/6 6197/7/6 6205/7/6
f 6197/7/6 6198/7/6 6205/7/6
f 6205/7/6 6198/7/6 6206/7/6
f 6206/7/6 6198/7/6 6207/7/6
f 6207/7/6 6198/7/6 6208/7/6
f 6199/8/6 6200/8/6 6209/8/6
f 6204/7/6 6205/7/6 6210/7/6
f 6205/7/6 6206/7/6 6210/7/6
f 6210/7/6 6206/7/6 6211/7/6
f 6211/7/6 6206/7/6 6212/7/6
f 6212/7/6 6206/7/6 6213/7/6
f 6213/7/6 6206/7/6 6214/7/6
f 6207/7/6 6208/7/6 6215/7/6
f 6215/7/6 6208/7/6 6216/7/6
f 6216/7/6 6208/7/6 6217/7/6
f 6208/8/6 6209/8/6 6218/8/6
f 6217/7/6 6208/7/6 6218/7/6
f 6209/8/6 6200/8/6 6219/8/6
f 6218/8/6 6209/8/6 6219/8/6
f 6211/7/6 6212/7/6 6220/7/6
f 6220/7/6 6212/7/6 6221/7/6
f 6213/7/6 6214/7/6 6222/7/6
f 6215/7/6 6216/7/6 6222/7/6
f 6214/7/6 6215/7/6 6222/7/6
f 6222/7/6 6216/7/6 6223/7/6
f 6223/7/6 6216/7/6 6224/7/6
f 6224/7/6 6216/7/6 6225/7/6
f 6217/9/6 6218/9/6 6226/9/6
f 6218/9/6 6219/9/6 6226/9/6
f 6226/9/6 6219/9/6 6227/9/6
f 6227/9/6 6219/9/6 6228/9/6
f 6228/9/6 6219/9/6 6229/9/6
f 6220/8/6 6221/8/6 6237/8/6
f 6221/9/6 6222/9/6 6238/9/6
f 6222/9/6 6223/9/6 6238/9/6
f 6237/8/6 6221/8/6 6238/8/6
f 6238/9/6 6223/9/6 6239/9/6
f 6239/9/6 6223/9/6 6240/9/6
f 6224/9/6 6225/9/6 6241/9/6
f 6225/8/6 6226/8/6 6242/8/6
f 6241/9/6 6225/9/6 6242/9/6
f 6232/9/6 6233/9/6 6246/9/6
f 6246/9/6 6233/9/6 6247/9/6
f 6234/7/6 6235/7/6 6248/7/6
f 6236/8/6 6237/8/6 6249/8/6
f 6237/9/6 6238/9/6 6249/9/6
f 6238/8/6 6239/8/6 6250/8/6
f 6249/9/6 6238/9/6 6250/9/6
f 6250/8/6 6239/8/6 6251/8/6
f 6240/9/6 6241/9/6 6252/9/6
f 6252/9/6 6241/9/6 6253/9/6
f 6242/8/6 6226/8/6 6255/8/6
f 6255/8/6 6226/8/6 6256/8/6
f 6243/8/6 6244/8/6 6258/8/6
f 6258/8/6 6244/8/6 6259/8/6
f 6246/9/6 6247/9/6 6260/9/6
f 6245/9/6 6246/9/6 6260/9/6
f 6247/7/6 6248/7/6 6261/7/6
f 6260/9/6 6247/9/6 6261/9/6
f 6248/7/6 6235/7/6 6262/7/6
f 6261/7/6 6248/7/6 6262/7/6
f 6236/8/6 6249/8/6 6263/8/6
f 6263/8/6 6249/8/6 6264/8/6
f 6256/8/6 6257/8/6 6266/8/6
f 6255/8/6 6256/8/6 6266/8/6
f 6254/8/6 6255/8/6 6266/8/6
f 6266/8/6 6257/8/6 6267/8/6
f 6230/8/6 6231/8/6 6270/8/6
f 6270/8/6 6231/8/6 6271/8/6
f 6254/8/6 6266/8/6 6274/8/6
f 6274/8/6 6266/8/6 6275/8/6
f 6268/8/6 6269/8/6 6276/8/6
f 6269/8/6 6270/8/6 6276/8/6
f 6276/8/6 6270/8/6 6277/8/6
f 6277/8/6 6270/8/6 6278/8/6
f 6278/8/6 6270/8/6 6279/8/6
f 6272/7/6 6273/7/6 6281/7/6
f 6281/7/6 6273/7/6 6282/7/6
f 6264/8/6 6265/8/6 6285/8/6
f 6285/8/6 6265/8/6 6286/8/6
f 6277/8/6 6278/8/6 6289/8/6
f 6280/7/6 6281/7/6 6292/7/6
f 6292/7/6 6281/7/6 6293/7/6
f 6282/9/6 6283/9/6 6294/9/6
f 6294/9/6 6283/9/6 6295/9/6
f 6286/8/6 6287/8/6 6297/8/6
f 6284/8/6 6285/8/6 6297/8/6
f 6285/8/6 6286/8/6 6297/8/6
f 6297/8/6 6287/8/6 6298/8/6
f 6298/8/6 6287/8/6 6299/8/6
f 6299/8/6 6287/8/6 6300/8/6
f 6300/8/6 6287/8/6 6301/8/6
f 6301/8/6 6287/8/6 6302/8/6
f 6288/8/6 6289/8/6 6303/8/6
f 6289/8/6 6278/8/6 6304/8/6
f 6303/8/6 6289/8/6 6304/8/6
f 6290/8/6 6291/8/6 6305/8/6
f 6305/8/6 6291/8/6 6306/8/6
f 6296/8/6 6297/8/6 6307/8/6
f 6307/8/6 6297/8/6 6308/8/6
f 6298/8/6 6299/8/6 6309/8/6
f 6309/8/6 6299/8/6 6310/8/6
f 6300/8/6 6301/8/6 6311/8/6
f 6311/8/6 6312/8/6 6313/8/6
f 6300/8/6 6311/8/6 6313/8/6
f 6313/8/6 6312/8/6 6314/8/6
f 6315/9/6 6316/9/6 6317/9/6
f 6315/9/6 6317/9/6 6319/9/6
f 6319/9/6 6317/9/6 6320/9/6
f 6317/8/6 6318/8/6 6321/8/6
f 6320/9/6 6317/9/6 6321/9/6
f 6321/8/6 6318/8/6 6322/8/6
f 6320/9/6 6321/9/6 6324/9/6
f 6321/9/6 6322/9/6 6324/9/6
f 6322/8/6 6323/8/6 6325/8/6
f 6324/9/6 6322/9/6 6325/9/6
f 6325/8/6 6323/8/6 6326/8/6
f 6327/9/6 6328/9/6 6329/9/6
f 6327/9/6 6329/9/6 6331/9/6
f 6329/9/6 6330/9/6 6331/9/6
f 6331/9/6 6330/9/6 6332/9/6
f 6332/9/6 6330/9/6 6333/9/6
f 6333/9/6 6334/9/6 6335/9/6
f 6332/9/6 6333/9/6 6335/9/6
f 6335/9/6 6334/9/6 6336/9/6
f 6336/9/6 6334/9/6 6339/9/6
f 6339/9/6 6334/9/6 6340/9/6
f 6337/9/6 6338/9/6 6341/9/6
f 6341/9/6 6338/9/6 6342/9/6
f 6343/6/6 6344/6/6 6345/6/6
f 6345/6/6 6344/6/6 6346/6/6
f 6347/6/6 6348/6/6 6355/6/6
f 6355/6/6 6348/6/6 6356/6/6
f 6349/8/6 6350/8/6 6357/8/6
f 6357/8/6 6350/8/6 6358/8/6
f 6358/8/6 6350/8/6 6359/8/6
f 6351/6/6 6352/6/6 6360/6/6
f 6360/6/6 6352/6/6 6361/6/6
f 6353/9/6 6354/9/6 6364/9/6
f 6364/9/6 6354/9/6 6365/9/6
f 6360/9/6 6361/9/6 6366/9/6
f 6366/9/6 6361/9/6 6367/9/6
f 6362/9/6 6363/9/6 6368/9/6
f 6368/9/6 6363/9/6 6369/9/6
f 6370/7/6 6371/7/6 6373/7/6
f 6373/7/6 6371/7/6 6374/7/6
f 6374/7/6 6371/7/6 6375/7/6
f 6372/7/6 6373/7/6 6376/7/6
f 6373/7/6 6374/7/6 6376/7/6
f 6376/7/6 6374/7/6 6377/7/6
f 6378/8/6 6379/8/6 6380/8/6
f 6380/8/6 6379/8/6 6381/8/6
f 6383/8/6 6384/8/6 6389/8/6
f 6389/8/6 6384/8/6 6390/8/6
f 6385/8/6 6386/8/6 6392/8/6
f 6392/8/6 6386/8/6 6393/8/6
f 6387/8/6 6388/8/6 6394/8/6
f 6394/8/6 6388/8/6 6395/8/6
f 6381/8/6 6382/8/6 6396/8/6
f 6396/8/6 6382/8/6 6397/8/6
f 6391/8/6 6392/8/6 6399/8/6
f 6399/8/6 6392/8/6 6400/8/6
f 6393/8/6 6394/8/6 6401/8/6
f 6401/8/6 6394/8/6 6402/8/6
f 6397/8/6 6398/8/6 6404/8/6
f 6404/8/6 6398/8/6 6405/8/6
f 6400/8/6 6401/8/6 6408/8/6
f 6403/8/6 6404/8/6 6409/8/6
f 6409/8/6 6404/8/6 6410/8/6
f 6406/9/6 6407/9/6 6413/9/6
f 6413/9/6 6407/9/6 6414/9/6
f 6400/8/6 6408/8/6 6415/8/6
f 6408/8/6 6409/8/6 6415/8/6
f 6415/8/6 6409/8/6 6416/8/6
f 6411/16/6 6412/16/6 6418/16/6
f 6418/16/6 6412/16/6 6419/16/6
f 6417/16/6 6418/16/6 6423/16/6
f 6423/16/6 6418/16/6 6424/16/6
f 6419/16/6 6420/16/6 6425/16/6
f 6425/16/6 6420/16/6 6426/16/6
f 6421/8/6 6422/8/6 6427/8/6
f 6427/8/6 6422/8/6 6428/8/6
f 6424/16/6 6425/16/6 6429/16/6
f 6429/16/6 6425/16/6 6430/16/6
f 6431/7/6 6432/7/6 6433/7/6
f 6433/7/6 6432/7/6 6434/7/6
f 6435/16/6 6436/16/6 6439/16/6
f 6439/16/6 6436/16/6 6440/16/6
f 6437/16/6 6438/16/6 6441/16/6
f 6441/16/6 6438/16/6 6442/16/6
f 6443/16/6 6444/16/6 6447/16/6
f 6447/16/6 6444/16/6 6448/16/6
f 6445/16/6 6446/16/6 6449/16/6
f 6449/16/6 6446/16/6 6450/16/6
f 6451/9/6 6452/9/6 6457/9/6
f 6457/9/6 6452/9/6 6458/9/6
f 6453/6/6 6454/6/6 6459/6/6
f 6459/6/6 6454/6/6 6460/6/6
f 6455/6/6 6456/6/6 6462/6/6
f 6462/6/6 6456/6/6 6463/6/6
f 6457/8/6 6458/8/6 6464/8/6
f 6464/8/6 6458/8/6 6465/8/6
f 6461/6/6 6462/6/6 6466/6/6
f 6466/6/6 6462/6/6 6467/6/6
f 6468/8/6 6469/8/6 6470/8/6
f 6470/8/6 6469/8/6 6471/8/6
f 6472/16/6 6473/16/6 6474/16/6
f 6474/16/6 6473/16/6 6475/16/6
f 6476/18/6 6477/18/6 6479/18/6
f 6479/18/6 6477/18/6 6480/18/6
f 6478/18/6 6479/18/6 6482/18/6
f 6482/18/6 6479/18/6 6483/18/6
f 6480/18/6 6481/18/6 6484/18/6
f 6484/18/6 6481/18/6 6485/18/6
f 6483/18/6 6484/18/6 6486/18/6
f 6486/18/6 6484/18/6 6487/18/6
f 6488/16/6 6489/16/6 6491/16/6
f 6491/16/6 6489/16/6 6492/16/6
f 6490/16/6 6491/16/6 6494/16/6
f 6494/16/6 6491/16/6 6495/16/6
f 6492/16/6 6493/16/6 6496/16/6
f 6496/16/6 6493/16/6 6497/16/6
f 6495/16/6 6496/16/6 6498/16/6
f 6498/16/6 6496/16/6 6499/16/6
f 6500/16/6 6501/16/6 6503/16/6
f 6503/16/6 6501/16/6 6504/16/6
f 6502/16/6 6503/16/6 6506/16/6
f 6506/16/6 6503/16/6 6507/16/6
f 6504/16/6 6505/16/6 6508/16/6
f 6508/16/6 6505/16/6 6509/16/6
f 6507/16/6 6508/16/6 6512/16/6
f 6512/16/6 6508/16/6 6513/16/6
f 6510/6/6 6511/6/6 6519/6/6
f 6519/6/6 6511/6/6 6520/6/6
f 6514/8/6 6515/8/6 6526/8/6
f 6526/8/6 6515/8/6 6527/8/6
f 6516/9/6 6517/9/6 6529/9/6
f 6529/9/6 6517/9/6 6530/9/6
f 6518/6/6 6519/6/6 6531/6/6
f 6519/9/6 6520/9/6 6532/9/6
f 6531/6/6 6519/6/6 6532/6/6
f 6520/6/6 6521/6/6 6533/6/6
f 6532/9/6 6520/9/6 6533/9/6
f 6533/6/6 6521/6/6 6534/6/6
f 6522/6/6 6523/6/6 6535/6/6
f 6535/6/6 6523/6/6 6536/6/6
f 6536/6/6 6523/6/6 6537/6/6
f 6524/9/6 6525/9/6 6540/9/6
f 6540/9/6 6525/9/6 6541/9/6
f 6529/8/6 6530/8/6 6542/8/6
f 6528/8/6 6529/8/6 6542/8/6
f 6542/8/6 6530/8/6 6543/8/6
f 6535/8/6 6536/8/6 6544/8/6
f 6533/8/6 6534/8/6 6544/8/6
f 6534/8/6 6535/8/6 6544/8/6
f 6532/8/6 6533/8/6 6544/8/6
f 6544/8/6 6536/8/6 6545/8/6
f 6538/8/6 6539/8/6 6546/8/6
f 6546/8/6 6539/8/6 6547/8/6
f 6548/15/6 6549/15/6 6552/15/6
f 6552/15/6 6549/15/6 6553/15/6
f 6550/15/6 6551/15/6 6554/15/6
f 6554/15/6 6551/15/6 6555/15/6
f 6556/15/6 6557/15/6 6558/15/6
f 6558/15/6 6557/15/6 6559/15/6
f 6560/18/6 6561/18/6 6562/18/6
f 6562/18/6 6561/18/6 6563/18/6
f 6564/17/6 6565/17/6 6566/17/6
f 6566/17/6 6565/17/6 6567/17/6
f 6568/16/6 6569/16/6 6570/16/6
f 6570/16/6 6569/16/6 6571/16/6
f 6572/9/6 6573/9/6 6577/9/6
f 6577/9/6 6573/9/6 6578/9/6
f 6574/6/6 6575/6/6 6583/6/6
f 6583/6/6 6575/6/6 6584/6/6
f 6576/8/6 6577/8/6 6587/8/6
f 6577/8/6 6578/8/6 6587/8/6
f 6587/8/6 6578/8/6 6588/8/6
f 6579/9/6 6580/9/6 6589/9/6
f 6589/9/6 6580/9/6 6590/9/6
f 6581/6/6 6582/6/6 6591/6/6
f 6591/6/6 6582/6/6 6592/6/6
f 6585/6/6 6586/6/6 6593/6/6
f 6593/6/6 6586/6/6 6594/6/6
f 6595/12/6 6596/12/6 6597/12/6
f 6597/12/6 6596/12/6 6598/12/6
f 6599/6/6 6600/6/6 6601/6/6
f 6601/6/6 6600/6/6 6602/6/6
f 6603/10/6 6604/10/6 6605/10/6
f 6605/10/6 6604/10/6 6606/10/6
f 6607/5/6 6608/5/6 6611/5/6
f 6611/5/6 6608/5/6 6612/5/6
f 6609/5/6 6610/5/6 6613/5/6
f 6613/5/6 6610/5/6 6614/5/6
f 6615/5/6 6616/5/6 6619/5/6
f 6619/5/6 6616/5/6 6620/5/6
f 6617/5/6 6618/5/6 6621/5/6
f 6621/5/6 6618/5/6 6622/5/6
f 6623/10/6 6624/10/6 6627/10/6
f 6627/10/6 6624/10/6 6628/10/6
f 6625/15/6 6626/15/6 6629/15/6
f 6629/15/6 6626/15/6 6630/15/6
f 6631/11/6 6632/11/6 6633/11/6
f 6633/11/6 6632/11/6 6634/11/6
f 6635/5/6 6636/5/6 6638/5/6
f 6638/5/6 6636/5/6 6639/5/6
f 6637/5/6 6638/5/6 6641/5/6
f 6641/5/6 6638/5/6 6642/5/6
f 6639/5/6 6640/5/6 6643/5/6
f 6643/5/6 6640/5/6 6644/5/6
f 6642/5/6 6643/5/6 6645/5/6
f 6645/5/6 6643/5/6 6646/5/6
f 6647/11/6 6648/11/6 6649/11/6
f 6649/11/6 6648/11/6 6650/11/6
f 6651/15/6 6652/15/6 6653/15/6
f 6653/15/6 6652/15/6 6654/15/6
f 6655/14/6 6656/14/6 6657/14/6
f 6657/14/6 6656/14/6 6658/14/6
f 6659/15/6 6660/15/6 6661/15/6
f 6661/15/6 6660/15/6 6662/15/6
f 6663/13/6 6664/13/6 6667/13/6
f 6667/13/6 6664/13/6 6668/13/6
f 6665/13/6 6666/13/6 6669/13/6
f 6669/13/6 6666/13/6 6670/13/6
f 6671/11/6 6672/11/6 6673/11/6
f 6673/11/6 6672/11/6 6674/11/6
f 6675/11/6 6676/11/6 6677/11/6
f 6677/11/6 6676/11/6 6678/11/6
f 6679/10/6 6680/10/6 6681/10/6
f 6681/10/6 6680/10/6 6682/10/6
f 6683/12/6 6684/12/6 6685/12/6
f 6685/12/6 6684/12/6 6686/12/6
f 6687/11/6 6688/11/6 6689/11/6
f 6689/11/6 6688/11/6 6690/11/6
f 6691/11/6 6692/11/6 6693/11/6
f 6693/11/6 6692/11/6 6694/11/6
f 6695/5/6 6696/5/6 6697/5/6
f 6697/5/6 6696/5/6 6698/5/6
f 6699/5/6 6700/5/6 6701/5/6
f 6701/5/6 6700/5/6 6702/5/6
f 6703/10/6 6704/10/6 6705/10/6
f 6705/10/6 6704/10/6 6706/10/6
f 6707/12/6 6708/12/6 6709/12/6
f 6709/12/6 6708/12/6 6710/12/6
f 6711/5/6 6712/5/6 6713/5/6
f 6713/5/6 6712/5/6 6714/5/6
f 6711/5/6 6713/5/6 6715/5/6
f 6714/5/6 6712/5/6 6716/5/6
f 6711/5/6 6715/5/6 6717/5/6
f 6715/5/6 6716/5/6 6717/5/6
f 6716/5/6 6712/5/6 6718/5/6
f 6717/5/6 6716/5/6 6718/5/6
f 6719/13/6 6720/13/6 6723/13/6
f 6723/13/6 6720/13/6 6724/13/6
f 6721/13/6 6722/13/6 6725/13/6
f 6725/13/6 6722/13/6 6726/13/6
f 6727/15/6 6728/15/6 6729/15/6
f 6729/15/6 6728/15/6 6730/15/6
f 6731/11/6 6732/11/6 6733/11/6
f 6733/11/6 6732/11/6 6734/11/6
f 6735/10/6 6736/10/6 6737/10/6
f 6737/10/6 6736/10/6 6738/10/6
f 6739/11/6 6740/11/6 6741/11/6
f 6741/11/6 6740/11/6 6742/11/6
f 6743/14/6 6744/14/6 6745/14/6
f 6745/14/6 6744/14/6 6746/14/6
f 6747/11/6 6748/11/6 6749/11/6
f 6749/11/6 6748/11/6 6750/11/6
f 6751/13/6 6752/13/6 6753/13/6
f 6753/13/6 6752/13/6 6754/13/6
f 6755/12/6 6756/12/6 6757/12/6
f 6757/12/6 6756/12/6 6758/12/6
f 6759/11/6 6760/11/6 6761/11/6
f 6761/11/6 6760/11/6 6762/11/6
f 6763/5/6 6764/5/6 6765/5/6
f 6765/5/6 6764/5/6 6766/5/6
f 6767/11/6 6768/11/6 6769/11/6
f 6769/11/6 6768/11/6 6770/11/6
f 6771/11/6 6772/11/6 6775/11/6
f 6775/11/6 6772/11/6 6776/11/6
f 6773/10/6 6774/10/6 6777/10/6
f 6777/10/6 6774/10/6 6778/10/6
f 6779/10/6 6780/10/6 6781/10/6
f 6781/10/6 6780/10/6 6782/10/6
f 6783/11/6 6784/11/6 6785/11/6
f 6785/11/6 6784/11/6 6786/11/6
f 6787/19/6 6788/19/6 6791/19/6
f 6791/19/6 6788/19/6 6792/19/6
f 6789/5/6 6790/5/6 6793/5/6
f 6793/5/6 6790/5/6 6794/5/6
f 6795/19/6 6796/19/6 6799/19/6
f 6799/19/6 6796/19/6 6800/19/6
f 6797/5/6 6798/5/6 6801/5/6
f 6801/5/6 6798/5/6 6802/5/6
f 6803/11/6 6804/11/6 6805/11/6
f 6805/11/6 6804/11/6 6806/11/6
f 6807/12/6 6808/12/6 6809/12/6
f 6809/12/6 6808/12/6 6810/12/6
f 6811/11/6 6812/11/6 6813/11/6
f 6813/11/6 6812/11/6 6814/11/6
f 6815/5/6 6816/5/6 6818/5/6
f 6818/5/6 6816/5/6 6819/5/6
f 6817/5/6 6818/5/6 6822/5/6
f 6820/5/6 6821/5/6 6822/5/6
f 6819/5/6 6820/5/6 6822/5/6
f 6818/5/6 6819/5/6 6822/5/6
f 6822/5/6 6821/5/6 6823/5/6
f 6823/5/6 6821/5/6 6824/5/6
f 6824/5/6 6821/5/6 6825/5/6
f 6825/5/6 6821/5/6 6826/5/6
f 6823/5/6 6824/5/6 6827/5/6
f 6827/5/6 6824/5/6 6828/5/6
f 6829/14/6 6830/14/6 6831/14/6
f 6831/14/6 6830/14/6 6832/14/6
f 6833/13/6 6834/13/6 6837/13/6
f 6837/13/6 6834/13/6 6838/13/6
f 6835/13/6 6836/13/6 6839/13/6
f 6839/13/6 6836/13/6 6840/13/6
f 6841/11/6 6842/11/6 6843/11/6
f 6843/11/6 6842/11/6 6844/11/6
f 6845/15/6 6846/15/6 6847/15/6
f 6847/15/6 6846/15/6 6848/15/6
f 6849/14/6 6850/14/6 6851/14/6
f 6851/14/6 6850/14/6 6852/14/6
f 6853/5/6 6854/5/6 6855/5/6
f 6855/5/6 6854/5/6 6856/5/6
f 6857/5/6 6858/5/6 6859/5/6
f 6859/5/6 6858/5/6 6860/5/6
f 6861/11/6 6862/11/6 6863/11/6
f 6863/11/6 6862/11/6 6864/11/6
f 6865/13/6 6866/13/6 6869/13/6
f 6869/13/6 6866/13/6 6870/13/6
f 6867/13/6 6868/13/6 6871/13/6
f 6871/13/6 6868/13/6 6872/13/6
f 6873/12/6 6874/12/6 6875/12/6
f 6875/12/6 6874/12/6 6876/12/6
f 6877/11/6 6878/11/6 6879/11/6
f 6879/11/6 6878/11/6 6880/11/6
f 6881/11/6 6882/11/6 6883/11/6
f 6883/11/6 6882/11/6 6884/11/6
f 6885/13/6 6886/13/6 6887/13/6
f 6887/13/6 6886/13/6 6888/13/6
f 6889/12/6 6890/12/6 6891/12/6
f 6891/12/6 6890/12/6 6892/12/6
f 6893/11/6 6894/11/6 6895/11/6
f 6895/11/6 6894/11/6 6896/11/6
f 6897/11/6 6898/11/6 6899/11/6
f 6899/11/6 6898/11/6 6900/11/6
f 6901/11/6 6902/11/6 6903/11/6
f 6903/11/6 6902/11/6 6904/11/6
f 6905/11/6 6906/11/6 6907/11/6
f 6907/11/6 6906/11/6 6908/11/6
f 6909/15/6 6910/15/6 6911/15/6
f 6911/15/6 6910/15/6 6912/15/6
f 6913/11/6 6914/11/6 6915/11/6
f 6915/11/6 6914/11/6 6916/11/6
f 6917/13/6 6918/13/6 6919/13/6
f 6919/13/6 6918/13/6 6920/13/6
f 6921/12/6 6922/12/6 6923/12/6
f 6923/12/6 6922/12/6 6924/12/6
f 6925/11/6 6926/11/6 6927/11/6
f 6927/11/6 6926/11/6 6928/11/6
f 6929/11/6 6930/11/6 6931/11/6
f 6931/11/6 6930/11/6 6932/11/6
f 6933/10/6 6934/10/6 6939/10/6
f 6939/10/6 6934/10/6 6940/10/6
f 6935/13/6 6936/13/6 6941/13/6
f 6941/13/6 6936/13/6 6942/13/6
f 6937/10/6 6938/10/6 6943/10/6
f 6943/10/6 6938/10/6 6944/10/6
f 6945/10/6 6946/10/6 6949/10/6
f 6949/10/6 6946/10/6 6950/10/6
f 6947/12/6 6948/12/6 6951/12/6
f 6951/12/6 6948/12/6 6952/12/6
f 6953/14/6 6954/14/6 6955/14/6
f 6955/14/6 6954/14/6 6956/14/6
f 6957/11/6 6958/11/6 6959/11/6
f 6959/11/6 6958/11/6 6960/11/6
f 6961/11/6 6962/11/6 6963/11/6
f 6963/11/6 6962/11/6 6964/11/6
f 6965/11/6 6966/11/6 6967/11/6
f 6967/11/6 6966/11/6 6968/11/6
f 6969/11/6 6970/11/6 6971/11/6
f 6971/11/6 6970/11/6 6972/11/6
f 6973/11/6 6974/11/6 6975/11/6
f 6975/11/6 6974/11/6 6976/11/6
f 6977/10/6 6978/10/6 6979/10/6
f 6979/10/6 6978/10/6 6980/10/6
f 6981/11/6 6982/11/6 6983/11/6
f 6983/11/6 6982/11/6 6984/11/6
f 6985/11/6 6986/11/6 6987/11/6
f 6987/11/6 6986/11/6 6988/11/6
f 6989/13/6 6990/13/6 6991/13/6
f 6991/13/6 6990/13/6 6992/13/6
f 6993/12/6 6994/12/6 6995/12/6
f 6995/12/6 6994/12/6 6996/12/6
f 6997/11/6 6998/11/6 6999/11/6
f 6999/11/6 6998/11/6 7000/11/6
f 7001/11/6 7002/11/6 7003/11/6
f 7003/11/6 7002/11/6 7004/11/6
f 7005/11/6 7006/11/6 7007/11/6
f 7007/11/6 7006/11/6 7008/11/6
f 7009/13/6 7010/13/6 7011/13/6
f 7011/13/6 7010/13/6 7012/13/6
f 7013/12/6 7014/12/6 7015/12/6
f 7015/12/6 7014/12/6 7016/12/6
f 7017/11/6 7018/11/6 7019/11/6
f 7019/11/6 7018/11/6 7020/11/6
f 7021/11/6 7022/11/6 7023/11/6
f 7023/11/6 7022/11/6 7024/11/6
f 7025/11/6 7026/11/6 7027/11/6
f 7027/11/6 7026/11/6 7028/11/6
f 7029/11/6 7030/11/6 7031/11/6
f 7031/11/6 7030/11/6 7032/11/6
f 7033/11/6 7034/11/6 7035/11/6
f 7035/11/6 7034/11/6 7036/11/6
f 7037/15/6 7038/15/6 7041/15/6
f 7041/15/6 7038/15/6 7042/15/6
f 7039/13/6 7040/13/6 7043/13/6
f 7043/13/6 7040/13/6 7044/13/6
f 7045/11/6 7046/11/6 7047/11/6
f 7047/11/6 7046/11/6 7048/11/6
f 7049/11/6 7050/11/6 7051/11/6
f 7051/11/6 7050/11/6 7052/11/6
f 7053/11/6 7054/11/6 7055/11/6
f 7055/11/6 7054/11/6 7056/11/6
f 7057/11/6 7058/11/6 7059/11/6
f 7059/11/6 7058/11/6 7060/11/6
f 7061/13/6 7062/13/6 7063/13/6
f 7063/13/6 7062/13/6 7064/13/6
f 7065/12/6 7066/12/6 7067/12/6
f 7067/12/6 7066/12/6 7068/12/6
f 7069/11/6 7070/11/6 7071/11/6
f 7071/11/6 7070/11/6 7072/11/6
f 7073/10/6 7074/10/6 7077/10/6
f 7077/10/6 7074/10/6 7078/10/6
f 7075/15/6 7076/15/6 7079/15/6
f 7079/15/6 7076/15/6 7080/15/6
f 7081/10/6 7082/10/6 7085/10/6
f 7085/10/6 7082/10/6 7086/10/6
f 7083/12/6 7084/12/6 7087/12/6
f 7087/12/6 7084/12/6 7088/12/6
f 7089/14/6 7090/14/6 7091/14/6
f 7091/14/6 7090/14/6 7092/14/6
f 7093/11/6 7094/11/6 7095/11/6
f 7095/11/6 7094/11/6 7096/11/6
f 7097/15/6 7098/15/6 7099/15/6
f 7099/15/6 7098/15/6 7100/15/6
f 7101/11/6 7102/11/6 7103/11/6
f 7103/11/6 7102/11/6 7104/11/6
f 7105/11/6 7106/11/6 7107/11/6
f 7107/11/6 7106/11/6 7108/11/6
f 7109/11/6 7110/11/6 7111/11/6
f 7111/11/6 7110/11/6 7112/11/6
f 7113/15/6 7114/15/6 7115/15/6
f 7115/15/6 7114/15/6 7116/15/6
f 7117/11/6 7118/11/6 7119/11/6
f 7119/11/6 7118/11/6 7120/11/6
f 7121/10/6 7122/10/6 7125/10/6
f 7125/10/6 7122/10/6 7126/10/6
f 7123/10/6 7124/10/6 7127/10/6
f 7127/10/6 7124/10/6 7128/10/6
f 7129/15/6 7130/15/6 7131/15/6
f 7131/15/6 7130/15/6 7132/15/6
f 7133/1/6 7134/1/6 7137/1/6
f 7137/1/6 7134/1/6 7138/1/6
f 7135/3/6 7136/3/6 7139/3/6
f 7139/3/6 7136/3/6 7140/3/6
f 7141/3/6 7142/3/6 7143/3/6
f 7143/3/6 7142/3/6 7144/3/6
f 7145/1/6 7146/1/6 7147/1/6
f 7147/1/6 7146/1/6 7148/1/6
f 7149/11/6 7150/11/6 7151/11/6
f 7151/11/6 7150/11/6 7152/11/6
f 7153/11/6 7154/11/6 7155/11/6
f 7155/11/6 7154/11/6 7156/11/6
f 7157/14/6 7158/14/6 7159/14/6
f 7159/14/6 7158/14/6 7160/14/6
f 7161/11/6 7162/11/6 7163/11/6
f 7163/11/6 7162/11/6 7164/11/6
f 7165/11/6 7166/11/6 7167/11/6
f 7167/11/6 7166/11/6 7168/11/6
f 7169/11/6 7170/11/6 7171/11/6
f 7171/11/6 7170/11/6 7172/11/6
f 7173/11/6 7174/11/6 7175/11/6
f 7175/11/6 7174/11/6 7176/11/6
f 7177/3/6 7178/3/6 7181/3/6
f 7180/3/6 7181/3/6 7182/3/6
f 7181/3/6 7178/3/6 7183/3/6
f 7182/3/6 7181/3/6 7183/3/6
f 7183/3/6 7178/3/6 7184/3/6
f 7178/1/6 7179/1/6 7185/1/6
f 7184/3/6 7178/3/6 7185/3/6
f 7185/1/6 7179/1/6 7186/1/6
f 7187/13/6 7188/13/6 7189/13/6
f 7189/13/6 7188/13/6 7190/13/6
f 7191/12/6 7192/12/6 7194/12/6
f 7192/10/6 7193/10/6 7195/10/6
f 7194/12/6 7192/12/6 7195/12/6
f 7195/10/6 7193/10/6 7196/10/6
f 7197/10/6 7198/10/6 7199/10/6
f 7199/10/6 7198/10/6 7200/10/6
f 7201/14/6 7202/14/6 7203/14/6
f 7203/14/6 7202/14/6 7204/14/6
f 7205/14/6 7206/14/6 7207/14/6
f 7207/14/6 7206/14/6 7208/14/6
f 7209/12/6 7210/12/6 7211/12/6
f 7211/12/6 7210/12/6 7212/12/6
f 7213/10/6 7214/10/6 7215/10/6
f 7215/10/6 7214/10/6 7216/10/6
f 7217/12/6 7218/12/6 7222/12/6
f 7218/14/6 7219/14/6 7223/14/6
f 7222/12/6 7218/12/6 7223/12/6
f 7223/14/6 7219/14/6 7224/14/6
f 7220/15/6 7221/15/6 7227/15/6
f 7227/15/6 7221/15/6 7228/15/6
f 7225/12/6 7226/12/6 7229/12/6
f 7229/12/6 7226/12/6 7230/12/6
f 7231/10/6 7232/10/6 7235/10/6
f 7235/10/6 7232/10/6 7236/10/6
f 7233/12/6 7234/12/6 7239/12/6
f 7239/12/6 7234/12/6 7240/12/6
f 7237/14/6 7238/14/6 7241/14/6
f 7241/14/6 7238/14/6 7242/14/6
f 7243/14/6 7244/14/6 7245/14/6
f 7245/14/6 7244/14/6 7246/14/6
f 7247/12/6 7248/12/6 7251/12/6
f 7251/12/6 7248/12/6 7252/12/6
f 7249/10/6 7250/10/6 7253/10/6
f 7253/10/6 7250/10/6 7254/10/6
f 7255/14/6 7256/14/6 7257/14/6
f 7257/14/6 7256/14/6 7258/14/6
f 7259/14/6 7260/14/6 7263/14/6
f 7263/14/6 7260/14/6 7264/14/6
f 7261/14/6 7262/14/6 7265/14/6
f 7265/14/6 7262/14/6 7266/14/6
f 7267/15/6 7268/15/6 7271/15/6
f 7271/15/6 7268/15/6 7272/15/6
f 7269/10/6 7270/10/6 7273/10/6
f 7273/10/6 7270/10/6 7274/10/6
f 7275/14/6 7276/14/6 7277/14/6
f 7277/14/6 7276/14/6 7278/14/6
f 7279/12/6 7280/12/6 7283/12/6
f 7283/12/6 7280/12/6 7284/12/6
f 7281/13/6 7282/13/6 7285/13/6
f 7285/13/6 7282/13/6 7286/13/6
f 7287/14/6 7288/14/6 7289/14/6
f 7289/14/6 7288/14/6 7290/14/6
