<?xml version="1.0"?>
<COLLADA xmlns="http://www.collada.org/2005/11/COLLADASchema" version="1.4.1">
	<asset>
		<contributor>
			<author>Assimp</author>
			<authoring_tool>Assimp Exporter</authoring_tool>
		</contributor>
		<created>2026-09-09T17:29:24</created>
		<modified>2026-09-09T17:29:24</modified>
		<unit name="meter" meter="0.010000" />
		<up_axis>Y_UP</up_axis>
	</asset>
	<library_effects>
		<effect id="openPBR_shader1-fx" name="openPBR_shader1">
			<profile_COMMON>
				<technique sid="standard">
					<phong>
						<diffuse>
							<color sid="diffuse">0.400000   0.400000   0.400000   1.000000</color>
						</diffuse>
					</phong>
				</technique>
			</profile_COMMON>
		</effect>
	</library_effects>
	<library_materials>
		<material id="openPBR_shader1" name="openPBR_shader1">
			<instance_effect url="#openPBR_shader1-fx"/>
		</material>
	</library_materials>
	<library_geometries>
		<geometry id="meshId0" name="meshId0_name" >
			<mesh>
				<source id="meshId0-positions" name="meshId0-positions">
					<float_array id="meshId0-positions-array" count="2208"> 
						73.717041 0.574188 -4.513594 71.642372 0.574188 -8.585366 71.642372 72.057388 -8.585366 73.717041 72.057388 -4.513594 68.410995 0.574188 -11.816744 68.410995 72.057388 -11.816744 64.339218 0.574188 -13.891414 64.339218 72.057388 -13.891414 59.825626 0.574188 -14.606297 59.825626 72.057388 -14.606297 55.312035 0.574188 -13.891413 55.312035 72.057388 -13.891413 51.240261 0.574188 -11.816740 51.240261 72.057388 -11.816740 51.240261 0.574188 -11.816740 48.008888 0.574188 -8.585363 48.008888 72.057388 -8.585363 51.240261 72.057388 -11.816740 45.934212 0.574188 -4.513593 45.934212 72.057388 -4.513593 45.219334 0.574188 0.000000 45.219334 72.057388 0.000000 45.934212 0.574188 4.513592 45.934212 72.057388 4.513592 48.008888 0.574188 8.585362 48.008888 72.057388 8.585362 51.240265 0.574188 11.816737 51.240265 72.057388 11.816737 55.312035 0.574188 13.891407 55.312035 72.057388 13.891407 59.825626 0.574188 14.606290 59.825626 72.057388 14.606290 64.339218 0.574188 13.891406 64.339218 72.057388 13.891406 68.410988 0.574188 11.816737 68.410988 72.057388 11.816737 71.642365 0.574188 8.585362 71.642365 72.057388 8.585362 73.717033 0.574188 4.513592 73.717033 72.057388 4.513592 74.431915 0.574188 0.000000 74.431915 72.057388 0.000000 71.642372 0.574188 -8.585366 73.717041 0.574188 -4.513594 59.825626 0.574188 0.000000 68.410995 0.574188 -11.816744 64.339218 0.574188 -13.891414 59.825626 0.574188 -14.606297 55.312035 0.574188 -13.891413 51.240261 0.574188 -11.816740 48.008888 0.574188 -8.585363 45.934212 0.574188 -4.513593 45.219334 0.574188 0.000000 45.934212 0.574188 4.513592 48.008888 0.574188 8.585362 51.240265 0.574188 11.816737 55.312035 0.574188 13.891407 59.825626 0.574188 14.606290 64.339218 0.574188 13.891406 68.410988 0.574188 11.816737 71.642365 0.574188 8.585362 73.717033 0.574188 4.513592 74.431915 0.574188 0.000000 73.717041 145.425812 -4.513594 
						71.642372 145.425812 -8.585366 59.825626 145.425812 0.000000 68.410995 145.425812 -11.816744 64.339218 145.425812 -13.891414 59.825626 145.425812 -14.606297 55.312035 145.425812 -13.891413 51.240261 145.425812 -11.816740 48.008888 145.425812 -8.585363 45.934212 145.425812 -4.513593 45.219334 145.425812 0.000000 45.934212 145.425812 4.513592 48.008888 145.425812 8.585362 51.240265 145.425812 11.816737 55.312035 145.425812 13.891407 59.825626 145.425812 14.606290 64.339218 145.425812 13.891406 68.410988 145.425812 11.816737 71.642365 145.425812 8.585362 73.717033 145.425812 4.513592 74.431915 145.425812 0.000000 74.431915 73.000000 0.000000 73.717041 73.000000 -4.513594 73.717041 116.455490 -4.513594 74.431915 116.455490 0.000000 73.717033 73.000000 4.513592 73.717033 116.455490 4.513592 71.642365 73.000000 8.585362 71.642365 116.455490 8.585362 68.410988 73.000000 11.816737 68.410988 116.455490 11.816737 64.339218 73.000000 13.891406 64.339218 116.455490 13.891406 59.825626 73.000000 14.606290 59.825626 116.455490 14.606290 55.312035 73.000000 13.891407 55.312035 116.455490 13.891409 51.240265 73.000000 11.816737 51.240265 116.455490 11.816737 48.008888 73.000000 8.585362 51.240265 73.000000 11.816737 51.240265 116.455490 11.816737 48.008888 116.455490 8.585362 45.934212 73.000000 4.513592 45.934212 116.455490 4.513592 45.219334 73.000000 0.000000 45.219334 116.455490 0.000000 45.934212 73.000000 -4.513593 45.934212 116.455490 -4.513593 48.008888 73.000000 -8.585363 48.008888 116.455490 -8.585363 51.240261 73.000000 -11.816740 51.240261 116.455490 -11.816740 55.312035 73.000000 -13.891413 55.312035 116.455490 -13.891413 59.825626 73.000000 -14.606297 59.825626 116.455490 -14.606297 64.339218 73.000000 -13.891414 64.339218 116.455490 -13.891414 68.410995 73.000000 -11.816744 68.410995 116.455490 -11.816744 71.642372 73.000000 -8.585366 71.642372 116.455490 -8.585366 74.431915 117.236420 0.000000 73.717041 117.236420 -4.513594 
						73.717041 145.425812 -4.513594 74.431915 145.425812 0.000000 73.717033 117.236420 4.513592 73.717033 145.425812 4.513592 71.642365 117.236420 8.585362 71.642365 145.425812 8.585362 68.410988 117.236420 11.816737 68.410988 145.425812 11.816737 64.339218 117.236420 13.891406 64.339218 145.425812 13.891406 59.825626 117.236420 14.606290 59.825626 145.425812 14.606290 55.312035 117.236420 13.891409 55.312035 145.425812 13.891407 51.240265 117.236420 11.816737 51.240265 145.425812 11.816737 48.008888 117.236420 8.585362 51.240265 117.236420 11.816737 51.240265 145.425812 11.816737 48.008888 145.425812 8.585362 45.934212 117.236420 4.513592 45.934212 145.425812 4.513592 45.219334 117.236420 0.000000 45.219334 145.425812 0.000000 45.934212 117.236420 -4.513593 45.934212 145.425812 -4.513593 48.008888 117.236420 -8.585363 48.008888 145.425812 -8.585363 51.240261 117.236420 -11.816740 51.240261 145.425812 -11.816740 55.312035 117.236420 -13.891413 55.312035 145.425812 -13.891413 59.825626 117.236420 -14.606295 59.825626 145.425812 -14.606297 64.339218 117.236420 -13.891414 64.339218 145.425812 -13.891414 68.410995 117.236420 -11.816744 68.410995 145.425812 -11.816744 71.642372 117.236420 -8.585366 71.642372 145.425812 -8.585366 74.813568 116.455490 -4.869879 75.079399 116.569847 -4.956253 75.864380 116.569847 0.000000 75.584869 116.455490 -0.000000 75.079399 116.569847 -4.956253 75.189514 116.845955 -4.992030 75.980164 116.845955 0.000000 75.864380 116.569847 0.000000 75.079399 117.122070 -4.956253 75.864380 117.122070 0.000000 75.079399 117.122070 -4.956253 74.813568 117.236420 -4.869879 75.584869 117.236420 -0.000000 75.864380 117.122070 0.000000 74.813568 72.057388 -4.869879 75.079399 72.171738 -4.956253 75.864380 72.171738 0.000000 75.584869 72.057388 -0.000000 75.079399 72.171738 -4.956253 75.189514 72.447807 -4.992030 75.980164 72.447807 0.000000 75.864380 72.171738 0.000000 75.189514 72.609581 -4.992030 75.079399 72.885651 -4.956253 
						75.864380 72.885651 0.000000 75.980164 72.609581 0.000000 75.079399 72.885651 -4.956253 74.813568 73.000000 -4.869879 75.584869 73.000000 -0.000000 75.864380 72.885651 0.000000 75.189507 72.447807 4.992029 75.189507 72.609581 4.992029 72.894928 72.447807 9.495402 72.894928 72.609581 9.495402 69.321030 72.447807 13.069299 69.321030 72.609581 13.069299 64.817657 72.447807 15.363882 69.321030 72.447807 13.069299 64.817657 72.609581 15.363882 59.825626 72.447807 16.154543 59.825626 72.609581 16.154543 54.833599 72.447807 15.363883 54.833599 72.609581 15.363883 50.330227 72.447807 13.069300 50.330227 72.609581 13.069300 46.756325 72.447807 9.495402 50.330227 72.447807 13.069300 50.330227 72.609581 13.069300 46.756325 72.609581 9.495402 44.461739 72.447807 4.992029 44.461739 72.609581 4.992029 43.671082 72.447807 0.000000 43.671082 72.609581 0.000000 44.461739 72.447807 -4.992028 44.461739 72.609581 -4.992028 46.756325 72.447807 -9.495402 46.756325 72.609581 -9.495402 50.330223 72.447807 -13.069303 50.330223 72.609581 -13.069303 54.833599 72.447807 -15.363888 50.330223 72.447807 -13.069303 54.833599 72.609581 -15.363888 59.825626 72.447807 -16.154549 59.825626 72.609581 -16.154549 64.817657 72.447807 -15.363890 64.817657 72.609581 -15.363890 69.321037 72.447807 -13.069305 69.321037 72.609581 -13.069305 72.894936 72.447807 -9.495406 69.321037 72.447807 -13.069305 69.321037 72.609581 -13.069305 72.894936 72.609581 -9.495406 74.431915 116.455490 0.000000 73.717041 116.455490 -4.513594 73.717041 117.236420 -4.513594 74.431915 117.236420 0.000000 73.717033 116.455490 4.513592 74.813560 116.455490 4.869876 73.717033 117.236420 4.513592 74.813560 117.236420 4.869876 71.642365 116.455490 8.585362 72.575127 116.455490 9.263056 71.642365 117.236420 8.585362 72.575127 117.236420 9.263056 68.410988 116.455490 11.816737 69.088684 116.455490 12.749502 68.410988 117.236420 11.816737 69.088684 117.236420 12.749502 
						64.339218 116.455490 13.891406 64.695503 116.455490 14.987936 64.339218 117.236420 13.891406 64.695503 117.236420 14.987936 59.825626 116.455490 14.606290 59.825626 116.455490 15.759250 59.825626 117.236420 14.606290 59.825626 117.236420 15.759250 55.312035 116.455490 13.891409 54.955750 116.455490 14.987938 55.312035 117.236420 13.891409 54.955750 117.236420 14.987938 51.240265 116.455490 11.816737 50.562572 116.455490 12.749502 51.240265 117.236420 11.816737 50.562572 117.236420 12.749502 48.008888 116.455490 8.585362 47.076122 116.455490 9.263056 48.008888 117.236420 8.585362 47.076122 117.236420 9.263056 45.934212 116.455490 4.513592 44.837685 116.455490 4.869877 45.934212 117.236420 4.513592 44.837685 117.236420 4.869877 45.219334 116.455490 0.000000 44.066372 116.455490 0.000000 45.219334 117.236420 0.000000 44.066372 117.236420 0.000000 45.934212 116.455490 -4.513593 44.837685 116.455490 -4.869876 45.934212 117.236420 -4.513593 44.837685 117.236420 -4.869876 48.008888 116.455490 -8.585363 47.076122 116.455490 -9.263056 48.008888 117.236420 -8.585363 47.076122 117.236420 -9.263056 51.240261 116.455490 -11.816740 50.562569 116.455490 -12.749505 51.240261 117.236420 -11.816740 50.562569 117.236420 -12.749505 55.312035 116.455490 -13.891413 54.955750 116.455490 -14.987943 55.312035 117.236420 -13.891413 54.955750 117.236420 -14.987943 59.825626 116.455490 -14.606297 59.825626 116.455490 -15.759256 59.825626 117.236420 -14.606295 59.825626 117.236420 -15.759255 64.339218 116.455490 -13.891414 64.695503 116.455490 -14.987944 64.339218 117.236420 -13.891414 64.695503 117.236420 -14.987944 68.410995 116.455490 -11.816744 69.088692 116.455490 -12.749508 68.410995 117.236420 -11.816744 69.088692 117.236420 -12.749508 71.642372 116.455490 -8.585366 72.575134 116.455490 -9.263059 71.642372 117.236420 -8.585366 72.575134 117.236420 -9.263059 74.431915 72.057388 0.000000 73.717041 72.057388 -4.513594 73.717041 73.000000 -4.513594 74.431915 73.000000 0.000000 
						73.717033 72.057388 4.513592 74.813560 72.057388 4.869876 73.717033 73.000000 4.513592 74.813560 73.000000 4.869876 71.642365 72.057388 8.585362 72.575127 72.057388 9.263056 71.642365 73.000000 8.585362 72.575127 73.000000 9.263056 68.410988 72.057388 11.816737 69.088684 72.057388 12.749502 68.410988 73.000000 11.816737 69.088684 73.000000 12.749502 64.339218 72.057388 13.891406 64.695503 72.057388 14.987936 64.339218 73.000000 13.891406 64.695503 73.000000 14.987936 59.825626 72.057388 14.606290 59.825626 72.057388 15.759250 59.825626 73.000000 14.606290 59.825626 73.000000 15.759250 55.312035 72.057388 13.891407 54.955750 72.057388 14.987937 55.312035 73.000000 13.891407 54.955750 73.000000 14.987937 51.240265 72.057388 11.816737 50.562572 72.057388 12.749502 51.240265 73.000000 11.816737 50.562572 73.000000 12.749502 48.008888 72.057388 8.585362 47.076122 72.057388 9.263056 48.008888 73.000000 8.585362 47.076122 73.000000 9.263056 45.934212 72.057388 4.513592 44.837685 72.057388 4.869877 45.934212 73.000000 4.513592 44.837685 73.000000 4.869877 45.219334 72.057388 0.000000 44.066372 72.057388 0.000000 45.219334 73.000000 0.000000 44.066372 73.000000 0.000000 45.934212 72.057388 -4.513593 44.837685 72.057388 -4.869876 45.934212 73.000000 -4.513593 44.837685 73.000000 -4.869876 48.008888 72.057388 -8.585363 47.076122 72.057388 -9.263056 48.008888 73.000000 -8.585363 47.076122 73.000000 -9.263056 51.240261 72.057388 -11.816740 50.562569 72.057388 -12.749505 51.240261 73.000000 -11.816740 50.562569 73.000000 -12.749505 55.312035 72.057388 -13.891413 54.955750 72.057388 -14.987943 55.312035 73.000000 -13.891413 54.955750 73.000000 -14.987943 59.825626 72.057388 -14.606297 59.825626 72.057388 -15.759256 59.825626 73.000000 -14.606297 59.825626 73.000000 -15.759256 64.339218 72.057388 -13.891414 64.695503 72.057388 -14.987944 64.339218 73.000000 -13.891414 64.695503 73.000000 -14.987944 
						68.410995 72.057388 -11.816744 69.088692 72.057388 -12.749508 68.410995 73.000000 -11.816744 69.088692 73.000000 -12.749508 71.642372 72.057388 -8.585366 72.575134 72.057388 -9.263059 71.642372 73.000000 -8.585366 72.575134 73.000000 -9.263059 75.079391 116.569847 4.956251 75.189507 116.845955 4.992029 75.079391 116.569847 4.956251 75.079391 117.122070 4.956251 75.079391 117.122070 4.956251 72.801262 116.569847 9.427350 72.894928 116.845955 9.495402 72.801262 116.569847 9.427350 72.801262 117.122070 9.427350 72.801262 117.122070 9.427350 69.252975 116.569847 12.975633 69.321030 116.845955 13.069299 69.252975 116.569847 12.975633 69.252975 117.122070 12.975633 69.252975 117.122070 12.975633 64.781876 116.569847 15.253769 69.252975 116.569847 12.975633 64.817657 116.845955 15.363882 64.781876 116.569847 15.253769 64.781876 117.122070 15.253769 64.781876 117.122070 15.253769 59.825626 116.569847 16.038765 59.825626 116.845955 16.154543 59.825626 116.569847 16.038765 59.825626 117.122070 16.038765 59.825626 117.122070 16.038765 54.869377 116.569847 15.253771 54.833599 116.845955 15.363883 54.869377 116.569847 15.253771 54.869377 117.122070 15.253771 54.869377 117.122070 15.253771 50.398277 116.569847 12.975634 50.330227 116.845955 13.069300 50.398277 116.569847 12.975634 50.398277 117.122070 12.975634 50.398277 117.122070 12.975634 46.849991 116.569847 9.427350 50.398277 116.569847 12.975634 50.330227 116.845955 13.069300 46.756325 116.845955 9.495402 46.849991 116.569847 9.427350 50.398277 117.122070 12.975634 46.849991 117.122070 9.427350 46.849991 117.122070 9.427350 44.571850 116.569847 4.956252 44.461739 116.845955 4.992029 44.571850 116.569847 4.956252 44.571850 117.122070 4.956252 44.571850 117.122070 4.956252 43.786858 116.569847 0.000000 43.671082 116.845955 0.000000 43.786858 116.569847 0.000000 43.786858 117.122070 0.000000 43.786858 117.122070 0.000000 44.571850 116.569847 -4.956251 44.461739 116.845955 -4.992028 
						44.571850 116.569847 -4.956251 44.571850 117.122070 -4.956251 44.571850 117.122070 -4.956251 46.849991 116.569847 -9.427350 46.756325 116.845955 -9.495402 46.849991 116.569847 -9.427350 46.849991 117.122070 -9.427350 46.849991 117.122070 -9.427350 50.398277 116.569847 -12.975636 50.330223 116.845955 -13.069303 50.398277 116.569847 -12.975636 50.398277 117.122070 -12.975636 50.398277 117.122070 -12.975636 54.869377 116.569847 -15.253776 50.398277 116.569847 -12.975636 54.833599 116.845955 -15.363888 54.869377 116.569847 -15.253776 54.869377 117.122070 -15.253776 54.869377 117.122070 -15.253776 59.825626 116.569847 -16.038771 59.825626 116.845955 -16.154549 59.825626 116.569847 -16.038771 59.825626 117.122070 -16.038769 59.825626 117.122070 -16.038769 64.781876 116.569847 -15.253777 64.817657 116.845955 -15.363890 64.781876 116.569847 -15.253777 64.781876 117.122070 -15.253777 64.781876 117.122070 -15.253777 69.252983 116.569847 -12.975639 69.321037 116.845955 -13.069305 69.252983 116.569847 -12.975639 69.252983 117.122070 -12.975639 69.252983 117.122070 -12.975639 72.801270 116.569847 -9.427353 69.252983 116.569847 -12.975639 69.321037 116.845955 -13.069305 72.894936 116.845955 -9.495406 72.801270 116.569847 -9.427353 69.252983 117.122070 -12.975639 72.801270 117.122070 -9.427353 72.801270 117.122070 -9.427353 75.079391 72.171738 4.956251 75.079391 72.171738 4.956251 75.079391 72.885651 4.956251 75.079391 72.885651 4.956251 72.801262 72.171738 9.427350 72.801262 72.171738 9.427350 72.801262 72.885651 9.427350 72.801262 72.885651 9.427350 69.252975 72.171738 12.975633 69.252975 72.171738 12.975633 69.252975 72.885651 12.975633 69.252975 72.885651 12.975633 64.781876 72.171738 15.253769 69.252975 72.171738 12.975633 64.781876 72.171738 15.253769 64.781876 72.885651 15.253769 64.781876 72.885651 15.253769 59.825626 72.171738 16.038765 59.825626 72.171738 16.038765 59.825626 72.885651 16.038765 59.825626 72.885651 16.038765 54.869377 72.171738 15.253771 
						54.869377 72.171738 15.253771 54.869377 72.885651 15.253771 54.869377 72.885651 15.253771 50.398277 72.171738 12.975634 50.398277 72.171738 12.975634 50.398277 72.885651 12.975634 50.398277 72.885651 12.975634 46.849991 72.171738 9.427350 50.398277 72.171738 12.975634 46.849991 72.171738 9.427350 50.398277 72.885651 12.975634 46.849991 72.885651 9.427350 46.849991 72.885651 9.427350 44.571850 72.171738 4.956252 44.571850 72.171738 4.956252 44.571850 72.885651 4.956252 44.571850 72.885651 4.956252 43.786858 72.171738 0.000000 43.786858 72.171738 0.000000 43.786858 72.885651 0.000000 43.786858 72.885651 0.000000 44.571850 72.171738 -4.956251 44.571850 72.171738 -4.956251 44.571850 72.885651 -4.956251 44.571850 72.885651 -4.956251 46.849991 72.171738 -9.427350 46.849991 72.171738 -9.427350 46.849991 72.885651 -9.427350 46.849991 72.885651 -9.427350 50.398277 72.171738 -12.975636 50.398277 72.171738 -12.975636 50.398277 72.885651 -12.975636 50.398277 72.885651 -12.975636 54.869377 72.171738 -15.253776 50.398277 72.171738 -12.975636 54.869377 72.171738 -15.253776 54.869377 72.885651 -15.253776 54.869377 72.885651 -15.253776 59.825626 72.171738 -16.038771 59.825626 72.171738 -16.038771 59.825626 72.885651 -16.038771 59.825626 72.885651 -16.038771 64.781876 72.171738 -15.253777 64.781876 72.171738 -15.253777 64.781876 72.885651 -15.253777 64.781876 72.885651 -15.253777 69.252983 72.171738 -12.975639 69.252983 72.171738 -12.975639 69.252983 72.885651 -12.975639 69.252983 72.885651 -12.975639 72.801270 72.171738 -9.427353 69.252983 72.171738 -12.975639 72.801270 72.171738 -9.427353 69.252983 72.885651 -12.975639 72.801270 72.885651 -9.427353 72.801270 72.885651 -9.427353 70.910553 143.591766 -1.041053 70.325821 143.591766 -2.188646 70.325821 150.748856 -2.188646 70.910553 150.748856 -1.041053 69.415085 143.591766 -3.099382 69.415085 150.748856 -3.099382 68.267494 143.591766 -3.684110 68.267494 150.748856 -3.684110 
						66.995377 143.591766 -3.885593 66.995377 150.748856 -3.885593 65.723259 143.591766 -3.684109 65.723259 150.748856 -3.684109 64.575668 143.591766 -3.099381 64.575668 150.748856 -3.099381 64.575668 143.591766 -3.099381 63.664928 143.591766 -2.188646 63.664928 150.748856 -2.188646 64.575668 150.748856 -3.099381 63.080200 143.591766 -1.041052 63.080200 150.748856 -1.041052 62.878719 143.591766 0.231065 62.878719 150.748856 0.231065 63.080200 143.591766 1.503182 63.080200 150.748856 1.503182 63.664928 143.591766 2.650775 63.664928 150.748856 2.650775 64.575668 143.591766 3.561510 64.575668 150.748856 3.561510 65.723259 143.591766 4.146238 65.723259 150.748856 4.146238 66.995377 143.591766 4.347721 66.995377 150.748856 4.347721 68.267494 143.591766 4.146237 68.267494 150.748856 4.146237 69.415085 143.591766 3.561509 69.415085 150.748856 3.561509 70.325821 143.591766 2.650774 70.325821 150.748856 2.650774 70.910545 143.591766 1.503181 70.910545 150.748856 1.503181 71.112030 143.591766 0.231065 71.112030 150.748856 0.231065 70.325821 143.591766 -2.188646 70.910553 143.591766 -1.041053 66.995377 143.591766 0.231065 69.415085 143.591766 -3.099382 68.267494 143.591766 -3.684110 66.995377 143.591766 -3.885593 65.723259 143.591766 -3.684109 64.575668 143.591766 -3.099381 63.664928 143.591766 -2.188646 63.080200 143.591766 -1.041052 62.878719 143.591766 0.231065 63.080200 143.591766 1.503182 63.664928 143.591766 2.650775 64.575668 143.591766 3.561510 65.723259 143.591766 4.146238 66.995377 143.591766 4.347721 68.267494 143.591766 4.146237 69.415085 143.591766 3.561509 70.325821 143.591766 2.650774 70.910545 143.591766 1.503181 71.112030 143.591766 0.231065 70.910553 150.748856 -1.041053 70.325821 150.748856 -2.188646 66.995377 150.748856 0.231065 69.415085 150.748856 -3.099382 68.267494 150.748856 -3.684110 66.995377 150.748856 -3.885593 65.723259 150.748856 -3.684109 64.575668 150.748856 -3.099381 63.664928 150.748856 -2.188646 
						63.080200 150.748856 -1.041052 62.878719 150.748856 0.231065 63.080200 150.748856 1.503182 63.664928 150.748856 2.650775 64.575668 150.748856 3.561510 65.723259 150.748856 4.146238 66.995377 150.748856 4.347721 68.267494 150.748856 4.146237 69.415085 150.748856 3.561509 70.325821 150.748856 2.650774 70.910545 150.748856 1.503181 71.112030 150.748856 0.231065 54.847073 145.188232 -1.041053 54.262344 145.188232 -2.188646 54.262344 152.345337 -2.188646 54.847073 152.345337 -1.041053 53.351612 145.188232 -3.099382 53.351612 152.345337 -3.099382 52.204018 145.188232 -3.684110 52.204018 152.345337 -3.684110 50.931900 145.188232 -3.885593 50.931900 152.345337 -3.885593 49.659782 145.188232 -3.684109 49.659782 152.345337 -3.684109 48.512188 145.188232 -3.099381 48.512188 152.345337 -3.099381 48.512188 145.188232 -3.099381 47.601456 145.188232 -2.188646 47.601456 152.345337 -2.188646 48.512188 152.345337 -3.099381 47.016724 145.188232 -1.041052 47.016724 152.345337 -1.041052 46.815243 145.188232 0.231065 46.815243 152.345337 0.231065 47.016724 145.188232 1.503182 47.016724 152.345337 1.503182 47.601456 145.188232 2.650775 47.601456 152.345337 2.650775 48.512192 145.188232 3.561510 48.512192 152.345337 3.561510 49.659782 145.188232 4.146238 49.659782 152.345337 4.146238 50.931900 145.188232 4.347721 50.931900 152.345337 4.347721 52.204018 145.188232 4.146237 52.204018 152.345337 4.146237 53.351608 145.188232 3.561509 53.351608 152.345337 3.561509 54.262344 145.188232 2.650774 54.262344 152.345337 2.650774 54.847073 145.188232 1.503181 54.847073 152.345337 1.503181 55.048557 145.188232 0.231065 55.048557 152.345337 0.231065 54.262344 145.188232 -2.188646 54.847073 145.188232 -1.041053 50.931900 145.188232 0.231065 53.351612 145.188232 -3.099382 52.204018 145.188232 -3.684110 50.931900 145.188232 -3.885593 49.659782 145.188232 -3.684109 48.512188 145.188232 -3.099381 47.601456 145.188232 -2.188646 47.016724 145.188232 -1.041052 
						46.815243 145.188232 0.231065 47.016724 145.188232 1.503182 47.601456 145.188232 2.650775 48.512192 145.188232 3.561510 49.659782 145.188232 4.146238 50.931900 145.188232 4.347721 52.204018 145.188232 4.146237 53.351608 145.188232 3.561509 54.262344 145.188232 2.650774 54.847073 145.188232 1.503181 55.048557 145.188232 0.231065 54.847073 152.345337 -1.041053 54.262344 152.345337 -2.188646 50.931900 152.345337 0.231065 53.351612 152.345337 -3.099382 52.204018 152.345337 -3.684110 50.931900 152.345337 -3.885593 49.659782 152.345337 -3.684109 48.512188 152.345337 -3.099381 47.601456 152.345337 -2.188646 47.016724 152.345337 -1.041052 46.815243 152.345337 0.231065 47.016724 152.345337 1.503182 47.601456 152.345337 2.650775 48.512192 152.345337 3.561510 49.659782 152.345337 4.146238 50.931900 152.345337 4.347721 52.204018 152.345337 4.146237 53.351608 152.345337 3.561509 54.262344 152.345337 2.650774 54.847073 152.345337 1.503181 55.048557 152.345337 0.231065 
					</float_array>
					<technique_common>
						<accessor count="736" offset="0" source="#meshId0-positions-array" stride="3">
							<param name="X" type="float" />
							<param name="Y" type="float" />
							<param name="Z" type="float" />
						</accessor>
					</technique_common>
				</source>
				<source id="meshId0-normals" name="meshId0-normals">
					<float_array id="meshId0-normals-array" count="2208"> 
						0.951057 0.000000 -0.309016 0.809017 0.000000 -0.587785 0.809017 0.000000 -0.587785 0.951057 0.000000 -0.309016 0.587785 0.000000 -0.809017 0.587785 0.000000 -0.809017 0.309017 0.000000 -0.951057 0.309017 0.000000 -0.951057 -0.000000 0.000000 -1.000000 -0.000000 0.000000 -1.000000 -0.309017 0.000000 -0.951056 -0.309017 0.000000 -0.951056 -0.587785 0.000000 -0.809017 -0.587785 0.000000 -0.809017 -0.587785 0.000000 -0.809017 -0.809017 0.000000 -0.587785 -0.809017 0.000000 -0.587785 -0.587785 0.000000 -0.809017 -0.951056 0.000000 -0.309017 -0.951056 0.000000 -0.309017 -1.000000 0.000000 0.000000 -1.000000 0.000000 0.000000 -0.951056 0.000000 0.309017 -0.951056 0.000000 0.309017 -0.809017 0.000000 0.587785 -0.809017 0.000000 0.587785 -0.587785 0.000000 0.809017 -0.587785 0.000000 0.809017 -0.309017 0.000000 0.951056 -0.309017 0.000000 0.951056 0.000000 0.000000 1.000000 0.000000 0.000000 1.000000 0.309017 0.000000 0.951057 0.309017 0.000000 0.951057 0.587785 0.000000 0.809017 0.587785 0.000000 0.809017 0.809017 0.000000 0.587785 0.809017 0.000000 0.587785 0.951057 0.000000 0.309017 0.951057 0.000000 0.309017 1.000000 0.000000 0.000001 1.000000 0.000000 0.000001 0.000000 -1.000000 0.000000 0.000000 -1.000000 0.000000 0.000000 -1.000000 -0.000000 0.000000 -1.000000 0.000000 0.000000 -1.000000 0.000000 0.000000 -1.000000 0.000000 0.000000 -1.000000 0.000000 0.000000 -1.000000 0.000000 0.000000 -1.000000 0.000000 0.000000 -1.000000 0.000000 0.000000 -1.000000 0.000000 0.000000 -1.000000 0.000000 0.000000 -1.000000 0.000000 0.000000 -1.000000 0.000000 0.000000 -1.000000 -0.000000 0.000000 -1.000000 0.000000 0.000000 -1.000000 0.000000 0.000000 -1.000000 0.000000 0.000000 -1.000000 0.000000 0.000000 -1.000000 -0.000000 0.000000 -1.000000 -0.000000 0.000000 1.000000 0.000000 
						0.000000 1.000000 0.000000 0.000000 1.000000 0.000000 0.000000 1.000000 0.000000 0.000000 1.000000 0.000000 0.000000 1.000000 0.000000 0.000000 1.000000 0.000001 0.000000 1.000000 0.000001 0.000000 1.000000 0.000000 0.000000 1.000000 -0.000002 0.000000 1.000000 0.000002 0.000000 1.000000 0.000004 0.000000 1.000000 0.000000 0.000000 1.000000 0.000000 0.000000 1.000000 0.000000 0.000000 1.000000 0.000000 0.000000 1.000000 0.000000 0.000000 1.000000 0.000000 0.000000 1.000000 0.000000 0.000000 1.000000 -0.000002 0.000000 1.000000 -0.000002 1.000000 0.000000 0.000001 0.951057 0.000000 -0.309016 0.951057 0.000000 -0.309016 1.000000 0.000000 0.000001 0.951057 0.000000 0.309017 0.951057 0.000000 0.309017 0.809017 0.000000 0.587785 0.809017 0.000000 0.587785 0.587785 0.000000 0.809017 0.587785 0.000000 0.809017 0.309017 0.000000 0.951056 0.309017 0.000000 0.951056 0.000000 -0.000000 1.000000 0.000000 -0.000000 1.000000 -0.309017 -0.000000 0.951056 -0.309017 -0.000000 0.951056 -0.587785 0.000000 0.809017 -0.587785 0.000000 0.809017 -0.809017 0.000000 0.587785 -0.587785 0.000000 0.809017 -0.587785 0.000000 0.809017 -0.809017 0.000000 0.587785 -0.951056 0.000000 0.309017 -0.951056 0.000000 0.309017 -1.000000 0.000000 0.000000 -1.000000 0.000000 0.000000 -0.951056 0.000000 -0.309017 -0.951056 0.000000 -0.309017 -0.809017 0.000000 -0.587785 -0.809017 0.000000 -0.587785 -0.587785 0.000000 -0.809017 -0.587785 0.000000 -0.809017 -0.309017 0.000000 -0.951057 -0.309017 0.000000 -0.951057 -0.000000 0.000000 -1.000000 -0.000000 0.000000 -1.000000 0.309017 0.000000 -0.951057 0.309017 0.000000 -0.951057 0.587785 0.000000 -0.809017 0.587785 0.000000 -0.809017 0.809017 0.000000 -0.587785 0.809017 0.000000 -0.587785 1.000000 0.000000 0.000001 0.951057 0.000000 -0.309016 
						0.951057 0.000000 -0.309016 1.000000 0.000000 0.000001 0.951057 0.000000 0.309017 0.951057 0.000000 0.309017 0.809017 0.000000 0.587785 0.809017 0.000000 0.587785 0.587785 0.000000 0.809017 0.587785 0.000000 0.809017 0.309017 0.000000 0.951056 0.309017 0.000000 0.951056 0.000000 0.000000 1.000000 0.000000 0.000000 1.000000 -0.309017 0.000000 0.951056 -0.309017 0.000000 0.951056 -0.587785 0.000000 0.809017 -0.587785 0.000000 0.809017 -0.809017 0.000000 0.587786 -0.587785 0.000000 0.809017 -0.587785 0.000000 0.809017 -0.809017 0.000000 0.587786 -0.951056 0.000000 0.309017 -0.951056 0.000000 0.309017 -1.000000 0.000000 0.000000 -1.000000 0.000000 0.000000 -0.951056 0.000000 -0.309017 -0.951056 0.000000 -0.309017 -0.809017 0.000000 -0.587785 -0.809017 0.000000 -0.587785 -0.587785 0.000000 -0.809017 -0.587785 0.000000 -0.809017 -0.309017 0.000000 -0.951056 -0.309017 0.000000 -0.951056 -0.000000 -0.000000 -1.000000 -0.000000 -0.000000 -1.000000 0.309016 -0.000000 -0.951057 0.309016 -0.000000 -0.951057 0.587785 0.000000 -0.809017 0.587785 0.000000 -0.809017 0.809017 0.000000 -0.587785 0.809017 0.000000 -0.587785 0.091240 -0.995387 -0.029645 0.360135 -0.925533 -0.117012 0.378665 -0.925534 -0.000003 0.095935 -0.995388 -0.000001 0.877066 -0.386710 -0.284976 0.951056 0.000002 -0.309017 1.000000 0.000000 0.000002 0.922201 -0.386710 0.000003 0.877065 0.386710 -0.284977 0.922201 0.386710 0.000000 0.360135 0.925533 -0.117009 0.091240 0.995388 -0.029645 0.095935 0.995388 0.000001 0.378665 0.925534 0.000002 0.091240 -0.995387 -0.029645 0.360135 -0.925533 -0.117012 0.378665 -0.925534 -0.000000 0.095935 -0.995388 -0.000001 0.877048 -0.386756 -0.284970 0.920403 -0.251839 -0.299056 0.967769 -0.251839 0.000001 0.922182 -0.386756 0.000002 0.920403 0.251839 -0.299057 0.877047 0.386755 -0.284971 
						0.922182 0.386756 -0.000001 0.967769 0.251839 -0.000001 0.360135 0.925533 -0.117009 0.091240 0.995388 -0.029645 0.095935 0.995388 0.000000 0.378664 0.925534 0.000001 0.920405 -0.251833 0.299058 0.920405 0.251833 0.299057 0.782941 -0.251842 0.568840 0.782938 0.251841 0.568845 0.568839 -0.251839 0.782942 0.568836 0.251837 0.782945 0.299058 -0.251835 0.920404 0.568839 -0.251839 0.782942 0.299058 0.251835 0.920404 0.000000 -0.251832 0.967771 -0.000000 0.251834 0.967771 -0.299057 -0.251831 0.920405 -0.299057 0.251832 0.920405 -0.568840 -0.251835 0.782943 -0.568837 0.251833 0.782946 -0.782940 -0.251839 0.568843 -0.568840 -0.251835 0.782943 -0.568837 0.251833 0.782946 -0.782940 0.251838 0.568843 -0.920405 -0.251830 0.299060 -0.920404 0.251829 0.299062 -0.967773 -0.251824 -0.000002 -0.967773 0.251824 0.000002 -0.920405 -0.251830 -0.299059 -0.920405 0.251830 -0.299060 -0.782943 -0.251833 -0.568842 -0.782938 0.251831 -0.568848 -0.568841 -0.251834 -0.782943 -0.568835 0.251831 -0.782948 -0.299057 -0.251835 -0.920404 -0.568841 -0.251834 -0.782943 -0.299057 0.251835 -0.920404 -0.000000 -0.251834 -0.967770 -0.000000 0.251834 -0.967770 0.299058 -0.251836 -0.920404 0.299058 0.251835 -0.920404 0.568841 -0.251833 -0.782943 0.568838 0.251831 -0.782946 0.782944 -0.251824 -0.568843 0.568841 -0.251833 -0.782943 0.568838 0.251831 -0.782946 0.782942 0.251822 -0.568848 0.000000 -1.000000 0.000000 0.000000 -1.000000 -0.000001 0.000000 1.000000 -0.000001 0.000000 1.000000 0.000000 0.000000 -1.000000 0.000000 0.091239 -0.995388 0.029644 0.000000 1.000000 0.000000 0.091239 0.995388 0.029645 0.000000 -1.000000 0.000000 0.077613 -0.995388 0.056387 0.000000 1.000000 -0.000001 0.077613 0.995388 0.056386 0.000000 -1.000000 -0.000001 0.056389 -0.995388 0.077613 0.000000 1.000000 0.000001 0.056389 0.995388 0.077612 
						0.000000 -1.000000 -0.000001 0.029646 -0.995388 0.091239 0.000000 1.000000 0.000002 0.029645 0.995388 0.091238 0.000000 -1.000000 -0.000002 0.000000 -0.995388 0.095930 0.000000 1.000000 -0.000000 -0.000000 0.995388 0.095932 0.000000 -1.000000 -0.000001 -0.029646 -0.995388 0.091239 0.000000 1.000000 0.000000 -0.029645 0.995388 0.091237 0.000000 -1.000000 -0.000000 -0.056389 -0.995387 0.077616 0.000000 1.000000 -0.000003 -0.056389 0.995388 0.077613 0.000000 -1.000000 -0.000002 -0.077613 -0.995388 0.056390 0.000000 1.000000 -0.000002 -0.077613 0.995388 0.056390 0.000000 -1.000000 -0.000001 -0.091239 -0.995388 0.029647 0.000000 1.000000 -0.000000 -0.091239 0.995388 0.029645 0.000000 -1.000000 0.000000 -0.095934 -0.995388 0.000000 0.000000 1.000000 -0.000001 -0.095934 0.995388 -0.000000 0.000000 -1.000000 0.000001 -0.091239 -0.995388 -0.029646 0.000000 1.000000 0.000000 -0.091239 0.995388 -0.029644 0.000000 -1.000000 0.000003 -0.077613 -0.995388 -0.056390 0.000000 1.000000 -0.000001 -0.077613 0.995388 -0.056390 0.000000 -1.000000 0.000002 -0.056389 -0.995387 -0.077614 0.000000 1.000000 -0.000002 -0.056389 0.995387 -0.077615 0.000000 -1.000000 0.000001 -0.029646 -0.995388 -0.091239 0.000000 1.000000 -0.000000 -0.029646 0.995388 -0.091237 0.000000 -1.000000 0.000002 -0.000000 -0.995388 -0.095930 0.000000 1.000000 0.000000 0.000000 0.995388 -0.095932 0.000000 -1.000000 -0.000001 0.029645 -0.995388 -0.091235 0.000000 1.000000 -0.000000 0.029646 0.995388 -0.091238 0.000000 -1.000000 -0.000003 0.056389 -0.995388 -0.077610 0.000000 1.000000 -0.000001 0.056389 0.995388 -0.077612 0.000000 -1.000000 -0.000001 0.077612 -0.995388 -0.056387 0.000000 1.000000 -0.000001 0.077612 0.995388 -0.056388 0.000000 -1.000000 -0.000001 0.000000 -1.000000 -0.000001 0.000000 1.000000 -0.000001 0.000000 1.000000 0.000000 
						0.000000 -1.000000 -0.000001 0.091239 -0.995388 0.029644 0.000000 1.000000 0.000001 0.091240 0.995388 0.029645 0.000000 -1.000000 -0.000001 0.077613 -0.995388 0.056387 0.000000 1.000000 0.000000 0.077613 0.995388 0.056387 0.000000 -1.000000 -0.000001 0.056389 -0.995388 0.077611 0.000000 1.000000 -0.000001 0.056389 0.995388 0.077612 0.000000 -1.000000 -0.000000 0.029645 -0.995388 0.091237 0.000000 1.000000 -0.000001 0.029645 0.995388 0.091238 0.000000 -1.000000 0.000000 0.000000 -0.995388 0.095932 0.000000 1.000000 -0.000001 -0.000000 0.995388 0.095932 0.000000 -1.000000 -0.000000 -0.029645 -0.995388 0.091237 0.000000 1.000000 0.000001 -0.029645 0.995387 0.091240 0.000000 -1.000000 -0.000001 -0.056389 -0.995388 0.077611 0.000000 1.000000 0.000002 -0.056389 0.995387 0.077617 0.000000 -1.000000 -0.000001 -0.077613 -0.995388 0.056388 0.000000 1.000000 0.000001 -0.077613 0.995388 0.056391 0.000000 -1.000000 0.000001 -0.091239 -0.995388 0.029645 0.000000 1.000000 0.000000 -0.091239 0.995388 0.029646 0.000000 -1.000000 0.000001 -0.095934 -0.995388 0.000001 0.000000 1.000000 -0.000001 -0.095934 0.995388 -0.000001 0.000000 -1.000000 0.000001 -0.091239 -0.995388 -0.029644 0.000000 1.000000 -0.000001 -0.091239 0.995388 -0.029646 0.000000 -1.000000 0.000001 -0.077613 -0.995388 -0.056387 0.000000 1.000000 0.000000 -0.077613 0.995388 -0.056388 0.000000 -1.000000 0.000001 -0.056389 -0.995388 -0.077611 0.000000 1.000000 0.000001 -0.056389 0.995388 -0.077613 0.000000 -1.000000 0.000000 -0.029645 -0.995388 -0.091237 0.000000 1.000000 0.000002 -0.029646 0.995388 -0.091238 0.000000 -1.000000 -0.000000 -0.000000 -0.995388 -0.095932 0.000000 1.000000 0.000001 0.000000 0.995388 -0.095932 0.000000 -1.000000 0.000000 0.029645 -0.995388 -0.091236 0.000000 1.000000 -0.000001 0.029645 0.995388 -0.091240 
						0.000000 -1.000000 0.000001 0.056389 -0.995388 -0.077610 0.000000 1.000000 -0.000001 0.056389 0.995387 -0.077617 0.000000 -1.000000 0.000001 0.077612 -0.995388 -0.056387 0.000000 1.000000 -0.000001 0.077612 0.995388 -0.056390 0.360128 -0.925536 0.117007 0.951056 -0.000001 0.309018 0.877071 -0.386702 0.284971 0.877066 0.386700 0.284987 0.360128 0.925536 0.117010 0.306350 -0.925534 0.222567 0.809014 -0.000001 0.587790 0.746079 -0.386716 0.542048 0.746066 0.386710 0.542071 0.306350 0.925534 0.222567 0.222575 -0.925532 0.306351 0.587784 0.000000 0.809018 0.542057 -0.386711 0.746076 0.542052 0.386708 0.746081 0.222576 0.925535 0.306342 0.117013 -0.925534 0.360132 0.542057 -0.386711 0.746076 0.309018 0.000000 0.951056 0.284975 -0.386704 0.877069 0.284975 0.386704 0.877069 0.117013 0.925537 0.360123 0.000000 -0.925538 0.378655 0.000000 -0.000003 1.000000 -0.000001 -0.386698 0.922206 0.000001 0.386698 0.922206 -0.000000 0.925538 0.378655 -0.117013 -0.925534 0.360132 -0.309016 -0.000001 0.951057 -0.284975 -0.386702 0.877070 -0.284978 0.386702 0.877069 -0.117013 0.925538 0.360122 -0.222572 -0.925531 0.306357 -0.587787 0.000002 0.809016 -0.542059 -0.386707 0.746077 -0.542058 0.386707 0.746077 -0.222571 0.925531 0.306356 -0.306347 -0.925531 0.222586 -0.542059 -0.386707 0.746077 -0.587787 0.000002 0.809016 -0.809016 -0.000000 0.587787 -0.746075 -0.386710 0.542058 -0.542058 0.386707 0.746077 -0.746076 0.386710 0.542058 -0.306347 0.925531 0.222586 -0.360131 -0.925533 0.117021 -0.951056 0.000000 0.309019 -0.877070 -0.386697 0.284980 -0.877071 0.386697 0.284978 -0.360132 0.925534 0.117011 -0.378661 -0.925536 0.000000 -1.000000 0.000000 -0.000000 -0.922210 -0.386688 -0.000000 -0.922210 0.386688 -0.000000 -0.378661 0.925535 0.000003 -0.360129 -0.925534 -0.117020 -0.951056 0.000000 -0.309018 
						-0.877070 -0.386697 -0.284980 -0.877071 0.386697 -0.284978 -0.360130 0.925535 -0.117008 -0.306345 -0.925531 -0.222585 -0.809014 0.000000 -0.587790 -0.746079 -0.386701 -0.542059 -0.746075 0.386699 -0.542067 -0.306346 0.925534 -0.222575 -0.222572 -0.925531 -0.306357 -0.587784 0.000003 -0.809018 -0.542051 -0.386698 -0.746087 -0.542062 0.386707 -0.746074 -0.222573 0.925533 -0.306348 -0.117013 -0.925534 -0.360132 -0.542051 -0.386698 -0.746087 -0.309017 0.000003 -0.951057 -0.284970 -0.386697 -0.877073 -0.284982 0.386712 -0.877063 -0.117014 0.925537 -0.360124 -0.000000 -0.925538 -0.378655 -0.000000 0.000001 -1.000000 -0.000000 -0.386700 -0.922206 -0.000000 0.386702 -0.922205 0.000000 0.925538 -0.378655 0.117013 -0.925541 -0.360113 0.309014 0.000002 -0.951057 0.284969 -0.386699 -0.877073 0.284975 0.386707 -0.877067 0.117014 0.925537 -0.360124 0.222569 -0.925543 -0.306322 0.587779 0.000002 -0.809021 0.542052 -0.386696 -0.746087 0.542055 0.386699 -0.746083 0.222569 0.925539 -0.306333 0.306341 -0.925539 -0.222561 0.542052 -0.386696 -0.746087 0.587779 0.000002 -0.809021 0.809013 0.000001 -0.587790 0.746083 -0.386688 -0.542063 0.542055 0.386699 -0.746083 0.746079 0.386686 -0.542070 0.306341 0.925539 -0.222561 0.360128 -0.925536 0.117010 0.877051 -0.386747 0.284971 0.877051 0.386747 0.284970 0.360128 0.925536 0.117009 0.306349 -0.925533 0.222572 0.746062 -0.386761 0.542040 0.746058 0.386759 0.542047 0.306350 0.925534 0.222567 0.222575 -0.925533 0.306347 0.542049 -0.386759 0.746056 0.542044 0.386756 0.746061 0.222575 0.925532 0.306351 0.117014 -0.925537 0.360123 0.542049 -0.386759 0.746056 0.284969 -0.386750 0.877050 0.284970 0.386750 0.877050 0.117013 0.925534 0.360132 0.000000 -0.925538 0.378654 0.000000 -0.386741 0.922188 -0.000001 0.386744 0.922187 -0.000000 0.925538 0.378654 -0.117013 -0.925538 0.360122 
						-0.284971 -0.386745 0.877052 -0.284971 0.386745 0.877052 -0.117013 0.925534 0.360131 -0.222573 -0.925535 0.306343 -0.542047 -0.386750 0.746063 -0.542042 0.386747 0.746068 -0.222572 0.925531 0.306357 -0.306348 -0.925534 0.222571 -0.542047 -0.386750 0.746063 -0.746057 -0.386753 0.542053 -0.542042 0.386747 0.746068 -0.746057 0.386753 0.542052 -0.306347 0.925532 0.222581 -0.360132 -0.925534 0.117011 -0.877052 -0.386742 0.284975 -0.877051 0.386742 0.284977 -0.360131 0.925534 0.117014 -0.378661 -0.925536 0.000000 -0.922191 -0.386734 -0.000003 -0.922191 0.386734 0.000002 -0.378661 0.925536 0.000000 -0.360130 -0.925535 -0.117010 -0.877052 -0.386742 -0.284973 -0.877052 0.386742 -0.284975 -0.360130 0.925535 -0.117014 -0.306346 -0.925535 -0.222570 -0.746067 -0.386748 -0.542043 -0.746060 0.386745 -0.542054 -0.306346 0.925535 -0.222570 -0.222573 -0.925535 -0.306343 -0.542051 -0.386752 -0.746058 -0.542043 0.386747 -0.746067 -0.222573 0.925533 -0.306348 -0.117013 -0.925537 -0.360123 -0.542051 -0.386752 -0.746058 -0.284971 -0.386750 -0.877050 -0.284970 0.386750 -0.877050 -0.117013 0.925533 -0.360133 -0.000000 -0.925538 -0.378655 -0.000000 -0.386744 -0.922187 -0.000001 0.386747 -0.922186 0.000000 0.925538 -0.378655 0.117013 -0.925538 -0.360122 0.284970 -0.386752 -0.877049 0.284970 0.386751 -0.877049 0.117013 0.925534 -0.360132 0.222568 -0.925539 -0.306336 0.542052 -0.386750 -0.746059 0.542047 0.386747 -0.746064 0.222568 0.925533 -0.306352 0.306341 -0.925538 -0.222566 0.542052 -0.386750 -0.746059 0.746071 -0.386735 -0.542047 0.542047 0.386747 -0.746064 0.746067 0.386733 -0.542054 0.306341 0.925537 -0.222570 0.951057 0.000000 -0.309016 0.809016 0.000000 -0.587786 0.809016 0.000000 -0.587786 0.951057 0.000000 -0.309016 0.587786 0.000000 -0.809017 0.587786 0.000000 -0.809017 0.309017 0.000000 -0.951056 0.309017 0.000000 -0.951056 
						-0.000000 0.000000 -1.000000 -0.000000 0.000000 -1.000000 -0.309017 0.000000 -0.951056 -0.309017 0.000000 -0.951056 -0.587786 0.000000 -0.809017 -0.587786 0.000000 -0.809017 -0.587786 0.000000 -0.809017 -0.809017 0.000000 -0.587785 -0.809017 0.000000 -0.587785 -0.587786 0.000000 -0.809017 -0.951056 0.000000 -0.309017 -0.951056 0.000000 -0.309017 -1.000000 0.000000 0.000000 -1.000000 0.000000 0.000000 -0.951056 0.000000 0.309017 -0.951056 0.000000 0.309017 -0.809017 0.000000 0.587785 -0.809017 0.000000 0.587785 -0.587785 0.000000 0.809017 -0.587785 0.000000 0.809017 -0.309017 0.000000 0.951056 -0.309017 0.000000 0.951056 0.000000 0.000000 1.000000 0.000000 0.000000 1.000000 0.309017 0.000000 0.951056 0.309017 0.000000 0.951056 0.587785 0.000000 0.809017 0.587785 0.000000 0.809017 0.809017 0.000000 0.587785 0.809017 0.000000 0.587785 0.951057 0.000000 0.309016 0.951057 0.000000 0.309016 1.000000 0.000000 0.000003 1.000000 0.000000 0.000003 0.000000 -1.000000 -0.000006 0.000000 -1.000000 0.000006 0.000000 -1.000000 0.000000 0.000000 -1.000000 0.000000 0.000000 -1.000000 0.000000 0.000000 -1.000000 0.000000 0.000000 -1.000000 0.000000 0.000000 -1.000000 0.000006 0.000000 -1.000000 0.000006 0.000000 -1.000000 0.000012 0.000000 -1.000000 0.000000 0.000000 -1.000000 -0.000006 0.000000 -1.000000 0.000006 0.000000 -1.000000 0.000000 0.000000 -1.000000 0.000000 0.000000 -1.000000 0.000000 0.000000 -1.000000 0.000000 0.000000 -1.000000 -0.000006 0.000000 -1.000000 -0.000006 0.000000 -1.000000 -0.000012 0.000000 -1.000000 0.000000 0.000000 1.000000 0.000000 0.000000 1.000000 0.000000 0.000000 1.000000 0.000000 0.000000 1.000000 0.000000 0.000000 1.000000 0.000000 0.000000 1.000000 0.000000 0.000000 1.000000 0.000000 0.000000 1.000000 0.000000 0.000000 1.000000 0.000000 
						0.000000 1.000000 0.000000 0.000000 1.000000 0.000000 0.000000 1.000000 0.000000 0.000000 1.000000 0.000000 0.000000 1.000000 0.000000 0.000000 1.000000 0.000000 0.000000 1.000000 0.000000 0.000000 1.000000 0.000000 0.000000 1.000000 0.000000 0.000000 1.000000 0.000000 0.000000 1.000000 0.000000 0.000000 1.000000 0.000000 0.951057 0.000000 -0.309016 0.809017 0.000000 -0.587785 0.809017 0.000000 -0.587785 0.951057 0.000000 -0.309016 0.587785 0.000000 -0.809017 0.587785 0.000000 -0.809017 0.309016 0.000000 -0.951057 0.309016 0.000000 -0.951057 -0.000000 0.000000 -1.000000 -0.000000 0.000000 -1.000000 -0.309017 0.000000 -0.951057 -0.309017 0.000000 -0.951057 -0.587786 0.000000 -0.809017 -0.587786 0.000000 -0.809017 -0.587786 0.000000 -0.809017 -0.809018 0.000000 -0.587784 -0.809018 0.000000 -0.587784 -0.587786 0.000000 -0.809017 -0.951056 0.000000 -0.309017 -0.951056 0.000000 -0.309017 -1.000000 0.000000 0.000000 -1.000000 0.000000 0.000000 -0.951056 0.000000 0.309017 -0.951056 0.000000 0.309017 -0.809017 0.000000 0.587785 -0.809017 0.000000 0.587785 -0.587785 0.000000 0.809017 -0.587785 0.000000 0.809017 -0.309017 0.000000 0.951056 -0.309017 0.000000 0.951056 0.000000 0.000000 1.000000 0.000000 0.000000 1.000000 0.309017 0.000000 0.951056 0.309017 0.000000 0.951056 0.587785 0.000000 0.809017 0.587785 0.000000 0.809017 0.809017 0.000000 0.587786 0.809017 0.000000 0.587786 0.951056 0.000000 0.309017 0.951056 0.000000 0.309017 1.000000 0.000000 0.000002 1.000000 0.000000 0.000002 0.000000 -1.000000 0.000006 0.000000 -1.000000 0.000006 0.000000 -1.000000 0.000000 0.000000 -1.000000 0.000003 0.000000 -1.000000 0.000003 0.000000 -1.000000 0.000000 0.000000 -1.000000 0.000000 0.000000 -1.000000 0.000000 0.000000 -1.000000 0.000000 0.000000 -1.000000 0.000000 
						0.000000 -1.000000 0.000000 0.000000 -1.000000 -0.000006 0.000000 -1.000000 -0.000006 0.000000 -1.000000 -0.000003 0.000000 -1.000000 -0.000003 0.000000 -1.000000 0.000000 0.000000 -1.000000 0.000000 0.000000 -1.000000 0.000000 0.000000 -1.000000 0.000000 0.000000 -1.000000 0.000000 0.000000 -1.000000 0.000000 0.000000 1.000000 -0.000012 0.000000 1.000000 0.000000 0.000000 1.000000 -0.000001 0.000000 1.000000 0.000000 0.000000 1.000000 0.000000 0.000000 1.000000 0.000000 0.000000 1.000000 0.000003 0.000000 1.000000 0.000003 0.000000 1.000000 -0.000006 0.000000 1.000000 -0.000006 0.000000 1.000000 0.000000 0.000000 1.000000 0.000012 0.000000 1.000000 0.000012 0.000000 1.000000 -0.000006 0.000000 1.000000 -0.000006 0.000000 1.000000 0.000000 0.000000 1.000000 -0.000003 0.000000 1.000000 -0.000003 0.000000 1.000000 0.000006 0.000000 1.000000 0.000006 0.000000 1.000000 -0.000012 
					</float_array>
					<technique_common>
						<accessor count="736" offset="0" source="#meshId0-normals-array" stride="3">
							<param name="X" type="float" />
							<param name="Y" type="float" />
							<param name="Z" type="float" />
						</accessor>
					</technique_common>
				</source>
				<source id="meshId0-tangents" name="meshId0-tangents">
					<float_array id="meshId0-tangents-array" count="2208"> 
						-0.309016 0.000000 -0.951057 -0.587785 0.000000 -0.809017 -0.587785 0.000000 -0.809017 -0.309016 0.000000 -0.951057 -0.809017 0.000000 -0.587785 -0.809017 0.000000 -0.587785 -0.951057 0.000000 -0.309017 -0.951057 0.000000 -0.309017 -1.000000 0.000000 0.000000 -1.000000 0.000000 0.000000 -0.951056 0.000000 0.309017 -0.951056 0.000000 0.309017 -0.809017 0.000000 0.587785 -0.809017 0.000000 0.587785 -0.809017 0.000000 0.587785 -0.587785 0.000000 0.809017 -0.587785 0.000000 0.809017 -0.809017 0.000000 0.587785 -0.309017 0.000000 0.951056 -0.309017 0.000000 0.951056 0.000000 0.000000 1.000000 -0.000000 0.000000 1.000000 0.309017 0.000000 0.951056 0.309017 0.000000 0.951056 0.587785 0.000000 0.809017 0.587785 0.000000 0.809017 0.809017 0.000000 0.587785 0.809017 0.000000 0.587785 0.951056 0.000000 0.309017 0.951056 0.000000 0.309017 1.000000 0.000000 -0.000000 1.000000 0.000000 -0.000000 0.951056 0.000000 -0.309017 0.951056 -0.000001 -0.309017 0.809017 -0.000000 -0.587785 0.809017 -0.000001 -0.587785 0.587785 0.000000 -0.809017 0.587785 0.000000 -0.809017 0.309017 0.000000 -0.951057 0.309017 0.000000 -0.951057 0.000001 0.000000 -1.000000 0.000001 0.000000 -1.000000 -0.891007 0.000000 0.453989 -0.891007 0.000000 0.453989 -0.891007 -0.000000 0.453990 -0.891007 0.000000 0.453989 -0.891007 0.000000 0.453989 -0.891007 0.000000 0.453989 -0.891007 0.000000 0.453990 -0.891007 0.000000 0.453990 -0.891007 0.000000 0.453989 -0.891007 0.000000 0.453990 -0.891007 0.000000 0.453990 -0.891007 0.000000 0.453991 -0.891006 0.000000 0.453991 -0.891007 0.000000 0.453990 -0.891007 -0.000000 0.453990 -0.891006 0.000000 0.453991 -0.891006 0.000000 0.453991 -0.891007 0.000000 0.453989 -0.891007 0.000000 0.453989 -0.891007 -0.000000 0.453990 -0.891007 -0.000000 0.453990 0.707096 0.000000 0.707118 
						0.707097 0.000000 0.707117 0.707097 -0.000000 0.707116 0.707100 0.000000 0.707113 0.707097 0.000000 0.707117 0.707096 0.000000 0.707117 0.707097 -0.000001 0.707117 0.707097 -0.000001 0.707117 0.707096 0.000000 0.707117 0.707097 0.000001 0.707117 0.707100 -0.000001 0.707114 0.707099 -0.000003 0.707115 0.707098 0.000000 0.707116 0.707099 0.000000 0.707115 0.707097 0.000000 0.707116 0.707095 0.000000 0.707118 0.707096 0.000000 0.707118 0.707097 0.000000 0.707117 0.707097 0.000000 0.707117 0.707096 0.000001 0.707117 0.707098 0.000001 0.707116 0.000001 -0.000000 -1.000000 -0.309016 -0.000000 -0.951057 -0.309016 -0.000000 -0.951057 0.000001 -0.000000 -1.000000 0.309017 0.000000 -0.951057 0.309017 0.000000 -0.951057 0.587785 0.000000 -0.809017 0.587785 0.000000 -0.809017 0.809017 0.000000 -0.587785 0.809017 0.000000 -0.587785 0.951056 0.000000 -0.309017 0.951056 0.000000 -0.309017 1.000000 -0.000000 -0.000000 1.000000 -0.000000 -0.000000 0.951056 -0.000000 0.309017 0.951056 0.000000 0.309017 0.809017 0.000000 0.587785 0.809017 0.000000 0.587785 0.587785 -0.000000 0.809017 0.809017 0.000000 0.587785 0.809017 0.000000 0.587785 0.587785 -0.000001 0.809017 0.309017 -0.000001 0.951056 0.309017 -0.000001 0.951056 0.000000 -0.000001 1.000000 0.000000 -0.000000 1.000000 -0.309017 -0.000000 0.951056 -0.309017 -0.000001 0.951056 -0.587785 -0.000001 0.809017 -0.587785 -0.000001 0.809017 -0.809017 -0.000001 0.587785 -0.809017 -0.000001 0.587785 -0.951057 0.000000 0.309017 -0.951057 -0.000001 0.309017 -1.000000 0.000000 0.000000 -1.000000 0.000000 0.000000 -0.951057 0.000000 -0.309017 -0.951057 0.000000 -0.309017 -0.809017 0.000000 -0.587785 -0.809017 0.000000 -0.587785 -0.587785 0.000000 -0.809017 -0.587785 0.000000 -0.809017 0.000001 0.000000 -1.000000 -0.309016 0.000000 -0.951057 
						-0.309016 0.000000 -0.951057 0.000001 0.000000 -1.000000 0.309017 0.000000 -0.951056 0.309017 0.000000 -0.951057 0.587785 0.000000 -0.809017 0.587785 0.000000 -0.809017 0.809017 0.000000 -0.587785 0.809017 0.000000 -0.587785 0.951056 0.000000 -0.309017 0.951056 0.000000 -0.309017 1.000000 0.000000 -0.000000 1.000000 0.000000 -0.000000 0.951056 -0.000000 0.309017 0.951056 0.000000 0.309017 0.809017 0.000000 0.587785 0.809017 0.000000 0.587785 0.587785 -0.000009 0.809017 0.809017 -0.000008 0.587785 0.809017 -0.000008 0.587785 0.587785 -0.000009 0.809017 0.309017 -0.000012 0.951056 0.309017 -0.000013 0.951056 0.000000 -0.000011 1.000000 0.000000 -0.000012 1.000000 -0.309017 -0.000010 0.951056 -0.309017 -0.000010 0.951056 -0.587785 -0.000010 0.809017 -0.587785 -0.000009 0.809017 -0.809017 -0.000008 0.587785 -0.809017 -0.000007 0.587785 -0.951056 -0.000007 0.309017 -0.951056 -0.000007 0.309017 -1.000000 -0.000008 0.000000 -1.000000 -0.000008 0.000000 -0.951057 -0.000007 -0.309016 -0.951057 -0.000007 -0.309016 -0.809017 -0.000002 -0.587785 -0.809017 -0.000003 -0.587785 -0.587785 0.000001 -0.809017 -0.587785 0.000000 -0.809017 0.995810 0.091382 -0.003452 0.931936 0.362623 0.000025 0.925534 0.378665 -0.000001 0.995388 0.095935 -0.000000 0.403502 0.914979 0.000233 -0.000001 1.000000 0.000000 -0.000000 1.000000 -0.000000 0.386710 0.922201 0.000000 -0.403502 0.914979 -0.000233 -0.386710 0.922201 0.000001 0.931936 -0.362623 0.000026 0.995810 -0.091381 -0.003448 0.995388 -0.095935 0.000000 0.925534 -0.378665 0.000000 0.995810 0.091382 -0.003476 0.931934 0.362629 -0.000023 0.925534 0.378665 0.000000 0.995388 0.095935 -0.000000 0.403554 0.914956 0.000251 0.258105 0.965929 -0.019055 0.251839 0.967769 0.000000 0.386756 0.922182 0.000000 -0.258105 0.965929 0.019054 -0.403553 0.914956 -0.000250 
						-0.386756 0.922182 -0.000000 -0.251839 0.967769 -0.000000 0.931934 -0.362627 -0.000008 0.995810 -0.091382 -0.003467 0.995388 -0.095935 -0.000000 0.925534 -0.378665 -0.000000 0.258094 0.965932 0.019069 -0.258094 0.965932 -0.019070 0.281541 0.958836 0.036997 -0.281588 0.958825 -0.036926 0.305451 0.948567 0.083191 -0.412967 0.910719 0.007098 -0.478696 0.794805 0.373007 -0.392666 0.753299 0.527592 -0.538304 0.840942 -0.055187 -0.515665 0.829177 0.215767 -0.515677 0.829170 -0.215767 -0.538288 0.840952 0.055192 -0.478710 0.794798 -0.373006 -0.505117 0.858247 -0.090932 -0.395444 0.750962 -0.528849 -0.281568 0.958830 0.036952 -0.310176 0.947361 0.079364 0.310175 0.947361 -0.079363 0.281567 0.958830 -0.036952 -0.258094 0.965932 0.019058 0.258094 0.965932 -0.019058 -0.251824 0.967773 0.000000 0.251824 0.967773 0.000000 -0.258094 0.965932 -0.019058 0.258094 0.965932 0.019058 -0.281588 0.958825 -0.036911 0.281565 0.958831 0.036944 -0.312382 0.946784 -0.077575 0.423406 0.905794 -0.016273 0.501368 0.779213 -0.376107 0.416519 0.732647 -0.538275 0.562398 0.825737 0.043198 0.540022 0.814525 -0.211956 0.540022 0.814525 0.211956 0.562354 0.825766 -0.043222 0.501345 0.779229 0.376105 0.525640 0.843488 0.110592 0.415311 0.733726 0.537738 0.281569 0.958830 -0.036923 0.310189 0.947358 -0.079352 -0.310187 0.947358 0.079352 -0.281568 0.958831 0.036923 1.000000 0.000000 0.000000 1.000000 0.000000 -0.000006 1.000000 0.000000 0.000002 1.000000 0.000000 0.000000 1.000000 0.000000 0.000006 0.995810 0.091380 0.003434 1.000000 0.000000 -0.000002 0.995810 -0.091381 0.003467 1.000000 0.000000 -0.000004 0.996933 0.078054 0.005665 1.000000 -0.000000 -0.000009 0.996933 -0.078054 0.005664 1.000000 -0.000000 0.000011 0.998358 0.057004 0.005728 1.000000 -0.000000 0.000001 0.998357 -0.057005 0.005746 
						1.000000 0.000000 -0.000000 0.999541 0.030098 0.003590 1.000000 -0.000000 0.000002 0.999541 -0.030097 0.003578 1.000000 0.000000 -0.000001 1.000000 0.000000 0.000000 1.000000 0.000000 0.000002 1.000000 -0.000000 0.000001 1.000000 0.000000 -0.000001 0.999541 -0.030098 -0.003591 1.000000 0.000000 -0.000001 0.999540 0.030098 -0.003591 1.000000 0.000000 -0.000007 0.998358 -0.057004 -0.005726 1.000000 -0.000000 -0.000006 0.998357 0.057005 -0.005749 1.000000 -0.000000 0.000002 0.996933 -0.078054 -0.005668 1.000000 0.000000 0.000011 0.996933 0.078054 -0.005663 1.000000 0.000000 -0.000006 0.995810 -0.091380 -0.003433 1.000000 0.000000 0.000002 0.995810 0.091381 -0.003467 1.000000 0.000000 0.000000 0.995388 -0.095934 0.000000 1.000000 -0.000000 -0.000000 0.995388 0.095934 -0.000000 1.000000 0.000000 0.000006 0.995810 -0.091381 0.003452 1.000000 0.000000 -0.000003 0.995810 0.091381 0.003447 1.000000 -0.000000 -0.000005 0.996933 -0.078054 0.005666 1.000000 -0.000000 -0.000004 0.996933 0.078053 0.005651 1.000000 -0.000000 -0.000001 0.998357 -0.057005 0.005746 1.000000 0.000000 0.000002 0.998358 0.057004 0.005724 1.000000 0.000000 0.000001 0.999541 -0.030098 0.003586 1.000000 0.000000 0.000000 0.999541 0.030097 0.003578 1.000000 0.000000 0.000000 1.000000 -0.000000 0.000001 1.000000 -0.000000 0.000001 1.000000 0.000000 0.000001 1.000000 -0.000000 0.000001 0.999541 0.030098 -0.003591 1.000000 -0.000000 -0.000001 0.999541 -0.030097 -0.003579 1.000000 -0.000000 0.000002 0.998357 0.057004 -0.005733 1.000000 -0.000000 -0.000005 0.998358 -0.057004 -0.005724 1.000000 -0.000000 0.000004 0.996933 0.078054 -0.005667 1.000000 0.000000 0.000005 0.996933 -0.078053 -0.005650 1.000000 -0.000000 0.000000 1.000000 -0.000000 0.000002 1.000000 0.000000 0.000002 1.000000 0.000000 0.000000 
						1.000000 -0.000000 0.000006 0.995810 0.091382 0.003470 1.000000 -0.000000 0.000002 0.995810 -0.091381 0.003450 1.000000 0.000000 -0.000005 0.996933 0.078054 0.005651 1.000000 0.000000 -0.000003 0.996933 -0.078054 0.005659 1.000000 0.000000 -0.000001 0.998358 0.057004 0.005733 1.000000 -0.000000 -0.000001 0.998357 -0.057005 0.005745 1.000000 0.000000 -0.000003 0.999540 0.030098 0.003588 1.000000 -0.000000 -0.000001 0.999541 -0.030098 0.003584 1.000000 0.000000 0.000001 1.000000 0.000000 0.000001 1.000000 0.000000 0.000002 1.000000 -0.000000 0.000000 1.000000 -0.000000 0.000001 0.999540 -0.030098 -0.003590 1.000000 0.000000 -0.000005 0.999541 0.030098 -0.003588 1.000000 -0.000000 0.000002 0.998357 -0.057004 -0.005734 1.000000 0.000000 -0.000002 0.998357 0.057005 -0.005747 1.000000 -0.000000 0.000003 0.996933 -0.078053 -0.005650 1.000000 -0.000000 0.000004 0.996933 0.078054 -0.005659 1.000000 -0.000000 -0.000006 0.995810 -0.091381 -0.003470 1.000000 0.000000 -0.000002 0.995810 0.091381 -0.003450 1.000000 -0.000000 -0.000000 0.995388 -0.095934 -0.000001 1.000000 -0.000000 -0.000000 0.995388 0.095934 0.000000 1.000000 -0.000000 -0.000003 0.995810 -0.091381 0.003476 1.000000 -0.000000 -0.000002 0.995810 0.091381 0.003467 1.000000 -0.000000 -0.000009 0.996933 -0.078054 0.005656 1.000000 0.000000 -0.000010 0.996933 0.078055 0.005681 1.000000 0.000000 0.000002 0.998357 -0.057004 0.005735 1.000000 0.000000 -0.000003 0.998357 0.057006 0.005746 1.000000 0.000000 0.000003 0.999541 -0.030098 0.003583 1.000000 0.000000 -0.000001 0.999541 0.030097 0.003577 1.000000 -0.000000 0.000000 1.000000 -0.000000 0.000001 1.000000 -0.000000 0.000001 1.000000 0.000000 0.000001 1.000000 -0.000000 -0.000001 0.999540 0.030098 -0.003589 1.000000 -0.000000 -0.000001 0.999541 -0.030097 -0.003579 
						1.000000 0.000000 0.000000 0.998358 0.057003 -0.005721 1.000000 0.000000 0.000001 0.998357 -0.057005 -0.005745 1.000000 0.000000 0.000007 0.996933 0.078053 -0.005657 1.000000 0.000000 0.000012 0.996933 -0.078055 -0.005679 0.931940 0.362613 -0.000056 0.000001 1.000000 0.000000 0.403502 0.914979 -0.000263 -0.403502 0.914979 0.000264 0.931937 -0.362620 0.000008 0.949351 0.314218 -0.000064 -0.000138 1.000000 0.000193 0.461315 0.887234 -0.001974 -0.461095 0.887349 0.001588 0.949351 -0.314218 -0.000063 0.972295 0.233756 -0.000194 -0.222682 0.961373 0.161787 0.528875 0.846933 0.054737 -0.498726 0.862605 -0.084764 0.972292 -0.233769 -0.000154 0.992110 0.125372 -0.000149 -0.351919 0.701759 0.619425 -0.479925 0.863340 0.155937 -0.430517 0.765888 0.477567 -0.479469 0.849819 -0.218902 0.992111 -0.125364 -0.000170 1.000000 0.000000 0.000001 -0.490033 0.871704 0.000003 -0.460537 0.818588 0.343248 -0.460538 0.818587 -0.343248 1.000000 -0.000000 0.000001 0.992110 -0.125373 0.000148 -0.479712 0.863471 -0.155866 -0.479575 0.849774 0.218845 -0.430589 0.765845 -0.477571 0.992110 0.125372 0.000148 0.972296 -0.233754 0.000194 -0.411560 0.860933 -0.299019 -0.460790 0.879230 0.120937 -0.359821 0.695514 -0.621924 0.972293 0.233766 0.000151 0.949351 -0.314216 0.000062 -0.538774 0.841269 0.044603 0.000001 1.000000 -0.000001 0.000001 1.000000 0.000001 -0.461290 0.887247 -0.001937 0.538771 0.841271 -0.044606 0.461290 0.887247 0.001937 0.949351 0.314216 0.000062 0.931939 -0.362616 0.000058 0.000000 1.000000 -0.000000 -0.403487 0.914985 -0.000227 0.403487 0.914985 0.000227 0.931936 0.362623 -0.000007 0.925535 -0.378661 -0.000000 0.000000 1.000000 -0.000000 -0.386688 0.922210 -0.000000 0.386688 0.922210 0.000001 0.925535 0.378661 -0.000000 0.931938 -0.362618 -0.000024 -0.000000 1.000000 0.000001 
						-0.403479 0.914989 0.000196 0.403479 0.914989 -0.000196 0.931938 0.362618 -0.000025 0.949352 -0.314215 -0.000062 -0.000034 1.000000 0.000047 -0.461298 0.887243 0.001969 0.461352 0.887215 -0.002063 0.949354 0.314209 -0.000090 0.972293 -0.233767 -0.000152 0.252361 0.950104 -0.183347 -0.541149 0.839870 -0.042148 0.528844 0.846950 0.054761 0.972296 0.233755 -0.000193 0.992110 -0.125369 -0.000157 0.406193 0.656659 -0.635457 0.537738 0.824810 -0.174719 0.482838 0.732537 -0.479851 0.542499 0.819427 0.185026 0.992111 0.125364 -0.000170 1.000000 -0.000000 0.000001 0.550302 0.834965 0.000001 0.519784 0.787838 -0.330357 0.519761 0.787850 0.330364 1.000000 0.000000 0.000001 0.992110 0.125373 0.000146 0.537803 0.824762 0.174743 0.542503 0.819426 -0.185019 0.482824 0.732539 0.479862 0.992111 -0.125365 0.000169 0.972296 0.233755 0.000173 0.462230 0.820709 0.335826 0.517863 0.852927 -0.065830 0.404461 0.658177 0.634992 0.972297 -0.233749 0.000193 0.949354 0.314209 0.000060 0.538734 0.841292 -0.044636 -0.000001 1.000000 0.000001 -0.000001 1.000000 0.000001 0.461293 0.887245 0.001985 -0.538737 0.841291 0.044636 -0.461293 0.887245 -0.001985 0.949356 -0.314203 0.000089 0.931937 0.362620 0.000008 0.403536 0.914964 -0.000218 -0.403536 0.914964 0.000218 0.931939 -0.362616 -0.000025 0.949353 0.314212 -0.000090 0.461363 0.887209 -0.001970 -0.461289 0.887248 0.001839 0.949352 -0.314215 -0.000077 0.972294 0.233762 -0.000175 0.538825 0.841235 0.044616 -0.514666 0.854602 -0.069097 0.972292 -0.233769 -0.000155 0.992110 0.125372 -0.000149 -0.383442 0.676157 0.629114 -0.458201 0.748716 0.479037 -0.512788 0.834558 -0.201399 0.992110 -0.125369 -0.000158 1.000000 0.000000 0.000001 -0.491774 0.802970 0.336744 -0.491799 0.802956 -0.336742 1.000000 0.000000 -0.000000 0.992110 -0.125373 0.000147 
						-0.512846 0.834531 0.201361 -0.458225 0.748703 -0.479034 0.992110 0.125369 0.000157 0.972294 -0.233760 0.000173 -0.491059 0.866226 0.092265 -0.383439 0.676175 -0.629096 0.972293 0.233766 0.000153 0.949353 -0.314210 0.000090 -0.538776 0.841265 0.044657 -0.461353 0.887215 -0.001959 0.538776 0.841264 -0.044656 0.461353 0.887215 0.001960 0.949352 0.314213 0.000076 0.931936 -0.362623 -0.000007 -0.403538 0.914963 -0.000242 0.403538 0.914963 0.000241 0.931937 0.362620 0.000025 0.925535 -0.378661 0.000001 -0.386734 0.922191 -0.000000 0.386734 0.922191 -0.000000 0.925536 0.378661 0.000000 0.931936 -0.362623 0.000023 -0.403538 0.914963 0.000242 0.403538 0.914963 -0.000242 0.931937 0.362622 0.000007 0.949353 -0.314212 -0.000076 -0.461362 0.887210 0.001993 0.461397 0.887191 -0.002054 0.949350 0.314221 -0.000033 0.972294 -0.233761 -0.000173 -0.538832 0.841232 -0.044600 0.526867 0.848046 0.056824 0.972292 0.233768 -0.000150 0.992110 -0.125367 -0.000163 0.401509 0.660715 -0.634229 0.479391 0.734830 -0.479800 0.538411 0.821591 0.187355 0.992111 0.125364 -0.000171 1.000000 -0.000000 0.000000 0.515891 0.789995 -0.331306 0.515891 0.789995 0.331308 1.000000 0.000000 0.000001 0.992110 0.125370 0.000152 0.538357 0.821619 -0.187387 0.479432 0.734803 0.479802 0.992111 -0.125365 0.000168 0.972297 0.233748 0.000194 0.514157 0.854868 -0.069594 0.401551 0.660685 0.634233 0.972294 -0.233762 0.000153 0.949355 0.314206 0.000073 0.538795 0.841253 -0.044635 0.461359 0.887211 0.002013 -0.538797 0.841253 0.044633 -0.461359 0.887211 -0.002013 0.949352 -0.314215 0.000033 -0.309016 0.000000 -0.951057 -0.587786 0.000000 -0.809016 -0.587786 0.000000 -0.809016 -0.309016 0.000000 -0.951057 -0.809017 0.000000 -0.587785 -0.809017 0.000000 -0.587785 -0.951056 0.000000 -0.309017 -0.951056 0.000000 -0.309017 
						-1.000000 0.000000 0.000000 -1.000000 0.000000 0.000000 -0.951056 0.000000 0.309017 -0.951056 0.000000 0.309017 -0.809017 0.000000 0.587786 -0.809017 0.000000 0.587786 -0.809017 -0.000004 0.587786 -0.587785 -0.000002 0.809017 -0.587785 0.000000 0.809017 -0.809017 -0.000000 0.587786 -0.309017 0.000000 0.951056 -0.309017 0.000000 0.951056 0.000000 -0.000002 1.000000 0.000000 -0.000003 1.000000 0.309017 -0.000002 0.951056 0.309017 -0.000004 0.951056 0.587785 0.000000 0.809017 0.587785 0.000000 0.809017 0.809017 -0.000002 0.587785 0.809017 -0.000000 0.587785 0.951056 -0.000002 0.309017 0.951056 0.000000 0.309017 1.000000 0.000000 -0.000000 1.000000 -0.000003 -0.000000 0.951056 -0.000002 -0.309017 0.951057 -0.000004 -0.309017 0.809017 -0.000002 -0.587785 0.809017 0.000000 -0.587785 0.587785 0.000000 -0.809017 0.587785 0.000000 -0.809017 0.309016 0.000000 -0.951057 0.309016 0.000000 -0.951057 0.000003 0.000000 -1.000000 0.000003 0.000000 -1.000000 -0.707104 -0.000004 0.707110 -0.707104 0.000004 0.707109 -0.707104 0.000000 0.707110 -0.707104 0.000000 0.707110 -0.707104 0.000000 0.707109 -0.707104 0.000000 0.707109 -0.707104 0.000000 0.707110 -0.707104 0.000004 0.707110 -0.707105 0.000004 0.707109 -0.707104 0.000008 0.707110 -0.707104 0.000000 0.707110 -0.707105 -0.000004 0.707108 -0.707105 0.000004 0.707109 -0.707105 0.000000 0.707109 -0.707105 0.000000 0.707109 -0.707104 0.000000 0.707109 -0.707103 0.000000 0.707111 -0.707104 -0.000004 0.707109 -0.707104 -0.000004 0.707110 -0.707103 -0.000008 0.707111 -0.707104 0.000000 0.707110 -0.707115 0.000000 0.707098 -0.707115 0.000000 0.707099 -0.707114 0.000000 0.707100 -0.707114 0.000000 0.707100 -0.707114 0.000000 0.707100 -0.707115 0.000000 0.707098 -0.707117 0.000000 0.707097 -0.707113 0.000000 0.707101 -0.707112 0.000000 0.707102 
						-0.707115 0.000000 0.707099 -0.707113 0.000000 0.707100 -0.707113 0.000000 0.707101 -0.707113 0.000000 0.707100 -0.707114 0.000000 0.707100 -0.707114 0.000000 0.707100 -0.707114 0.000000 0.707099 -0.707113 0.000000 0.707100 -0.707113 0.000000 0.707101 -0.707115 0.000000 0.707099 -0.707115 0.000000 0.707099 -0.707115 0.000000 0.707098 -0.309016 0.000000 -0.951057 -0.587785 0.000000 -0.809017 -0.587785 0.000000 -0.809017 -0.309016 0.000000 -0.951057 -0.809017 0.000000 -0.587785 -0.809017 0.000003 -0.587785 -0.951057 0.000000 -0.309016 -0.951057 0.000004 -0.309016 -1.000000 0.000000 0.000000 -1.000000 -0.000003 0.000000 -0.951057 -0.000002 0.309017 -0.951057 -0.000004 0.309017 -0.809017 -0.000003 0.587786 -0.809017 0.000000 0.587786 -0.809017 0.000000 0.587786 -0.587784 -0.000000 0.809018 -0.587784 -0.000004 0.809018 -0.809017 -0.000006 0.587786 -0.309017 -0.000002 0.951056 -0.309017 -0.000000 0.951056 0.000000 -0.000002 1.000000 0.000000 0.000000 1.000000 0.309017 -0.000002 0.951056 0.309017 -0.000003 0.951056 0.587785 -0.000002 0.809017 0.587785 -0.000004 0.809017 0.809017 0.000000 0.587785 0.809017 0.000000 0.587785 0.951056 0.000000 0.309017 0.951057 0.000000 0.309017 1.000000 -0.000002 -0.000000 1.000000 -0.000000 -0.000000 0.951056 -0.000002 -0.309017 0.951056 0.000000 -0.309017 0.809017 0.000000 -0.587785 0.809017 -0.000003 -0.587785 0.587786 -0.000000 -0.809017 0.587786 -0.000004 -0.809017 0.309017 0.000000 -0.951056 0.309017 0.000000 -0.951056 0.000002 0.000000 -1.000000 0.000002 0.000000 -1.000000 -0.707106 0.000004 0.707108 -0.707106 0.000004 0.707108 -0.707106 0.000000 0.707108 -0.707105 0.000002 0.707108 -0.707105 0.000002 0.707108 -0.707105 0.000000 0.707109 -0.707105 0.000000 0.707109 -0.707106 0.000000 0.707108 -0.707106 0.000000 0.707108 -0.707106 0.000000 0.707108 
						-0.707106 0.000000 0.707107 -0.707106 -0.000004 0.707107 -0.707106 -0.000004 0.707108 -0.707106 -0.000002 0.707108 -0.707106 -0.000002 0.707108 -0.707106 0.000000 0.707108 -0.707105 0.000000 0.707108 -0.707106 0.000000 0.707108 -0.707106 0.000000 0.707107 -0.707105 0.000000 0.707109 -0.707105 0.000000 0.707108 -0.707113 0.000008 0.707101 -0.707113 0.000000 0.707100 -0.707114 0.000000 0.707099 -0.707114 0.000000 0.707099 -0.707114 0.000000 0.707100 -0.707114 0.000000 0.707100 -0.707114 -0.000002 0.707100 -0.707112 -0.000002 0.707101 -0.707114 0.000004 0.707099 -0.707116 0.000004 0.707098 -0.707115 0.000000 0.707099 -0.707115 -0.000008 0.707099 -0.707115 -0.000008 0.707099 -0.707114 0.000004 0.707100 -0.707114 0.000004 0.707100 -0.707116 0.000000 0.707098 -0.707117 0.000002 0.707096 -0.707116 0.000002 0.707097 -0.707112 -0.000004 0.707101 -0.707112 -0.000004 0.707102 -0.707113 0.000008 0.707100 
					</float_array>
					<technique_common>
						<accessor count="736" offset="0" source="#meshId0-tangents-array" stride="3">
							<param name="X" type="float" />
							<param name="Y" type="float" />
							<param name="Z" type="float" />
						</accessor>
					</technique_common>
				</source>
				<source id="meshId0-bitangents" name="meshId0-bitangents">
					<float_array id="meshId0-bitangents-array" count="2208"> 
						0.000000 1.000000 0.000000 0.000000 1.000000 0.000000 0.000000 1.000000 0.000000 0.000000 1.000000 0.000000 0.000000 1.000000 0.000000 0.000000 1.000000 0.000000 0.000000 1.000000 0.000000 0.000000 1.000000 0.000000 0.000000 1.000000 0.000000 0.000000 1.000000 0.000000 0.000000 1.000000 0.000000 0.000000 1.000000 0.000000 0.000000 1.000000 0.000000 0.000000 1.000000 0.000000 0.000000 1.000000 0.000000 0.000000 1.000000 0.000000 0.000000 1.000000 0.000000 0.000000 1.000000 0.000000 0.000000 1.000000 0.000000 0.000000 1.000000 0.000000 0.000000 1.000000 0.000000 0.000000 1.000000 0.000000 0.000000 1.000000 0.000000 0.000000 1.000000 0.000000 0.000000 1.000000 0.000000 0.000000 1.000000 0.000000 0.000000 1.000000 0.000000 0.000000 1.000000 0.000000 0.000000 1.000000 0.000000 0.000000 1.000000 0.000000 0.000000 1.000000 0.000000 0.000000 1.000000 0.000000 0.000000 1.000000 0.000000 0.000001 1.000000 -0.000000 0.000000 1.000000 -0.000000 0.000001 1.000000 -0.000001 0.000000 1.000000 0.000000 0.000000 1.000000 0.000000 0.000000 1.000000 0.000000 0.000000 1.000000 0.000000 0.000000 1.000000 0.000000 0.000000 1.000000 0.000000 -0.453989 -0.000000 -0.891007 -0.453989 -0.000000 -0.891007 -0.453990 0.000000 -0.891007 -0.453989 -0.000000 -0.891007 -0.453989 -0.000000 -0.891007 -0.453989 -0.000000 -0.891007 -0.453990 -0.000000 -0.891007 -0.453990 -0.000000 -0.891007 -0.453989 -0.000000 -0.891007 -0.453990 -0.000000 -0.891007 -0.453990 -0.000000 -0.891007 -0.453991 -0.000000 -0.891006 -0.453991 -0.000000 -0.891006 -0.453990 -0.000000 -0.891007 -0.453990 0.000000 -0.891007 -0.453991 -0.000000 -0.891006 -0.453991 -0.000000 -0.891006 -0.453989 -0.000000 -0.891007 -0.453989 -0.000000 -0.891007 -0.453990 0.000000 -0.891007 -0.453990 0.000000 -0.891007 0.707118 0.000000 -0.707096 
						0.707117 0.000000 -0.707097 0.707116 0.000000 -0.707097 0.707113 0.000000 -0.707100 0.707117 0.000000 -0.707097 0.707117 0.000000 -0.707096 0.707117 0.000001 -0.707097 0.707117 0.000001 -0.707097 0.707117 0.000000 -0.707096 0.707117 -0.000001 -0.707097 0.707114 0.000001 -0.707100 0.707115 0.000003 -0.707099 0.707116 0.000000 -0.707098 0.707115 0.000000 -0.707099 0.707116 0.000000 -0.707097 0.707118 0.000000 -0.707095 0.707118 0.000000 -0.707096 0.707117 0.000000 -0.707097 0.707117 0.000000 -0.707097 0.707117 -0.000001 -0.707096 0.707116 -0.000001 -0.707098 -0.000000 1.000000 -0.000000 -0.000000 1.000000 0.000000 -0.000000 1.000000 0.000000 -0.000000 1.000000 -0.000000 0.000000 1.000000 0.000000 0.000000 1.000000 0.000000 0.000000 1.000000 0.000000 0.000000 1.000000 0.000000 0.000000 1.000000 0.000000 0.000000 1.000000 0.000000 0.000000 1.000000 0.000000 0.000000 1.000000 0.000000 0.000000 1.000000 0.000000 0.000000 1.000000 0.000000 -0.000000 1.000000 0.000000 -0.000000 1.000000 0.000000 0.000000 1.000000 0.000000 0.000000 1.000000 0.000000 0.000000 1.000000 0.000000 0.000000 1.000000 0.000000 0.000000 1.000000 0.000000 0.000001 1.000000 0.000001 0.000000 1.000000 0.000001 0.000000 1.000000 0.000001 0.000000 1.000000 0.000001 0.000000 1.000000 0.000000 -0.000000 1.000000 0.000000 -0.000000 1.000000 0.000001 -0.000001 1.000000 0.000001 -0.000001 1.000000 0.000001 -0.000001 1.000000 0.000001 -0.000001 1.000000 0.000001 0.000000 1.000000 0.000000 -0.000001 1.000000 0.000000 0.000000 1.000000 0.000000 0.000000 1.000000 0.000000 0.000000 1.000000 0.000000 0.000000 1.000000 0.000000 0.000000 1.000000 0.000000 0.000000 1.000000 0.000000 0.000000 1.000000 0.000000 0.000000 1.000000 0.000000 0.000000 1.000000 0.000000 0.000000 1.000000 0.000000 
						0.000000 1.000000 0.000000 0.000000 1.000000 0.000000 0.000000 1.000000 0.000000 0.000000 1.000000 0.000000 0.000000 1.000000 0.000000 0.000000 1.000000 0.000000 0.000000 1.000000 0.000000 0.000000 1.000000 0.000000 0.000000 1.000000 0.000000 0.000000 1.000000 0.000000 -0.000000 1.000000 -0.000000 -0.000000 1.000000 -0.000000 0.000000 1.000000 -0.000000 0.000000 1.000000 -0.000000 0.000000 1.000000 0.000000 0.000000 1.000000 0.000000 0.000006 1.000000 0.000008 0.000007 1.000000 0.000005 0.000007 1.000000 0.000005 0.000006 1.000000 0.000008 0.000004 1.000000 0.000011 0.000004 1.000000 0.000012 0.000000 1.000000 0.000011 0.000000 1.000000 0.000012 -0.000003 1.000000 0.000010 -0.000003 1.000000 0.000010 -0.000006 1.000000 0.000008 -0.000006 1.000000 0.000008 -0.000007 1.000000 0.000005 -0.000006 1.000000 0.000004 -0.000007 1.000000 0.000002 -0.000007 1.000000 0.000002 -0.000008 1.000000 -0.000000 -0.000008 1.000000 -0.000000 -0.000007 1.000000 -0.000002 -0.000007 1.000000 -0.000002 -0.000002 1.000000 -0.000001 -0.000003 1.000000 -0.000002 0.000001 1.000000 0.000001 0.000000 1.000000 0.000000 0.006146 -0.029206 0.999555 0.042408 -0.109057 0.993131 0.000002 -0.000002 1.000000 0.000000 -0.000001 1.000000 0.260657 -0.115193 0.958534 0.309017 0.000000 0.951056 -0.000002 0.000000 1.000000 -0.000003 0.000001 1.000000 0.260658 0.115193 0.958534 -0.000000 -0.000001 1.000000 -0.042406 -0.109054 -0.993131 -0.006141 -0.029206 -0.999555 0.000000 0.000001 -1.000000 0.000001 0.000002 -1.000000 0.006169 -0.029204 0.999554 0.042453 -0.109039 0.993131 -0.000000 -0.000000 1.000000 0.000000 -0.000001 1.000000 0.260638 -0.115221 0.958537 0.293666 -0.059650 0.954045 -0.000001 0.000000 1.000000 -0.000002 0.000000 1.000000 0.293667 0.059650 0.954045 0.260639 0.115220 0.958536 
						0.000001 0.000000 1.000000 0.000000 0.000000 1.000000 -0.042438 -0.109042 -0.993131 -0.006160 -0.029204 -0.999555 0.000000 0.000000 -1.000000 -0.000000 0.000001 -1.000000 -0.293672 0.059633 0.954045 -0.293671 -0.059633 0.954045 -0.554742 0.131185 0.821615 -0.554722 -0.131269 0.821616 -0.763624 0.191828 0.616507 -0.711255 -0.327368 0.622050 -0.825478 -0.552145 0.117140 -0.722658 -0.607550 0.329618 -0.787904 -0.478953 0.387054 -0.856790 -0.499046 -0.129861 -0.856783 -0.499057 0.129864 -0.787915 -0.478938 -0.387051 -0.825471 -0.552157 -0.117135 -0.649059 -0.447204 -0.615412 -0.721144 -0.610440 -0.327589 -0.554730 -0.131237 -0.821615 -0.761716 -0.197705 -0.617010 -0.761719 0.197706 -0.617006 -0.554730 0.131236 -0.821616 -0.293671 -0.059644 -0.954044 -0.293673 0.059645 -0.954043 0.000002 0.000000 -1.000000 -0.000001 0.000000 -1.000000 0.293670 0.059645 -0.954044 0.293671 -0.059644 -0.954044 0.554715 0.131279 -0.821618 0.554733 -0.131243 -0.821612 0.760814 0.200450 -0.617237 0.705092 -0.340762 -0.621874 0.811908 -0.573939 -0.106768 0.709177 -0.632304 -0.311866 0.770891 -0.504715 -0.388574 0.841651 -0.522618 0.135996 0.841651 -0.522617 -0.135997 0.770923 -0.504667 0.388573 0.811922 -0.573917 0.106779 0.632553 -0.474456 0.612184 0.709887 -0.631052 0.312783 0.554722 -0.131260 0.821617 0.761711 -0.197721 0.617011 0.761714 0.197721 0.617008 0.554727 0.131261 0.821614 -0.000000 0.000000 1.000000 0.000006 -0.000001 1.000000 0.000002 -0.000001 -1.000000 0.000000 0.000000 -1.000000 -0.000006 0.000000 1.000000 -0.006127 0.029207 0.999555 -0.000002 0.000000 -1.000000 0.006160 0.029204 -0.999555 0.000004 0.000000 1.000000 -0.010040 0.055774 0.998393 -0.000009 -0.000001 -1.000000 0.010039 0.055774 -0.998393 -0.000011 -0.000001 1.000000 -0.010125 0.077162 0.996967 0.000001 0.000001 -1.000000 0.010144 0.077160 -0.996967 
						0.000000 -0.000001 1.000000 -0.006319 0.091091 0.995822 0.000002 0.000002 -1.000000 0.006308 0.091090 -0.995823 0.000001 -0.000002 1.000000 -0.000000 0.095930 0.995388 0.000002 -0.000000 -1.000000 0.000001 0.095932 -0.995388 0.000001 -0.000001 1.000000 0.006321 0.091091 0.995823 -0.000001 0.000000 -1.000000 -0.006320 0.091089 -0.995823 0.000007 -0.000000 1.000000 0.010124 0.077166 0.996967 -0.000006 -0.000003 -1.000000 -0.010147 0.077162 -0.996967 -0.000002 -0.000002 1.000000 0.010044 0.055778 0.998393 0.000011 -0.000002 -1.000000 -0.010039 0.055778 -0.998393 0.000006 -0.000001 1.000000 0.006127 0.029209 0.999555 0.000002 -0.000000 -1.000000 -0.006160 0.029204 -0.999555 -0.000000 0.000000 1.000000 -0.000000 0.000000 1.000000 -0.000000 -0.000001 -1.000000 -0.000000 -0.000000 -1.000000 -0.000006 0.000001 1.000000 -0.006145 -0.029207 0.999555 -0.000003 0.000000 -1.000000 0.006140 -0.029205 -0.999555 0.000005 0.000003 1.000000 -0.010042 -0.055777 0.998393 -0.000004 -0.000001 -1.000000 0.010026 -0.055779 -0.998393 0.000001 0.000002 1.000000 -0.010144 -0.077163 0.996967 0.000002 -0.000002 -1.000000 0.010122 -0.077165 -0.996967 -0.000001 0.000001 1.000000 -0.006315 -0.091091 0.995823 0.000000 -0.000000 -1.000000 0.006307 -0.091089 -0.995823 -0.000000 0.000002 1.000000 -0.000001 -0.095930 0.995388 0.000001 0.000000 -1.000000 0.000001 -0.095932 -0.995388 -0.000001 -0.000001 1.000000 0.006320 -0.091086 0.995823 -0.000001 -0.000000 -1.000000 -0.006308 -0.091090 -0.995823 -0.000002 -0.000003 1.000000 0.010130 -0.077159 0.996967 -0.000005 -0.000001 -1.000000 -0.010122 -0.077161 -0.996967 -0.000004 -0.000001 1.000000 0.010042 -0.055774 0.998393 0.000005 -0.000001 -1.000000 -0.010025 -0.055776 -0.998393 -0.000000 -0.000001 1.000000 -0.000002 -0.000001 1.000000 0.000002 -0.000001 -1.000000 0.000000 0.000000 -1.000000 
						-0.000006 -0.000001 1.000000 -0.006163 0.029203 0.999554 0.000002 0.000001 -1.000000 0.006143 0.029206 -0.999555 0.000005 -0.000001 1.000000 -0.010026 0.055776 0.998393 -0.000003 0.000000 -1.000000 0.010034 0.055775 -0.998393 0.000001 -0.000001 1.000000 -0.010131 0.077160 0.996967 -0.000001 -0.000001 -1.000000 0.010143 0.077161 -0.996967 0.000003 -0.000000 1.000000 -0.006318 0.091089 0.995823 -0.000001 -0.000001 -1.000000 0.006314 0.091090 -0.995823 -0.000001 0.000000 1.000000 -0.000001 0.095932 0.995388 0.000002 -0.000001 -1.000000 0.000000 0.095932 -0.995388 -0.000001 -0.000000 1.000000 0.006320 0.091088 0.995823 -0.000005 0.000001 -1.000000 -0.006317 0.091092 -0.995822 -0.000002 -0.000001 1.000000 0.010132 0.077160 0.996967 -0.000002 0.000002 -1.000000 -0.010145 0.077165 -0.996967 -0.000003 -0.000001 1.000000 0.010026 0.055776 0.998393 0.000004 0.000001 -1.000000 -0.010034 0.055779 -0.998393 0.000006 0.000001 1.000000 0.006163 0.029204 0.999554 -0.000002 0.000000 -1.000000 -0.006143 0.029207 -0.999555 0.000000 0.000001 1.000000 0.000001 0.000000 1.000000 -0.000000 -0.000001 -1.000000 0.000000 -0.000001 -1.000000 0.000003 0.000001 1.000000 -0.006168 -0.029203 0.999554 -0.000002 -0.000001 -1.000000 0.006160 -0.029206 -0.999554 0.000009 0.000001 1.000000 -0.010032 -0.055775 0.998393 -0.000010 0.000000 -1.000000 0.010056 -0.055774 -0.998393 -0.000002 0.000001 1.000000 -0.010133 -0.077160 0.996967 -0.000003 0.000001 -1.000000 0.010144 -0.077161 -0.996967 -0.000003 0.000000 1.000000 -0.006313 -0.091088 0.995823 -0.000001 0.000002 -1.000000 0.006306 -0.091090 -0.995823 -0.000000 -0.000000 1.000000 -0.000001 -0.095932 0.995388 0.000001 0.000001 -1.000000 0.000001 -0.095932 -0.995388 0.000001 0.000000 1.000000 0.006318 -0.091088 0.995823 -0.000001 -0.000001 -1.000000 -0.006309 -0.091092 -0.995822 
						-0.000000 0.000001 1.000000 0.010119 -0.077160 0.996967 0.000001 -0.000001 -1.000000 -0.010144 -0.077165 -0.996967 -0.000007 0.000001 1.000000 0.010032 -0.055775 0.998393 0.000012 -0.000001 -1.000000 -0.010055 -0.055776 -0.998393 -0.042377 0.109064 0.993131 -0.309018 0.000000 0.951056 -0.260640 0.115217 0.958536 -0.260655 -0.115224 0.958531 0.042438 0.109043 -0.993131 -0.069875 0.211314 0.974917 -0.587790 -0.000237 0.809014 -0.480160 0.251528 0.840345 -0.480392 -0.251131 0.840331 0.069876 0.211314 -0.974917 -0.071432 0.297907 0.951919 -0.777768 -0.275250 0.565079 -0.653043 0.364911 0.663607 -0.676352 -0.326143 0.660438 0.071470 0.297888 -0.951922 -0.045013 0.357308 0.932901 -0.763104 -0.598321 0.244302 -0.821085 -0.504623 0.266787 -0.856414 -0.513688 0.051776 -0.829999 -0.358145 0.427590 0.044990 0.357302 -0.932905 -0.000001 0.378655 0.925538 -0.871704 -0.490033 -0.000001 -0.887640 -0.424710 -0.178089 -0.887640 -0.424711 0.178090 0.000001 0.378655 -0.925538 0.045014 0.357307 0.932901 -0.821210 -0.504398 -0.266827 -0.829938 -0.358255 -0.427616 -0.856376 -0.513753 -0.051739 -0.045013 0.357298 -0.932905 0.071433 0.297913 0.951917 -0.696509 -0.508718 -0.506045 -0.702741 -0.278230 -0.654785 -0.759409 -0.605573 -0.237864 -0.071476 0.297902 -0.951917 0.069883 0.211331 0.974913 -0.644899 -0.377789 -0.664365 -0.809016 0.000001 -0.587787 -0.587787 0.000001 -0.809016 -0.480190 -0.251492 -0.840339 -0.644903 0.377785 -0.664363 -0.480190 0.251491 -0.840339 -0.069883 0.211331 -0.974913 0.042380 0.109077 0.993129 -0.309019 -0.000000 -0.951056 -0.260665 -0.115185 -0.958533 -0.260662 0.115184 -0.958534 -0.042438 0.109044 -0.993131 0.000000 -0.000000 1.000000 0.000000 -0.000000 -1.000000 0.000000 -0.000000 -1.000000 0.000000 0.000000 -1.000000 -0.000001 0.000002 -1.000000 -0.042412 -0.109064 0.993129 0.309018 0.000001 -0.951056 
						0.260678 0.115156 -0.958533 0.260676 -0.115155 -0.958534 0.042405 -0.109053 -0.993131 -0.069882 -0.211330 0.974913 0.587790 0.000058 -0.809014 0.480177 0.251520 -0.840338 0.480132 -0.251623 -0.840333 0.069852 -0.211330 -0.974916 -0.071476 -0.297902 0.951917 0.768651 -0.311933 -0.558457 0.642915 0.380897 -0.664513 0.653064 -0.364873 -0.663607 0.071432 -0.297904 -0.951919 -0.045004 -0.357309 0.932901 0.735655 -0.647505 -0.198868 0.784440 -0.565410 -0.254882 0.828046 -0.560228 -0.022039 0.790240 -0.423077 -0.443313 0.044989 -0.357303 -0.932905 -0.000001 -0.378655 0.925538 0.834965 -0.550302 -0.000001 0.854298 -0.479348 0.201001 0.854312 -0.479325 -0.200993 0.000001 -0.378655 -0.925538 0.045013 -0.357288 0.932909 0.784397 -0.565479 0.254862 0.790243 -0.423090 0.443296 0.828052 -0.560218 0.022044 -0.044990 -0.357302 -0.932905 0.071444 -0.297874 0.951928 0.663972 -0.571346 0.482395 0.661814 -0.350688 0.662586 0.736606 -0.645962 0.200363 -0.071426 -0.297890 -0.951924 0.069875 -0.211307 0.974919 0.644938 -0.377748 0.664350 0.809021 -0.000000 0.587779 0.587790 -0.000000 0.809013 0.480176 -0.251531 0.840335 0.644934 0.377747 0.664355 0.480181 0.251535 0.840331 -0.069846 -0.211317 -0.974919 -0.042437 0.109043 0.993131 -0.260654 0.115188 0.958536 -0.260653 -0.115187 0.958536 0.042406 0.109054 -0.993131 -0.069852 0.211327 0.974916 -0.480141 0.251547 0.840351 -0.480219 -0.251412 0.840346 0.069863 0.211318 -0.974917 -0.071450 0.297898 0.951920 -0.644865 0.377810 0.664386 -0.664309 -0.346518 0.662283 0.071472 0.297897 -0.951919 -0.045012 0.357299 0.932905 -0.747767 -0.627080 0.218211 -0.841929 -0.538376 0.036152 -0.809840 -0.392348 0.436145 0.045003 0.357309 -0.932901 -0.000001 0.378654 0.925538 -0.870723 -0.453509 -0.190189 -0.870709 -0.453531 0.190200 -0.000000 0.378654 -0.925538 0.045013 0.357298 0.932905 
						-0.809803 -0.392410 -0.436158 -0.841915 -0.538398 -0.036142 -0.045004 0.357308 -0.932902 0.071451 0.297894 0.951921 -0.681943 -0.316349 -0.659452 -0.747773 -0.627068 -0.218221 -0.071474 0.297903 -0.951917 0.069851 0.211326 0.974916 -0.644908 -0.377754 -0.664376 -0.480159 -0.251539 -0.840342 -0.644911 0.377758 -0.664371 -0.480159 0.251539 -0.840343 -0.069868 0.211331 -0.974914 0.042437 0.109044 0.993131 -0.260648 -0.115210 -0.958535 -0.260651 0.115211 -0.958534 -0.042409 0.109059 -0.993130 -0.000001 0.000000 1.000000 0.000003 0.000001 -1.000000 -0.000002 0.000001 -1.000000 0.000000 0.000000 -1.000000 -0.042452 -0.109038 0.993131 0.260646 0.115209 -0.958535 0.260648 -0.115211 -0.958535 0.042438 -0.109047 -0.993130 -0.069864 -0.211321 0.974917 0.480135 0.251565 -0.840348 0.480111 -0.251635 -0.840341 0.069906 -0.211307 -0.974917 -0.071451 -0.297894 0.951921 0.644857 0.377824 -0.664385 0.654676 -0.362277 -0.663442 0.071475 -0.297893 -0.951919 -0.044997 -0.357301 0.932905 0.738221 -0.643334 -0.202857 0.830045 -0.557179 -0.024001 0.793036 -0.418823 -0.442360 0.044990 -0.357312 -0.932901 -0.000001 -0.378655 0.925538 0.856654 -0.475748 0.199518 0.856654 -0.475747 -0.199520 0.000001 -0.378655 -0.925538 0.045008 -0.357298 0.932905 0.793072 -0.418766 0.442348 0.830022 -0.557214 0.023976 -0.044992 -0.357311 -0.932901 0.071426 -0.297893 0.951923 0.664698 -0.345868 0.662233 0.738201 -0.643367 0.202824 -0.071472 -0.297898 -0.951918 0.069864 -0.211316 0.974918 0.644887 -0.377779 0.664382 0.480131 -0.251580 0.840346 0.644890 0.377783 0.664377 0.480138 0.251583 0.840342 -0.069905 -0.211308 -0.974917 0.000000 1.000000 0.000000 0.000000 1.000000 0.000000 0.000000 1.000000 0.000000 0.000000 1.000000 0.000000 0.000000 1.000000 0.000000 0.000000 1.000000 0.000000 0.000000 1.000000 0.000000 0.000000 1.000000 0.000000 
						0.000000 1.000000 0.000000 0.000000 1.000000 0.000000 0.000000 1.000000 0.000000 0.000000 1.000000 0.000000 0.000000 1.000000 0.000000 0.000000 1.000000 0.000000 -0.000003 1.000000 0.000002 -0.000001 1.000000 0.000001 0.000000 1.000000 0.000000 -0.000000 1.000000 0.000000 0.000000 1.000000 0.000000 0.000000 1.000000 0.000000 0.000000 1.000000 0.000002 0.000000 1.000000 0.000003 0.000001 1.000000 0.000002 0.000001 1.000000 0.000003 0.000000 1.000000 0.000000 0.000000 1.000000 0.000000 0.000001 1.000000 0.000001 0.000000 1.000000 0.000000 0.000001 1.000000 0.000000 0.000000 1.000000 0.000000 0.000000 1.000000 0.000000 0.000003 1.000000 -0.000000 0.000002 1.000000 -0.000001 0.000004 1.000000 -0.000001 0.000001 1.000000 -0.000001 0.000000 1.000000 0.000000 0.000000 1.000000 0.000000 0.000000 1.000000 0.000000 0.000000 1.000000 0.000000 0.000000 1.000000 0.000000 0.000000 1.000000 0.000000 0.000000 1.000000 0.000000 -0.707110 0.000004 -0.707104 -0.707109 -0.000004 -0.707104 -0.707110 -0.000000 -0.707104 -0.707110 -0.000000 -0.707104 -0.707109 -0.000000 -0.707104 -0.707109 -0.000000 -0.707104 -0.707110 -0.000000 -0.707104 -0.707110 -0.000004 -0.707104 -0.707109 -0.000004 -0.707105 -0.707110 -0.000008 -0.707104 -0.707110 -0.000000 -0.707104 -0.707108 0.000004 -0.707105 -0.707109 -0.000004 -0.707105 -0.707109 -0.000000 -0.707105 -0.707109 -0.000000 -0.707105 -0.707109 -0.000000 -0.707104 -0.707111 -0.000000 -0.707103 -0.707109 0.000004 -0.707104 -0.707110 0.000004 -0.707104 -0.707111 0.000008 -0.707103 -0.707110 -0.000000 -0.707104 0.707098 0.000000 0.707115 0.707099 0.000000 0.707115 0.707100 0.000000 0.707114 0.707100 0.000000 0.707114 0.707100 0.000000 0.707114 0.707098 0.000000 0.707115 0.707097 0.000000 0.707117 0.707101 0.000000 0.707113 0.707102 0.000000 0.707112 
						0.707099 0.000000 0.707115 0.707100 0.000000 0.707113 0.707101 0.000000 0.707113 0.707100 0.000000 0.707113 0.707100 0.000000 0.707114 0.707100 0.000000 0.707114 0.707099 0.000000 0.707114 0.707100 0.000000 0.707113 0.707101 0.000000 0.707113 0.707099 0.000000 0.707115 0.707099 0.000000 0.707115 0.707098 0.000000 0.707115 0.000000 1.000000 0.000000 0.000000 1.000000 0.000000 0.000000 1.000000 0.000000 0.000000 1.000000 0.000000 0.000000 1.000000 0.000000 0.000003 1.000000 0.000002 0.000000 1.000000 0.000000 0.000003 1.000000 0.000001 0.000000 1.000000 0.000000 -0.000003 1.000000 0.000000 -0.000002 1.000000 0.000001 -0.000004 1.000000 0.000001 -0.000003 1.000000 0.000002 0.000000 1.000000 0.000000 0.000000 1.000000 0.000000 -0.000000 1.000000 0.000000 -0.000002 1.000000 0.000003 -0.000005 1.000000 0.000004 -0.000001 1.000000 0.000002 -0.000000 1.000000 0.000000 0.000000 1.000000 0.000002 0.000000 1.000000 0.000000 0.000001 1.000000 0.000002 0.000001 1.000000 0.000003 0.000001 1.000000 0.000002 0.000002 1.000000 0.000003 0.000000 1.000000 0.000000 0.000000 1.000000 0.000000 0.000000 1.000000 0.000000 0.000000 1.000000 0.000000 0.000002 1.000000 -0.000000 0.000000 1.000000 -0.000000 0.000001 1.000000 -0.000000 0.000000 1.000000 0.000000 0.000000 1.000000 0.000000 0.000003 1.000000 -0.000002 0.000000 1.000000 -0.000000 0.000002 1.000000 -0.000003 0.000000 1.000000 0.000000 0.000000 1.000000 0.000000 0.000000 1.000000 0.000000 0.000000 1.000000 0.000000 -0.707108 -0.000004 -0.707106 -0.707108 -0.000004 -0.707106 -0.707108 -0.000000 -0.707106 -0.707108 -0.000002 -0.707105 -0.707108 -0.000002 -0.707105 -0.707109 -0.000000 -0.707105 -0.707109 -0.000000 -0.707105 -0.707108 -0.000000 -0.707106 -0.707108 -0.000000 -0.707106 -0.707108 -0.000000 -0.707106 
						-0.707107 -0.000000 -0.707106 -0.707107 0.000004 -0.707106 -0.707108 0.000004 -0.707106 -0.707108 0.000002 -0.707106 -0.707108 0.000002 -0.707106 -0.707108 -0.000000 -0.707106 -0.707108 -0.000000 -0.707105 -0.707108 -0.000000 -0.707106 -0.707107 -0.000000 -0.707106 -0.707109 -0.000000 -0.707105 -0.707108 -0.000000 -0.707105 0.707101 0.000008 0.707113 0.707100 0.000000 0.707113 0.707099 0.000000 0.707114 0.707099 0.000000 0.707114 0.707100 0.000000 0.707114 0.707100 0.000000 0.707114 0.707100 -0.000002 0.707114 0.707101 -0.000002 0.707112 0.707099 0.000004 0.707114 0.707098 0.000004 0.707116 0.707099 0.000000 0.707115 0.707099 -0.000008 0.707115 0.707099 -0.000008 0.707115 0.707100 0.000004 0.707114 0.707100 0.000004 0.707114 0.707098 0.000000 0.707116 0.707096 0.000002 0.707117 0.707097 0.000002 0.707116 0.707101 -0.000004 0.707112 0.707102 -0.000004 0.707112 0.707100 0.000008 0.707113 
					</float_array>
					<technique_common>
						<accessor count="736" offset="0" source="#meshId0-bitangents-array" stride="3">
							<param name="X" type="float" />
							<param name="Y" type="float" />
							<param name="Z" type="float" />
						</accessor>
					</technique_common>
				</source>
				<source id="meshId0-tex0" name="meshId0-tex0">
					<float_array id="meshId0-tex0-array" count="1472"> 
						0.349758 0.157376 0.374684 0.157376 0.374684 0.594972 0.349758 0.594972 0.394466 0.157376 0.394466 0.594972 0.419392 0.157376 0.419392 0.594972 0.447022 0.157376 0.447022 0.594972 0.474653 0.157376 0.474653 0.594972 0.499579 0.157376 0.499579 0.594972 0.000000 0.157376 0.019781 0.157376 0.019781 0.594972 0.000000 0.594972 0.044707 0.157376 0.044707 0.594972 0.072338 0.157376 0.072338 0.594972 0.099969 0.157376 0.099969 0.594972 0.124895 0.157376 0.124895 0.594972 0.144676 0.157376 0.144676 0.594972 0.169602 0.157376 0.169602 0.594972 0.197233 0.157376 0.197233 0.594972 0.224864 0.157376 0.224864 0.594972 0.249790 0.157376 0.249790 0.594972 0.269571 0.157376 0.269571 0.594972 0.294497 0.157376 0.294497 0.594972 0.322128 0.157376 0.322128 0.594972 0.408428 0.091151 0.408428 0.066225 0.487116 0.078688 0.416131 0.114857 0.430782 0.135023 0.450947 0.149674 0.474653 0.157376 0.499579 0.157376 0.523285 0.149674 0.543451 0.135023 0.558102 0.114857 0.565804 0.091151 0.565804 0.066225 0.558102 0.042519 0.543451 0.022354 0.523285 0.007703 0.499579 0.000000 0.474653 0.000000 0.450947 0.007703 0.430782 0.022354 0.416131 0.042519 0.540549 0.898777 
						0.520932 0.905151 0.510619 0.840034 0.500305 0.905151 0.480687 0.898776 0.464000 0.886652 0.451876 0.869964 0.445502 0.850346 0.445502 0.829719 0.451877 0.810102 0.464001 0.793415 0.480689 0.781291 0.500306 0.774917 0.520933 0.774917 0.540551 0.781292 0.557238 0.793416 0.569362 0.810104 0.575736 0.829721 0.575735 0.850348 0.569361 0.869966 0.557237 0.886653 0.679513 0.156264 0.707003 0.156264 0.707003 0.420928 0.679513 0.420928 0.652024 0.156264 0.652024 0.420928 0.627225 0.156264 0.627225 0.420928 0.607544 0.156264 0.607544 0.420928 0.582745 0.156264 0.582745 0.420928 0.555255 0.156264 0.555255 0.420928 0.527765 0.156264 0.527765 0.420928 0.502966 0.156264 0.502966 0.420928 0.980319 0.156264 1.000000 0.156264 1.000000 0.420928 0.980319 0.420928 0.955520 0.156264 0.955520 0.420928 0.928030 0.156264 0.928030 0.420928 0.900541 0.156264 0.900540 0.420928 0.875742 0.156264 0.875742 0.420928 0.856061 0.156264 0.856061 0.420928 0.831262 0.156264 0.831262 0.420928 0.803772 0.156264 0.803772 0.420928 0.776282 0.156264 0.776282 0.420928 0.751483 0.156264 0.751483 0.420928 0.731802 0.156264 0.731802 0.420928 0.185037 0.594972 0.213849 0.594972 
						0.213849 0.774915 0.185037 0.774915 0.156225 0.594972 0.156225 0.774915 0.130233 0.594972 0.130233 0.774915 0.109607 0.594972 0.109607 0.774915 0.083615 0.594972 0.083615 0.774915 0.054803 0.594972 0.054803 0.774915 0.025991 0.594972 0.025991 0.774915 0.000000 0.594972 0.000000 0.774915 0.500308 0.594975 0.520935 0.594975 0.520933 0.774917 0.500306 0.774917 0.474317 0.594974 0.474315 0.774917 0.445505 0.594974 0.445503 0.774916 0.416693 0.594974 0.416691 0.774916 0.390702 0.594973 0.390700 0.774916 0.370075 0.594973 0.370073 0.774916 0.344083 0.594973 0.344081 0.774915 0.315271 0.594973 0.315270 0.774915 0.286459 0.594972 0.286458 0.774915 0.260467 0.594972 0.260467 0.774915 0.239840 0.594972 0.239840 0.774915 0.772795 0.646291 0.774327 0.645793 0.778851 0.674358 0.777240 0.674358 0.799956 0.653828 0.801687 0.653603 0.801687 0.684897 0.799956 0.684897 0.803418 0.653828 0.803418 0.684897 0.994674 0.680398 0.993142 0.679900 0.997587 0.651834 0.999198 0.651834 0.868598 0.485292 0.870130 0.484794 0.874654 0.513358 0.873043 0.513358 0.809536 0.651880 0.811252 0.651658 0.811252 0.682681 0.809536 0.682681 0.812257 0.651658 0.813973 0.651880 
						0.813973 0.682681 0.812257 0.682681 0.683314 0.541922 0.681782 0.541425 0.686227 0.513358 0.687838 0.513358 0.811252 0.713704 0.812257 0.713704 0.811252 0.741691 0.812257 0.741691 0.811252 0.763901 0.812254 0.763892 0.826350 0.788898 0.811372 0.764422 0.827230 0.788359 0.842954 0.816029 0.843833 0.815491 0.859557 0.843160 0.860436 0.842622 0.874535 0.867636 0.875414 0.867097 0.552584 0.617804 0.552584 0.595593 0.553589 0.595593 0.553589 0.617804 0.552584 0.645792 0.553589 0.645792 0.552584 0.676817 0.553589 0.676817 0.552584 0.707842 0.553589 0.707842 0.552584 0.735830 0.553589 0.735830 0.552584 0.758042 0.553590 0.758046 0.568407 0.782645 0.552728 0.758613 0.569270 0.782082 0.585786 0.809285 0.586650 0.808722 0.603166 0.835926 0.604030 0.835362 0.618845 0.859958 0.619708 0.859395 0.811252 0.623672 0.811252 0.601461 0.812257 0.601461 0.812257 0.623672 0.770595 0.674358 0.766475 0.648344 0.986822 0.677847 0.990942 0.651834 0.766475 0.700371 0.772795 0.702424 0.986822 0.625821 0.993142 0.623767 0.754518 0.723837 0.759894 0.727743 0.974865 0.602354 0.980241 0.598448 0.735895 0.742461 0.739801 0.747836 0.956242 0.583731 0.960148 0.578355 
						0.712428 0.754418 0.714481 0.760737 0.932775 0.571774 0.934829 0.565454 0.686415 0.758538 0.686415 0.765182 0.906762 0.567654 0.906762 0.561009 0.660402 0.754418 0.658349 0.760737 0.880749 0.571774 0.878696 0.565454 0.636935 0.742461 0.633030 0.747836 0.857282 0.583731 0.853377 0.578355 0.618312 0.723837 0.612936 0.727743 0.838659 0.602354 0.833283 0.598448 0.606355 0.700371 0.600035 0.702424 0.826702 0.625821 0.820382 0.623767 0.602235 0.674358 0.595590 0.674358 0.822582 0.651834 0.815937 0.651834 0.606355 0.648344 0.600035 0.646291 0.826702 0.677847 0.820382 0.679900 0.618312 0.624878 0.612936 0.620972 0.838659 0.701313 0.833283 0.705219 0.636935 0.606254 0.633029 0.600879 0.857282 0.719937 0.853377 0.725313 0.660402 0.594297 0.658349 0.587978 0.880749 0.731894 0.878696 0.738213 0.686415 0.590177 0.686415 0.583533 0.906762 0.736014 0.906762 0.742659 0.712428 0.594297 0.714481 0.587978 0.932775 0.731894 0.934829 0.738213 0.735895 0.606254 0.739801 0.600879 0.956242 0.719937 0.960148 0.725313 0.754518 0.624878 0.759894 0.620972 0.974865 0.701313 0.980241 0.705219 0.866398 0.513358 0.862278 0.487345 0.675462 0.539371 0.679582 0.513358 
						0.862278 0.539371 0.868598 0.541425 0.675462 0.487345 0.681782 0.485292 0.850321 0.562838 0.855697 0.566744 0.663505 0.463878 0.668881 0.459973 0.831698 0.581461 0.835604 0.586837 0.644882 0.445255 0.648788 0.439879 0.808231 0.593418 0.810285 0.599738 0.621415 0.433298 0.623469 0.426979 0.782218 0.597538 0.782218 0.604183 0.595402 0.429178 0.595402 0.422533 0.756205 0.593418 0.754152 0.599738 0.569389 0.433298 0.567336 0.426979 0.732738 0.581461 0.728833 0.586837 0.545922 0.445255 0.542017 0.439879 0.714115 0.562838 0.708739 0.566744 0.527299 0.463878 0.521923 0.459973 0.702158 0.539371 0.695838 0.541425 0.515342 0.487345 0.509022 0.485292 0.698038 0.513358 0.691393 0.513358 0.511222 0.513358 0.504577 0.513358 0.702158 0.487345 0.695838 0.485292 0.515342 0.539371 0.509022 0.541425 0.714115 0.463879 0.708739 0.459973 0.527299 0.562838 0.521923 0.566744 0.732738 0.445255 0.728833 0.439879 0.545922 0.581461 0.542017 0.586837 0.756205 0.433298 0.754152 0.426979 0.569389 0.593418 0.567336 0.599738 0.782218 0.429178 0.782218 0.422533 0.595402 0.597538 0.595402 0.604183 0.808231 0.433298 0.810285 0.426979 0.621415 0.593418 0.623469 0.599738 
						0.831698 0.445255 0.835604 0.439879 0.644882 0.581461 0.648788 0.586837 0.850321 0.463878 0.855697 0.459973 0.663505 0.562838 0.668881 0.566744 0.774327 0.702922 0.801687 0.716190 0.799956 0.715966 0.803418 0.715966 0.994674 0.623269 0.761197 0.728690 0.801687 0.744421 0.799956 0.743994 0.803418 0.743994 0.981544 0.597501 0.740748 0.749140 0.801679 0.766800 0.799956 0.766237 0.803425 0.766262 0.961095 0.577052 0.714979 0.762269 0.800339 0.768026 0.815856 0.792006 0.814421 0.793076 0.817515 0.791337 0.935326 0.563922 0.686415 0.766793 0.831579 0.819975 0.830032 0.820845 0.833126 0.819105 0.906762 0.559398 0.657851 0.762269 0.847302 0.847944 0.845642 0.848613 0.848736 0.846874 0.878198 0.563922 0.632083 0.749140 0.861486 0.873175 0.859724 0.873663 0.862818 0.871924 0.852430 0.577052 0.611633 0.728690 0.536497 0.588848 0.538228 0.588261 0.538228 0.610666 0.536497 0.611092 0.539959 0.588848 0.539959 0.611092 0.831980 0.597501 0.598503 0.702922 0.538228 0.638897 0.536497 0.639121 0.539959 0.639121 0.818850 0.623269 0.593979 0.674358 0.538228 0.670192 0.536497 0.670192 0.539959 0.670192 0.814326 0.651834 0.598503 0.645793 0.538228 0.701486 
						0.536497 0.701262 0.539959 0.701262 0.818850 0.680398 0.611633 0.620025 0.538228 0.729718 0.536497 0.729291 0.539959 0.729291 0.831980 0.706166 0.632083 0.599575 0.538230 0.752128 0.536497 0.751535 0.539957 0.751529 0.852430 0.726616 0.657851 0.586446 0.536991 0.753477 0.554165 0.776305 0.552809 0.777474 0.555773 0.775521 0.878198 0.739745 0.686415 0.581922 0.571826 0.803099 0.570344 0.804076 0.573308 0.802122 0.906762 0.744270 0.714979 0.586446 0.589487 0.829892 0.587879 0.830677 0.590842 0.828724 0.935326 0.739745 0.740748 0.599575 0.605420 0.854063 0.603697 0.854675 0.606661 0.852721 0.961095 0.726616 0.761197 0.620025 0.799956 0.603556 0.801687 0.602969 0.801687 0.625373 0.799956 0.625800 0.803418 0.603556 0.803418 0.625800 0.981544 0.706166 0.870130 0.541923 0.809536 0.713482 0.813973 0.713482 0.683314 0.484794 0.857000 0.567691 0.809536 0.741268 0.813973 0.741268 0.670184 0.459026 0.836551 0.588140 0.809536 0.763319 0.813976 0.763327 0.649735 0.438576 0.810782 0.601270 0.810098 0.765710 0.824969 0.790010 0.828849 0.787636 0.623966 0.425447 0.782218 0.605794 0.841453 0.816947 0.845333 0.814573 0.595402 0.420922 0.753654 0.601270 
						0.857938 0.843884 0.861818 0.841509 0.566838 0.425447 0.727886 0.588140 0.872808 0.868184 0.876688 0.865810 0.541070 0.438576 0.707436 0.567691 0.550868 0.596175 0.550868 0.618227 0.555305 0.596175 0.555305 0.618227 0.520620 0.459026 0.694306 0.541923 0.550868 0.646015 0.555305 0.646015 0.507490 0.484794 0.689782 0.513358 0.550868 0.676817 0.555305 0.676817 0.502966 0.513358 0.694306 0.484794 0.550868 0.707620 0.555305 0.707620 0.507490 0.541922 0.707436 0.459026 0.550868 0.735407 0.555305 0.735407 0.520620 0.567691 0.727886 0.438576 0.550868 0.757460 0.555303 0.757456 0.541070 0.588140 0.753654 0.425447 0.551492 0.759937 0.567058 0.783797 0.570868 0.781312 0.566838 0.601270 0.782218 0.420922 0.584313 0.810246 0.588123 0.807761 0.595402 0.605794 0.810782 0.425447 0.601568 0.836696 0.605378 0.834210 0.623966 0.601270 0.836551 0.438576 0.617134 0.860556 0.620944 0.858070 0.649735 0.588140 0.857000 0.459026 0.809536 0.602044 0.809536 0.624095 0.813973 0.602044 0.813973 0.624095 0.670184 0.567691 0.123045 0.038198 0.130668 0.038198 0.130668 0.085742 0.123045 0.085742 0.136718 0.038198 0.136718 0.085742 0.144341 0.038198 0.144341 0.085742 
						0.152792 0.038198 0.152792 0.085742 0.161243 0.038198 0.161243 0.085742 0.168866 0.038198 0.168866 0.085742 0.016074 0.038198 0.022124 0.038198 0.022124 0.085742 0.016074 0.085742 0.029748 0.038198 0.029748 0.085742 0.038198 0.038198 0.038198 0.085742 0.046649 0.038198 0.046649 0.085742 0.054272 0.038198 0.054272 0.085742 0.060322 0.038198 0.060322 0.085742 0.067946 0.038198 0.067946 0.085742 0.076396 0.038198 0.076396 0.085742 0.084847 0.038198 0.084847 0.085742 0.092470 0.038198 0.092470 0.085742 0.098520 0.038198 0.098520 0.085742 0.106143 0.038198 0.106143 0.085742 0.114594 0.038198 0.114594 0.085742 0.000000 0.016074 0.001870 0.010320 0.019099 0.019099 0.000000 0.022124 0.001870 0.027878 0.005426 0.032772 0.010320 0.036328 0.016074 0.038198 0.022124 0.038198 0.027878 0.036328 0.032773 0.032772 0.036329 0.027878 0.038198 0.022124 0.038198 0.016074 0.036329 0.010320 0.032773 0.005426 0.027878 0.001870 0.022124 0.000000 0.016074 0.000000 0.010321 0.001870 0.005426 0.005426 0.001869 0.113620 0.000000 0.107866 0.019099 0.104841 0.000000 0.101816 0.001870 0.096062 0.005426 0.091168 0.010320 0.087612 0.016074 0.085742 0.022124 0.085742 
						0.027878 0.087612 0.032772 0.091168 0.036329 0.096062 0.038198 0.101816 0.038198 0.107866 0.036328 0.113620 0.032772 0.118515 0.027878 0.122071 0.022124 0.123940 0.016074 0.123940 0.010320 0.122070 0.005426 0.118514 0.295490 0.038198 0.303114 0.038198 0.303114 0.085742 0.295490 0.085742 0.309164 0.038198 0.309164 0.085742 0.316787 0.038198 0.316787 0.085742 0.325238 0.038198 0.325238 0.085742 0.333688 0.038198 0.333688 0.085742 0.341312 0.038198 0.341312 0.085742 0.188520 0.038198 0.194570 0.038198 0.194570 0.085742 0.188520 0.085742 0.202193 0.038198 0.202193 0.085742 0.210644 0.038198 0.210644 0.085742 0.219094 0.038198 0.219094 0.085742 0.226718 0.038198 0.226718 0.085742 0.232768 0.038198 0.232768 0.085742 0.240391 0.038198 0.240391 0.085742 0.248842 0.038198 0.248842 0.085742 0.257292 0.038198 0.257292 0.085742 0.264916 0.038198 0.264916 0.085742 0.270966 0.038198 0.270966 0.085742 0.278589 0.038198 0.278589 0.085742 0.287040 0.038198 0.287040 0.085742 0.172446 0.016074 0.174315 0.010320 0.191545 0.019099 0.172446 0.022124 0.174315 0.027878 0.177871 0.032772 0.182766 0.036328 0.188520 0.038198 0.194570 0.038198 0.200324 0.036328 
						0.205218 0.032772 0.208774 0.027878 0.210644 0.022124 0.210644 0.016074 0.208774 0.010320 0.205218 0.005426 0.200324 0.001870 0.194570 0.000000 0.188520 0.000000 0.182766 0.001870 0.177872 0.005426 0.174315 0.113620 0.172446 0.107866 0.191545 0.104841 0.172446 0.101816 0.174315 0.096062 0.177871 0.091168 0.182766 0.087612 0.188520 0.085742 0.194570 0.085742 0.200324 0.087612 0.205218 0.091168 0.208774 0.096062 0.210644 0.101816 0.210644 0.107866 0.208774 0.113620 0.205218 0.118515 0.200323 0.122071 0.194569 0.123940 0.188519 0.123940 0.182766 0.122070 0.177871 0.118514 
					</float_array>
					<technique_common>
						<accessor count="736" offset="0" source="#meshId0-tex0-array" stride="2">
							<param name="S" type="float" />
							<param name="T" type="float" />
						</accessor>
					</technique_common>
				</source>
				<vertices id="meshId0-vertices">
					<input semantic="POSITION" source="#meshId0-positions" />
				</vertices>
				<polylist count="840" material="defaultMaterial">
					<input offset="0" semantic="VERTEX" source="#meshId0-vertices" />
					<input offset="0" semantic="NORMAL" source="#meshId0-normals" />
					<input offset="0" semantic="TANGENT" source="#meshId0-tangents" />
					<input offset="0" semantic="BINORMAL" source="#meshId0-bitangents" />
					<input offset="0" semantic="TEXCOORD" source="#meshId0-tex0" set="0" />
					<vcount>
						3 3 3 3 3 3 3 3 3 3 3 3 3 3 3 3 3 3 3 3 3 3 3 3 3 3 3 3 3 3 3 3 3 3 3 3 3 3 3 3 3 3 3 3 3 3 3 3 3 3 3 3 3 3 3 3 3 3 3 3 3 3 3 3 
						3 3 3 3 3 3 3 3 3 3 3 3 3 3 3 3 3 3 3 3 3 3 3 3 3 3 3 3 3 3 3 3 3 3 3 3 3 3 3 3 3 3 3 3 3 3 3 3 3 3 3 3 3 3 3 3 3 3 3 3 3 3 3 3 
						3 3 3 3 3 3 3 3 3 3 3 3 3 3 3 3 3 3 3 3 3 3 3 3 3 3 3 3 3 3 3 3 3 3 3 3 3 3 3 3 3 3 3 3 3 3 3 3 3 3 3 3 3 3 3 3 3 3 3 3 3 3 3 3 
						3 3 3 3 3 3 3 3 3 3 3 3 3 3 3 3 3 3 3 3 3 3 3 3 3 3 3 3 3 3 3 3 3 3 3 3 3 3 3 3 3 3 3 3 3 3 3 3 3 3 3 3 3 3 3 3 3 3 3 3 3 3 3 3 
						3 3 3 3 3 3 3 3 3 3 3 3 3 3 3 3 3 3 3 3 3 3 3 3 3 3 3 3 3 3 3 3 3 3 3 3 3 3 3 3 3 3 3 3 3 3 3 3 3 3 3 3 3 3 3 3 3 3 3 3 3 3 3 3 
						3 3 3 3 3 3 3 3 3 3 3 3 3 3 3 3 3 3 3 3 3 3 3 3 3 3 3 3 3 3 3 3 3 3 3 3 3 3 3 3 3 3 3 3 3 3 3 3 3 3 3 3 3 3 3 3 3 3 3 3 3 3 3 3 
						3 3 3 3 3 3 3 3 3 3 3 3 3 3 3 3 3 3 3 3 3 3 3 3 3 3 3 3 3 3 3 3 3 3 3 3 3 3 3 3 3 3 3 3 3 3 3 3 3 3 3 3 3 3 3 3 3 3 3 3 3 3 3 3 
						3 3 3 3 3 3 3 3 3 3 3 3 3 3 3 3 3 3 3 3 3 3 3 3 3 3 3 3 3 3 3 3 3 3 3 3 3 3 3 3 3 3 3 3 3 3 3 3 3 3 3 3 3 3 3 3 3 3 3 3 3 3 3 3 
						3 3 3 3 3 3 3 3 3 3 3 3 3 3 3 3 3 3 3 3 3 3 3 3 3 3 3 3 3 3 3 3 3 3 3 3 3 3 3 3 3 3 3 3 3 3 3 3 3 3 3 3 3 3 3 3 3 3 3 3 3 3 3 3 
						3 3 3 3 3 3 3 3 3 3 3 3 3 3 3 3 3 3 3 3 3 3 3 3 3 3 3 3 3 3 3 3 3 3 3 3 3 3 3 3 3 3 3 3 3 3 3 3 3 3 3 3 3 3 3 3 3 3 3 3 3 3 3 3 
						3 3 3 3 3 3 3 3 3 3 3 3 3 3 3 3 3 3 3 3 3 3 3 3 3 3 3 3 3 3 3 3 3 3 3 3 3 3 3 3 3 3 3 3 3 3 3 3 3 3 3 3 3 3 3 3 3 3 3 3 3 3 3 3 
						3 3 3 3 3 3 3 3 3 3 3 3 3 3 3 3 3 3 3 3 3 3 3 3 3 3 3 3 3 3 3 3 3 3 3 3 3 3 3 3 3 3 3 3 3 3 3 3 3 3 3 3 3 3 3 3 3 3 3 3 3 3 3 3 
						3 3 3 3 3 3 3 3 3 3 3 3 3 3 3 3 3 3 3 3 3 3 3 3 3 3 3 3 3 3 3 3 3 3 3 3 3 3 3 3 3 3 3 3 3 3 3 3 3 3 3 3 3 3 3 3 3 3 3 3 3 3 3 3 
						3 3 3 3 3 3 3 3 
					</vcount>
					<p>
						3 0 1 1 2 3 2 1 4 4 5 2 5 4 6 6 7 5 7 6 8 8 9 7 9 8 10 10 11 9 11 10 12 12 13 11 17 14 15 15 16 17 16 15 18 18 19 16 19 18 20 20 21 19 21 20 22 22 23 21 23 22 24 24 25 23 25 24 26 26 27 25 27 26 28 28 29 27 29 28 30 30 31 29 31 30 32 32 33 31 33 32 34 34 35 33 35 34 36 36 37 35 37 36 38 38 39 37 39 38 40 40 41 39 41 40 0 0 3 41 42 43 44 45 42 44 46 45 44 47 46 44 48 47 44 49 48 44 50 49 44 51 50 44 52 51 44 53 52 44 54 53 44 55 54 44 56 55 44 57 56 44 58 57 44 59 58 44 60 59 44 61 60 44 62 61 44 43 62 44 63 64 65 64 66 65 66 67 65 67 68 65 
						68 69 65 69 70 65 70 71 65 71 72 65 72 73 65 73 74 65 74 75 65 75 76 65 76 77 65 77 78 65 78 79 65 79 80 65 80 81 65 81 82 65 82 83 65 83 63 65 87 84 85 85 86 87 89 88 84 84 87 89 91 90 88 88 89 91 93 92 90 90 91 93 95 94 92 92 93 95 97 96 94 94 95 97 99 98 96 96 97 99 101 100 98 98 99 101 105 102 103 103 104 105 107 106 102 102 105 107 109 108 106 106 107 109 111 110 108 108 109 111 113 112 110 110 111 113 115 114 112 112 113 115 117 116 114 114 115 117 119 118 116 116 117 119 121 120 118 118 119 121 123 122 120 120 121 123 125 124 122 122 123 125 86 85 124 124 125 86 129 126 127 127 128 129 131 130 126 126 129 131 133 132 130 130 131 133 135 134 132 132 133 135 
						137 136 134 134 135 137 139 138 136 136 137 139 141 140 138 138 139 141 143 142 140 140 141 143 147 144 145 145 146 147 149 148 144 144 147 149 151 150 148 148 149 151 153 152 150 150 151 153 155 154 152 152 153 155 157 156 154 154 155 157 159 158 156 156 157 159 161 160 158 158 159 161 163 162 160 160 161 163 165 164 162 162 163 165 167 166 164 164 165 167 128 127 166 166 167 128 171 168 169 169 170 171 175 172 173 173 174 175 174 173 176 176 177 174 181 178 179 179 180 181 185 182 183 183 184 185 189 186 187 187 188 189 193 190 191 191 192 193 197 194 195 195 196 197 193 188 187 187 190 193 199 198 188 188 193 199 201 200 198 198 199 201 203 202 200 200 201 203 206 204 205 205 203 206 208 207 204 204 206 208 210 209 207 207 208 210 212 211 209 209 210 212 
						216 213 214 214 215 216 218 217 213 213 216 218 220 219 217 217 218 220 222 221 219 219 220 222 224 223 221 221 222 224 226 225 223 223 224 226 229 227 228 228 226 229 231 230 227 227 229 231 233 232 230 230 231 233 235 234 232 232 233 235 239 236 237 237 238 239 190 187 236 236 239 190 171 240 241 241 168 171 179 242 243 243 180 179 245 244 240 240 171 245 180 243 246 246 247 180 249 248 244 244 245 249 247 246 250 250 251 247 253 252 248 248 249 253 251 250 254 254 255 251 257 256 252 252 253 257 255 254 258 258 259 255 261 260 256 256 257 261 259 258 262 262 263 259 265 264 260 260 261 265 263 262 266 266 267 263 269 268 264 264 265 269 267 266 270 270 271 267 273 272 268 268 269 273 271 270 274 274 275 271 277 276 272 272 273 277 275 274 278 278 279 275 
						281 280 276 276 277 281 279 278 282 282 283 279 285 284 280 280 281 285 283 282 286 286 287 283 289 288 284 284 285 289 287 286 290 290 291 287 293 292 288 288 289 293 291 290 294 294 295 291 297 296 292 292 293 297 295 294 298 298 299 295 301 300 296 296 297 301 299 298 302 302 303 299 305 304 300 300 301 305 303 302 306 306 307 303 309 308 304 304 305 309 307 306 310 310 311 307 313 312 308 308 309 313 311 310 314 314 315 311 168 241 312 312 313 168 315 314 242 242 179 315 185 316 317 317 182 185 195 318 319 319 196 195 321 320 316 316 185 321 196 319 322 322 323 196 325 324 320 320 321 325 323 322 326 326 327 323 329 328 324 324 325 329 327 326 330 330 331 327 333 332 328 328 329 333 331 330 334 334 335 331 337 336 332 332 333 337 335 334 338 338 339 335 
						341 340 336 336 337 341 339 338 342 342 343 339 345 344 340 340 341 345 343 342 346 346 347 343 349 348 344 344 345 349 347 346 350 350 351 347 353 352 348 348 349 353 351 350 354 354 355 351 357 356 352 352 353 357 355 354 358 358 359 355 361 360 356 356 357 361 359 358 362 362 363 359 365 364 360 360 361 365 363 362 366 366 367 363 369 368 364 364 365 369 367 366 370 370 371 367 373 372 368 368 369 373 371 370 374 374 375 371 377 376 372 372 373 377 375 374 378 378 379 375 381 380 376 376 377 381 379 378 382 382 383 379 385 384 380 380 381 385 383 382 386 386 387 383 389 388 384 384 385 389 387 386 390 390 391 387 182 317 388 388 389 182 391 390 318 318 195 391 245 171 170 170 392 245 394 175 174 174 393 394 393 174 177 177 395 393 396 181 180 180 247 396 
						249 245 392 392 397 249 399 394 393 393 398 399 398 393 395 395 400 398 401 396 247 247 251 401 253 249 397 397 402 253 404 399 398 398 403 404 403 398 400 400 405 403 406 401 251 251 255 406 257 253 402 402 407 257 410 408 403 403 409 410 409 403 405 405 411 409 412 406 255 255 259 412 261 257 407 407 413 261 415 410 409 409 414 415 414 409 411 411 416 414 417 412 259 259 263 417 265 261 413 413 418 265 420 415 414 414 419 420 419 414 416 416 421 419 422 417 263 263 267 422 269 265 418 418 423 269 425 420 419 419 424 425 424 419 421 421 426 424 427 422 267 267 271 427 273 269 423 423 428 273 432 429 430 430 431 432 431 430 433 433 434 431 435 427 271 271 275 435 277 273 428 428 436 277 438 432 431 431 437 438 437 431 434 434 439 437 440 435 275 275 279 440 
						281 277 436 436 441 281 443 438 437 437 442 443 442 437 439 439 444 442 445 440 279 279 283 445 285 281 441 441 446 285 448 443 442 442 447 448 447 442 444 444 449 447 450 445 283 283 287 450 289 285 446 446 451 289 453 448 447 447 452 453 452 447 449 449 454 452 455 450 287 287 291 455 293 289 451 451 456 293 458 453 452 452 457 458 457 452 454 454 459 457 460 455 291 291 295 460 297 293 456 456 461 297 464 462 457 457 463 464 463 457 459 459 465 463 466 460 295 295 299 466 301 297 461 461 467 301 469 464 463 463 468 469 468 463 465 465 470 468 471 466 299 299 303 471 305 301 467 467 472 305 474 469 468 468 473 474 473 468 470 470 475 473 476 471 303 303 307 476 309 305 472 472 477 309 479 474 473 473 478 479 478 473 475 475 480 478 481 476 307 307 311 481 
						313 309 477 477 482 313 486 483 484 484 485 486 485 484 487 487 488 485 489 481 311 311 315 489 485 173 172 172 486 485 482 169 168 168 313 482 315 179 178 178 489 315 488 176 173 173 485 488 321 185 184 184 490 321 491 189 188 188 198 491 199 193 192 192 492 199 493 197 196 196 323 493 325 321 490 490 494 325 495 491 198 198 200 495 201 199 492 492 496 201 497 493 323 323 327 497 329 325 494 494 498 329 499 495 200 200 202 499 203 201 496 496 500 203 501 497 327 327 331 501 333 329 498 498 502 333 504 503 205 205 204 504 206 203 500 500 505 206 506 501 331 331 335 506 337 333 502 502 507 337 508 504 204 204 207 508 208 206 505 505 509 208 510 506 335 335 339 510 341 337 507 507 511 341 512 508 207 207 209 512 210 208 509 509 513 210 514 510 339 339 343 514 
						345 341 511 511 515 345 516 512 209 209 211 516 212 210 513 513 517 212 518 514 343 343 347 518 349 345 515 515 519 349 521 520 214 214 213 521 216 215 522 522 523 216 524 518 347 347 351 524 353 349 519 519 525 353 526 521 213 213 217 526 218 216 523 523 527 218 528 524 351 351 355 528 357 353 525 525 529 357 530 526 217 217 219 530 220 218 527 527 531 220 532 528 355 355 359 532 361 357 529 529 533 361 534 530 219 219 221 534 222 220 531 531 535 222 536 532 359 359 363 536 365 361 533 533 537 365 538 534 221 221 223 538 224 222 535 535 539 224 540 536 363 363 367 540 369 365 537 537 541 369 542 538 223 223 225 542 226 224 539 539 543 226 544 540 367 367 371 544 373 369 541 541 545 373 547 546 228 228 227 547 229 226 543 543 548 229 549 544 371 371 375 549 
						377 373 545 545 550 377 551 547 227 227 230 551 231 229 548 548 552 231 553 549 375 375 379 553 381 377 550 550 554 381 555 551 230 230 232 555 233 231 552 552 556 233 557 553 379 379 383 557 385 381 554 554 558 385 559 555 232 232 234 559 235 233 556 556 560 235 561 557 383 383 387 561 389 385 558 558 562 389 564 563 237 237 236 564 239 238 565 565 566 239 567 561 387 387 391 567 236 187 186 186 564 236 562 183 182 182 389 562 391 195 194 194 567 391 566 191 190 190 239 566 571 568 569 569 570 571 570 569 572 572 573 570 573 572 574 574 575 573 575 574 576 576 577 575 577 576 578 578 579 577 579 578 580 580 581 579 585 582 583 583 584 585 584 583 586 586 587 584 587 586 588 588 589 587 589 588 590 590 591 589 591 590 592 592 593 591 593 592 594 594 595 593 
						595 594 596 596 597 595 597 596 598 598 599 597 599 598 600 600 601 599 601 600 602 602 603 601 603 602 604 604 605 603 605 604 606 606 607 605 607 606 608 608 609 607 609 608 568 568 571 609 610 611 612 613 610 612 614 613 612 615 614 612 616 615 612 617 616 612 618 617 612 619 618 612 620 619 612 621 620 612 622 621 612 623 622 612 624 623 612 625 624 612 626 625 612 627 626 612 628 627 612 629 628 612 630 629 612 611 630 612 631 632 633 632 634 633 634 635 633 635 636 633 636 637 633 637 638 633 638 639 633 639 640 633 640 641 633 641 642 633 642 643 633 643 644 633 644 645 633 645 646 633 646 647 633 647 648 633 648 649 633 649 650 633 650 651 633 651 631 633 655 652 653 653 654 655 654 653 656 656 657 654 657 656 658 658 659 657 659 658 660 660 661 659 
						661 660 662 662 663 661 663 662 664 664 665 663 669 666 667 667 668 669 668 667 670 670 671 668 671 670 672 672 673 671 673 672 674 674 675 673 675 674 676 676 677 675 677 676 678 678 679 677 679 678 680 680 681 679 681 680 682 682 683 681 683 682 684 684 685 683 685 684 686 686 687 685 687 686 688 688 689 687 689 688 690 690 691 689 691 690 692 692 693 691 693 692 652 652 655 693 694 695 696 697 694 696 698 697 696 699 698 696 700 699 696 701 700 696 702 701 696 703 702 696 704 703 696 705 704 696 706 705 696 707 706 696 708 707 696 709 708 696 710 709 696 711 710 696 712 711 696 713 712 696 714 713 696 695 714 696 715 716 717 716 718 717 718 719 717 719 720 717 720 721 717 721 722 717 722 723 717 723 724 717 724 725 717 725 726 717 726 727 717 727 728 717 
						728 729 717 729 730 717 730 731 717 731 732 717 732 733 717 733 734 717 734 735 717 735 715 717 
					</p>
				</polylist>
			</mesh>
		</geometry>
	</library_geometries>
	<library_visual_scenes>
		<visual_scene id="RootNode" name="RootNode">
			<node id="pCylinder28" name="pCylinder28">
				<matrix>1.000000 0.000000 0.000000 0.000000 0.000000 1.000000 0.000000 0.000000 0.000000 0.000000 1.000000 0.000000 0.000000 0.000000 0.000000 1.000000</matrix>
				<instance_geometry url="#meshId0">
					<bind_material>
						<technique_common>
							<instance_material symbol="defaultMaterial" target="#openPBR_shader1" />
						</technique_common>
					</bind_material>
				</instance_geometry>
			</node>
		</visual_scene>
	</library_visual_scenes>
	<scene>
		<instance_visual_scene url="#RootNode" />
	</scene>
</COLLADA>
