<?xml version="1.0"?>
<COLLADA xmlns="http://www.collada.org/2005/11/COLLADASchema" version="1.4.1">
	<asset>
		<contributor>
			<author>Assimp</author>
			<authoring_tool>Assimp Exporter</authoring_tool>
		</contributor>
		<created>2026-09-12T22:56:50</created>
		<modified>2026-09-12T22:56:50</modified>
		<unit name="meter" meter="0.010000" />
		<up_axis>Y_UP</up_axis>
	</asset>
	<library_effects>
		<effect id="openPBR_shader1-fx" name="openPBR_shader1">
			<profile_COMMON>
				<technique sid="standard">
					<phong>
						<diffuse>
							<color sid="diffuse">0.400000   0.400000   0.400000   1.000000</color>
						</diffuse>
					</phong>
				</technique>
			</profile_COMMON>
		</effect>
	</library_effects>
	<library_materials>
		<material id="openPBR_shader1" name="openPBR_shader1">
			<instance_effect url="#openPBR_shader1-fx"/>
		</material>
	</library_materials>
	<library_geometries>
		<geometry id="meshId0" name="meshId0_name" >
			<mesh>
				<source id="meshId0-positions" name="meshId0-positions">
					<float_array id="meshId0-positions-array" count="2799"> 
						-653.987488 42.499969 -517.657043 -653.987488 42.499969 -522.656982 -648.987488 42.499969 -522.656982 -648.987488 42.499969 -517.657043 -653.987488 179.999954 -515.707581 -653.987488 42.499969 -515.707581 -648.987488 42.499969 -515.707581 -648.987488 179.999954 -515.707581 -653.987488 179.999954 -522.656982 -653.987488 179.999954 -517.657043 -648.987488 179.999954 -517.657043 -648.987488 179.999954 -522.656982 -653.987488 42.499969 -522.656982 -653.987488 179.999954 -522.656982 -648.987488 42.499969 -522.656982 -648.987488 42.499969 -517.657043 -653.987488 179.999954 -517.657043 -653.987488 179.999954 -522.656982 -653.987488 42.499969 -517.657043 -648.987488 42.499969 -517.657043 -648.987488 42.499969 -517.657043 -648.987488 179.999954 -517.657043 -648.987488 179.999954 -517.657043 -653.987488 179.999954 -517.657043 -653.987488 179.999954 -517.657043 -653.987488 42.499969 -517.657043 -876.487488 179.999954 -522.656982 -876.487488 179.999954 -517.657043 -871.487488 179.999954 -517.657043 -871.487488 179.999954 -522.656982 -876.487488 42.499969 -524.606567 -876.487488 179.999954 -524.606567 -871.487488 179.999954 -524.606567 -871.487488 42.499969 -524.606567 -876.487488 42.499969 -517.657043 -876.487488 42.499969 -522.656982 -871.487488 42.499969 -522.656982 -871.487488 42.499969 -517.657043 -876.487488 179.999954 -517.657043 -876.487488 42.499969 -517.657043 -871.487488 42.499969 -517.657043 -871.487488 179.999954 -517.657043 -871.487488 179.999954 -522.656982 -871.487488 42.499969 -522.656982 -876.487488 42.499969 -522.656982 -876.487488 179.999954 -522.656982 -876.487488 179.999954 -522.656982 -871.487488 179.999954 -522.656982 -871.487488 179.999954 -522.656982 -871.487488 42.499969 -522.656982 -871.487488 42.499969 -522.656982 -876.487488 42.499969 -522.656982 -876.487488 42.499969 -522.656982 -876.487488 179.999954 -522.656982 -388.987488 179.999954 -522.656982 -388.987488 179.999954 -517.657043 -383.987457 179.999954 -517.657043 -383.987457 179.999954 -522.656982 -388.987488 42.499969 -524.606567 -388.987488 179.999954 -524.606567 -383.987457 179.999954 -524.606567 -383.987457 42.499969 -524.606567 -388.987488 42.499969 -517.657043 -388.987488 42.499969 -522.656982 
						-383.987457 42.499969 -522.656982 -383.987457 42.499969 -517.657043 -388.987488 42.499969 -517.657043 -383.987457 42.499969 -517.657043 -383.987457 179.999954 -517.657043 -383.987457 179.999954 -522.656982 -383.987457 179.999954 -517.657043 -388.987488 42.499969 -522.656982 -388.987488 179.999954 -522.656982 -383.987457 179.999954 -522.656982 -383.987457 179.999954 -522.656982 -383.987457 42.499969 -522.656982 -383.987457 42.499969 -522.656982 -388.987488 42.499969 -522.656982 -388.987488 42.499969 -522.656982 -388.987488 179.999954 -522.656982 -876.181580 47.499939 -517.657104 -876.181580 47.499939 -522.657104 -876.181580 42.499969 -522.657104 -876.181580 42.499969 -517.657104 -387.431671 47.499939 -515.707520 -876.181580 47.499939 -515.707520 -876.181580 42.499969 -515.707520 -387.431671 42.499969 -515.707520 -387.431671 47.499939 -522.656982 -387.431671 47.499939 -517.657043 -387.431671 42.499969 -517.657043 -387.431671 42.499969 -522.656982 -876.181580 47.499939 -522.657104 -876.181580 42.499969 -522.657104 -876.181580 42.499969 -517.657104 -387.431671 42.499969 -517.657043 -387.431671 47.499939 -517.657043 -876.181580 47.499939 -517.657104 -876.181580 47.499939 -515.707520 -876.181580 47.499939 -517.657104 -876.181580 42.499969 -517.657104 -876.181580 42.499969 -515.707520 -387.431671 42.499969 -515.707520 -387.431671 42.499969 -517.657043 -387.431671 47.499939 -517.657043 -387.431671 47.499939 -515.707520 -387.431610 178.542709 -515.707520 -387.431610 178.542709 -517.657043 -876.181580 178.542709 -517.657104 -876.181580 178.542709 -515.707520 -876.181580 178.542709 -515.707520 -387.431610 178.542709 -515.707520 -386.487488 182.499939 -522.657104 -386.487488 182.499939 -517.657104 -386.487488 177.499939 -517.657104 -386.487488 177.499939 -522.657104 -875.237488 182.499939 -524.606567 -386.487488 182.499939 -524.606567 -386.487488 177.499939 -524.606567 -875.237488 177.499939 -524.606567 -875.237488 182.499939 -517.657043 -875.237488 182.499939 -522.656982 -875.237488 177.499939 -522.656982 -875.237488 177.499939 -517.657043 -386.487488 182.499939 -517.657104 -875.237488 182.499939 -517.657043 -875.237488 177.499939 -517.657043 -875.237488 177.499939 -522.656982 
						-875.237488 182.499939 -522.656982 -875.237488 182.499939 -517.657043 -386.487488 182.499939 -522.657104 -386.487488 177.499939 -522.657104 -386.487488 177.499939 -522.657104 -875.237488 177.499939 -522.656982 -875.237488 177.499939 -522.656982 -875.237488 182.499939 -522.656982 -875.237488 182.499939 -522.656982 -386.487488 182.499939 -522.657104 -404.511597 365.786377 -517.657104 -404.511597 365.786377 -522.657104 -404.511597 360.786377 -522.657104 -404.511597 360.786377 -517.657104 525.999512 365.786377 -515.707520 -404.511597 365.786377 -515.707520 -404.511597 360.786377 -515.707520 525.999512 360.786377 -515.707520 525.999512 365.786377 -522.656982 525.999512 365.786377 -517.657043 525.999512 360.786377 -517.657043 525.999512 360.786377 -522.656982 -404.511597 365.786377 -522.657104 -404.511597 360.786377 -522.657104 -404.511597 360.786377 -517.657104 525.999512 360.786377 -517.657043 525.999512 365.786377 -517.657043 -404.511597 365.786377 -517.657104 -404.511597 365.786377 -515.707520 -404.511597 365.786377 -517.657104 -404.511597 360.786377 -517.657104 -404.511597 360.786377 -515.707520 525.999512 360.786377 -515.707520 525.999512 360.786377 -517.657043 525.999512 365.786377 -517.657043 525.999512 365.786377 -515.707520 525.999512 496.829132 -515.707520 525.999512 496.829132 -517.657043 -404.511597 496.829132 -517.657104 -404.511597 496.829132 -515.707520 -404.511597 496.829132 -515.707520 525.999512 496.829132 -515.707520 -13.995432 216.365707 -517.370422 -13.995432 216.365707 -515.811523 93.995422 216.365707 -515.811523 93.995422 216.365707 -517.370422 -13.995432 3.634186 -517.370422 -13.995432 216.365707 -517.370422 93.995422 216.365707 -517.370422 93.995422 3.634186 -517.370422 -13.995432 3.634186 -515.811523 -13.995432 3.634186 -517.370422 93.995422 3.634186 -517.370422 93.995422 3.634186 -515.811523 93.995422 216.365707 -517.370422 93.995422 3.634186 -517.370422 517.682373 498.286407 -522.656982 517.682373 498.286407 -517.657043 527.201599 498.286407 -517.657043 527.201599 498.286407 -522.656982 517.682373 360.786377 -524.606567 517.682373 498.286407 -524.606567 527.201599 498.286407 -524.606567 527.201599 360.786377 -524.606567 
						517.682373 360.786377 -517.657043 517.682373 360.786377 -522.656982 527.201599 360.786377 -522.656982 527.201599 360.786377 -517.657043 517.682373 360.786377 -517.657043 527.201599 360.786377 -517.657043 527.201599 498.286407 -517.657043 527.201599 498.286407 -522.656982 527.201599 498.286407 -517.657043 517.682373 360.786377 -522.656982 517.682373 498.286407 -522.656982 527.201599 498.286407 -522.656982 527.201599 498.286407 -522.656982 527.201599 360.786377 -522.656982 527.201599 360.786377 -522.656982 517.682373 360.786377 -522.656982 517.682373 360.786377 -522.656982 517.682373 498.286407 -522.656982 526.943665 500.786377 -522.657104 526.943665 500.786377 -517.657104 526.943665 495.786407 -517.657104 526.943665 495.786407 -522.657104 -403.567383 500.786377 -524.606567 526.943665 500.786377 -524.606567 526.943665 495.786407 -524.606567 -403.567383 495.786407 -524.606567 -403.567383 500.786377 -517.657043 -403.567383 500.786377 -522.656982 -403.567383 495.786407 -522.656982 -403.567383 495.786407 -517.657043 526.943665 500.786377 -517.657104 -403.567383 500.786377 -517.657043 -403.567383 495.786407 -517.657043 -403.567383 495.786407 -522.656982 -403.567383 500.786377 -522.656982 -403.567383 500.786377 -517.657043 526.943665 500.786377 -522.657104 526.943665 495.786407 -522.657104 526.943665 495.786407 -522.657104 -403.567383 495.786407 -522.656982 -403.567383 495.786407 -522.656982 -403.567383 500.786377 -522.656982 -403.567383 500.786377 -522.656982 526.943665 500.786377 -522.657104 -133.995422 216.365707 -517.370422 -133.995422 216.365707 -515.811523 -26.004572 216.365707 -515.811523 -26.004572 216.365707 -517.370422 -133.995422 3.634186 -517.370422 -26.004572 3.634186 -517.370422 -133.995422 3.634186 -515.811523 -133.995422 3.634186 -517.370422 -26.004572 3.634186 -517.370422 -26.004572 3.634186 -515.811523 -133.995422 216.365707 -515.811523 -26.004572 216.365707 -515.811523 -133.995422 3.634186 -515.811523 -133.995422 216.365707 -515.811523 36.303467 360.786377 -517.657043 36.303467 360.786377 -522.656982 45.822754 360.786377 -522.656982 45.822754 360.786377 -517.657043 36.303467 498.286407 -515.707581 36.303467 360.786377 -515.707581 
						45.822754 360.786377 -515.707581 45.822754 498.286407 -515.707581 36.303467 498.286407 -522.656982 36.303467 498.286407 -517.657043 45.822754 498.286407 -517.657043 45.822754 498.286407 -522.656982 36.303467 360.786377 -522.656982 36.303467 498.286407 -522.656982 45.822754 360.786377 -522.656982 45.822754 360.786377 -517.657043 36.303467 498.286407 -517.657043 36.303467 498.286407 -522.656982 36.303467 360.786377 -517.657043 45.822754 360.786377 -517.657043 45.822754 360.786377 -517.657043 45.822754 498.286407 -517.657043 45.822754 498.286407 -517.657043 36.303467 498.286407 -517.657043 36.303467 498.286407 -517.657043 36.303467 360.786377 -517.657043 -9.318403 121.277740 -520.051819 -9.318403 118.722153 -520.051819 -12.471710 118.722153 -520.051819 -12.471710 121.277740 -520.051819 -9.318403 121.277740 -514.091003 -9.318403 121.277740 -519.090942 -12.471710 121.277740 -519.090942 -12.471710 121.277740 -514.091003 -9.318403 118.722153 -514.091003 -9.318403 121.277740 -514.091003 -12.471710 121.277740 -514.091003 -12.471710 118.722153 -514.091003 -9.318403 118.722153 -519.090942 -12.471710 118.722153 -519.090942 -12.471710 121.277740 -519.090942 -12.471710 118.722153 -519.090942 -9.318403 118.722153 -514.091003 -9.318403 118.722153 -519.090942 -12.471710 118.722153 -520.051819 -12.471710 121.277740 -520.051819 -2.847368 121.277740 -520.051819 -2.847368 121.277740 -519.090942 -2.847368 118.722137 -519.090942 -2.847368 118.722137 -520.051819 -2.847368 121.277740 -519.090942 -9.318403 121.277740 -519.090942 -2.847368 118.722137 -519.090942 -2.847368 121.277740 -519.090942 -30.988173 118.722153 -520.051819 -30.988173 121.277756 -520.051819 -27.834864 121.277756 -520.051819 -27.834864 118.722153 -520.051819 -30.988173 118.722153 -514.091003 -30.988173 118.722153 -519.090942 -27.834864 118.722153 -519.090942 -27.834864 118.722153 -514.091003 -30.988173 121.277756 -514.091003 -27.834864 121.277756 -514.091003 -30.988173 121.277756 -519.090942 -30.988173 121.277756 -514.091003 -27.834864 121.277756 -514.091003 -27.834864 121.277756 -519.090942 -27.834864 118.722153 -519.090942 -27.834864 121.277756 -519.090942 
						-30.988173 118.722153 -514.091003 -30.988173 118.722153 -519.090942 -27.834864 121.277756 -520.051819 -27.834864 118.722153 -520.051819 -37.459206 118.722153 -520.051819 -37.459206 118.722153 -519.090942 -37.459206 121.277771 -519.090942 -37.459206 121.277771 -520.051819 -30.988173 118.722153 -519.090942 -30.988173 121.277756 -519.090942 -37.459206 121.277771 -519.090942 -37.459206 118.722153 -519.090942 -401.568054 501.953094 -522.656982 -401.568054 501.953094 -517.657043 -392.048767 501.953094 -517.657043 -392.048767 501.953094 -522.656982 -401.568054 364.453064 -524.606567 -401.568054 501.953094 -524.606567 -392.048767 501.953094 -524.606567 -392.048767 364.453064 -524.606567 -401.568054 364.453064 -517.657043 -401.568054 364.453064 -522.656982 -392.048767 364.453064 -522.656982 -392.048767 364.453064 -517.657043 -401.568054 501.953094 -517.657043 -401.568054 364.453064 -517.657043 -392.048767 364.453064 -517.657043 -392.048767 501.953094 -517.657043 -392.048767 501.953094 -522.656982 -392.048767 364.453064 -522.656982 -401.568054 364.453064 -522.656982 -401.568054 501.953094 -522.656982 -401.568054 501.953094 -522.656982 -392.048767 501.953094 -522.656982 -392.048767 501.953094 -522.656982 -392.048767 364.453064 -522.656982 -392.048767 364.453064 -522.656982 -401.568054 364.453064 -522.656982 -401.568054 364.453064 -522.656982 -401.568054 501.953094 -522.656982 -13.995432 3.634186 496.192047 -13.995432 3.634186 494.633209 93.995422 3.634186 494.633209 93.995422 3.634186 496.192047 -13.995432 216.365707 496.192047 -13.995432 3.634186 496.192047 93.995422 3.634186 496.192047 93.995422 216.365707 496.192047 -13.995432 216.365707 494.633209 -13.995432 216.365707 496.192047 93.995422 216.365707 496.192047 93.995422 216.365707 494.633209 93.995422 3.634186 496.192047 93.995422 216.365707 496.192047 -365.520325 182.499939 496.522797 -365.520325 182.499939 501.522827 -365.520325 177.499939 501.522827 -365.520325 177.499939 496.522797 -854.270325 182.499939 494.573303 -365.520325 182.499939 494.573303 -365.520325 177.499939 494.573303 -854.270325 177.499939 494.573303 -854.270325 182.499939 501.522827 -854.270325 182.499939 496.522797 
						-854.270325 177.499939 496.522797 -854.270325 177.499939 501.522827 -365.520325 182.499939 501.522827 -854.270325 182.499939 501.522827 -365.520325 177.499939 501.522827 -365.520325 177.499939 496.522797 -854.270325 182.499939 496.522797 -854.270325 182.499939 501.522827 -365.520325 182.499939 496.522797 -365.520325 177.499939 496.522797 -365.520325 177.499939 496.522797 -854.270325 177.499939 496.522797 -854.270325 177.499939 496.522797 -854.270325 182.499939 496.522797 -854.270325 182.499939 496.522797 -365.520325 182.499939 496.522797 -9.318403 118.722153 498.873474 -9.318403 121.277756 498.873474 -12.471710 121.277756 498.873474 -12.471710 118.722153 498.873474 -9.318403 118.722153 492.912628 -9.318403 118.722153 497.912628 -12.471710 118.722153 497.912628 -12.471710 118.722153 492.912628 -9.318403 121.277756 492.912628 -9.318403 118.722153 492.912628 -12.471710 118.722153 492.912628 -12.471710 121.277756 492.912628 -9.318403 121.277756 497.912628 -12.471710 121.277756 497.912628 -12.471710 118.722153 497.912628 -12.471710 121.277756 497.912628 -9.318403 121.277756 492.912628 -9.318403 121.277756 497.912628 -12.471710 121.277756 498.873474 -12.471710 118.722153 498.873474 -2.847368 118.722153 498.873474 -2.847368 118.722153 497.912628 -2.847368 121.277771 497.912628 -2.847368 121.277771 498.873474 -2.847368 118.722153 497.912628 -9.318403 118.722153 497.912628 -2.847368 121.277771 497.912628 -2.847368 118.722153 497.912628 582.500000 179.999954 496.522797 582.500000 179.999954 501.522827 587.500000 179.999954 501.522827 587.500000 179.999954 496.522797 582.500000 42.499969 494.573303 582.500000 179.999954 494.573303 587.500000 179.999954 494.573303 587.500000 42.499969 494.573303 582.500000 42.499969 501.522827 582.500000 42.499969 496.522797 587.500000 42.499969 496.522797 587.500000 42.499969 501.522827 582.500000 179.999954 501.522827 582.500000 42.499969 501.522827 587.500000 179.999954 501.522827 587.500000 179.999954 496.522797 582.500000 42.499969 496.522797 582.500000 42.499969 501.522827 582.500000 179.999954 496.522797 587.500000 179.999954 496.522797 
						587.500000 179.999954 496.522797 587.500000 42.499969 496.522797 587.500000 42.499969 496.522797 582.500000 42.499969 496.522797 582.500000 42.499969 496.522797 582.500000 179.999954 496.522797 847.500000 179.999954 496.522797 847.500000 179.999954 501.522827 852.500000 179.999954 501.522827 852.500000 179.999954 496.522797 847.500000 42.499969 494.573303 847.500000 179.999954 494.573303 852.500000 179.999954 494.573303 852.500000 42.499969 494.573303 847.500000 42.499969 501.522827 847.500000 42.499969 496.522797 852.500000 42.499969 496.522797 852.500000 42.499969 501.522827 847.500000 42.499969 501.522827 852.500000 42.499969 501.522827 852.500000 179.999954 501.522827 852.500000 179.999954 496.522797 852.500000 179.999954 501.522827 847.500000 42.499969 496.522797 847.500000 179.999954 496.522797 852.500000 179.999954 496.522797 852.500000 179.999954 496.522797 852.500000 42.499969 496.522797 852.500000 42.499969 496.522797 847.500000 42.499969 496.522797 847.500000 42.499969 496.522797 847.500000 179.999954 496.522797 -133.995422 3.634186 496.192047 -133.995422 3.634186 494.633209 -26.004572 3.634186 494.633209 -26.004572 3.634186 496.192047 -133.995422 216.365707 496.192047 -26.004572 216.365707 496.192047 -133.995422 216.365707 494.633209 -133.995422 216.365707 496.192047 -26.004572 216.365707 496.192047 -26.004572 216.365707 494.633209 -133.995422 3.634186 494.633209 -26.004572 3.634186 494.633209 -133.995422 216.365707 494.633209 -133.995422 3.634186 494.633209 -365.520325 47.499939 496.522797 -365.520325 47.499939 501.522827 -365.520325 42.499969 501.522827 -365.520325 42.499969 496.522797 -854.270325 47.499939 494.573303 -365.520325 47.499939 494.573303 -365.520325 42.499969 494.573303 -854.270325 42.499969 494.573303 -854.270325 47.499939 501.522827 -854.270325 47.499939 496.522797 -854.270325 42.499969 496.522797 -854.270325 42.499969 501.522827 -365.520325 47.499939 501.522827 -854.270325 47.499939 501.522827 -365.520325 42.499969 501.522827 -365.520325 42.499969 496.522797 -854.270325 47.499939 496.522797 -854.270325 47.499939 501.522827 
						-365.520325 47.499939 494.573303 -365.520325 47.499939 496.522797 -365.520325 42.499969 496.522797 -365.520325 42.499969 494.573303 -365.520325 42.499969 496.522797 -854.270325 42.499969 496.522797 -854.270325 42.499969 494.573303 -854.270325 42.499969 496.522797 -854.270325 47.499939 496.522797 -854.270325 178.542709 494.573303 -854.270325 178.542709 496.522797 -365.520325 178.542709 496.522797 -365.520325 178.542709 494.573303 -854.270325 47.499939 496.522797 -365.520325 178.542709 494.573303 -854.270325 178.542709 496.522797 -30.988173 121.277740 498.873474 -30.988173 118.722153 498.873474 -27.834864 118.722153 498.873474 -27.834864 121.277740 498.873474 -30.988173 121.277740 492.912628 -30.988173 121.277740 497.912628 -27.834864 121.277740 497.912628 -27.834864 121.277740 492.912628 -30.988173 118.722153 492.912628 -27.834864 118.722153 492.912628 -30.988173 118.722153 497.912628 -30.988173 118.722153 492.912628 -27.834864 118.722153 492.912628 -27.834864 118.722153 497.912628 -27.834864 121.277740 497.912628 -27.834864 118.722153 497.912628 -30.988173 121.277740 492.912628 -30.988173 121.277740 497.912628 -27.834864 118.722153 498.873474 -27.834864 121.277740 498.873474 -37.459206 121.277740 498.873474 -37.459206 121.277740 497.912628 -37.459206 118.722137 497.912628 -37.459206 118.722137 498.873474 -30.988173 121.277740 497.912628 -30.988173 118.722153 497.912628 -37.459206 118.722137 497.912628 -37.459206 121.277740 497.912628 360.000000 179.999954 496.522797 360.000000 179.999954 501.522827 365.000000 179.999954 501.522827 365.000000 179.999954 496.522797 360.000000 42.499969 494.573303 360.000000 179.999954 494.573303 365.000000 179.999954 494.573303 365.000000 42.499969 494.573303 360.000000 42.499969 501.522827 360.000000 42.499969 496.522797 365.000000 42.499969 496.522797 365.000000 42.499969 501.522827 360.000000 179.999954 501.522827 360.000000 42.499969 501.522827 365.000000 42.499969 501.522827 365.000000 179.999954 501.522827 365.000000 179.999954 496.522797 365.000000 42.499969 496.522797 360.000000 42.499969 496.522797 360.000000 179.999954 496.522797 
						360.000000 179.999954 496.522797 365.000000 179.999954 496.522797 365.000000 179.999954 496.522797 365.000000 42.499969 496.522797 365.000000 42.499969 496.522797 360.000000 42.499969 496.522797 360.000000 42.499969 496.522797 360.000000 179.999954 496.522797 -945.766174 -0.000061 494.927582 -849.381104 -0.000061 494.927582 -849.381104 367.811279 494.927582 -945.766174 367.811279 494.927582 -849.381104 613.018799 -516.614746 -945.766174 613.018799 -516.614746 -945.766174 613.018799 494.927582 -849.381104 613.018799 494.927582 -849.381104 -0.000061 -516.614746 -945.766174 -0.000061 -516.614746 -945.766174 367.811279 -516.614746 -849.381104 367.811249 -516.614746 -945.766174 -0.000061 -516.614746 -849.381104 -0.000061 -516.614746 981.935486 367.811279 494.927582 981.935486 -0.000061 494.927582 981.935486 -0.000061 -516.614746 981.935486 367.811279 -516.614746 -945.766174 367.811279 -516.614746 -945.766174 -0.000061 -516.614746 -945.766174 -0.000061 494.927582 -945.766174 367.811279 494.927582 -945.766174 563.977295 -516.614746 -945.766174 563.977295 494.927582 -849.381104 563.977295 -516.614746 -945.766174 563.977295 -516.614746 981.935486 613.018799 494.927582 981.935486 563.977295 494.927582 981.935486 563.977295 -516.614746 981.935486 613.018799 -516.614746 -945.766174 563.977295 494.927582 -849.381104 563.977295 494.927582 981.935486 -0.000061 494.927582 981.935486 367.811279 494.927582 885.550293 367.811279 494.927582 885.550293 -0.000061 494.927582 981.935486 563.977295 494.927582 885.550293 563.977295 494.927582 885.550293 613.018799 494.927582 885.550293 613.018799 -516.614746 981.935486 563.977295 -516.614746 885.550354 563.977295 -516.614746 981.935486 367.811279 -516.614746 885.550354 367.811279 -516.614746 981.935486 -0.000061 -516.614746 885.550293 -0.000061 -516.614746 885.550293 -0.000061 -516.614746 981.935486 -0.000061 -516.614746 18.084572 -0.000061 494.927582 18.084572 367.811279 494.927582 -849.381104 367.811279 500.126678 18.084572 367.811279 500.126678 18.084572 563.977295 500.126678 -849.381104 563.977295 500.126678 18.084572 613.018799 494.927582 18.084572 563.977295 494.927582 
						18.084572 613.018799 -516.614746 18.084602 563.977295 -516.614746 18.084602 367.811279 -516.614746 18.084572 -0.000061 -516.614746 18.084572 -0.000061 -516.614746 885.550293 367.811279 500.126678 885.550293 563.977295 500.126678 18.084572 563.977295 494.927582 -849.381104 563.977295 494.927582 -849.381104 563.977295 494.927582 -849.381104 367.811279 494.927582 -849.381104 367.811279 494.927582 18.084572 367.811279 494.927582 885.550293 367.811279 494.927582 885.550293 563.977295 494.927582 885.550293 563.977295 494.927582 885.550293 367.811279 494.927582 -368.020294 179.999954 496.522797 -368.020294 179.999954 501.522827 -363.020325 179.999954 501.522827 -363.020325 179.999954 496.522797 -368.020294 42.499969 494.573303 -368.020294 179.999954 494.573303 -363.020325 179.999954 494.573303 -363.020325 42.499969 494.573303 -368.020294 42.499969 501.522827 -368.020294 42.499969 496.522797 -363.020325 42.499969 496.522797 -363.020325 42.499969 501.522827 -368.020294 179.999954 501.522827 -368.020294 42.499969 501.522827 -363.020325 179.999954 501.522827 -363.020325 179.999954 496.522797 -368.020294 42.499969 496.522797 -368.020294 42.499969 501.522827 -368.020294 179.999954 496.522797 -363.020325 179.999954 496.522797 -363.020325 179.999954 496.522797 -363.020325 42.499969 496.522797 -363.020325 42.499969 496.522797 -368.020294 42.499969 496.522797 -368.020294 42.499969 496.522797 -368.020294 179.999954 496.522797 -855.520325 179.999954 496.522797 -855.520325 179.999954 501.522827 -850.520325 179.999954 501.522827 -850.520325 179.999954 496.522797 -855.520325 42.499969 494.573303 -855.520325 179.999954 494.573303 -850.520325 179.999954 494.573303 -850.520325 42.499969 494.573303 -855.520325 42.499969 501.522827 -855.520325 42.499969 496.522797 -850.520325 42.499969 496.522797 -850.520325 42.499969 501.522827 -855.520325 42.499969 501.522827 -850.520325 42.499969 501.522827 -850.520325 179.999954 501.522827 -850.520325 179.999954 496.522797 -850.520325 179.999954 501.522827 -855.520325 42.499969 496.522797 -855.520325 179.999954 496.522797 -850.520325 179.999954 496.522797 -850.520325 179.999954 496.522797 
						-850.520325 42.499969 496.522797 -850.520325 42.499969 496.522797 -855.520325 42.499969 496.522797 -855.520325 42.499969 496.522797 -855.520325 179.999954 496.522797 850.000000 182.499939 496.522797 850.000000 182.499939 501.522827 850.000000 177.499939 501.522827 850.000000 177.499939 496.522797 361.250000 182.499939 494.573303 850.000000 182.499939 494.573303 850.000000 177.499939 494.573303 361.250000 177.499939 494.573303 361.250000 182.499939 501.522827 361.250000 182.499939 496.522797 361.250000 177.499939 496.522797 361.250000 177.499939 501.522827 850.000000 182.499939 501.522827 361.250000 182.499939 501.522827 361.250000 177.499939 501.522827 361.250000 177.499939 496.522797 361.250000 182.499939 496.522797 361.250000 182.499939 501.522827 850.000000 182.499939 496.522797 850.000000 177.499939 496.522797 850.000000 177.499939 496.522797 361.250000 177.499939 496.522797 361.250000 177.499939 496.522797 361.250000 182.499939 496.522797 361.250000 182.499939 496.522797 850.000000 182.499939 496.522797 850.000000 47.499939 496.522797 850.000000 47.499939 501.522827 850.000000 42.499969 501.522827 850.000000 42.499969 496.522797 361.250000 47.499939 494.573303 850.000000 47.499939 494.573303 850.000000 42.499969 494.573303 361.250000 42.499969 494.573303 361.250000 47.499939 501.522827 361.250000 47.499939 496.522797 361.250000 42.499969 496.522797 361.250000 42.499969 501.522827 850.000000 47.499939 501.522827 850.000000 42.499969 501.522827 850.000000 42.499969 496.522797 361.250000 42.499969 496.522797 361.250000 47.499939 496.522797 850.000000 47.499939 496.522797 850.000000 47.499939 494.573303 850.000000 47.499939 496.522797 850.000000 42.499969 496.522797 850.000000 42.499969 494.573303 850.000000 42.499969 496.522797 361.250000 42.499969 496.522797 361.250000 42.499969 494.573303 361.250000 42.499969 496.522797 361.250000 47.499939 496.522797 361.250000 47.499939 494.573303 361.250000 178.542709 494.573303 361.250000 178.542709 496.522797 850.000000 178.542709 496.522797 850.000000 178.542709 494.573303 850.000000 178.542709 494.573303 
						361.250000 178.542709 494.573303 -633.020325 179.999954 496.522797 -633.020325 179.999954 501.522827 -628.020325 179.999954 501.522827 -628.020325 179.999954 496.522797 -633.020325 42.499969 494.573303 -633.020325 179.999954 494.573303 -628.020325 179.999954 494.573303 -628.020325 42.499969 494.573303 -633.020325 42.499969 501.522827 -633.020325 42.499969 496.522797 -628.020325 42.499969 496.522797 -628.020325 42.499969 501.522827 -633.020325 42.499969 501.522827 -628.020325 42.499969 501.522827 -628.020325 179.999954 496.522797 -628.020325 179.999954 501.522827 -633.020325 42.499969 496.522797 -633.020325 179.999954 496.522797 -633.020325 179.999954 496.522797 -628.020325 179.999954 496.522797 -628.020325 179.999954 496.522797 -628.020325 42.499969 496.522797 -628.020325 42.499969 496.522797 -633.020325 42.499969 496.522797 -633.020325 42.499969 496.522797 -633.020325 179.999954 496.522797 927.284485 182.499939 -522.657104 927.284485 182.499939 -517.657104 927.284485 177.499939 -517.657104 927.284485 177.499939 -522.657104 438.534485 182.499939 -524.606567 927.284485 182.499939 -524.606567 927.284485 177.499939 -524.606567 438.534485 177.499939 -524.606567 438.534485 182.499939 -517.657043 438.534485 182.499939 -522.656982 438.534485 177.499939 -522.656982 438.534485 177.499939 -517.657043 927.284485 182.499939 -517.657104 438.534485 182.499939 -517.657043 438.534485 177.499939 -517.657043 438.534485 177.499939 -522.656982 438.534485 182.499939 -522.656982 438.534485 182.499939 -517.657043 927.284485 182.499939 -522.657104 927.284485 177.499939 -522.657104 927.284485 177.499939 -522.657104 438.534485 177.499939 -522.656982 438.534485 177.499939 -522.656982 438.534485 182.499939 -522.656982 438.534485 182.499939 -522.656982 927.284485 182.499939 -522.657104 924.784485 179.999954 -522.656982 924.784485 179.999954 -517.657043 929.784424 179.999954 -517.657043 929.784424 179.999954 -522.656982 924.784485 42.499969 -524.606567 924.784485 179.999954 -524.606567 929.784424 179.999954 -524.606567 929.784424 42.499969 -524.606567 924.784485 42.499969 -517.657043 924.784485 42.499969 -522.656982 929.784424 42.499969 -522.656982 
						929.784424 42.499969 -517.657043 924.784485 42.499969 -517.657043 929.784424 42.499969 -517.657043 929.784424 179.999954 -517.657043 929.784424 179.999954 -522.656982 929.784424 179.999954 -517.657043 924.784485 42.499969 -522.656982 924.784485 179.999954 -522.656982 929.784424 179.999954 -522.656982 929.784424 179.999954 -522.656982 929.784424 42.499969 -522.656982 929.784424 42.499969 -522.656982 924.784485 42.499969 -522.656982 924.784485 42.499969 -522.656982 924.784485 179.999954 -522.656982 659.784485 42.499969 -517.657043 659.784485 42.499969 -522.656982 664.784485 42.499969 -522.656982 664.784485 42.499969 -517.657043 659.784485 179.999954 -515.707581 659.784485 42.499969 -515.707581 664.784485 42.499969 -515.707581 664.784485 179.999954 -515.707581 659.784485 179.999954 -522.656982 659.784485 179.999954 -517.657043 664.784485 179.999954 -517.657043 664.784485 179.999954 -522.656982 659.784485 42.499969 -522.656982 659.784485 179.999954 -522.656982 664.784485 42.499969 -522.656982 664.784485 42.499969 -517.657043 659.784485 179.999954 -517.657043 659.784485 179.999954 -522.656982 659.784485 42.499969 -517.657043 664.784485 42.499969 -517.657043 664.784485 42.499969 -517.657043 664.784485 179.999954 -517.657043 664.784485 179.999954 -517.657043 659.784485 179.999954 -517.657043 659.784485 179.999954 -517.657043 659.784485 42.499969 -517.657043 437.590271 47.499939 -517.657104 437.590271 47.499939 -522.657104 437.590271 42.499969 -522.657104 437.590271 42.499969 -517.657104 926.340210 47.499939 -515.707520 437.590271 47.499939 -515.707520 437.590271 42.499969 -515.707520 926.340210 42.499969 -515.707520 926.340210 47.499939 -522.656982 926.340210 47.499939 -517.657043 926.340210 42.499969 -517.657043 926.340210 42.499969 -522.656982 437.590271 47.499939 -522.657104 437.590271 42.499969 -522.657104 437.590271 42.499969 -517.657104 926.340210 42.499969 -517.657043 926.340210 47.499939 -517.657043 437.590271 47.499939 -517.657104 437.590271 47.499939 -515.707520 437.590271 47.499939 -517.657104 437.590271 42.499969 -517.657104 437.590271 42.499969 -515.707520 926.340210 42.499969 -515.707520 
						926.340210 42.499969 -517.657043 926.340210 47.499939 -517.657043 926.340210 47.499939 -515.707520 926.340332 178.542709 -515.707520 926.340332 178.542709 -517.657043 437.590271 178.542709 -517.657104 437.590271 178.542709 -515.707520 437.590271 178.542709 -515.707520 926.340332 178.542709 -515.707520 437.284485 179.999954 -522.656982 437.284485 179.999954 -517.657043 442.284454 179.999954 -517.657043 442.284454 179.999954 -522.656982 437.284485 42.499969 -524.606567 437.284485 179.999954 -524.606567 442.284454 179.999954 -524.606567 442.284454 42.499969 -524.606567 437.284485 42.499969 -517.657043 437.284485 42.499969 -522.656982 442.284454 42.499969 -522.656982 442.284454 42.499969 -517.657043 437.284485 179.999954 -517.657043 437.284485 42.499969 -517.657043 442.284454 42.499969 -517.657043 442.284454 179.999954 -517.657043 442.284454 179.999954 -522.656982 442.284454 42.499969 -522.656982 437.284485 42.499969 -522.656982 437.284485 179.999954 -522.656982 437.284485 179.999954 -522.656982 442.284454 179.999954 -522.656982 442.284454 179.999954 -522.656982 442.284454 42.499969 -522.656982 442.284454 42.499969 -522.656982 437.284485 42.499969 -522.656982 437.284485 42.499969 -522.656982 437.284485 179.999954 -522.656982 
					</float_array>
					<technique_common>
						<accessor count="933" offset="0" source="#meshId0-positions-array" stride="3">
							<param name="X" type="float" />
							<param name="Y" type="float" />
							<param name="Z" type="float" />
						</accessor>
					</technique_common>
				</source>
				<source id="meshId0-normals" name="meshId0-normals">
					<float_array id="meshId0-normals-array" count="2799"> 
						-0.998810 -0.048771 0.000000 -0.707048 -0.012855 -0.707048 0.706174 -0.051358 -0.706174 0.999633 -0.027070 0.000000 -0.363249 0.006605 0.931669 -0.363130 -0.026409 0.931364 0.363249 -0.006605 0.931669 0.363130 0.026409 0.931364 -0.706174 0.051358 -0.706174 -0.999633 0.027070 0.000000 0.998810 0.048771 0.000000 0.707048 0.012855 -0.707048 -0.707048 -0.012855 -0.707048 -0.706174 0.051358 -0.706174 0.706174 -0.051358 -0.706174 0.999633 -0.027070 0.000000 -0.999633 0.027070 0.000000 -0.706174 0.051358 -0.706174 -0.998810 -0.048771 0.000000 0.999633 -0.027070 0.000000 0.999633 -0.027070 0.000000 0.998810 0.048771 0.000000 0.998810 0.048771 0.000000 -0.999633 0.027070 0.000000 -0.999633 0.027070 0.000000 -0.998810 -0.048771 0.000000 -0.998810 0.048770 0.000000 -0.707048 0.012855 0.707048 0.706174 0.051358 0.706174 0.999633 0.027071 0.000000 -0.363268 -0.006605 -0.931661 -0.363149 0.026411 -0.931357 0.363268 0.006605 -0.931661 0.363149 -0.026411 -0.931357 -0.706174 -0.051358 0.706174 -0.999633 -0.027071 0.000000 0.998810 -0.048770 0.000000 0.707048 -0.012855 0.707048 -0.707048 0.012855 0.707048 -0.706174 -0.051358 0.706174 0.707048 -0.012855 0.707048 0.706174 0.051358 0.706174 0.999633 0.027071 0.000000 0.998810 -0.048770 0.000000 -0.999633 -0.027071 0.000000 -0.998810 0.048770 0.000000 -0.998810 0.048770 0.000000 0.999633 0.027071 0.000000 0.999633 0.027071 0.000000 0.998810 -0.048770 0.000000 0.998810 -0.048770 0.000000 -0.999633 -0.027071 0.000000 -0.999633 -0.027071 0.000000 -0.998810 0.048770 0.000000 -0.998810 0.048770 0.000000 -0.707046 0.012855 0.707050 0.706172 0.051358 0.706176 0.999633 0.027071 0.000000 -0.363266 -0.006605 -0.931662 -0.363147 0.026411 -0.931357 0.363266 0.006605 -0.931662 0.363147 -0.026411 -0.931357 -0.706172 -0.051358 0.706176 -0.999633 -0.027071 0.000000 
						0.998810 -0.048770 0.000000 0.707046 -0.012855 0.707050 -0.706172 -0.051358 0.706176 0.707046 -0.012855 0.707050 0.706172 0.051358 0.706176 0.999633 0.027071 0.000000 0.706172 0.051358 0.706176 -0.999633 -0.027071 0.000000 -0.998810 0.048770 0.000000 0.999633 0.027071 0.000000 0.999633 0.027071 0.000000 0.998810 -0.048770 0.000000 0.998810 -0.048770 0.000000 -0.999633 -0.027071 0.000000 -0.999633 -0.027071 0.000000 -0.998810 0.048770 0.000000 -0.002460 0.019074 -0.999815 -0.003617 0.707102 -0.707102 -0.014466 -0.707033 -0.707033 -0.007618 -0.999971 0.000000 0.001994 -0.000000 0.999998 -0.007978 0.000000 0.999968 -0.001858 -0.363270 0.931682 0.007432 -0.363256 0.931660 0.014466 0.707033 -0.707033 0.008647 0.076087 -0.997064 0.013736 -0.999906 0.000000 0.003617 -0.707102 -0.707102 -0.003617 0.707102 -0.707102 -0.014466 -0.707033 -0.707033 -0.007618 -0.999971 0.000000 0.013736 -0.999906 0.000000 0.008647 0.076087 -0.997064 -0.002460 0.019074 -0.999815 -0.007978 0.000000 0.999968 -0.002460 0.019074 -0.999815 -0.007618 -0.999971 0.000000 -0.001858 -0.363270 0.931682 0.007432 -0.363256 0.931660 0.013736 -0.999906 0.000000 0.008647 0.076087 -0.997064 0.001994 -0.000000 0.999998 0.007974 0.029740 0.999526 0.001994 0.007438 -0.999970 -0.007974 0.029740 -0.999526 -0.001994 0.007438 0.999970 -0.001994 0.007438 0.999970 0.007974 0.029740 0.999526 0.013736 0.999906 0.000000 0.003617 0.707101 0.707103 0.014466 -0.707032 0.707034 0.007618 -0.999971 0.000000 -0.001858 0.363270 -0.931682 0.007432 0.363256 -0.931660 0.001858 -0.363270 -0.931682 -0.007433 -0.363265 -0.931656 -0.014466 0.707032 0.707034 -0.007618 0.999971 0.000000 -0.013736 -0.999906 0.000000 -0.003617 -0.707101 0.707103 0.003617 0.707101 0.707103 -0.014466 0.707032 0.707034 -0.003617 -0.707101 0.707103 -0.013736 -0.999906 0.000000 
						-0.007618 0.999971 0.000000 -0.014466 0.707032 0.707034 0.013736 0.999906 0.000000 0.007618 -0.999971 0.000000 0.007618 -0.999971 0.000000 -0.013736 -0.999906 0.000000 -0.013736 -0.999906 0.000000 -0.007618 0.999971 0.000000 -0.007618 0.999971 0.000000 0.013736 0.999906 0.000000 -0.001292 0.019074 -0.999817 -0.001900 0.707106 -0.707106 -0.007599 -0.707086 -0.707086 -0.004002 -0.999992 0.000000 0.001048 0.000000 0.999999 -0.004190 0.000000 0.999991 -0.000976 -0.363271 0.931683 0.003904 -0.363264 0.931678 0.007599 0.707086 -0.707086 0.004542 0.076089 -0.997091 0.007215 -0.999974 0.000000 0.001900 -0.707106 -0.707106 -0.001900 0.707106 -0.707106 -0.007599 -0.707086 -0.707086 -0.004002 -0.999992 0.000000 0.007215 -0.999974 0.000000 0.004542 0.076089 -0.997091 -0.001292 0.019074 -0.999817 -0.004190 0.000000 0.999991 -0.001292 0.019074 -0.999817 -0.004002 -0.999992 0.000000 -0.000976 -0.363271 0.931683 0.003904 -0.363264 0.931678 0.007215 -0.999974 0.000000 0.004542 0.076089 -0.997091 0.001048 0.000000 0.999999 0.004188 0.029741 0.999549 0.001048 0.007438 -0.999972 -0.004188 0.029741 -0.999549 -0.001048 0.007438 0.999972 -0.001048 0.007438 0.999972 0.004188 0.029741 0.999549 -0.014432 0.014652 -0.999788 -0.014433 0.003663 0.999889 0.014432 0.014652 0.999788 0.014433 0.003663 -0.999889 -0.014433 -0.003663 -0.999889 -0.014432 0.014652 -0.999788 0.014433 0.003663 -0.999889 0.014432 -0.014652 -0.999788 -0.014432 -0.014652 0.999788 -0.014433 -0.003663 -0.999889 0.014432 -0.014652 -0.999788 0.014433 -0.003663 0.999889 0.014433 0.003663 -0.999889 0.014432 -0.014652 -0.999788 -0.995707 0.092562 0.000000 -0.464948 0.016094 0.885192 0.464047 0.064253 0.883477 0.998673 0.051489 0.000000 -0.200633 -0.006945 -0.979642 -0.200561 0.027770 -0.979288 0.200633 0.006945 -0.979642 0.200561 -0.027770 -0.979288 
						-0.464047 -0.064253 0.883477 -0.998673 -0.051489 0.000000 0.995707 -0.092562 0.000000 0.464948 -0.016094 0.885192 -0.464047 -0.064253 0.883477 0.464948 -0.016094 0.885192 0.464047 0.064253 0.883477 0.998673 0.051489 0.000000 0.464047 0.064253 0.883477 -0.998673 -0.051489 0.000000 -0.995707 0.092562 0.000000 0.998673 0.051489 0.000000 0.998673 0.051489 0.000000 0.995707 -0.092562 0.000000 0.995707 -0.092562 0.000000 -0.998673 -0.051489 0.000000 -0.998673 -0.051489 0.000000 -0.995707 0.092562 0.000000 0.007215 0.999974 0.000000 0.001900 0.707106 0.707106 0.007599 -0.707086 0.707086 0.004002 -0.999992 0.000000 -0.000976 0.363271 -0.931683 0.003904 0.363264 -0.931678 0.000976 -0.363271 -0.931683 -0.003904 -0.363273 -0.931674 -0.007599 0.707086 0.707086 -0.004002 0.999992 0.000000 -0.007215 -0.999974 0.000000 -0.001900 -0.707106 0.707106 0.001900 0.707106 0.707106 -0.007599 0.707086 0.707086 -0.001900 -0.707106 0.707106 -0.007215 -0.999974 0.000000 -0.004002 0.999992 0.000000 -0.007599 0.707086 0.707086 0.007215 0.999974 0.000000 0.004002 -0.999992 0.000000 0.004002 -0.999992 0.000000 -0.007215 -0.999974 0.000000 -0.007215 -0.999974 0.000000 -0.004002 0.999992 0.000000 -0.004002 0.999992 0.000000 0.007215 0.999974 0.000000 -0.014432 0.014652 -0.999788 -0.014433 0.003663 0.999889 0.014432 0.014652 0.999788 0.014433 0.003663 -0.999889 -0.014433 -0.003663 -0.999889 0.014432 -0.014652 -0.999788 -0.014432 -0.014652 0.999788 -0.014433 -0.003663 -0.999889 0.014432 -0.014652 -0.999788 0.014433 -0.003663 0.999889 -0.014433 0.003663 0.999889 0.014432 0.014652 0.999788 -0.014432 -0.014652 0.999788 -0.014433 0.003663 0.999889 -0.995707 -0.092564 0.000000 -0.464946 -0.016094 -0.885193 0.464045 -0.064253 -0.883478 0.998674 -0.051489 0.000000 -0.200621 0.006945 0.979644 -0.200548 -0.027768 0.979290 
						0.200621 -0.006945 0.979644 0.200548 0.027768 0.979290 -0.464045 0.064253 -0.883478 -0.998674 0.051489 0.000000 0.995707 0.092564 0.000000 0.464946 0.016094 -0.885193 -0.464946 -0.016094 -0.885193 -0.464045 0.064253 -0.883478 0.464045 -0.064253 -0.883478 0.998674 -0.051489 0.000000 -0.998674 0.051489 0.000000 -0.464045 0.064253 -0.883478 -0.995707 -0.092564 0.000000 0.998674 -0.051489 0.000000 0.998674 -0.051489 0.000000 0.995707 0.092564 0.000000 0.995707 0.092564 0.000000 -0.998674 0.051489 0.000000 -0.998674 0.051489 0.000000 -0.995707 -0.092564 0.000000 0.000000 0.184753 -0.982785 -0.000001 -0.601002 -0.799247 -0.286879 -0.176988 -0.941475 -0.236624 0.583934 -0.776550 0.617577 0.762020 0.194742 0.318393 0.853713 0.412068 -0.661259 0.750158 0.000000 -0.493059 0.608378 0.621908 0.493059 -0.608378 0.621908 0.617577 0.762020 0.194742 -0.493059 0.608378 0.621908 -0.617577 -0.762020 0.194742 0.437630 -0.698345 0.566387 -0.572330 -0.820023 0.000000 -0.661259 0.750158 0.000000 -0.572330 -0.820023 0.000000 0.493059 -0.608378 0.621908 0.437630 -0.698345 0.566387 -0.286879 -0.176988 -0.941475 -0.236624 0.583934 -0.776550 0.230937 0.584754 -0.777644 0.072771 0.184263 0.980179 0.230936 -0.584754 0.777645 0.072771 -0.184263 -0.980179 0.072771 0.184263 0.980179 0.318393 0.853713 0.412068 0.230936 -0.584754 0.777645 0.072771 0.184263 0.980179 0.000000 -0.184752 -0.982785 0.000001 0.601000 -0.799249 0.286879 0.176987 -0.941476 0.236624 -0.583932 -0.776551 -0.617579 -0.762018 0.194742 -0.318395 -0.853712 0.412069 0.661261 -0.750156 0.000000 0.493059 -0.608376 0.621909 -0.493059 0.608376 0.621909 0.617579 0.762018 0.194742 -0.437631 0.698344 0.566388 -0.493059 0.608376 0.621909 0.617579 0.762018 0.194742 0.572332 0.820022 0.000000 0.661261 -0.750156 0.000000 0.572332 0.820022 0.000000 
						-0.617579 -0.762018 0.194742 -0.318395 -0.853712 0.412069 0.286879 0.176987 -0.941476 0.236624 -0.583932 -0.776551 -0.230937 -0.584752 -0.777646 -0.072771 -0.184262 0.980179 -0.230936 0.584752 0.777646 -0.072771 0.184262 -0.980179 -0.318395 -0.853712 0.412069 -0.437631 0.698344 0.566388 -0.230936 0.584752 0.777646 -0.072771 -0.184262 0.980179 -0.995707 0.092563 0.000000 -0.464946 0.016094 0.885193 0.464045 0.064253 0.883478 0.998673 0.051490 0.000000 -0.200632 -0.006945 -0.979642 -0.200560 0.027770 -0.979288 0.200632 0.006945 -0.979642 0.200560 -0.027770 -0.979288 -0.464045 -0.064253 0.883478 -0.998673 -0.051490 0.000000 0.995707 -0.092563 0.000000 0.464946 -0.016094 0.885193 -0.464946 0.016094 0.885193 -0.464045 -0.064253 0.883478 0.464946 -0.016094 0.885193 0.464045 0.064253 0.883478 0.998673 0.051490 0.000000 0.995707 -0.092563 0.000000 -0.998673 -0.051490 0.000000 -0.995707 0.092563 0.000000 -0.995707 0.092563 0.000000 0.998673 0.051490 0.000000 0.998673 0.051490 0.000000 0.995707 -0.092563 0.000000 0.995707 -0.092563 0.000000 -0.998673 -0.051490 0.000000 -0.998673 -0.051490 0.000000 -0.995707 0.092563 0.000000 -0.014432 -0.014652 0.999788 -0.014433 -0.003663 -0.999889 0.014432 -0.014652 -0.999788 0.014433 -0.003663 0.999889 -0.014433 0.003663 0.999889 -0.014432 -0.014652 0.999788 0.014433 -0.003663 0.999889 0.014432 0.014652 0.999788 -0.014432 0.014652 -0.999788 -0.014433 0.003663 0.999889 0.014432 0.014652 0.999788 0.014433 0.003663 -0.999889 0.014433 -0.003663 0.999889 0.014432 0.014652 0.999788 0.013736 0.999906 0.000000 0.003617 0.707105 0.707099 0.014466 -0.707036 0.707030 0.007618 -0.999971 0.000000 -0.001858 0.363265 -0.931684 0.007432 0.363256 -0.931660 0.001858 -0.363265 -0.931684 -0.007432 -0.363256 -0.931660 -0.014466 0.707036 0.707030 -0.007618 0.999971 0.000000 
						-0.013736 -0.999906 0.000000 -0.003617 -0.707105 0.707099 0.003617 0.707105 0.707099 -0.014466 0.707036 0.707030 0.014466 -0.707036 0.707030 0.007618 -0.999971 0.000000 -0.007618 0.999971 0.000000 -0.014466 0.707036 0.707030 0.013736 0.999906 0.000000 0.007618 -0.999971 0.000000 0.007618 -0.999971 0.000000 -0.013736 -0.999906 0.000000 -0.013736 -0.999906 0.000000 -0.007618 0.999971 0.000000 -0.007618 0.999971 0.000000 0.013736 0.999906 0.000000 0.000000 -0.184752 0.982785 -0.000001 0.601000 0.799249 -0.286879 0.176987 0.941476 -0.236625 -0.583932 0.776551 0.617579 -0.762018 -0.194742 0.318395 -0.853711 -0.412070 -0.661261 -0.750156 0.000000 -0.493060 -0.608376 -0.621909 0.493060 0.608376 -0.621909 0.617579 -0.762018 -0.194742 -0.493060 -0.608376 -0.621909 -0.617579 0.762018 -0.194742 0.437631 0.698343 -0.566389 -0.572332 0.820022 0.000000 -0.661261 -0.750156 0.000000 -0.572332 0.820022 0.000000 0.493060 0.608376 -0.621909 0.437631 0.698343 -0.566389 -0.286879 0.176987 0.941476 -0.236625 -0.583932 0.776551 0.230937 -0.584752 0.777646 0.072771 -0.184262 -0.980179 0.230936 0.584752 -0.777646 0.072771 0.184262 0.980179 0.072771 -0.184262 -0.980179 0.318395 -0.853711 -0.412070 0.230936 0.584752 -0.777646 0.072771 -0.184262 -0.980179 -0.998810 0.048771 0.000000 -0.707052 0.012855 0.707044 0.706178 0.051358 0.706170 0.999633 0.027071 0.000000 -0.363259 -0.006605 -0.931665 -0.363140 0.026410 -0.931360 0.363259 0.006605 -0.931665 0.363140 -0.026410 -0.931360 -0.706178 -0.051358 0.706170 -0.999633 -0.027071 0.000000 0.998810 -0.048771 0.000000 0.707052 -0.012855 0.707044 -0.707052 0.012855 0.707044 -0.706178 -0.051358 0.706170 0.706178 0.051358 0.706170 0.999633 0.027071 0.000000 -0.999633 -0.027071 0.000000 -0.706178 -0.051358 0.706170 -0.998810 0.048771 0.000000 0.999633 0.027071 0.000000 
						0.999633 0.027071 0.000000 0.998810 -0.048771 0.000000 0.998810 -0.048771 0.000000 -0.999633 -0.027071 0.000000 -0.999633 -0.027071 0.000000 -0.998810 0.048771 0.000000 -0.998810 0.048771 0.000000 -0.707052 0.012855 0.707044 0.706178 0.051358 0.706170 0.999633 0.027071 0.000000 -0.363259 -0.006605 -0.931665 -0.363140 0.026410 -0.931360 0.363259 0.006605 -0.931665 0.363140 -0.026410 -0.931360 -0.706178 -0.051358 0.706170 -0.999633 -0.027071 0.000000 0.998810 -0.048771 0.000000 0.707052 -0.012855 0.707044 -0.706178 -0.051358 0.706170 0.707052 -0.012855 0.707044 0.706178 0.051358 0.706170 0.999633 0.027071 0.000000 0.706178 0.051358 0.706170 -0.999633 -0.027071 0.000000 -0.998810 0.048771 0.000000 0.999633 0.027071 0.000000 0.999633 0.027071 0.000000 0.998810 -0.048771 0.000000 0.998810 -0.048771 0.000000 -0.999633 -0.027071 0.000000 -0.999633 -0.027071 0.000000 -0.998810 0.048771 0.000000 -0.014432 -0.014652 0.999788 -0.014433 -0.003663 -0.999889 0.014432 -0.014652 -0.999788 0.014433 -0.003663 0.999889 -0.014433 0.003663 0.999889 0.014432 0.014652 0.999788 -0.014432 0.014652 -0.999788 -0.014433 0.003663 0.999889 0.014432 0.014652 0.999788 0.014433 0.003663 -0.999889 -0.014433 -0.003663 -0.999889 0.014432 -0.014652 -0.999788 -0.014432 0.014652 -0.999788 -0.014433 -0.003663 -0.999889 0.002460 0.019074 0.999815 0.003617 0.707106 0.707098 0.014466 -0.707037 0.707029 0.007618 -0.999971 0.000000 -0.001994 0.000000 -0.999998 0.007977 0.000000 -0.999968 0.001858 -0.363266 -0.931684 -0.007432 -0.363256 -0.931660 -0.014466 0.707037 0.707029 -0.008647 0.076088 0.997064 -0.013736 -0.999906 0.000000 -0.003617 -0.707106 0.707098 0.003617 0.707106 0.707098 -0.014466 0.707037 0.707029 0.014466 -0.707037 0.707029 0.007618 -0.999971 0.000000 -0.008647 0.076088 0.997064 -0.014466 0.707037 0.707029 
						0.007977 0.000000 -0.999968 0.002460 0.019074 0.999815 0.007618 -0.999971 0.000000 0.001858 -0.363266 -0.931684 0.007618 -0.999971 0.000000 -0.013736 -0.999906 0.000000 -0.007432 -0.363256 -0.931660 -0.013736 -0.999906 0.000000 -0.008647 0.076088 0.997064 -0.007974 0.029740 -0.999526 -0.001994 0.007438 0.999970 0.007974 0.029740 0.999526 0.001994 0.007438 -0.999970 -0.008647 0.076088 0.997064 0.001994 0.007438 -0.999970 -0.001994 0.007438 0.999970 0.000000 0.184753 0.982785 0.000001 -0.601002 0.799247 0.286879 -0.176988 0.941475 0.236624 0.583934 0.776550 -0.617577 0.762020 -0.194742 -0.318393 0.853713 -0.412068 0.661259 0.750158 0.000000 0.493058 0.608378 -0.621908 -0.493058 -0.608378 -0.621908 0.617577 -0.762020 -0.194742 -0.437630 -0.698345 -0.566387 -0.493058 -0.608378 -0.621908 0.617577 -0.762020 -0.194742 0.572329 -0.820024 0.000000 0.661259 0.750158 0.000000 0.572329 -0.820024 0.000000 -0.617577 0.762020 -0.194742 -0.318393 0.853713 -0.412068 0.286879 -0.176988 0.941475 0.236624 0.583934 0.776550 -0.230937 0.584754 0.777644 -0.072771 0.184263 -0.980179 -0.230936 -0.584754 -0.777645 -0.072771 -0.184263 0.980179 -0.318393 0.853713 -0.412068 -0.437630 -0.698345 -0.566387 -0.230936 -0.584754 -0.777645 -0.072771 0.184263 -0.980179 -0.998810 0.048771 0.000000 -0.707052 0.012855 0.707044 0.706178 0.051358 0.706170 0.999633 0.027071 0.000000 -0.363259 -0.006605 -0.931665 -0.363140 0.026410 -0.931360 0.363259 0.006605 -0.931665 0.363140 -0.026410 -0.931360 -0.706178 -0.051358 0.706170 -0.999633 -0.027071 0.000000 0.998810 -0.048771 0.000000 0.707052 -0.012855 0.707044 -0.707052 0.012855 0.707044 -0.706178 -0.051358 0.706170 0.707052 -0.012855 0.707044 0.706178 0.051358 0.706170 0.999633 0.027071 0.000000 0.998810 -0.048771 0.000000 -0.999633 -0.027071 0.000000 -0.998810 0.048771 0.000000 
						-0.998810 0.048771 0.000000 0.999633 0.027071 0.000000 0.999633 0.027071 0.000000 0.998810 -0.048771 0.000000 0.998810 -0.048771 0.000000 -0.999633 -0.027071 0.000000 -0.999633 -0.027071 0.000000 -0.998810 0.048771 0.000000 -0.987129 -0.129339 0.094059 0.000000 -0.846831 0.531862 -0.004988 -0.011030 0.999927 -0.995491 0.000000 0.094856 0.000000 0.996512 -0.083449 -0.711612 0.699293 -0.067806 -0.246482 0.968863 0.023486 0.000000 0.999606 0.028057 0.000000 -0.978552 -0.205999 -0.882588 -0.462565 -0.084098 -0.995491 0.000000 -0.094856 0.000000 0.000000 -1.000000 -0.882588 -0.462565 -0.084098 0.000000 -0.978552 -0.205999 0.996992 0.000000 0.077499 0.873371 -0.457735 0.166439 0.987129 -0.129339 -0.094059 0.997510 0.000000 -0.070520 -0.995491 0.000000 -0.094856 -0.882588 -0.462565 -0.084098 -0.987129 -0.129339 0.094059 -0.995491 0.000000 0.094856 -0.995491 0.000000 -0.094856 -0.995491 0.000000 0.094856 0.000000 0.000000 -1.000000 -0.995491 0.000000 -0.094856 0.711611 0.699294 0.067806 0.998602 0.000000 0.052862 0.989940 0.000000 -0.141490 0.246278 0.968062 -0.046933 -0.995491 0.000000 0.094856 -0.007971 0.070498 0.997480 0.873371 -0.457735 0.166439 0.996992 0.000000 0.077499 0.001401 -0.012390 0.999922 0.000000 -0.982176 0.187965 0.998602 0.000000 0.052862 0.022678 0.050141 0.998485 0.000000 0.996512 0.083449 0.000000 0.999675 -0.025508 0.989940 0.000000 -0.141490 0.000000 0.000000 -1.000000 0.997510 0.000000 -0.070520 0.000000 0.000000 -1.000000 0.987129 -0.129339 -0.094059 0.000000 -0.846831 -0.531862 0.000000 -0.846831 -0.531862 0.987129 -0.129339 -0.094059 0.000000 -0.939800 0.341725 0.000000 -0.014134 0.999900 -0.002996 -0.026494 0.999645 0.000000 -0.026494 0.999649 0.000000 0.026494 0.999649 -0.011982 0.026492 0.999577 0.000000 0.998827 0.048425 0.000000 0.105424 0.994427 
						0.000000 0.998827 -0.048425 0.000000 0.000000 -1.000000 0.000000 0.000000 -1.000000 0.000000 -0.939800 -0.341725 0.000000 -0.939800 -0.341725 0.011982 -0.026492 0.999577 0.002996 0.026494 0.999645 0.000000 0.105424 0.994427 -0.007971 0.070498 0.997480 -0.007971 0.070498 0.997480 -0.004988 -0.011030 0.999927 -0.004988 -0.011030 0.999927 0.000000 -0.014134 0.999900 0.001401 -0.012390 0.999922 0.022678 0.050141 0.998485 0.022678 0.050141 0.998485 0.001401 -0.012390 0.999922 -0.998810 0.048771 0.000000 -0.707052 0.012855 0.707044 0.706178 0.051358 0.706170 0.999633 0.027071 0.000000 -0.363259 -0.006605 -0.931665 -0.363140 0.026410 -0.931360 0.363259 0.006605 -0.931665 0.363140 -0.026410 -0.931360 -0.706178 -0.051358 0.706170 -0.999633 -0.027071 0.000000 0.998810 -0.048771 0.000000 0.707052 -0.012855 0.707044 -0.707052 0.012855 0.707044 -0.706178 -0.051358 0.706170 0.706178 0.051358 0.706170 0.999633 0.027071 0.000000 -0.999633 -0.027071 0.000000 -0.706178 -0.051358 0.706170 -0.998810 0.048771 0.000000 0.999633 0.027071 0.000000 0.999633 0.027071 0.000000 0.998810 -0.048771 0.000000 0.998810 -0.048771 0.000000 -0.999633 -0.027071 0.000000 -0.999633 -0.027071 0.000000 -0.998810 0.048771 0.000000 -0.998810 0.048771 0.000000 -0.707052 0.012855 0.707044 0.706178 0.051358 0.706170 0.999633 0.027071 0.000000 -0.363259 -0.006605 -0.931665 -0.363140 0.026410 -0.931360 0.363259 0.006605 -0.931665 0.363140 -0.026410 -0.931360 -0.706178 -0.051358 0.706170 -0.999633 -0.027071 0.000000 0.998810 -0.048771 0.000000 0.707052 -0.012855 0.707044 -0.706178 -0.051358 0.706170 0.707052 -0.012855 0.707044 0.706178 0.051358 0.706170 0.999633 0.027071 0.000000 0.706178 0.051358 0.706170 -0.999633 -0.027071 0.000000 -0.998810 0.048771 0.000000 0.999633 0.027071 0.000000 0.999633 0.027071 0.000000 
						0.998810 -0.048771 0.000000 0.998810 -0.048771 0.000000 -0.999633 -0.027071 0.000000 -0.999633 -0.027071 0.000000 -0.998810 0.048771 0.000000 0.013736 0.999906 0.000000 0.003617 0.707105 0.707099 0.014466 -0.707036 0.707030 0.007618 -0.999971 0.000000 -0.001858 0.363265 -0.931684 0.007432 0.363256 -0.931660 0.001858 -0.363265 -0.931684 -0.007432 -0.363256 -0.931660 -0.014466 0.707036 0.707030 -0.007618 0.999971 0.000000 -0.013736 -0.999906 0.000000 -0.003617 -0.707105 0.707099 0.003617 0.707105 0.707099 -0.014466 0.707036 0.707030 -0.003617 -0.707105 0.707099 -0.013736 -0.999906 0.000000 -0.007618 0.999971 0.000000 -0.014466 0.707036 0.707030 0.013736 0.999906 0.000000 0.007618 -0.999971 0.000000 0.007618 -0.999971 0.000000 -0.013736 -0.999906 0.000000 -0.013736 -0.999906 0.000000 -0.007618 0.999971 0.000000 -0.007618 0.999971 0.000000 0.013736 0.999906 0.000000 0.002460 0.019074 0.999815 0.003617 0.707106 0.707098 0.014466 -0.707037 0.707029 0.007618 -0.999971 0.000000 -0.001994 0.000000 -0.999998 0.007977 0.000000 -0.999968 0.001858 -0.363266 -0.931684 -0.007432 -0.363256 -0.931660 -0.014466 0.707037 0.707029 -0.008647 0.076088 0.997064 -0.013736 -0.999906 0.000000 -0.003617 -0.707106 0.707098 0.003617 0.707106 0.707098 0.014466 -0.707037 0.707029 0.007618 -0.999971 0.000000 -0.013736 -0.999906 0.000000 -0.008647 0.076088 0.997064 0.002460 0.019074 0.999815 0.007977 0.000000 -0.999968 0.002460 0.019074 0.999815 0.007618 -0.999971 0.000000 0.001858 -0.363266 -0.931684 0.007618 -0.999971 0.000000 -0.013736 -0.999906 0.000000 -0.007432 -0.363256 -0.931660 -0.013736 -0.999906 0.000000 -0.008647 0.076088 0.997064 -0.001994 0.000000 -0.999998 -0.007974 0.029740 -0.999526 -0.001994 0.007438 0.999970 0.007974 0.029740 0.999526 0.001994 0.007438 -0.999970 0.001994 0.007438 -0.999970 
						-0.007974 0.029740 -0.999526 -0.998810 0.048771 0.000000 -0.707052 0.012855 0.707044 0.706178 0.051358 0.706170 0.999633 0.027071 0.000000 -0.363259 -0.006605 -0.931665 -0.363140 0.026410 -0.931360 0.363259 0.006605 -0.931665 0.363140 -0.026410 -0.931360 -0.706178 -0.051358 0.706170 -0.999633 -0.027071 0.000000 0.998810 -0.048771 0.000000 0.707052 -0.012855 0.707044 -0.706178 -0.051358 0.706170 0.707052 -0.012855 0.707044 0.999633 0.027071 0.000000 0.706178 0.051358 0.706170 -0.999633 -0.027071 0.000000 -0.998810 0.048771 0.000000 -0.998810 0.048771 0.000000 0.999633 0.027071 0.000000 0.999633 0.027071 0.000000 0.998810 -0.048771 0.000000 0.998810 -0.048771 0.000000 -0.999633 -0.027071 0.000000 -0.999633 -0.027071 0.000000 -0.998810 0.048771 0.000000 0.013736 0.999906 0.000000 0.003617 0.707101 0.707103 0.014466 -0.707032 0.707034 0.007618 -0.999971 0.000000 -0.001858 0.363270 -0.931682 0.007432 0.363256 -0.931660 0.001858 -0.363270 -0.931682 -0.007433 -0.363265 -0.931656 -0.014466 0.707032 0.707034 -0.007618 0.999971 0.000000 -0.013736 -0.999906 0.000000 -0.003617 -0.707101 0.707103 0.003617 0.707101 0.707103 -0.014466 0.707032 0.707034 -0.003617 -0.707101 0.707103 -0.013736 -0.999906 0.000000 -0.007618 0.999971 0.000000 -0.014466 0.707032 0.707034 0.013736 0.999906 0.000000 0.007618 -0.999971 0.000000 0.007618 -0.999971 0.000000 -0.013736 -0.999906 0.000000 -0.013736 -0.999906 0.000000 -0.007618 0.999971 0.000000 -0.007618 0.999971 0.000000 0.013736 0.999906 0.000000 -0.998810 0.048770 0.000000 -0.707048 0.012855 0.707048 0.706174 0.051358 0.706174 0.999633 0.027071 0.000000 -0.363268 -0.006605 -0.931661 -0.363149 0.026411 -0.931357 0.363268 0.006605 -0.931661 0.363149 -0.026411 -0.931357 -0.706174 -0.051358 0.706174 -0.999633 -0.027071 0.000000 0.998810 -0.048770 0.000000 
						0.707048 -0.012855 0.707048 -0.706174 -0.051358 0.706174 0.707048 -0.012855 0.707048 0.706174 0.051358 0.706174 0.999633 0.027071 0.000000 0.706174 0.051358 0.706174 -0.999633 -0.027071 0.000000 -0.998810 0.048770 0.000000 0.999633 0.027071 0.000000 0.999633 0.027071 0.000000 0.998810 -0.048770 0.000000 0.998810 -0.048770 0.000000 -0.999633 -0.027071 0.000000 -0.999633 -0.027071 0.000000 -0.998810 0.048770 0.000000 -0.998810 -0.048771 0.000000 -0.707048 -0.012855 -0.707048 0.706174 -0.051358 -0.706174 0.999633 -0.027070 0.000000 -0.363249 0.006605 0.931669 -0.363130 -0.026409 0.931364 0.363249 -0.006605 0.931669 0.363130 0.026409 0.931364 -0.706174 0.051358 -0.706174 -0.999633 0.027070 0.000000 0.998810 0.048771 0.000000 0.707048 0.012855 -0.707048 -0.707048 -0.012855 -0.707048 -0.706174 0.051358 -0.706174 0.706174 -0.051358 -0.706174 0.999633 -0.027070 0.000000 -0.999633 0.027070 0.000000 -0.706174 0.051358 -0.706174 -0.998810 -0.048771 0.000000 0.999633 -0.027070 0.000000 0.999633 -0.027070 0.000000 0.998810 0.048771 0.000000 0.998810 0.048771 0.000000 -0.999633 0.027070 0.000000 -0.999633 0.027070 0.000000 -0.998810 -0.048771 0.000000 -0.002460 0.019074 -0.999815 -0.003617 0.707102 -0.707102 -0.014466 -0.707033 -0.707033 -0.007618 -0.999971 0.000000 0.001994 -0.000000 0.999998 -0.007978 0.000000 0.999968 -0.001858 -0.363270 0.931682 0.007432 -0.363256 0.931660 0.014466 0.707033 -0.707033 0.008647 0.076087 -0.997064 0.013736 -0.999906 0.000000 0.003617 -0.707102 -0.707102 -0.003617 0.707102 -0.707102 -0.014466 -0.707033 -0.707033 -0.007618 -0.999971 0.000000 0.013736 -0.999906 0.000000 0.008647 0.076087 -0.997064 -0.002460 0.019074 -0.999815 -0.007978 0.000000 0.999968 -0.002460 0.019074 -0.999815 -0.007618 -0.999971 0.000000 -0.001858 -0.363270 0.931682 0.007432 -0.363256 0.931660 
						0.013736 -0.999906 0.000000 0.008647 0.076087 -0.997064 0.001994 -0.000000 0.999998 0.007974 0.029740 0.999526 0.001994 0.007438 -0.999970 -0.007974 0.029740 -0.999526 -0.001994 0.007438 0.999970 -0.001994 0.007438 0.999970 0.007974 0.029740 0.999526 -0.998810 0.048770 0.000000 -0.707048 0.012855 0.707048 0.706174 0.051358 0.706174 0.999633 0.027071 0.000000 -0.363268 -0.006605 -0.931661 -0.363149 0.026411 -0.931357 0.363268 0.006605 -0.931661 0.363149 -0.026411 -0.931357 -0.706174 -0.051358 0.706174 -0.999633 -0.027071 0.000000 0.998810 -0.048770 0.000000 0.707048 -0.012855 0.707048 -0.707048 0.012855 0.707048 -0.706174 -0.051358 0.706174 0.707048 -0.012855 0.707048 0.706174 0.051358 0.706174 0.999633 0.027071 0.000000 0.998810 -0.048770 0.000000 -0.999633 -0.027071 0.000000 -0.998810 0.048770 0.000000 -0.998810 0.048770 0.000000 0.999633 0.027071 0.000000 0.999633 0.027071 0.000000 0.998810 -0.048770 0.000000 0.998810 -0.048770 0.000000 -0.999633 -0.027071 0.000000 -0.999633 -0.027071 0.000000 -0.998810 0.048770 0.000000 
					</float_array>
					<technique_common>
						<accessor count="933" offset="0" source="#meshId0-normals-array" stride="3">
							<param name="X" type="float" />
							<param name="Y" type="float" />
							<param name="Z" type="float" />
						</accessor>
					</technique_common>
				</source>
				<source id="meshId0-tangents" name="meshId0-tangents">
					<float_array id="meshId0-tangents-array" count="2799"> 
						0.000000 0.000000 1.000000 -0.706931 -0.012853 0.707165 0.704314 -0.051223 0.708039 0.000000 0.000000 1.000000 0.931681 -0.002356 0.363271 0.931546 0.010014 0.363485 0.931681 -0.002356 -0.363271 0.931546 0.010014 -0.363485 0.704314 -0.051222 -0.708039 0.000000 0.000000 -1.000000 0.000000 -0.000005 -1.000000 -0.707034 -0.006381 -0.707150 -0.707165 0.012839 0.706932 -0.708039 -0.051237 0.704313 -0.707107 -0.000012 -0.707106 -0.000000 -0.000007 -1.000000 0.000000 0.000000 1.000000 -0.704314 0.051223 0.708039 0.048773 -0.998810 0.000000 0.027074 0.999633 0.000000 0.000000 0.000000 -1.000000 0.000000 0.000000 -1.000000 0.048773 -0.998810 0.000000 0.027074 0.999633 0.000000 0.000000 0.000000 1.000000 0.000000 0.000000 1.000000 0.048769 0.998810 0.000000 0.707165 0.012853 0.706931 0.708039 -0.051223 -0.704314 0.027073 -0.999633 0.000000 0.931673 0.002355 -0.363289 0.931539 -0.010012 -0.363504 0.931673 0.002356 0.363289 0.931539 -0.010013 0.363504 0.708039 -0.051223 0.704313 0.027073 -0.999633 -0.000123 0.048769 0.998810 -0.000070 0.707165 0.012853 -0.706931 0.707107 0.000000 0.707107 0.707107 0.000000 0.707107 0.707107 -0.000000 -0.707107 0.707107 0.000000 -0.707107 0.000000 -0.000000 -1.000000 -0.000000 -0.000000 -1.000000 -0.000000 0.000000 1.000000 0.000000 0.000000 1.000000 0.048769 0.998810 0.000006 0.027073 -0.999633 0.000010 -0.000000 0.000001 1.000000 0.000000 0.000000 1.000000 0.048769 0.998810 -0.000053 0.027073 -0.999633 -0.000087 0.000000 0.000000 -1.000000 0.000000 0.000001 -1.000000 0.000000 0.000006 1.000000 0.707036 -0.006368 0.707148 -0.704315 -0.051224 0.708037 0.000000 -0.000000 1.000000 0.931674 0.002348 -0.363287 0.931540 -0.010013 -0.363502 0.931674 0.002356 0.363287 0.931540 -0.010011 0.363502 -0.704315 -0.051223 -0.708037 0.000000 0.000000 -1.000000 
						0.000000 0.000000 -1.000000 0.706933 -0.012853 -0.707163 0.707108 0.000011 0.707105 0.707167 0.012864 -0.706929 0.708041 -0.051214 -0.704312 0.000000 0.000000 -1.000000 0.704315 0.051223 -0.708037 -0.000000 0.000007 1.000000 0.048771 0.998810 0.000001 0.027073 -0.999633 0.000001 -0.000000 0.000000 1.000000 0.000000 0.000000 1.000000 0.048771 0.998810 0.000000 0.027073 -0.999633 -0.000008 0.000000 -0.000013 -1.000000 -0.000000 -0.000001 -1.000000 -0.000047 -0.999818 -0.019074 -0.003617 -0.707111 -0.707093 0.014463 -0.707181 0.706885 0.999971 -0.007620 0.000000 -0.000000 -1.000000 -0.000000 0.000000 -1.000000 0.000000 -0.002024 -0.931680 -0.363274 0.008093 -0.931633 -0.363311 -0.007166 0.707162 0.707015 -0.000660 0.997101 0.076084 0.999906 0.013739 0.000000 0.001804 0.707110 -0.707101 0.000000 0.707107 0.707107 -0.000000 0.707107 -0.707107 0.000000 0.000000 -1.000000 -0.000016 -0.000000 -1.000000 0.112587 0.990687 0.076577 -0.127903 0.991600 0.019237 0.000000 1.000000 0.000000 0.000047 0.999818 0.019074 -0.999971 0.007620 0.000000 -0.000725 0.931684 0.363270 0.002898 0.931689 0.363245 0.999906 0.013739 0.000000 -0.000660 0.997101 0.076084 0.000000 1.000000 0.000000 -0.140465 -0.989614 0.030564 0.076070 0.997074 0.007566 -0.075876 0.996658 0.030259 0.140637 -0.990032 0.007641 0.000015 0.999972 -0.007438 -0.000237 0.999558 -0.029739 0.000000 0.000000 -1.000000 0.003617 0.707094 -0.707110 0.007172 -0.707016 -0.707161 0.000000 0.000000 -1.000000 0.000652 -0.931683 -0.363271 -0.002658 -0.931675 -0.363283 0.000652 -0.931683 0.363271 -0.002658 -0.931672 0.363292 0.014463 -0.706886 0.707180 0.000000 0.000000 1.000000 0.000000 0.000000 1.000000 0.003617 0.707094 0.707110 0.003642 -0.707112 0.707092 -0.014463 -0.707182 0.706884 0.000000 -0.707108 -0.707106 0.000000 0.000000 -1.000000 
						0.000000 0.000000 -1.000000 -0.014463 0.706886 -0.707180 0.999906 -0.013739 0.000000 -0.999971 -0.007620 0.000000 0.000000 0.000000 1.000000 0.000000 0.000000 1.000000 0.999906 -0.013739 0.000000 -0.999971 -0.007620 0.000000 0.000000 0.000000 -1.000000 0.000000 0.000000 -1.000000 -0.000025 -0.999818 -0.019074 -0.001900 -0.707108 -0.707103 0.007598 -0.707127 0.707045 0.999992 -0.003992 0.000000 0.000000 -1.000000 0.000000 0.000000 -1.000000 0.000000 -0.001062 -0.931683 -0.363272 0.004140 -0.931671 -0.363278 -0.003781 0.707122 0.707081 -0.000347 0.997101 0.076088 0.999974 0.007204 0.000000 0.000949 0.707108 -0.707105 0.000000 0.707107 0.707107 0.000000 0.707107 -0.707107 0.000000 0.000000 -1.000000 -0.000044 -0.000000 -1.000000 0.059413 0.995319 0.076224 -0.067582 0.997531 0.019115 0.000000 1.000000 0.000000 0.000025 0.999818 0.019074 -0.999992 0.003992 0.000000 -0.000381 0.931684 0.363271 0.001522 0.931686 0.363261 0.999974 0.007204 0.000000 -0.000346 0.997101 0.076088 0.000000 1.000000 0.000000 -0.072778 -0.996898 0.029966 0.038038 0.999248 0.007467 -0.037929 0.998834 0.029878 0.072871 -0.997313 0.007484 0.000008 0.999972 -0.007438 -0.000125 0.999558 -0.029741 0.999896 0.000211 -0.014430 0.997293 -0.072047 0.014659 0.957290 0.288567 -0.018046 0.999896 -0.000053 0.014433 -0.991010 -0.132965 0.014792 -0.886792 0.461754 0.019566 -0.999896 0.000053 -0.014433 -0.999896 -0.000211 -0.014430 0.957210 0.288833 0.018048 0.999896 -0.000053 -0.014433 0.999896 0.000211 0.014430 0.997321 -0.071660 -0.014659 -0.968808 -0.247363 -0.014889 -0.701600 0.712274 -0.020563 0.000001 0.000005 1.000000 0.884959 -0.020798 0.465204 -0.875127 -0.121177 0.468475 0.000000 -0.000001 1.000000 0.979627 0.007584 -0.200684 0.978971 -0.032380 -0.201414 0.979626 0.007604 0.200684 0.978971 -0.032380 0.201414 
						-0.875128 -0.121172 -0.468475 0.000000 0.000000 -1.000000 0.000000 0.000000 -1.000000 0.884662 -0.030623 -0.465226 0.882990 0.045971 0.467135 0.885338 0.008458 -0.464871 0.885810 -0.033656 -0.462825 0.000000 0.000000 -1.000000 0.875128 0.121172 -0.468475 -0.000000 0.000007 1.000000 0.092562 0.995707 0.000000 0.051486 -0.998674 0.000000 -0.000000 0.000005 1.000000 0.000000 0.000000 1.000000 0.092562 0.995707 0.000000 0.051486 -0.998674 -0.000007 0.000001 -0.000011 -1.000000 -0.000000 -0.000000 -1.000000 0.000000 0.000000 -1.000000 0.001900 0.707103 -0.707108 0.003790 -0.707081 -0.707122 0.000000 0.000000 -1.000000 0.000299 -0.931683 -0.363271 -0.001380 -0.931682 -0.363271 0.000342 -0.931683 0.363271 -0.001372 -0.931679 0.363280 0.007598 -0.707045 0.707127 0.000000 0.000000 1.000000 0.000000 0.000000 1.000000 0.001900 0.707103 0.707108 0.001936 -0.707108 0.707103 -0.007598 -0.707127 0.707046 0.000000 -0.707107 -0.707107 0.000000 0.000000 -1.000000 0.000000 0.000000 -1.000000 -0.007598 0.707046 -0.707127 0.999974 -0.007204 0.000000 -0.999992 -0.003992 0.000000 0.000000 0.000000 1.000000 0.000000 0.000000 1.000000 0.999974 -0.007204 0.000000 -0.999992 -0.003992 -0.000024 -0.000073 -0.000000 -1.000000 -0.000000 0.000000 -1.000000 0.957216 -0.288809 -0.018051 0.999896 0.000053 0.014433 0.999896 -0.000211 -0.014430 0.997322 0.071652 0.014659 0.991005 0.133003 -0.014792 0.886580 -0.462160 0.019572 -0.999896 0.000211 -0.014430 -0.999896 0.000053 0.014433 -0.999896 -0.000211 -0.014430 -0.997323 0.071642 0.014659 -0.999896 -0.000053 -0.014433 -0.886585 -0.462151 0.019572 -0.701577 -0.712296 -0.020568 -0.969166 0.245959 -0.014890 0.000000 0.000000 1.000000 -0.884663 -0.030623 0.465224 0.875129 -0.121172 0.468473 0.000000 0.000000 1.000000 0.979629 -0.007597 0.200671 0.978973 0.032381 0.201402 
						0.979629 -0.007597 -0.200671 0.978973 0.032381 -0.201402 0.875129 -0.121169 -0.468472 0.000000 0.000001 -1.000000 0.000000 -0.000004 -1.000000 -0.884960 -0.020811 -0.465202 -0.885339 0.008446 0.464869 -0.885812 -0.033666 0.462822 -0.882993 0.045951 -0.467132 -0.000000 -0.000007 -1.000000 0.000000 0.000000 1.000000 -0.875129 0.121172 0.468473 0.092565 -0.995707 0.000000 0.051489 0.998674 0.000000 0.000000 0.000000 -1.000000 0.000000 0.000000 -1.000000 0.092565 -0.995707 0.000000 0.051489 0.998674 0.000000 0.000000 0.000000 1.000000 0.000000 0.000000 1.000000 -0.000000 0.982785 0.184753 0.000001 0.799247 -0.601002 0.538159 0.783275 -0.311231 -0.070967 0.786725 0.613210 -0.122615 -0.151294 0.980855 -0.143993 -0.386091 0.911153 0.000000 0.000000 1.000000 0.391573 -0.483156 0.783090 0.009434 -0.711059 -0.703069 0.726744 -0.647554 0.229165 -0.377959 -0.793647 0.476729 0.591880 -0.613338 -0.522967 0.165917 -0.556374 -0.814199 0.000000 -0.000000 -1.000000 -0.750158 -0.661259 0.000000 0.820023 -0.572330 0.000000 -0.391573 0.483156 0.783090 -0.300760 0.479935 0.824139 0.051589 -0.984213 0.169303 -0.170206 -0.811801 -0.558578 -0.032750 0.803468 0.594447 -0.013643 0.982877 -0.183758 0.166468 0.811210 0.560559 -0.103355 0.976100 -0.191170 0.013643 -0.982877 0.183758 0.521977 -0.520744 0.675548 0.069381 -0.787317 -0.612632 -0.360041 -0.911659 0.198113 0.000000 -0.982785 0.184752 -0.000000 -0.799249 -0.601000 -0.538161 -0.783274 -0.311231 0.070968 -0.786727 0.613209 -0.500017 0.571521 0.650651 0.143994 0.386092 0.911152 0.000000 0.000000 1.000000 0.141056 0.761286 0.632888 0.377957 0.793649 -0.476728 -0.726743 0.647555 -0.229165 -0.300761 0.479936 -0.824139 -0.391575 0.483157 -0.783089 0.122616 0.151294 -0.980854 0.000000 0.000000 -1.000000 0.750156 0.661261 0.000000 -0.820022 0.572332 0.000000 
						-0.122616 -0.151294 -0.980854 -0.143994 -0.386092 -0.911152 -0.051588 0.984213 0.169302 0.170205 0.811802 -0.558576 0.032749 -0.803469 0.594445 0.013643 -0.982877 -0.183757 -0.166467 -0.811212 0.560557 0.103355 -0.976100 -0.191169 0.521977 -0.520746 -0.675547 -0.426980 -0.715763 0.552604 -0.285646 0.723284 -0.628702 0.360043 0.911658 0.198111 0.092564 0.995707 0.000000 0.885339 0.008452 0.464869 0.885812 -0.033660 -0.462823 0.051490 -0.998673 0.000000 0.979627 0.007597 -0.200683 0.978971 -0.032381 -0.201413 0.979627 0.007597 0.200683 0.978972 -0.032367 0.201413 0.885812 -0.033660 0.462823 0.051490 -0.998673 -0.000033 0.092564 0.995707 -0.000021 0.885339 0.008452 -0.464869 0.885168 -0.011224 0.465137 0.882992 0.045961 0.467132 0.885168 -0.011224 -0.465137 0.882992 0.045961 -0.467132 0.000000 -0.000000 -1.000000 -0.000000 -0.000000 -1.000000 -0.000000 0.000000 1.000000 0.000000 0.000000 1.000000 0.092564 0.995707 0.000000 0.051490 -0.998673 0.000000 0.000000 0.000000 1.000000 0.000001 0.000011 1.000000 0.092564 0.995707 -0.000024 0.051490 -0.998673 -0.000029 0.000000 0.000000 -1.000000 0.000000 0.000000 -1.000000 0.999896 -0.000211 0.014430 0.997323 0.071642 -0.014659 0.957213 -0.288820 0.018049 0.999896 0.000053 -0.014433 -0.991012 0.132950 -0.014792 -0.886580 -0.462161 -0.019568 -0.999896 -0.000053 0.014433 -0.999896 0.000211 0.014430 0.957208 -0.288837 -0.018048 0.999896 0.000053 0.014433 0.999896 -0.000211 -0.014430 0.997321 0.071658 0.014659 -0.969158 0.245991 0.014890 -0.701598 -0.712276 0.020563 0.000000 0.000000 -1.000000 0.003617 0.707090 -0.707114 0.014463 -0.706882 -0.707184 0.000000 0.000000 -1.000000 0.000663 -0.931685 -0.363267 -0.002658 -0.931675 -0.363283 0.000652 -0.931685 0.363267 -0.002647 -0.931675 0.363283 0.014464 -0.706882 0.707184 0.000000 0.000000 1.000000 
						-0.000018 0.000000 1.000000 0.001791 0.707098 0.707113 -0.003617 0.707108 -0.707096 0.014463 0.707178 -0.706888 0.000000 0.707104 0.707110 -0.000000 -0.000000 1.000000 0.000000 0.000000 -1.000000 -0.014463 0.706882 -0.707184 0.999906 -0.013739 0.000000 -0.999971 -0.007620 0.000000 0.000000 0.000000 1.000000 0.000000 0.000000 1.000000 0.999906 -0.013739 0.000000 -0.999971 -0.007620 -0.000068 0.000000 0.000000 -1.000000 0.000000 0.000000 -1.000000 0.000000 -0.982785 -0.184752 -0.000000 -0.799249 0.601000 0.538156 -0.783278 0.311230 -0.070968 -0.786727 -0.613208 -0.122616 0.151294 -0.980854 -0.143995 0.386092 -0.911152 -0.000001 0.000001 -1.000000 0.391575 0.483156 -0.783089 0.009437 0.711060 0.703068 0.726743 0.647556 -0.229165 -0.377957 0.793649 -0.476728 0.591879 0.613339 0.522967 0.165918 0.556376 0.814197 -0.000002 -0.000002 1.000000 -0.750156 0.661261 -0.000000 0.820022 0.572332 0.000000 -0.391575 -0.483156 -0.783089 -0.300762 -0.479936 -0.824138 0.051588 0.984213 -0.169302 -0.170205 0.811802 0.558576 -0.032748 -0.803469 -0.594445 -0.013643 -0.982877 0.183757 0.166467 -0.811212 -0.560557 -0.103355 -0.976100 0.191169 0.013643 0.982877 -0.183757 0.521976 0.520746 -0.675547 0.069383 0.787319 0.612630 -0.360043 0.911658 -0.198112 0.000000 0.000000 -1.000000 -0.706927 0.012853 -0.707169 0.704309 0.051222 -0.708043 0.000000 0.000000 -1.000000 0.931677 0.002355 -0.363280 0.931542 -0.010013 -0.363495 0.931677 0.002355 0.363280 0.931542 -0.010013 0.363495 0.704309 0.051222 0.708043 0.000000 -0.000000 1.000000 0.000000 0.000002 1.000000 -0.707030 0.006377 0.707154 -0.707161 -0.012853 -0.706936 -0.708035 0.051229 -0.704317 -0.707103 0.000001 0.707111 -0.000000 0.000000 1.000000 0.000000 0.000000 -1.000000 -0.704309 -0.051222 -0.708043 0.048771 0.998810 0.000000 0.027074 -0.999633 0.000000 
						0.000000 0.000000 1.000000 0.000000 0.000000 1.000000 0.048771 0.998810 0.000000 0.027074 -0.999633 0.000000 0.000000 0.000000 -1.000000 0.000000 0.000000 -1.000000 0.000000 0.000009 1.000000 0.707030 -0.006365 0.707154 -0.704309 -0.051224 0.708043 0.000000 -0.000000 1.000000 0.931677 0.002367 -0.363280 0.931542 -0.010013 -0.363495 0.931677 0.002355 0.363280 0.931541 -0.010077 0.363496 -0.704309 -0.051222 -0.708043 0.000000 0.000000 -1.000000 0.000000 0.000000 -1.000000 0.706927 -0.012853 -0.707169 0.707103 -0.000001 0.707111 0.707161 0.012854 -0.706936 0.708035 -0.051212 -0.704318 0.000000 0.000000 -1.000000 0.704309 0.051222 -0.708043 -0.000000 0.000000 1.000000 0.048771 0.998810 0.000053 0.027074 -0.999633 0.000091 0.000000 0.000000 1.000000 -0.000005 -0.000105 1.000000 0.048771 0.998810 0.000000 0.027074 -0.999633 -0.000067 0.000000 0.000000 -1.000000 0.000000 0.000000 -1.000000 0.957217 0.288807 0.018051 0.999896 -0.000053 -0.014433 0.999896 0.000211 0.014430 0.997322 -0.071649 -0.014659 0.991005 -0.133003 0.014792 0.886580 0.462160 -0.019572 -0.999896 -0.000211 0.014430 -0.999896 -0.000053 -0.014433 -0.999896 0.000211 0.014430 -0.997323 -0.071642 -0.014659 -0.999896 0.000053 0.014433 -0.886584 0.462154 -0.019572 -0.701577 0.712296 0.020568 -0.969163 -0.245970 0.014890 0.127904 0.991600 -0.019237 0.003617 0.707089 -0.707115 0.014463 -0.706881 -0.707185 0.000000 0.000000 -1.000000 -0.000000 -1.000000 0.000000 -0.000000 -1.000000 -0.000000 0.002027 -0.931682 0.363269 -0.008137 -0.931633 0.363311 0.014465 -0.706881 0.707185 0.112663 -0.990678 0.076579 -0.000027 0.000000 1.000000 0.001766 0.707097 0.707114 -0.003617 0.707107 -0.707097 0.014388 0.707177 -0.706890 -0.000051 0.707102 0.707111 -0.000072 -0.000001 1.000000 -0.112584 0.990687 -0.076579 -0.014463 0.706881 -0.707185 
						-0.000000 1.000000 -0.000000 -0.000047 0.999818 -0.019074 0.999971 0.007620 0.000021 0.000724 0.931686 -0.363265 0.000002 0.000000 1.000000 0.000000 -0.000000 1.000000 0.002898 -0.931689 0.363245 0.999906 -0.013739 0.000000 -0.000660 -0.997101 0.076085 0.075876 -0.996658 -0.030259 -0.140637 0.990032 -0.007641 0.075860 0.996659 -0.030259 -0.140762 -0.990014 -0.007641 0.000660 0.997101 -0.076085 -0.000015 0.999972 0.007438 -0.000015 -0.999972 0.007438 0.000000 0.982785 -0.184754 -0.000001 0.799247 0.601002 -0.538165 0.783271 0.311232 0.070968 0.786725 -0.613211 -0.500019 -0.571519 -0.650651 0.143993 -0.386091 -0.911153 0.000000 0.000000 -1.000000 0.141058 -0.761284 -0.632889 0.377959 -0.793647 0.476730 -0.726745 -0.647553 0.229166 -0.300759 -0.479935 0.824140 -0.391573 -0.483157 0.783090 0.122615 -0.151294 0.980855 -0.000002 -0.000002 1.000000 0.750158 -0.661258 0.000000 -0.820024 -0.572330 0.000000 -0.122615 0.151294 0.980855 -0.143993 0.386091 0.911153 -0.051588 -0.984213 -0.169303 0.170205 -0.811801 0.558578 0.032750 0.803468 -0.594447 0.013643 0.982877 0.183758 -0.166468 0.811210 -0.560559 0.103355 0.976100 0.191170 0.521977 0.520744 0.675548 -0.426982 0.715761 -0.552606 -0.285645 -0.723283 0.628704 0.360041 -0.911659 -0.198113 0.048771 0.998810 0.000000 0.707161 0.012853 0.706936 0.708035 -0.051224 -0.704317 0.027074 -0.999633 0.000000 0.931677 0.002355 -0.363280 0.931542 -0.010013 -0.363495 0.931677 0.002356 0.363280 0.931542 -0.010012 0.363495 0.708035 -0.051224 0.704317 0.027074 -0.999633 -0.000120 0.048771 0.998810 -0.000068 0.707161 0.012853 -0.706936 0.707103 0.000000 0.707111 0.707103 -0.000000 0.707111 0.707103 -0.000000 -0.707111 0.707103 -0.000001 -0.707111 0.000000 -0.000000 -1.000000 -0.000000 -0.000000 -1.000000 -0.000000 0.000000 1.000000 0.000000 0.000000 1.000000 
						0.048771 0.998810 0.000000 0.027074 -0.999633 0.000001 -0.000000 0.000000 1.000000 0.000000 0.000000 1.000000 0.048771 0.998810 -0.000848 0.027074 -0.999632 -0.001460 0.000000 0.000000 -1.000000 0.000000 0.000000 -1.000000 -0.035267 0.749723 0.660811 0.000000 0.531862 0.846831 -0.000055 0.999939 0.011029 0.000000 1.000000 0.000000 0.000127 -0.083450 -0.996512 -0.421222 -0.501892 -0.755431 0.628000 0.178129 -0.757553 0.000000 0.028057 -0.999606 0.000000 -0.205998 0.978552 0.460479 -0.886585 0.043877 0.000000 -1.000000 0.000000 0.000000 -1.000000 0.000000 -0.074487 -0.039039 0.996458 0.000000 -0.205999 0.978552 0.077499 0.000001 -0.996992 0.147420 -0.077262 -0.986052 -0.093262 0.012221 -0.995567 -0.070520 0.000001 -0.997510 0.094856 0.000002 -0.995491 0.074486 0.039041 -0.996458 -0.093262 -0.012218 -0.995567 -0.094856 0.000002 -0.995491 0.094856 0.000002 -0.995491 -0.094856 0.000002 -0.995491 0.000010 -1.000000 0.000000 0.000000 -1.000000 -0.000001 -0.421224 0.501893 -0.755430 0.052862 0.000001 -0.998602 -0.141490 0.000001 -0.989940 0.571607 -0.184185 -0.799589 -0.000000 1.000000 -0.000000 0.000563 0.997512 -0.070496 0.276972 0.747850 0.603329 0.000000 1.000000 -0.000000 0.000018 0.999923 0.012390 0.000001 0.187965 0.982176 0.000000 1.000000 0.000000 -0.001139 0.998742 -0.050128 -0.000001 0.083450 -0.996512 -0.000378 -0.025508 -0.999674 -0.000000 -1.000000 -0.000002 -0.000010 -1.000000 0.000000 0.000000 -1.000000 0.000000 0.000000 -1.000000 0.000000 -0.128756 -0.991600 0.012269 -0.000001 -0.531862 0.846831 0.000000 -0.531862 0.846831 0.093262 -0.012220 0.995567 0.000001 0.341725 0.939800 0.000000 0.999900 0.014134 0.030074 0.999194 0.026573 -0.000000 0.999649 0.026493 -0.000000 0.999649 -0.026493 -0.133195 0.990698 -0.027855 -0.000000 0.048425 -0.998827 0.000000 0.994427 -0.105424 
						-0.000000 -0.048425 -0.998827 0.000000 -1.000000 0.000000 0.000000 -1.000000 0.000000 0.000001 -0.341725 0.939800 0.000000 -0.341725 0.939800 -0.133017 0.990722 0.027853 0.030094 0.999194 -0.026573 0.000000 0.994427 -0.105423 -0.112069 0.991164 -0.070948 0.000563 0.997512 -0.070496 -0.000055 0.999939 0.011029 0.412057 0.911078 0.012103 0.000000 0.999900 0.014127 0.000017 0.999923 0.012390 -0.001139 0.998742 -0.050128 0.411493 0.909750 -0.055030 -0.110880 0.993756 0.012469 0.000000 0.000000 -1.000000 -0.706927 0.012853 -0.707169 0.704309 0.051222 -0.708043 0.000000 0.000000 -1.000000 0.931677 0.002355 -0.363280 0.931542 -0.010013 -0.363495 0.931677 0.002355 0.363280 0.931542 -0.010013 0.363495 0.704309 0.051221 0.708043 0.000000 -0.000000 1.000000 0.000000 0.000009 1.000000 -0.707030 0.006384 0.707154 -0.707161 -0.012853 -0.706936 -0.708035 0.051235 -0.704317 -0.707103 0.000001 0.707111 -0.000000 0.000000 1.000000 0.000000 0.000000 -1.000000 -0.704309 -0.051222 -0.708043 0.048771 0.998810 0.000054 0.027074 -0.999633 0.000092 0.000000 0.000000 1.000000 0.000000 0.000000 1.000000 0.048771 0.998810 0.000000 0.027074 -0.999633 0.000000 0.000000 0.000000 -1.000000 0.000000 0.000000 -1.000000 0.000000 0.000005 1.000000 0.707030 -0.006367 0.707154 -0.704309 -0.051224 0.708043 0.000000 -0.000000 1.000000 0.931677 0.002355 -0.363280 0.931542 -0.010013 -0.363495 0.931677 0.002355 0.363280 0.931542 -0.010013 0.363495 -0.704309 -0.051222 -0.708043 0.000000 0.000000 -1.000000 0.000000 0.000000 -1.000000 0.706927 -0.012853 -0.707169 0.707101 0.000050 0.707113 0.707161 0.012854 -0.706936 0.708035 -0.051210 -0.704318 0.000000 0.000000 -1.000000 0.704309 0.051222 -0.708043 -0.000002 0.000071 1.000000 0.048771 0.998810 0.000000 0.027074 -0.999633 0.000000 0.000000 0.000000 1.000000 
						0.000000 0.000000 1.000000 0.048771 0.998810 0.000000 0.027074 -0.999633 0.000000 0.000000 0.000000 -1.000000 0.000000 0.000000 -1.000000 0.000000 0.000000 -1.000000 0.003617 0.707090 -0.707114 0.007165 -0.707012 -0.707165 0.000000 0.000000 -1.000000 0.000652 -0.931685 -0.363267 -0.002658 -0.931675 -0.363283 0.000652 -0.931685 0.363267 -0.002658 -0.931675 0.363283 0.014463 -0.706882 0.707184 0.000000 0.000000 1.000000 -0.000000 0.000000 1.000000 0.003617 0.707090 0.707114 0.003617 -0.707108 0.707096 -0.014463 -0.707178 0.706888 0.000000 -0.707104 -0.707110 0.000000 0.000000 -1.000000 0.000000 0.000000 -1.000000 -0.014463 0.706882 -0.707184 0.999905 -0.013739 0.000752 -0.999970 -0.007620 0.001339 0.000000 0.000000 1.000000 0.000000 0.000000 1.000000 0.999906 -0.013739 0.000000 -0.999971 -0.007620 0.000000 0.000000 0.000000 -1.000000 0.000000 0.000000 -1.000000 0.000047 -0.999818 0.019074 0.003617 -0.707107 0.707097 -0.014463 -0.707177 -0.706889 -0.999971 -0.007620 0.000000 0.000000 -1.000000 -0.000000 0.000006 -1.000000 0.000000 0.002074 -0.931682 0.363269 -0.007787 -0.931636 0.363309 0.007166 0.707158 -0.707019 0.000660 0.997101 -0.076085 -0.999906 0.013739 0.000000 -0.001804 0.707106 0.707105 -0.000000 0.707103 -0.707111 0.000000 0.707103 0.707111 0.000000 0.000000 1.000000 0.000000 0.000000 1.000000 -0.112584 0.990687 -0.076579 0.127904 0.991600 -0.019237 0.000000 1.000000 0.000000 -0.000047 0.999818 -0.019074 0.999971 0.007620 0.000810 0.000725 0.931686 -0.363265 0.000032 0.000000 1.000000 0.000252 -0.000003 1.000000 -0.002898 0.931689 -0.363245 -0.999906 0.013739 0.000000 0.000659 0.997101 -0.076085 0.000000 1.000000 0.000000 0.140467 -0.989613 -0.030564 -0.076066 0.997074 -0.007566 0.075591 0.996680 -0.030257 -0.142748 -0.989729 -0.007642 -0.000015 0.999972 0.007438 
						0.000237 0.999558 0.029739 0.048771 0.998810 0.000023 0.707146 0.006361 0.707039 0.708035 -0.051242 -0.704316 0.027074 -0.999633 0.000000 0.931677 0.002355 -0.363280 0.931542 -0.010014 -0.363495 0.931677 0.002359 0.363280 0.931542 -0.010013 0.363495 0.708035 -0.051224 0.704317 0.027074 -0.999633 0.000000 0.048771 0.998810 -0.000007 0.631260 0.462114 -0.622865 0.707104 -0.000029 0.707110 0.707161 0.012825 -0.706936 -0.027071 0.999633 -0.000013 -0.036309 0.998680 -0.036322 0.000001 -0.000020 1.000000 0.000000 0.000000 1.000000 0.048771 0.998810 0.000053 0.027074 -0.999633 0.000087 -0.000000 0.000007 1.000000 0.000000 0.000000 1.000000 0.048771 0.998810 0.000000 0.027074 -0.999633 0.000000 0.000000 0.000000 -1.000000 0.000000 0.000000 -1.000000 0.000000 0.000000 -1.000000 0.003617 0.707094 -0.707110 0.007166 -0.707016 -0.707161 0.000000 0.000000 -1.000000 0.000652 -0.931683 -0.363271 -0.002658 -0.931675 -0.363283 0.000652 -0.931683 0.363271 -0.002658 -0.931672 0.363292 0.014463 -0.706886 0.707180 0.000000 0.000000 1.000000 0.000000 0.000000 1.000000 0.003617 0.707094 0.707110 0.003617 -0.707112 0.707092 -0.014463 -0.707182 0.706884 -0.000000 -0.707108 -0.707106 0.000000 0.000000 -1.000000 0.000000 0.000000 -1.000000 -0.014463 0.706886 -0.707180 0.999906 -0.013739 0.000000 -0.999971 -0.007620 0.000000 0.000000 0.000000 1.000000 0.000000 0.000000 1.000000 0.999906 -0.013739 0.000000 -0.999971 -0.007620 0.000000 0.000000 0.000000 -1.000000 0.000000 0.000000 -1.000000 0.000000 0.000007 1.000000 0.707034 -0.006367 0.707150 -0.704313 -0.051224 0.708039 0.000000 -0.000000 1.000000 0.931673 0.002348 -0.363289 0.931539 -0.010013 -0.363504 0.931673 0.002356 0.363289 0.931539 -0.010011 0.363504 -0.704314 -0.051223 -0.708039 0.000000 0.000000 -1.000000 0.000000 0.000000 -1.000000 
						0.706931 -0.012853 -0.707165 0.707106 0.000010 0.707107 0.707165 0.012864 -0.706931 0.708039 -0.051214 -0.704314 0.000000 0.000000 -1.000000 0.704313 0.051223 -0.708039 -0.000000 0.000007 1.000000 0.048769 0.998810 0.000001 0.027073 -0.999633 0.000001 -0.000000 0.000000 1.000000 0.000000 0.000000 1.000000 0.048769 0.998810 0.000000 0.027073 -0.999633 -0.000008 0.000000 -0.000013 -1.000000 -0.000000 -0.000001 -1.000000 0.000000 0.000000 1.000000 -0.706931 -0.012853 0.707165 0.704314 -0.051223 0.708039 0.000000 0.000000 1.000000 0.931681 -0.002356 0.363271 0.931546 0.010014 0.363485 0.931681 -0.002356 -0.363271 0.931546 0.010014 -0.363485 0.704314 -0.051222 -0.708039 0.000000 0.000000 -1.000000 0.000000 -0.000005 -1.000000 -0.707034 -0.006381 -0.707150 -0.707165 0.012837 0.706932 -0.708039 -0.051234 0.704313 -0.707107 -0.000013 -0.707106 -0.000000 -0.000007 -1.000000 0.000000 0.000000 1.000000 -0.704314 0.051223 0.708039 0.048773 -0.998810 0.000000 0.027074 0.999633 0.000000 0.000000 0.000000 -1.000000 0.000000 0.000000 -1.000000 0.048773 -0.998810 0.000000 0.027074 0.999633 0.000000 0.000000 0.000000 1.000000 0.000000 0.000000 1.000000 -0.000047 -0.999818 -0.019074 -0.003617 -0.707111 -0.707093 0.014463 -0.707181 0.706885 0.999971 -0.007620 0.000000 -0.000000 -1.000000 -0.000000 0.000000 -1.000000 0.000000 -0.002024 -0.931680 -0.363274 0.008137 -0.931632 -0.363311 -0.007166 0.707162 0.707015 -0.000660 0.997101 0.076084 0.999906 0.013739 0.000000 0.001804 0.707110 -0.707101 0.000000 0.707107 0.707107 -0.000000 0.707107 -0.707107 0.000000 0.000000 -1.000000 0.000000 0.000000 -1.000000 0.112587 0.990687 0.076577 -0.127903 0.991600 0.019237 0.000000 1.000000 0.000000 0.000047 0.999818 0.019074 -0.999971 0.007620 0.000000 -0.000725 0.931684 0.363270 0.002898 0.931689 0.363245 
						0.999906 0.013739 0.000000 -0.000660 0.997101 0.076084 0.000000 1.000000 0.000000 -0.140453 -0.989615 0.030564 0.076070 0.997074 0.007566 -0.075866 0.996659 0.030259 0.140637 -0.990032 0.007641 0.000015 0.999972 -0.007438 -0.000236 0.999558 -0.029739 0.048769 0.998810 0.000000 0.707165 0.012853 0.706931 0.708039 -0.051223 -0.704314 0.027073 -0.999633 0.000000 0.931673 0.002355 -0.363289 0.931539 -0.010012 -0.363504 0.931673 0.002356 0.363289 0.931539 -0.010013 0.363504 0.708039 -0.051223 0.704313 0.027073 -0.999633 -0.000123 0.048769 0.998810 -0.000071 0.707165 0.012853 -0.706931 0.707107 0.000000 0.707107 0.707107 0.000000 0.707107 0.707107 -0.000000 -0.707107 0.707107 0.000000 -0.707107 0.000000 -0.000000 -1.000000 -0.000000 -0.000000 -1.000000 -0.000000 0.000000 1.000000 0.000000 0.000000 1.000000 0.048769 0.998810 0.000006 0.027073 -0.999633 0.000010 -0.000000 0.000001 1.000000 0.000000 0.000000 1.000000 0.048769 0.998810 -0.000053 0.027073 -0.999633 -0.000087 0.000000 0.000000 -1.000000 0.000000 0.000001 -1.000000 
					</float_array>
					<technique_common>
						<accessor count="933" offset="0" source="#meshId0-tangents-array" stride="3">
							<param name="X" type="float" />
							<param name="Y" type="float" />
							<param name="Z" type="float" />
						</accessor>
					</technique_common>
				</source>
				<source id="meshId0-bitangents" name="meshId0-bitangents">
					<float_array id="meshId0-bitangents-array" count="2799"> 
						-0.048771 0.998810 0.000000 -0.018179 0.999835 0.000000 -0.072536 -0.997366 0.000000 -0.027070 -0.999633 0.000000 0.004594 0.999975 -0.005298 -0.018926 0.999601 0.020965 0.004594 0.999975 0.005298 -0.018926 0.999601 -0.020965 -0.072535 -0.997366 -0.000001 -0.027070 -0.999633 -0.000000 -0.048771 0.998810 -0.000005 -0.013603 0.999897 0.004577 -0.000010 0.999835 -0.018169 -0.000010 0.997365 0.072545 0.036307 0.998680 -0.036324 0.027070 0.999633 -0.000007 0.027070 0.999633 0.000000 0.072535 0.997366 0.000000 0.000000 0.000000 1.000000 0.000000 0.000000 1.000000 0.027070 0.999633 0.000000 -0.048771 0.998810 0.000000 0.000000 0.000000 -1.000000 0.000000 0.000000 -1.000000 0.027070 0.999633 0.000000 -0.048771 0.998810 0.000000 0.000000 0.000000 -1.000000 0.000000 0.999835 -0.018179 0.000000 0.997366 -0.072536 0.000000 0.000000 -1.000000 0.004593 -0.999975 0.005298 -0.018925 -0.999601 -0.020967 0.004594 -0.999975 -0.005298 -0.018926 -0.999601 0.020966 0.000000 0.997366 0.072536 0.000003 -0.000123 1.000000 0.000003 0.000070 1.000000 0.000000 0.999835 0.018179 0.009090 0.999917 -0.009090 -0.036316 0.998680 0.036315 0.009090 0.999917 0.009090 -0.036316 0.998680 -0.036316 -0.027071 0.999634 -0.000000 0.048770 0.998810 -0.000000 -0.027071 0.999634 -0.000000 0.048770 0.998810 0.000000 0.000000 0.000006 -1.000000 0.000000 -0.000010 -1.000000 0.027071 -0.999633 0.000001 -0.048770 -0.998810 0.000000 0.000003 0.000053 1.000000 0.000002 -0.000087 1.000000 0.027071 -0.999633 0.000000 -0.048770 -0.998810 -0.000001 0.048770 0.998810 -0.000006 0.013593 0.999897 -0.004587 0.072537 -0.997366 -0.000001 0.027071 -0.999633 -0.000000 0.004587 -0.999975 0.005301 -0.018926 -0.999601 -0.020966 0.004594 -0.999975 -0.005298 -0.018924 -0.999601 0.020967 0.072536 -0.997366 0.000000 0.027071 -0.999633 0.000000 
						0.048770 0.998810 0.000000 0.018179 0.999835 0.000000 -0.036323 0.998680 0.036308 -0.000008 0.999835 0.018187 -0.000006 0.997366 -0.072530 -0.027071 0.999634 0.000000 -0.072536 0.997366 0.000000 -0.027071 0.999634 -0.000007 0.000000 0.000001 -1.000000 0.000000 -0.000001 -1.000000 0.027071 -0.999633 0.000000 -0.048770 -0.998810 0.000000 0.000000 0.000000 1.000000 0.000000 -0.000008 1.000000 0.027071 -0.999633 0.000013 -0.048770 -0.998810 0.000001 -0.999997 -0.000000 0.002461 -0.999987 0.000000 0.005115 -0.999791 0.000000 0.020456 0.000000 0.000000 1.000000 0.999998 -0.000000 -0.001994 0.999968 0.000000 0.007978 0.999996 -0.002561 0.000996 0.999940 0.010240 -0.003984 0.999870 -0.005162 0.015296 0.999962 0.000000 0.008672 0.000000 0.000000 1.000000 0.999992 0.001282 0.003833 0.999994 0.002557 -0.002557 0.999895 -0.010229 -0.010229 0.999971 -0.007618 0.000000 0.999906 0.013736 -0.000016 0.993604 -0.112919 -0.000000 0.991784 0.127926 0.000000 -0.999968 0.000000 -0.007978 0.999997 -0.000000 -0.002461 0.000000 0.000000 -1.000000 -0.999998 0.000000 -0.001994 -0.999968 0.000000 0.007977 0.000000 0.000000 1.000000 0.999962 -0.000000 0.008672 -0.999998 0.000000 0.001994 0.990053 -0.140642 -0.003713 0.997100 -0.076083 0.001423 0.997085 0.076082 -0.005691 0.990059 0.140648 0.000928 -0.999998 0.000000 -0.001994 -0.999968 0.000000 0.007977 -0.999906 0.013736 0.000000 -0.999987 0.005115 0.000000 0.999870 0.015301 -0.005157 0.999971 0.007618 0.000000 -0.999998 -0.001283 0.001494 -0.999969 0.005176 -0.005959 -0.999998 -0.001283 -0.001494 -0.999969 0.005176 0.005959 0.999791 0.020456 0.000000 0.999971 0.007618 0.000000 -0.999906 0.013736 0.000000 -0.999987 0.005115 0.000000 0.999987 0.000018 -0.005133 0.999791 0.000000 0.020456 0.999994 -0.002557 0.002558 0.999906 -0.013736 0.000000 
						-0.999971 -0.007618 -0.000000 -0.999791 -0.020456 0.000000 0.000000 0.000000 -1.000000 0.000000 0.000000 -1.000000 -0.999971 -0.007618 0.000000 -0.999906 0.013736 0.000000 0.000000 0.000000 1.000000 0.000000 0.000000 1.000000 -0.999971 -0.007618 -0.000000 -0.999906 0.013736 0.000000 -0.999999 -0.000000 0.001293 -0.999996 0.000000 0.002687 -0.999942 0.000000 0.010746 0.000000 0.000000 1.000000 0.999999 0.000000 -0.001048 0.999991 0.000000 0.004190 0.999999 -0.001344 0.000523 0.999984 0.005276 -0.002133 0.999964 -0.002700 0.008047 0.999990 0.000000 0.004555 0.000000 0.000000 1.000000 0.999998 0.000672 0.002014 0.999998 0.001343 -0.001343 0.999971 -0.005373 -0.005373 0.999992 -0.004002 0.000000 0.999974 0.007215 -0.000044 0.998223 -0.059586 0.000000 0.997713 0.067595 -0.000000 -0.999991 0.000000 -0.004190 0.999999 -0.000000 -0.001293 0.000000 0.000000 -1.000000 -0.999999 0.000000 -0.001048 -0.999991 -0.000000 0.004190 0.000000 0.000000 1.000000 0.999990 -0.000000 0.004555 -0.999999 0.000000 0.001048 0.997339 -0.072871 -0.002011 0.999276 -0.038045 0.000764 0.999272 0.038037 -0.003055 0.997341 0.072877 0.000503 -0.999999 0.000000 -0.001048 -0.999991 -0.000000 0.004190 -0.000000 -0.999893 -0.014654 0.072093 0.997394 -0.002614 -0.288770 0.957348 -0.009862 -0.000000 -0.999993 -0.003664 -0.133005 0.991114 -0.001711 0.461943 0.886887 0.006330 0.000000 0.999993 0.003664 0.000000 0.999893 -0.014654 -0.289036 0.957268 0.009857 0.000000 -0.999993 0.003664 -0.000000 -0.999893 0.014654 0.071706 0.997422 0.002619 -0.247390 0.968916 -0.000021 0.712425 0.701749 -0.000001 0.092562 0.995707 -0.000005 0.025897 0.999654 -0.004573 0.137158 -0.990549 -0.000002 0.051489 -0.998673 -0.000001 0.008823 -0.999947 0.005282 -0.037303 -0.999090 -0.020692 0.008843 -0.999947 -0.005278 -0.037302 -0.999090 0.020692 
						0.137153 -0.990550 0.000000 0.051489 -0.998673 0.000000 0.092562 0.995707 0.000000 0.034595 0.999401 0.000000 -0.070629 0.996874 0.035402 -0.000005 0.999835 0.018181 -0.000003 0.997366 -0.072534 -0.051489 0.998673 0.000000 -0.137153 0.990550 -0.000000 -0.051489 0.998673 -0.000007 0.000000 0.000000 -1.000000 0.000000 0.000000 -1.000000 0.051489 -0.998673 0.000005 -0.092562 -0.995707 0.000000 0.000000 0.000000 1.000000 0.000000 -0.000007 1.000000 0.051489 -0.998673 0.000011 -0.092562 -0.995707 0.000000 -0.999974 0.007215 0.000000 -0.999996 0.002687 -0.000000 0.999964 0.008053 -0.002693 0.999992 0.004002 0.000000 -0.999999 -0.000633 0.000801 -0.999991 0.002704 -0.003136 -0.999999 -0.000673 -0.000785 -0.999991 0.002696 0.003139 0.999942 0.010746 0.000000 0.999992 0.004002 0.000000 -0.999974 0.007215 0.000000 -0.999996 0.002687 0.000000 0.999996 0.000026 -0.002712 0.999942 0.000000 0.010746 0.999998 -0.001343 0.001343 0.999974 -0.007215 0.000000 -0.999992 -0.004002 -0.000000 -0.999942 -0.010746 -0.000000 0.000000 0.000000 -1.000000 0.000000 0.000000 -1.000000 -0.999992 -0.004002 0.000000 -0.999974 0.007215 0.000000 0.000000 0.000000 1.000000 -0.000024 -0.000000 1.000000 -0.999992 -0.004002 0.000073 -0.999974 0.007215 0.000000 -0.289013 -0.957275 -0.009857 0.000000 0.999993 -0.003664 -0.000000 0.999893 -0.014654 0.071698 -0.997423 -0.002619 0.133043 -0.991109 0.001711 -0.462349 -0.886675 0.006321 0.000000 -0.999893 -0.014654 0.000000 0.999993 -0.003664 0.000000 0.999893 -0.014654 -0.071688 -0.997424 -0.002620 -0.000000 -0.999993 0.003664 0.462340 -0.886680 0.006321 0.712447 -0.701726 0.000000 -0.245986 -0.969273 0.000000 -0.092564 0.995707 0.000000 -0.034595 0.999401 0.000000 -0.137154 -0.990550 0.000000 -0.051489 -0.998674 0.000000 0.008836 0.999947 -0.005279 -0.037303 0.999090 0.020691 
						0.008836 0.999947 0.005279 -0.037303 0.999090 -0.020691 -0.137151 -0.990550 -0.000001 -0.051489 -0.998674 -0.000001 -0.092564 0.995707 -0.000004 -0.025909 0.999654 0.004567 -0.000005 0.999835 -0.018176 -0.000005 0.997366 0.072538 0.070611 0.996875 -0.035411 0.051489 0.998674 -0.000007 0.051489 0.998674 0.000000 0.137154 0.990550 0.000000 0.000000 0.000000 1.000000 0.000000 0.000000 1.000000 0.051489 0.998674 0.000000 -0.092564 0.995707 0.000000 0.000000 0.000000 -1.000000 0.000000 0.000000 -1.000000 0.051489 0.998674 0.000000 -0.092564 0.995707 0.000000 1.000000 0.000000 0.000000 1.000000 -0.000002 0.000000 0.792518 -0.595949 -0.129457 0.969006 0.200209 -0.144718 0.776894 -0.629632 -0.000000 0.936959 -0.349440 -0.000000 0.750158 0.661259 -0.000000 0.776894 0.629632 0.000000 0.869945 0.352521 -0.344854 0.300734 0.000000 -0.953708 0.783607 -0.000000 0.621257 0.517954 -0.207709 0.829808 0.883715 0.450291 -0.127618 0.820023 -0.572330 0.000000 0.000000 0.000000 1.000000 0.000000 0.000000 1.000000 -0.776893 -0.629632 -0.000000 -0.847363 -0.531015 -0.000000 -0.956577 -0.000000 0.291481 -0.956577 0.000000 0.291481 0.972417 -0.111812 0.204701 -0.997255 0.000000 0.074039 -0.958623 -0.000000 0.284680 0.991979 0.115218 0.051987 0.997255 0.000000 -0.074039 0.791306 -0.000000 -0.611420 0.970492 0.195432 -0.141249 0.930094 -0.367322 0.000000 -1.000000 0.000000 0.000000 -1.000000 0.000001 -0.000001 -0.792517 0.595951 -0.129457 -0.969006 -0.200210 -0.144718 -0.607107 0.304454 -0.733981 -0.936958 0.349442 -0.000000 -0.750156 -0.661261 0.000000 -0.858485 -0.224327 0.461174 -0.783608 0.000000 -0.621256 -0.300734 -0.000000 0.953708 -0.847362 -0.531016 0.000000 -0.776892 -0.629633 -0.000000 -0.776892 0.629633 -0.000000 -0.820022 0.572332 0.000000 0.000000 0.000000 1.000000 0.000000 0.000000 1.000000 
						0.776892 -0.629633 -0.000000 0.936958 -0.349442 0.000000 0.956577 -0.000000 0.291480 0.956577 -0.000000 0.291480 -0.972417 0.111813 0.204701 0.997255 -0.000000 0.074039 0.958622 0.000000 0.284680 -0.991979 -0.115218 0.051987 0.791306 -0.000000 0.611420 0.791307 0.000000 0.611419 -0.930094 -0.367322 0.000000 -0.930093 0.367324 -0.000000 0.000000 0.000000 -1.000000 0.000000 0.999835 -0.018179 0.000000 0.997366 -0.072536 0.000000 0.000000 -1.000000 0.008836 -0.999947 0.005279 -0.037303 -0.999090 -0.020692 0.008836 -0.999947 -0.005279 -0.037290 -0.999090 0.020694 0.000000 0.997366 0.072536 0.000002 -0.000033 1.000000 0.000002 0.000021 1.000000 0.000000 0.999835 0.018179 0.017421 0.999807 -0.009028 -0.070620 0.996875 0.035407 0.017422 0.999807 0.009028 -0.070620 0.996875 -0.035407 -0.051490 0.998673 -0.000000 0.092563 0.995707 -0.000000 -0.051490 0.998673 -0.000000 0.092563 0.995707 0.000000 0.000000 0.000000 -1.000000 0.000000 0.000000 -1.000000 0.051490 -0.998673 0.000000 -0.092563 -0.995707 0.000011 0.000002 0.000024 1.000000 0.000002 -0.000029 1.000000 0.051490 -0.998673 0.000000 -0.092563 -0.995707 -0.000000 -0.000000 0.999893 0.014654 0.071688 -0.997424 0.002620 -0.289023 -0.957271 0.009857 -0.000000 0.999993 0.003664 -0.132990 -0.991116 0.001712 0.462350 -0.886675 -0.006321 0.000000 -0.999993 -0.003664 0.000000 -0.999893 0.014654 -0.289041 -0.957266 -0.009857 0.000000 0.999993 -0.003664 0.000000 0.999893 -0.014654 0.071704 -0.997423 -0.002619 -0.246018 -0.969265 0.000000 0.712427 -0.701747 0.000001 -0.999906 0.013736 0.000000 -0.999987 0.005115 0.000000 0.999791 0.020456 0.000000 0.999971 0.007618 0.000000 -0.999998 -0.001293 0.001490 -0.999969 0.005176 -0.005959 -0.999998 -0.001283 -0.001494 -0.999969 0.005166 0.005963 0.999791 0.020457 -0.000001 0.999971 0.007618 -0.000000 
						-0.999906 0.013736 -0.000018 -0.999992 0.003824 -0.001291 -0.999987 -0.000000 0.005115 -0.999791 0.000000 -0.020456 -0.999895 -0.010229 0.010229 -0.999971 -0.007618 -0.000000 -0.999971 -0.007618 -0.000000 -0.999791 -0.020456 0.000000 0.000000 0.000000 -1.000000 0.000000 0.000000 -1.000000 -0.999971 -0.007618 0.000000 -0.999906 0.013736 0.000000 0.000000 0.000000 1.000000 -0.000068 -0.000001 1.000000 -0.999971 -0.007618 -0.000000 -0.999906 0.013736 0.000000 1.000000 0.000000 0.000000 1.000000 0.000001 0.000001 0.792520 0.595946 0.129459 0.969006 -0.200210 0.144719 0.776892 0.629634 0.000000 0.936958 0.349442 -0.000000 0.750156 -0.661261 -0.000001 0.776892 -0.629634 -0.000000 0.869944 -0.352523 0.344854 0.300734 0.000000 0.953708 0.783607 -0.000000 -0.621256 0.517953 0.207709 -0.829808 0.883714 -0.450292 0.127620 0.820022 0.572332 0.000003 0.000000 -0.000000 -1.000000 0.000000 0.000000 -1.000000 -0.776892 0.629634 -0.000000 -0.847362 0.531016 0.000000 -0.956577 0.000000 -0.291480 -0.956577 0.000000 -0.291481 0.972417 0.111813 -0.204701 -0.997255 0.000000 -0.074039 -0.958623 0.000000 -0.284680 0.991979 -0.115218 -0.051987 0.997255 0.000000 0.074039 0.791306 -0.000000 0.611420 0.970492 -0.195433 0.141249 0.930093 0.367324 0.000000 -0.048771 -0.998810 -0.000000 -0.018179 -0.999835 -0.000000 -0.072536 0.997366 0.000000 -0.027071 0.999633 0.000000 0.004594 -0.999975 0.005298 -0.018926 -0.999601 -0.020966 0.004594 -0.999975 -0.005298 -0.018926 -0.999601 0.020966 -0.072535 0.997366 0.000000 -0.027071 0.999633 0.000000 -0.048771 -0.998810 0.000002 -0.013600 -0.999897 -0.004580 -0.000000 -0.999835 0.018179 -0.000004 -0.997365 -0.072540 0.036316 -0.998680 0.036316 0.027071 -0.999634 0.000000 0.027071 -0.999634 0.000000 0.072536 -0.997366 0.000000 0.000000 0.000000 -1.000000 0.000000 0.000000 -1.000000 
						0.027071 -0.999633 0.000000 -0.048771 -0.998810 0.000000 0.000000 0.000000 1.000000 0.000000 0.000000 1.000000 0.027071 -0.999633 0.000000 -0.048771 -0.998810 -0.000000 0.048771 0.998810 -0.000009 0.013591 0.999897 -0.004589 0.072537 -0.997366 -0.000001 0.027071 -0.999633 -0.000000 0.004605 -0.999975 0.005294 -0.018926 -0.999601 -0.020966 0.004594 -0.999975 -0.005298 -0.018985 -0.999600 0.020943 0.072536 -0.997366 0.000000 0.027071 -0.999633 0.000000 0.048771 0.998810 0.000000 0.018179 0.999835 -0.000000 -0.036316 0.998680 0.036316 -0.000000 0.999835 0.018179 -0.000008 0.997366 -0.072528 -0.027071 0.999634 0.000000 -0.072536 0.997366 0.000000 -0.027071 0.999634 -0.000000 0.000003 0.000053 -1.000000 0.000002 -0.000091 -1.000000 0.027071 -0.999633 0.000000 -0.048771 -0.998810 -0.000105 0.000000 0.000000 1.000000 0.000002 -0.000067 1.000000 0.027071 -0.999633 0.000000 -0.048771 -0.998810 -0.000000 -0.289011 0.957275 0.009858 0.000000 -0.999993 0.003664 -0.000000 -0.999893 0.014654 0.071695 0.997423 0.002620 0.133043 0.991109 -0.001711 -0.462349 0.886675 -0.006321 0.000000 0.999893 0.014654 0.000000 -0.999993 0.003664 0.000000 -0.999893 0.014654 -0.071688 0.997424 0.002620 -0.000000 0.999993 -0.003664 0.462343 0.886679 -0.006321 0.712447 0.701726 0.000000 -0.245997 0.969271 -0.000000 -0.991783 0.127928 -0.000000 -0.999987 0.005115 0.000000 0.999791 0.020456 -0.000000 0.999971 0.007618 0.000000 -0.999998 0.000000 0.001994 -0.999968 0.000000 -0.007977 -0.999996 -0.002563 -0.000995 -0.999939 0.010281 0.003968 0.999791 0.020457 -0.000001 0.993596 0.112994 -0.000006 -0.999906 0.013736 -0.000027 -0.999992 0.003806 -0.001309 -0.999987 -0.000000 0.005115 -0.999792 -0.000053 -0.020403 -0.999895 -0.010265 0.010193 -0.999971 -0.007618 -0.000072 -0.993605 -0.112916 0.000000 -0.999791 -0.020456 0.000000 
						0.999968 0.000000 0.007977 -0.999997 0.000000 0.002461 -0.000021 -0.000000 1.000000 0.999998 -0.000000 0.001994 -0.999971 -0.007618 0.000002 -0.999906 0.013736 0.000000 -0.999968 0.000000 0.007977 0.000000 0.000000 1.000000 0.999962 -0.000000 0.008672 -0.997085 -0.076082 0.005691 -0.990059 -0.140648 -0.000928 -0.997087 0.076065 0.005691 -0.990041 0.140773 -0.000927 -0.999962 0.000000 -0.008672 0.999998 0.000000 0.001994 0.999998 0.000000 0.001994 -1.000000 0.000000 -0.000000 -1.000000 -0.000001 0.000000 -0.792514 -0.595955 0.129455 -0.969006 0.200211 0.144717 -0.607108 -0.304453 0.733981 -0.936959 -0.349440 0.000000 -0.750158 0.661259 0.000000 -0.858485 0.224326 -0.461174 -0.783608 0.000000 0.621256 -0.300735 0.000000 -0.953708 -0.847363 0.531014 0.000000 -0.776894 0.629631 0.000000 -0.776894 -0.629631 0.000000 -0.820024 -0.572329 -0.000003 0.000000 0.000000 -1.000000 0.000000 0.000000 -1.000000 0.776894 0.629631 0.000000 0.936959 0.349440 -0.000000 0.956577 -0.000000 -0.291480 0.956577 0.000000 -0.291480 -0.972417 -0.111812 -0.204701 0.997255 0.000000 -0.074039 0.958622 0.000000 -0.284680 -0.991979 0.115218 -0.051987 0.791306 0.000000 -0.611420 0.791307 0.000000 -0.611419 -0.930095 0.367320 -0.000000 -0.930094 -0.367322 -0.000000 0.000000 0.000000 -1.000000 0.000000 0.999835 -0.018179 0.000000 0.997366 -0.072536 0.000000 0.000000 -1.000000 0.004594 -0.999975 0.005298 -0.018926 -0.999601 -0.020966 0.004594 -0.999975 -0.005298 -0.018925 -0.999601 0.020966 0.000000 0.997366 0.072537 0.000003 -0.000120 1.000000 0.000003 0.000068 1.000000 0.000000 0.999835 0.018179 0.009090 0.999917 -0.009090 -0.036316 0.998680 0.036316 0.009090 0.999917 0.009090 -0.036316 0.998680 -0.036316 -0.027071 0.999634 -0.000000 0.048771 0.998810 -0.000000 -0.027071 0.999634 -0.000000 0.048771 0.998810 0.000000 
						0.000000 0.000000 -1.000000 0.000000 -0.000001 -1.000000 0.027071 -0.999633 0.000000 -0.048771 -0.998810 0.000000 0.000041 0.000847 1.000000 0.000040 -0.001460 0.999999 0.027071 -0.999633 0.000000 -0.048771 -0.998810 -0.000000 -0.155987 0.648989 -0.744635 -1.000000 0.000000 0.000000 -0.999988 -0.000000 -0.004989 -0.094856 0.000000 -0.995491 -1.000000 -0.000011 -0.000126 -0.562299 -0.509012 0.651710 -0.738148 -0.171974 -0.652351 -1.000000 0.000000 -0.000000 -1.000000 0.000000 0.000000 -0.094856 0.000000 0.995491 -0.094856 0.000000 0.995491 -1.000000 -0.000000 -0.000000 -0.464209 0.885725 0.000000 -1.000000 0.000000 0.000000 -0.000000 1.000000 0.000001 0.464210 0.885725 0.000001 0.129915 0.991525 0.000001 0.000000 1.000000 0.000001 0.000000 -1.000000 -0.000002 0.464210 -0.885725 -0.000002 0.129915 -0.991525 -0.000002 -0.000000 -1.000000 -0.000002 0.000000 -1.000000 -0.000002 -0.000000 -1.000000 -0.000002 -1.000000 -0.000010 -0.000000 -0.094856 -0.000001 0.995491 -0.562299 0.509011 0.651711 -0.000000 1.000000 0.000001 0.000000 1.000000 0.000001 -0.782696 0.170094 -0.598711 -0.094856 -0.000000 -0.995491 -0.999968 0.000000 -0.007991 -0.400636 -0.480831 0.779931 -0.077499 0.000000 0.996992 -0.999999 0.000000 0.001401 -1.000000 0.000000 0.000001 -0.052862 0.000000 0.998602 -0.999742 0.000000 0.022706 -1.000000 -0.000000 0.000001 -1.000000 0.000010 0.000378 -0.141490 0.000002 -0.989940 -1.000000 0.000010 0.000000 -0.070520 -0.000000 -0.997510 -1.000000 -0.000000 -0.000000 -0.094856 0.000000 -0.995491 -1.000000 0.000000 -0.000000 -1.000000 0.000000 0.000000 -0.129915 -0.991525 0.000000 -1.000000 0.000000 0.000001 -1.000000 0.000000 0.000000 -0.999543 0.030142 -0.002196 -1.000000 -0.000000 -0.000000 -1.000000 -0.000000 0.000000 -0.991017 -0.133472 -0.008342 -1.000000 -0.000000 0.000000 -1.000000 0.000000 0.000000 
						-1.000000 0.000000 0.000000 -1.000000 -0.000000 -0.000000 -1.000000 -0.000000 -0.000000 -1.000000 -0.000000 0.000001 -1.000000 0.000000 0.000000 -0.991041 -0.133294 0.008347 -0.999543 0.030163 0.002196 -1.000000 0.000000 -0.000000 -0.993668 -0.112353 0.000000 -0.999968 0.000000 -0.007991 -0.999988 -0.000000 -0.004989 -0.911145 0.412087 -0.000000 -1.000000 0.000000 0.000000 -0.999999 0.000000 0.001401 -0.999742 0.000000 0.022706 -0.911131 0.412117 -0.000002 -0.993833 -0.110889 0.000018 -0.048771 -0.998810 -0.000000 -0.018179 -0.999835 -0.000000 -0.072536 0.997366 0.000000 -0.027071 0.999633 0.000000 0.004594 -0.999975 0.005298 -0.018926 -0.999601 -0.020966 0.004594 -0.999975 -0.005298 -0.018926 -0.999601 0.020966 -0.072535 0.997366 0.000001 -0.027071 0.999633 0.000000 -0.048771 -0.998810 0.000009 -0.013604 -0.999897 -0.004576 -0.000000 -0.999835 0.018179 -0.000008 -0.997365 -0.072544 0.036316 -0.998680 0.036316 0.027071 -0.999634 0.000000 0.027071 -0.999634 0.000000 0.072536 -0.997366 0.000000 0.000003 0.000053 -1.000000 0.000002 -0.000092 -1.000000 0.027071 -0.999633 0.000000 -0.048771 -0.998810 0.000000 0.000000 0.000000 1.000000 0.000000 0.000000 1.000000 0.027071 -0.999633 0.000000 -0.048771 -0.998810 -0.000000 0.048771 0.998810 -0.000005 0.013593 0.999897 -0.004587 0.072536 -0.997366 -0.000001 0.027071 -0.999633 -0.000000 0.004594 -0.999975 0.005298 -0.018926 -0.999601 -0.020966 0.004594 -0.999975 -0.005298 -0.018926 -0.999601 0.020966 0.072536 -0.997366 0.000000 0.027071 -0.999633 0.000000 0.048771 0.998810 0.000000 0.018179 0.999835 -0.000000 -0.036351 0.998680 0.036280 -0.000000 0.999835 0.018179 -0.000010 0.997366 -0.072527 -0.027071 0.999634 0.000000 -0.072536 0.997366 0.000000 -0.027071 0.999634 -0.000071 0.000000 0.000000 -1.000000 0.000000 0.000000 -1.000000 0.027071 -0.999633 0.000000 
						-0.048771 -0.998810 0.000000 0.000000 0.000000 1.000000 0.000000 0.000000 1.000000 0.027071 -0.999633 0.000000 -0.048771 -0.998810 -0.000000 -0.999906 0.013736 0.000000 -0.999987 0.005115 0.000000 0.999870 0.015296 -0.005162 0.999971 0.007618 0.000000 -0.999998 -0.001283 0.001494 -0.999969 0.005176 -0.005959 -0.999998 -0.001283 -0.001494 -0.999969 0.005176 0.005959 0.999791 0.020456 -0.000000 0.999971 0.007618 -0.000000 -0.999906 0.013736 -0.000000 -0.999987 0.005115 0.000000 0.999987 0.000000 -0.005115 0.999791 0.000000 0.020456 0.999994 -0.002558 0.002558 0.999906 -0.013736 0.000000 -0.999971 -0.007618 -0.000000 -0.999791 -0.020456 0.000000 0.000752 -0.000010 -1.000000 -0.001339 -0.000010 -0.999999 -0.999971 -0.007618 0.000000 -0.999906 0.013736 0.000000 0.000000 0.000000 1.000000 0.000000 0.000000 1.000000 -0.999971 -0.007618 -0.000000 -0.999906 0.013736 0.000000 0.999997 0.000000 -0.002461 0.999987 0.000000 -0.005115 0.999791 0.000000 -0.020456 0.000000 0.000000 -1.000000 -0.999998 -0.000000 0.001994 -0.999968 -0.000006 -0.007977 -0.999996 -0.002608 -0.000978 -0.999942 0.009956 0.004095 -0.999870 -0.005162 -0.015296 -0.999962 0.000000 -0.008672 0.000000 0.000000 -1.000000 -0.999992 0.001282 -0.003833 -0.999994 0.002558 0.002558 -0.999895 -0.010229 0.010229 -0.999971 -0.007618 0.000000 -0.999906 0.013736 0.000000 -0.993605 -0.112916 0.000000 -0.991783 0.127928 -0.000000 0.999968 -0.000000 0.007977 -0.999997 -0.000000 0.002461 -0.000810 -0.000006 1.000000 0.999998 -0.000000 0.001994 -0.999971 -0.007618 0.000032 -0.999906 0.013736 0.000252 0.999968 0.000000 -0.007977 0.000000 0.000000 -1.000000 -0.999962 -0.000001 -0.008672 0.999998 0.000000 -0.001994 -0.990053 -0.140644 0.003713 -0.997101 -0.076078 -0.001423 -0.997107 0.075797 0.005699 -0.989757 0.142759 -0.000912 0.999998 -0.000000 0.001994 
						0.999968 -0.000000 -0.007977 0.000001 0.000023 -1.000000 0.004591 0.999897 -0.013589 0.000013 0.997365 -0.072549 0.000000 0.000000 -1.000000 0.004594 -0.999975 0.005298 -0.018926 -0.999601 -0.020966 0.004598 -0.999975 -0.005296 -0.018926 -0.999601 0.020966 0.000000 0.997366 0.072536 0.000000 0.000000 1.000000 0.000000 0.000007 1.000000 -0.318728 0.886727 0.334854 -0.036296 0.998680 0.036336 0.000020 0.999835 0.018159 -0.000000 0.000013 1.000000 -0.707103 0.000009 0.707110 -0.027071 0.999634 0.000020 0.048771 0.998810 0.000000 0.000003 0.000053 -1.000000 0.000002 -0.000087 -1.000000 0.027071 -0.999633 0.000007 -0.048771 -0.998810 0.000000 0.000000 0.000000 1.000000 0.000000 0.000000 1.000000 0.027071 -0.999633 0.000000 -0.048771 -0.998810 -0.000000 -0.999906 0.013736 0.000000 -0.999987 0.005115 0.000000 0.999870 0.015296 -0.005162 0.999971 0.007618 0.000000 -0.999998 -0.001283 0.001494 -0.999969 0.005176 -0.005959 -0.999998 -0.001283 -0.001494 -0.999969 0.005176 0.005959 0.999791 0.020456 -0.000000 0.999971 0.007618 0.000000 -0.999906 0.013736 0.000000 -0.999987 0.005115 0.000000 0.999987 0.000000 -0.005115 0.999791 0.000000 0.020456 0.999994 -0.002557 0.002557 0.999906 -0.013736 0.000000 -0.999971 -0.007618 -0.000000 -0.999791 -0.020456 0.000000 0.000000 0.000000 -1.000000 0.000000 0.000000 -1.000000 -0.999971 -0.007618 0.000000 -0.999906 0.013736 0.000000 0.000000 0.000000 1.000000 0.000000 0.000000 1.000000 -0.999971 -0.007618 -0.000000 -0.999906 0.013736 0.000000 0.048770 0.998810 -0.000007 0.013593 0.999897 -0.004587 0.072536 -0.997366 -0.000001 0.027071 -0.999633 -0.000000 0.004587 -0.999975 0.005301 -0.018926 -0.999601 -0.020967 0.004594 -0.999975 -0.005298 -0.018924 -0.999601 0.020967 0.072536 -0.997366 0.000000 0.027071 -0.999633 0.000000 0.048770 0.998810 0.000000 
						0.018179 0.999835 0.000000 -0.036323 0.998680 0.036308 -0.000008 0.999835 0.018187 -0.000006 0.997366 -0.072530 -0.027071 0.999634 0.000000 -0.072536 0.997366 0.000000 -0.027071 0.999634 -0.000007 0.000000 0.000001 -1.000000 0.000000 -0.000001 -1.000000 0.027071 -0.999633 0.000000 -0.048770 -0.998810 0.000000 0.000000 0.000000 1.000000 0.000000 -0.000008 1.000000 0.027071 -0.999633 0.000013 -0.048770 -0.998810 0.000001 -0.048771 0.998810 0.000000 -0.018179 0.999835 0.000000 -0.072536 -0.997366 0.000000 -0.027070 -0.999633 0.000000 0.004594 0.999975 -0.005298 -0.018926 0.999601 0.020965 0.004594 0.999975 0.005298 -0.018926 0.999601 -0.020965 -0.072535 -0.997366 -0.000001 -0.027070 -0.999633 -0.000000 -0.048771 0.998810 -0.000005 -0.013602 0.999897 0.004578 -0.000012 0.999835 -0.018167 -0.000008 0.997365 0.072543 0.036306 0.998680 -0.036325 0.027070 0.999633 -0.000007 0.027070 0.999633 0.000000 0.072535 0.997366 0.000000 0.000000 0.000000 1.000000 0.000000 0.000000 1.000000 0.027070 0.999633 0.000000 -0.048771 0.998810 0.000000 0.000000 0.000000 -1.000000 0.000000 0.000000 -1.000000 0.027070 0.999633 0.000000 -0.048771 0.998810 0.000000 -0.999997 -0.000000 0.002461 -0.999987 -0.000000 0.005115 -0.999791 0.000000 0.020456 0.000000 0.000000 1.000000 0.999998 -0.000000 -0.001994 0.999968 0.000000 0.007978 0.999996 -0.002561 0.000996 0.999939 0.010281 -0.003968 0.999870 -0.005162 0.015296 0.999962 0.000000 0.008672 0.000000 0.000000 1.000000 0.999992 0.001282 0.003833 0.999994 0.002557 -0.002557 0.999895 -0.010229 -0.010229 0.999971 -0.007618 0.000000 0.999906 0.013736 0.000000 0.993604 -0.112919 0.000000 0.991784 0.127926 0.000000 -0.999968 0.000000 -0.007978 0.999997 -0.000000 -0.002461 0.000000 0.000000 -1.000000 -0.999998 0.000000 -0.001994 -0.999968 0.000000 0.007977 
						0.000000 0.000000 1.000000 0.999962 -0.000000 0.008672 -0.999998 0.000000 0.001994 0.990055 -0.140630 -0.003714 0.997100 -0.076083 0.001423 0.997086 0.076071 -0.005691 0.990059 0.140648 0.000928 -0.999998 0.000000 -0.001994 -0.999968 0.000001 0.007977 0.000000 0.000000 -1.000000 0.000000 0.999835 -0.018179 0.000000 0.997366 -0.072536 0.000000 0.000000 -1.000000 0.004593 -0.999975 0.005298 -0.018925 -0.999601 -0.020967 0.004594 -0.999975 -0.005298 -0.018926 -0.999601 0.020966 0.000000 0.997366 0.072536 0.000003 -0.000123 1.000000 0.000003 0.000071 1.000000 0.000000 0.999835 0.018179 0.009090 0.999917 -0.009090 -0.036316 0.998680 0.036315 0.009090 0.999917 0.009090 -0.036316 0.998680 -0.036316 -0.027071 0.999634 -0.000000 0.048770 0.998810 -0.000000 -0.027071 0.999634 -0.000000 0.048770 0.998810 0.000000 0.000000 0.000006 -1.000000 0.000000 -0.000010 -1.000000 0.027071 -0.999633 0.000001 -0.048770 -0.998810 0.000000 0.000003 0.000053 1.000000 0.000002 -0.000087 1.000000 0.027071 -0.999633 0.000000 -0.048770 -0.998810 -0.000001 
					</float_array>
					<technique_common>
						<accessor count="933" offset="0" source="#meshId0-bitangents-array" stride="3">
							<param name="X" type="float" />
							<param name="Y" type="float" />
							<param name="Z" type="float" />
						</accessor>
					</technique_common>
				</source>
				<source id="meshId0-tex0" name="meshId0-tex0">
					<float_array id="meshId0-tex0-array" count="1866"> 
						0.854716 0.097418 0.853065 0.097418 0.853065 0.095766 0.854716 0.095766 0.303760 0.099391 0.303760 0.059736 0.305202 0.059736 0.305202 0.099391 0.858019 0.097418 0.856367 0.097418 0.856367 0.095766 0.858019 0.095766 0.859670 0.050355 0.859670 0.095766 0.858019 0.050355 0.856368 0.050355 0.854716 0.142829 0.853065 0.142829 0.303760 0.059173 0.305202 0.059173 0.305764 0.059736 0.305764 0.099391 0.305202 0.099953 0.303760 0.099953 0.303198 0.099391 0.303198 0.059736 0.878759 0.036862 0.878759 0.032335 0.883287 0.032335 0.883287 0.036862 0.884461 0.040217 0.884461 0.000562 0.885903 0.000562 0.885903 0.040217 0.878759 0.045917 0.878759 0.041389 0.883287 0.041389 0.883287 0.045917 0.864785 0.039655 0.864785 0.000000 0.866227 0.000000 0.866227 0.039655 0.867669 0.039655 0.867669 0.000000 0.863343 0.000000 0.863343 0.039655 0.884461 0.000000 0.885903 0.000000 0.886465 0.000562 0.886465 0.040217 0.885903 0.040780 0.884461 0.040780 0.883898 0.040217 0.883898 0.000562 0.918035 0.045419 0.919687 0.045419 0.919687 0.047070 0.918035 0.047070 0.894738 0.040217 0.894738 0.000562 0.896180 0.000562 0.896180 0.040217 0.914732 0.045419 0.916384 0.045419 
						0.916384 0.047070 0.914732 0.047070 0.919686 0.000000 0.921338 0.000000 0.921338 0.045419 0.916384 0.092489 0.914732 0.092489 0.918035 0.000000 0.894738 0.000000 0.896180 0.000000 0.896743 0.000562 0.896743 0.040217 0.896180 0.040780 0.894738 0.040780 0.894176 0.040217 0.894176 0.000562 0.169585 0.059175 0.169585 0.000000 0.228760 0.000000 0.228760 0.059175 0.227918 0.118349 0.227918 0.059175 0.228524 0.059175 0.228524 0.118349 0.229971 0.118349 0.229971 0.118955 0.229365 0.118955 0.229365 0.118349 0.229971 0.059175 0.229365 0.059175 0.228760 0.059175 0.228760 0.118349 0.230576 0.118349 0.230576 0.059175 0.195951 0.058939 0.195951 0.059175 0.195345 0.059175 0.195345 0.058939 0.195345 0.118585 0.195345 0.118349 0.195951 0.118349 0.195951 0.118585 0.212053 0.118349 0.211817 0.118349 0.211817 0.059175 0.212053 0.059175 0.211817 0.058939 0.211817 0.118585 0.424718 0.368744 0.423056 0.368744 0.423056 0.367081 0.424718 0.367081 0.447650 0.508511 0.447650 0.367555 0.449092 0.367555 0.449092 0.508511 0.428043 0.368744 0.426380 0.368744 0.426380 0.367081 0.428043 0.367081 0.421393 0.367082 0.421393 0.204593 0.423056 0.204593 0.424718 0.204593 
						0.424718 0.531231 0.423056 0.531231 0.447650 0.366993 0.449092 0.366993 0.449655 0.367555 0.449655 0.508511 0.449092 0.509073 0.447650 0.509073 0.447088 0.508511 0.447088 0.367555 0.000000 0.081574 0.000000 0.000000 0.081574 0.000000 0.081574 0.081574 0.080414 0.163148 0.080414 0.081574 0.081249 0.081574 0.081249 0.163148 0.083243 0.163148 0.083243 0.163983 0.082409 0.163983 0.082409 0.163148 0.083243 0.081574 0.082409 0.081574 0.081574 0.081574 0.081574 0.163148 0.084078 0.163148 0.084078 0.081574 0.036346 0.081249 0.036346 0.081574 0.035511 0.081574 0.035511 0.081249 0.035511 0.163474 0.035511 0.163148 0.036346 0.163148 0.036346 0.163474 0.058543 0.163148 0.058217 0.163148 0.058217 0.081574 0.058543 0.081574 0.058217 0.081249 0.058217 0.163474 0.375310 0.095014 0.375310 0.094244 0.395262 0.094244 0.395262 0.095014 0.374540 0.000770 0.374540 0.094244 0.354587 0.094244 0.354587 0.000770 0.375310 0.000770 0.375310 0.000000 0.395262 0.000000 0.395262 0.000770 0.396032 0.094244 0.396032 0.000770 0.451078 0.054855 0.453072 0.054855 0.453072 0.056850 0.451078 0.056850 0.910285 0.094908 0.910285 0.046114 0.912059 0.046114 0.912059 0.094908 
						0.447088 0.054855 0.449083 0.054855 0.449083 0.056850 0.447088 0.056850 0.453072 0.000000 0.455067 0.000000 0.455067 0.054855 0.449083 0.111706 0.447088 0.111706 0.451077 0.000000 0.910285 0.045422 0.912059 0.045422 0.912751 0.046114 0.912751 0.094908 0.912059 0.095600 0.910285 0.095600 0.909593 0.094908 0.909593 0.046114 0.405418 0.430755 0.403128 0.430755 0.403128 0.428465 0.405418 0.428465 0.406752 0.399653 0.406752 0.205368 0.408739 0.205368 0.408739 0.399653 0.409999 0.430755 0.407708 0.430755 0.407708 0.428465 0.409999 0.428465 0.400838 0.428465 0.400838 0.204593 0.403128 0.204593 0.405418 0.204593 0.405418 0.654625 0.403128 0.654625 0.406752 0.204593 0.408739 0.204593 0.409514 0.205368 0.409514 0.399653 0.408739 0.400428 0.406752 0.400428 0.405977 0.399653 0.405977 0.205368 0.761334 0.000770 0.761334 0.000000 0.781286 0.000000 0.781286 0.000770 0.761334 0.094244 0.781286 0.094244 0.802009 0.094244 0.802009 0.095014 0.782056 0.095014 0.782056 0.094244 0.802009 0.000770 0.782056 0.000770 0.760564 0.094244 0.760564 0.000770 0.459361 0.056846 0.457366 0.056846 0.457366 0.054852 0.459361 0.054852 0.894868 0.099842 0.894868 0.051048 
						0.896642 0.051048 0.896642 0.099842 0.463350 0.056846 0.461355 0.056846 0.461355 0.054852 0.463350 0.054852 0.465345 0.000000 0.465344 0.054852 0.463350 0.000000 0.461356 0.000000 0.459361 0.111698 0.457366 0.111698 0.894868 0.050356 0.896642 0.050356 0.897334 0.051048 0.897334 0.099842 0.896642 0.100533 0.894868 0.100533 0.894176 0.099842 0.894176 0.051048 0.881051 0.008534 0.880333 0.008534 0.880333 0.007098 0.881051 0.007098 0.881906 0.008534 0.881188 0.008534 0.881188 0.007098 0.881906 0.007098 0.879477 0.008534 0.878759 0.008534 0.878759 0.007098 0.879477 0.007098 0.880195 0.008534 0.880195 0.007098 0.878759 0.006381 0.879477 0.006381 0.881906 0.009252 0.881188 0.009252 0.879477 0.006243 0.878759 0.006243 0.881051 0.011480 0.881051 0.011618 0.880333 0.011618 0.880333 0.011480 0.879477 0.011480 0.879477 0.008534 0.880195 0.011480 0.881188 0.011480 0.859777 0.041946 0.859059 0.041946 0.859059 0.040511 0.859777 0.040511 0.860633 0.041946 0.859915 0.041946 0.859915 0.040511 0.860633 0.040511 0.861350 0.041946 0.861350 0.040511 0.858921 0.041946 0.858204 0.041946 0.858204 0.040511 0.858921 0.040511 0.860633 0.039793 0.861350 0.039793 
						0.858204 0.042664 0.858921 0.042664 0.861350 0.039655 0.860633 0.039655 0.859777 0.044892 0.859777 0.045030 0.859059 0.045030 0.859059 0.044892 0.859777 0.047976 0.859059 0.047976 0.858921 0.044892 0.859915 0.044892 0.873621 0.006243 0.873621 0.000000 0.879863 0.000000 0.879863 0.006243 0.920563 0.094905 0.920563 0.046110 0.922337 0.046110 0.922337 0.094905 0.873620 0.018728 0.873621 0.012485 0.879863 0.012485 0.879863 0.018728 0.083868 0.045236 0.083868 0.000000 0.085513 0.000000 0.085513 0.045236 0.087158 0.045236 0.087158 0.000000 0.082223 0.000000 0.082223 0.045236 0.920563 0.045419 0.922337 0.045419 0.923029 0.046110 0.923029 0.094905 0.922337 0.095597 0.920563 0.095597 0.919871 0.094905 0.919871 0.046110 0.421560 0.095014 0.421560 0.094244 0.441512 0.094244 0.441512 0.095014 0.420790 0.000770 0.420790 0.094244 0.400838 0.094244 0.400838 0.000770 0.421560 0.000770 0.421560 0.000000 0.441512 0.000000 0.441512 0.000770 0.442282 0.094244 0.442282 0.000770 0.443611 0.368654 0.441949 0.368654 0.441949 0.366993 0.443611 0.366993 0.427095 0.346111 0.427095 0.205155 0.428537 0.205155 0.428537 0.346111 0.446933 0.368654 0.445272 0.368654 
						0.445272 0.366993 0.446933 0.366993 0.448593 0.204593 0.448595 0.366993 0.446932 0.204593 0.445270 0.204593 0.443611 0.531052 0.441949 0.531052 0.427095 0.204593 0.428537 0.204593 0.429099 0.205155 0.429099 0.346111 0.428537 0.346673 0.427095 0.346673 0.426532 0.346111 0.426532 0.205155 0.875912 0.008534 0.875194 0.008534 0.875194 0.007098 0.875912 0.007098 0.876767 0.008534 0.876050 0.008534 0.876050 0.007098 0.876767 0.007098 0.874338 0.008534 0.873621 0.008534 0.873620 0.007098 0.874338 0.007098 0.875056 0.008534 0.875056 0.007098 0.873621 0.006381 0.874338 0.006381 0.876767 0.009252 0.876050 0.009252 0.874338 0.006243 0.873621 0.006243 0.875912 0.011480 0.875912 0.011618 0.875194 0.011618 0.875194 0.011480 0.874338 0.011480 0.874338 0.008534 0.875056 0.011480 0.876050 0.011480 0.906106 0.047074 0.904454 0.047074 0.904454 0.045422 0.906106 0.045422 0.298621 0.099391 0.298621 0.059736 0.300063 0.059736 0.300063 0.099391 0.909409 0.047074 0.907758 0.047074 0.907758 0.045422 0.909409 0.045422 0.911061 0.000000 0.911061 0.045422 0.909410 0.000000 0.907758 0.000000 0.906106 0.092496 0.904454 0.092496 0.298621 0.059173 0.300063 0.059173 
						0.300625 0.059736 0.300625 0.099391 0.300063 0.099953 0.298621 0.099953 0.298059 0.099391 0.298059 0.059736 0.876923 0.095762 0.878574 0.095762 0.878574 0.097413 0.876923 0.097413 0.452789 0.097067 0.452789 0.057412 0.454231 0.057412 0.454231 0.097067 0.873621 0.095762 0.875272 0.095762 0.875272 0.097413 0.873620 0.097413 0.878573 0.050356 0.880225 0.050356 0.880225 0.095762 0.875272 0.142819 0.873620 0.142819 0.876922 0.050356 0.452789 0.056850 0.454231 0.056850 0.454794 0.057412 0.454794 0.097067 0.454231 0.097630 0.452789 0.097630 0.452227 0.097067 0.452227 0.057412 0.807584 0.000770 0.807584 0.000000 0.827537 0.000000 0.827537 0.000770 0.807584 0.094244 0.827537 0.094244 0.848259 0.094244 0.848259 0.095014 0.828307 0.095014 0.828307 0.094244 0.848259 0.000770 0.828307 0.000770 0.806814 0.094244 0.806814 0.000770 0.433333 0.368668 0.431671 0.368668 0.431671 0.367007 0.433333 0.367007 0.164952 0.141518 0.164952 0.000562 0.166394 0.000562 0.166394 0.141518 0.436656 0.368668 0.434995 0.368668 0.434994 0.367007 0.436656 0.367007 0.438309 0.204593 0.438317 0.367007 0.436648 0.204593 0.434986 0.204593 0.433333 0.531084 0.431671 0.531084 
						0.088804 0.000000 0.088804 0.000562 0.087362 0.000562 0.087362 0.000000 0.166956 0.000562 0.166956 0.141518 0.166394 0.141518 0.166394 0.142080 0.164952 0.142080 0.127159 0.141518 0.126597 0.141518 0.126597 0.000562 0.127159 0.000562 0.088804 0.141518 0.126597 0.000000 0.127159 0.142080 0.875194 0.034630 0.874476 0.034630 0.874476 0.033195 0.875194 0.033195 0.876050 0.034630 0.875332 0.034630 0.875332 0.033195 0.876050 0.033195 0.876767 0.034630 0.876767 0.033195 0.874338 0.034630 0.873620 0.034630 0.873620 0.033195 0.874338 0.033195 0.876050 0.032477 0.876767 0.032477 0.873620 0.035348 0.874338 0.035348 0.876767 0.032339 0.876050 0.032339 0.875194 0.037576 0.875194 0.037714 0.874476 0.037714 0.874476 0.037576 0.875194 0.040660 0.874476 0.040660 0.874338 0.037576 0.875332 0.037576 0.878759 0.023264 0.878759 0.018728 0.883295 0.018728 0.883295 0.023264 0.935850 0.040217 0.935850 0.000562 0.937292 0.000562 0.937292 0.040217 0.878759 0.032335 0.878759 0.027799 0.883295 0.027799 0.883295 0.032335 0.859646 0.039655 0.859646 0.000000 0.861088 0.000000 0.861088 0.039655 0.862530 0.039655 0.862530 0.000000 0.858204 0.000000 0.858204 0.039655 
						0.935850 0.000000 0.937292 0.000000 0.937854 0.000562 0.937854 0.040217 0.937292 0.040780 0.935850 0.040780 0.935288 0.040217 0.935288 0.000562 0.291729 0.732745 0.291729 0.704948 0.397806 0.704948 0.397806 0.732745 0.760253 0.704948 0.760253 0.732746 0.468524 0.732745 0.468524 0.704948 0.937049 0.704948 0.937049 0.732746 0.830971 0.732746 0.830971 0.704948 0.000000 0.732745 0.000000 0.704948 0.468524 0.106077 0.468524 0.000000 0.760253 0.000000 0.760253 0.106077 0.760253 0.803464 0.760253 0.909541 0.468524 0.909540 0.468524 0.803463 0.760253 0.746889 0.468524 0.746889 0.774397 0.704948 0.774397 0.732746 0.468524 0.176795 0.468524 0.162652 0.760253 0.162651 0.760253 0.176795 0.454381 0.732745 0.454381 0.704948 0.291729 0.176795 0.397806 0.176795 0.397806 0.204593 0.291729 0.204593 0.454381 0.176795 0.454381 0.204593 0.468524 0.204593 0.760253 0.204593 0.774397 0.176795 0.774397 0.204592 0.830972 0.176795 0.830972 0.204592 0.937049 0.176795 0.937049 0.204592 0.000000 0.204593 0.000000 0.176795 0.291729 0.454770 0.397806 0.454770 0.941926 0.501854 0.941926 0.251677 0.998501 0.251677 0.998501 0.501854 0.468524 0.454770 0.454381 0.454770 
						0.760253 0.454770 0.774397 0.454770 0.830972 0.454770 0.937049 0.454770 0.000000 0.454770 0.941926 0.001499 0.998501 0.001499 1.000000 0.251677 1.000000 0.501854 0.998501 0.503354 0.941926 0.503354 0.940427 0.501854 0.940427 0.251677 0.941926 0.000000 0.998501 0.000000 1.000000 0.001499 0.940427 0.001499 0.864994 0.097412 0.863343 0.097412 0.863343 0.095761 0.864994 0.095761 0.463067 0.097064 0.463067 0.057408 0.464509 0.057408 0.464509 0.097064 0.868296 0.097412 0.866645 0.097412 0.866645 0.095761 0.868296 0.095761 0.869947 0.050355 0.869947 0.095761 0.868296 0.050355 0.866645 0.050355 0.864994 0.142818 0.863343 0.142818 0.463067 0.056846 0.464509 0.056846 0.465071 0.057408 0.465071 0.097064 0.464509 0.097626 0.463067 0.097626 0.462505 0.097064 0.462505 0.057408 0.933452 0.090830 0.935103 0.090830 0.935103 0.092481 0.933452 0.092481 0.899877 0.090573 0.899877 0.050918 0.901319 0.050918 0.901319 0.090573 0.930149 0.090830 0.931800 0.090830 0.931800 0.092481 0.930149 0.092481 0.935103 0.045416 0.936754 0.045416 0.936755 0.090830 0.931800 0.137896 0.930149 0.137896 0.933451 0.045416 0.899877 0.050356 0.901319 0.050356 0.901882 0.050918 
						0.901882 0.090573 0.901319 0.091135 0.899877 0.091135 0.899315 0.090573 0.899315 0.050918 0.414440 0.368747 0.412778 0.368747 0.412778 0.367084 0.414440 0.367084 0.416817 0.346111 0.416817 0.205155 0.418259 0.205155 0.418259 0.346111 0.417765 0.368747 0.416102 0.368747 0.416102 0.367084 0.417765 0.367084 0.411115 0.367084 0.411116 0.204593 0.412778 0.204593 0.414440 0.204593 0.414440 0.531237 0.412778 0.531237 0.416817 0.204593 0.418259 0.204593 0.418821 0.205155 0.418821 0.346111 0.418259 0.346673 0.416817 0.346673 0.416254 0.346111 0.416254 0.205155 0.292920 0.059173 0.292920 0.000000 0.352093 0.000000 0.352093 0.059173 0.351252 0.118347 0.351252 0.059173 0.351857 0.059173 0.351857 0.118347 0.353304 0.118347 0.353304 0.118952 0.352699 0.118952 0.352699 0.118347 0.353304 0.059173 0.352699 0.059173 0.352093 0.059173 0.352093 0.118347 0.353909 0.118347 0.353909 0.059173 0.319285 0.058937 0.319285 0.059173 0.318680 0.059173 0.318680 0.058937 0.352093 0.059173 0.352093 0.118347 0.318679 0.118583 0.318679 0.118347 0.319285 0.118347 0.319285 0.118583 0.335386 0.118347 0.335150 0.118347 0.335150 0.059173 0.335386 0.059173 0.335150 0.058937 
						0.335150 0.118583 0.854716 0.047053 0.854716 0.045402 0.856367 0.045402 0.856367 0.047053 0.293482 0.099391 0.293482 0.059736 0.294924 0.059736 0.294924 0.099391 0.854716 0.050355 0.854716 0.048704 0.856367 0.048704 0.856367 0.050355 0.854717 0.000000 0.856368 0.000000 0.901769 0.048705 0.901769 0.050356 0.853066 0.000000 0.853065 0.045402 0.293482 0.059173 0.294924 0.059173 0.295486 0.059736 0.295486 0.099391 0.294924 0.099953 0.293482 0.099953 0.292920 0.099391 0.292920 0.059736 0.440132 0.532713 0.438471 0.532713 0.438471 0.531052 0.440132 0.531052 0.427095 0.510262 0.427095 0.369306 0.428537 0.369306 0.428537 0.510262 0.443454 0.532713 0.441793 0.532713 0.441793 0.531052 0.443454 0.531052 0.436810 0.531052 0.436810 0.368685 0.438471 0.368685 0.440132 0.368685 0.440132 0.695078 0.438471 0.695078 0.427095 0.368744 0.428537 0.368744 0.429099 0.369306 0.429099 0.510262 0.428537 0.510824 0.427095 0.510824 0.426532 0.510262 0.426532 0.369306 0.887201 0.095761 0.888852 0.095761 0.888852 0.097412 0.887201 0.097412 0.899877 0.040217 0.899877 0.000562 0.901319 0.000562 0.901319 0.040217 0.883898 0.095761 0.885549 0.095761 0.885549 0.097412 
						0.883898 0.097412 0.888851 0.050356 0.890502 0.050356 0.890503 0.095761 0.885549 0.142818 0.883898 0.142818 0.887200 0.050356 0.899877 0.000000 0.901319 0.000000 0.901882 0.000562 0.901882 0.040217 0.901319 0.040780 0.899877 0.040780 0.899315 0.040217 0.899315 0.000562 0.926661 0.047067 0.925010 0.047067 0.925010 0.045416 0.926661 0.045416 0.308899 0.099391 0.308899 0.059736 0.310341 0.059736 0.310341 0.099391 0.929964 0.047067 0.928313 0.047067 0.928313 0.045416 0.929964 0.045416 0.931616 0.000000 0.931616 0.045416 0.929965 0.000000 0.928313 0.000000 0.926661 0.092483 0.925010 0.092483 0.308899 0.059173 0.310341 0.059173 0.310903 0.059736 0.310903 0.099391 0.310341 0.099953 0.308899 0.099953 0.308337 0.099391 0.308337 0.059736 0.231252 0.059174 0.231252 0.000000 0.290426 0.000000 0.290426 0.059174 0.289585 0.118348 0.289585 0.059174 0.290190 0.059174 0.290190 0.118348 0.291637 0.118348 0.291637 0.118953 0.291032 0.118953 0.291032 0.118348 0.291637 0.059174 0.291032 0.059174 0.290426 0.059174 0.290426 0.118348 0.292242 0.118348 0.292242 0.059174 0.257618 0.058938 0.257618 0.059174 0.257012 0.059174 0.257012 0.058938 0.257012 0.118584 
						0.257012 0.118348 0.257618 0.118348 0.257618 0.118584 0.273719 0.118348 0.273483 0.118348 0.273483 0.059174 0.273719 0.059174 0.273483 0.058938 0.273483 0.118584 0.873621 0.023265 0.873621 0.018728 0.878157 0.018728 0.878157 0.023265 0.889600 0.040217 0.889600 0.000562 0.891042 0.000562 0.891042 0.040217 0.873620 0.032339 0.873621 0.027802 0.878157 0.027802 0.878157 0.032339 0.869924 0.039655 0.869924 0.000000 0.871365 0.000000 0.871365 0.039655 0.872808 0.039655 0.872808 0.000000 0.868482 0.000000 0.868482 0.039655 0.889600 0.000000 0.891042 0.000000 0.891604 0.000562 0.891604 0.040217 0.891042 0.040780 0.889600 0.040780 0.889037 0.040217 0.889037 0.000562 
					</float_array>
					<technique_common>
						<accessor count="933" offset="0" source="#meshId0-tex0-array" stride="2">
							<param name="S" type="float" />
							<param name="T" type="float" />
						</accessor>
					</technique_common>
				</source>
				<vertices id="meshId0-vertices">
					<input semantic="POSITION" source="#meshId0-positions" />
				</vertices>
				<polylist count="788" material="defaultMaterial">
					<input offset="0" semantic="VERTEX" source="#meshId0-vertices" />
					<input offset="0" semantic="NORMAL" source="#meshId0-normals" />
					<input offset="0" semantic="TANGENT" source="#meshId0-tangents" />
					<input offset="0" semantic="BINORMAL" source="#meshId0-bitangents" />
					<input offset="0" semantic="TEXCOORD" source="#meshId0-tex0" set="0" />
					<vcount>
						3 3 3 3 3 3 3 3 3 3 3 3 3 3 3 3 3 3 3 3 3 3 3 3 3 3 3 3 3 3 3 3 3 3 3 3 3 3 3 3 3 3 3 3 3 3 3 3 3 3 3 3 3 3 3 3 3 3 3 3 3 3 3 3 
						3 3 3 3 3 3 3 3 3 3 3 3 3 3 3 3 3 3 3 3 3 3 3 3 3 3 3 3 3 3 3 3 3 3 3 3 3 3 3 3 3 3 3 3 3 3 3 3 3 3 3 3 3 3 3 3 3 3 3 3 3 3 3 3 
						3 3 3 3 3 3 3 3 3 3 3 3 3 3 3 3 3 3 3 3 3 3 3 3 3 3 3 3 3 3 3 3 3 3 3 3 3 3 3 3 3 3 3 3 3 3 3 3 3 3 3 3 3 3 3 3 3 3 3 3 3 3 3 3 
						3 3 3 3 3 3 3 3 3 3 3 3 3 3 3 3 3 3 3 3 3 3 3 3 3 3 3 3 3 3 3 3 3 3 3 3 3 3 3 3 3 3 3 3 3 3 3 3 3 3 3 3 3 3 3 3 3 3 3 3 3 3 3 3 
						3 3 3 3 3 3 3 3 3 3 3 3 3 3 3 3 3 3 3 3 3 3 3 3 3 3 3 3 3 3 3 3 3 3 3 3 3 3 3 3 3 3 3 3 3 3 3 3 3 3 3 3 3 3 3 3 3 3 3 3 3 3 3 3 
						3 3 3 3 3 3 3 3 3 3 3 3 3 3 3 3 3 3 3 3 3 3 3 3 3 3 3 3 3 3 3 3 3 3 3 3 3 3 3 3 3 3 3 3 3 3 3 3 3 3 3 3 3 3 3 3 3 3 3 3 3 3 3 3 
						3 3 3 3 3 3 3 3 3 3 3 3 3 3 3 3 3 3 3 3 3 3 3 3 3 3 3 3 3 3 3 3 3 3 3 3 3 3 3 3 3 3 3 3 3 3 3 3 3 3 3 3 3 3 3 3 3 3 3 3 3 3 3 3 
						3 3 3 3 3 3 3 3 3 3 3 3 3 3 3 3 3 3 3 3 3 3 3 3 3 3 3 3 3 3 3 3 3 3 3 3 3 3 3 3 3 3 3 3 3 3 3 3 3 3 3 3 3 3 3 3 3 3 3 3 3 3 3 3 
						3 3 3 3 3 3 3 3 3 3 3 3 3 3 3 3 3 3 3 3 3 3 3 3 3 3 3 3 3 3 3 3 3 3 3 3 3 3 3 3 3 3 3 3 3 3 3 3 3 3 3 3 3 3 3 3 3 3 3 3 3 3 3 3 
						3 3 3 3 3 3 3 3 3 3 3 3 3 3 3 3 3 3 3 3 3 3 3 3 3 3 3 3 3 3 3 3 3 3 3 3 3 3 3 3 3 3 3 3 3 3 3 3 3 3 3 3 3 3 3 3 3 3 3 3 3 3 3 3 
						3 3 3 3 3 3 3 3 3 3 3 3 3 3 3 3 3 3 3 3 3 3 3 3 3 3 3 3 3 3 3 3 3 3 3 3 3 3 3 3 3 3 3 3 3 3 3 3 3 3 3 3 3 3 3 3 3 3 3 3 3 3 3 3 
						3 3 3 3 3 3 3 3 3 3 3 3 3 3 3 3 3 3 3 3 3 3 3 3 3 3 3 3 3 3 3 3 3 3 3 3 3 3 3 3 3 3 3 3 3 3 3 3 3 3 3 3 3 3 3 3 3 3 3 3 3 3 3 3 
						3 3 3 3 3 3 3 3 3 3 3 3 3 3 3 3 3 3 3 3 
					</vcount>
					<p>
						0 1 2 2 3 0 4 5 6 6 7 4 8 9 10 10 11 8 12 13 11 11 14 12 15 14 11 11 10 15 16 17 1 1 0 16 5 18 19 19 6 5 6 20 21 21 7 6 7 22 23 23 4 7 4 24 25 25 5 4 26 27 28 28 29 26 30 31 32 32 33 30 34 35 36 36 37 34 38 39 40 40 41 38 42 41 40 40 43 42 44 39 38 38 45 44 31 46 47 47 32 31 32 48 49 49 33 32 33 50 51 51 30 33 30 52 53 53 31 30 54 55 56 56 57 54 58 59 60 60 61 58 62 63 64 64 65 62 55 66 67 67 68 55 69 70 65 65 64 69 71 66 55 55 54 71 59 72 73 73 60 59 60 74 75 75 61 60 61 76 77 77 58 61 58 78 79 79 59 58 80 81 82 82 83 80 84 85 86 86 87 84 
						88 89 90 90 91 88 92 88 91 91 93 92 94 93 91 91 95 94 96 88 92 92 97 96 98 99 100 100 101 98 86 94 95 95 87 86 102 103 104 104 105 102 106 107 108 108 109 106 107 104 99 99 108 107 108 99 98 98 110 108 109 85 84 84 106 109 111 105 104 104 107 111 112 113 114 114 115 112 116 117 118 118 119 116 120 121 122 122 123 120 124 125 126 126 114 124 115 114 126 126 127 115 128 129 113 113 112 128 117 130 131 131 118 117 118 132 133 133 119 118 119 134 135 135 116 119 116 136 137 137 117 116 138 139 140 140 141 138 142 143 144 144 145 142 146 147 148 148 149 146 150 146 149 149 151 150 152 151 149 149 153 152 154 146 150 150 155 154 156 157 158 158 159 156 144 152 153 153 145 144 160 161 162 162 163 160 164 165 166 166 167 164 
						165 162 157 157 166 165 166 157 156 156 168 166 167 143 142 142 164 167 169 163 162 162 165 169 170 171 172 172 173 170 174 175 176 176 177 174 178 179 180 180 181 178 171 178 181 181 172 171 182 172 181 181 183 182 174 178 171 171 175 174 184 185 186 186 187 184 188 189 190 190 191 188 192 193 194 194 195 192 185 196 197 197 198 185 199 200 195 195 194 199 201 196 185 185 184 201 189 202 203 203 190 189 190 204 205 205 191 190 191 206 207 207 188 191 188 208 209 209 189 188 210 211 212 212 213 210 214 215 216 216 217 214 218 219 220 220 221 218 222 223 224 224 212 222 213 212 224 224 225 213 226 227 211 211 210 226 215 228 229 229 216 215 216 230 231 231 217 216 217 232 233 233 214 217 214 234 235 235 215 214 236 237 238 238 239 236 240 236 239 239 241 240 
						242 243 244 244 245 242 246 242 245 245 247 246 239 247 245 245 241 239 240 248 249 249 236 240 250 251 252 252 253 250 254 255 256 256 257 254 258 259 260 260 261 258 262 263 261 261 264 262 265 264 261 261 260 265 266 267 251 251 250 266 255 268 269 269 256 255 256 270 271 271 257 256 257 272 273 273 254 257 254 274 275 275 255 254 276 277 278 278 279 276 280 281 282 282 283 280 284 285 286 286 287 284 288 284 287 287 289 288 290 291 287 287 286 290 280 292 293 293 281 280 277 288 289 289 278 277 294 291 290 290 295 294 279 282 281 281 276 279 296 297 298 298 299 296 300 301 288 288 302 300 302 288 277 277 299 302 299 277 276 276 296 299 296 276 281 281 303 296 304 305 306 306 307 304 308 309 310 310 311 308 312 308 311 311 313 312 314 315 316 316 317 314 
						318 319 313 313 311 318 320 315 314 314 321 320 305 314 317 317 306 305 322 319 318 318 323 322 307 310 309 309 304 307 324 325 326 326 327 324 325 328 329 329 326 325 330 314 305 305 327 330 327 305 304 304 324 327 324 304 309 309 331 324 332 333 334 334 335 332 336 337 338 338 339 336 340 341 342 342 343 340 344 345 346 346 347 344 348 347 346 346 349 348 350 345 344 344 351 350 337 352 353 353 338 337 338 354 355 355 339 338 339 356 357 357 336 339 336 358 359 359 337 336 360 361 362 362 363 360 364 365 366 366 367 364 368 369 370 370 371 368 361 368 371 371 362 361 372 362 371 371 373 372 364 368 361 361 365 364 374 375 376 376 377 374 378 379 380 380 381 378 382 383 384 384 385 382 386 387 385 385 388 386 389 388 385 385 384 389 390 391 375 375 374 390 
						379 392 393 393 380 379 380 394 395 395 381 380 381 396 397 397 378 381 378 398 399 399 379 378 400 401 402 402 403 400 404 405 406 406 407 404 408 409 410 410 411 408 412 408 411 411 413 412 414 415 411 411 410 414 404 416 417 417 405 404 401 412 413 413 402 401 418 415 414 414 419 418 403 406 405 405 400 403 420 421 422 422 423 420 424 425 412 412 426 424 426 412 401 401 423 426 423 401 400 400 420 423 420 400 405 405 427 420 428 429 430 430 431 428 432 433 434 434 435 432 436 437 438 438 439 436 440 441 439 439 442 440 443 442 439 439 438 443 444 445 429 429 428 444 433 446 447 447 434 433 434 448 449 449 435 434 435 450 451 451 432 435 432 452 453 453 433 432 454 455 456 456 457 454 458 459 460 460 461 458 462 463 464 464 465 462 455 466 467 467 468 455 
						469 470 465 465 464 469 471 466 455 455 454 471 459 472 473 473 460 459 460 474 475 475 461 460 461 476 477 477 458 461 458 478 479 479 459 458 480 481 482 482 483 480 484 480 483 483 485 484 486 487 488 488 489 486 490 486 489 489 491 490 483 491 489 489 485 483 484 492 493 493 480 484 494 495 496 496 497 494 498 499 500 500 501 498 502 503 504 504 505 502 506 507 505 505 508 506 509 508 505 505 504 509 510 511 495 495 494 510 512 513 514 514 515 512 500 516 517 517 501 500 518 519 520 520 498 518 521 522 523 523 524 521 522 525 513 513 523 522 523 513 512 512 526 523 524 499 498 498 521 524 521 498 520 520 527 521 528 529 530 530 531 528 532 533 534 534 535 532 536 532 535 535 537 536 538 539 540 540 541 538 542 543 537 537 535 542 544 539 538 538 545 544 
						529 538 541 541 530 529 546 543 542 542 547 546 531 534 533 533 528 531 548 549 550 550 551 548 549 552 553 553 550 549 554 538 529 529 551 554 551 529 528 528 548 551 548 528 533 533 555 548 556 557 558 558 559 556 560 561 562 562 563 560 564 565 566 566 567 564 568 569 570 570 571 568 572 571 570 570 573 572 574 569 568 568 575 574 561 576 577 577 562 561 562 578 579 579 563 562 563 580 581 581 560 563 560 582 583 583 561 560 584 585 586 586 587 584 588 589 590 590 591 588 592 593 594 594 595 592 585 584 596 596 597 585 598 599 600 600 601 598 602 603 604 604 605 602 589 606 607 607 590 589 589 588 608 608 609 589 610 611 612 612 613 610 591 590 614 614 615 591 606 602 605 605 607 606 587 586 615 615 614 587 611 598 601 601 612 611 609 608 595 595 594 609 
						616 617 618 618 619 616 617 620 621 621 618 617 610 622 621 621 620 610 613 623 622 622 610 613 613 624 625 625 623 613 624 626 627 627 625 624 628 629 627 627 626 628 616 619 630 630 631 616 585 632 633 633 586 585 634 635 636 636 637 634 638 591 615 615 639 638 640 588 591 591 638 640 588 640 641 641 608 588 608 641 642 642 595 608 643 592 595 595 642 643 632 585 597 597 644 632 632 619 618 618 633 632 619 632 644 644 630 619 629 643 642 642 627 629 641 625 627 627 642 641 640 623 625 625 641 640 623 640 638 638 622 623 622 638 639 639 621 622 635 645 646 646 636 635 636 647 648 648 637 636 637 649 650 650 634 637 634 651 652 652 635 634 645 653 654 654 646 645 646 655 647 647 636 646 635 652 656 656 645 635 657 658 659 659 660 657 661 662 663 663 664 661 
						665 666 667 667 668 665 669 670 668 668 671 669 672 671 668 668 667 672 673 674 658 658 657 673 662 675 676 676 663 662 663 677 678 678 664 663 664 679 680 680 661 664 661 681 682 682 662 661 683 684 685 685 686 683 687 688 689 689 690 687 691 692 693 693 694 691 684 695 696 696 697 684 698 699 694 694 693 698 700 695 684 684 683 700 688 701 702 702 689 688 689 703 704 704 690 689 690 705 706 706 687 690 687 707 708 708 688 687 709 710 711 711 712 709 713 714 715 715 716 713 717 718 719 719 720 717 721 722 723 723 711 721 712 711 723 723 724 712 725 726 710 710 709 725 714 727 728 728 715 714 715 729 730 730 716 715 716 731 732 732 713 716 713 733 734 734 714 713 735 736 737 737 738 735 739 740 741 741 742 739 743 744 745 745 746 743 747 743 746 746 748 747 
						749 748 746 746 750 749 751 743 747 747 752 751 753 754 755 755 756 753 741 757 758 758 742 741 759 760 761 761 762 759 763 764 765 765 766 763 764 761 754 754 765 764 765 754 753 753 767 765 766 740 739 739 763 766 768 762 761 761 764 768 769 770 771 771 772 769 773 774 775 775 776 773 777 778 779 779 780 777 770 781 782 782 771 770 783 784 780 780 779 783 785 781 770 770 786 785 774 787 788 788 775 774 775 789 790 790 776 775 776 791 792 792 773 776 773 793 794 794 774 773 795 796 797 797 798 795 799 800 801 801 802 799 803 804 805 805 806 803 807 808 809 809 797 807 798 797 809 809 810 798 811 812 796 796 795 811 800 813 814 814 801 800 801 815 816 816 802 801 802 817 818 818 799 802 799 819 820 820 800 799 821 822 823 823 824 821 825 826 827 827 828 825 
						829 830 831 831 832 829 822 833 834 834 835 822 836 837 832 832 831 836 838 833 822 822 821 838 826 839 840 840 827 826 827 841 842 842 828 827 828 843 844 844 825 828 825 845 846 846 826 825 847 848 849 849 850 847 851 852 853 853 854 851 855 856 857 857 858 855 859 860 858 858 861 859 862 861 858 858 857 862 863 864 848 848 847 863 852 865 866 866 853 852 853 867 868 868 854 853 854 869 870 870 851 854 851 871 872 872 852 851 873 874 875 875 876 873 877 878 879 879 880 877 881 882 883 883 884 881 885 881 884 884 886 885 887 886 884 884 888 887 889 881 885 885 890 889 891 892 893 893 894 891 879 887 888 888 880 879 895 896 897 897 898 895 899 900 901 901 902 899 900 897 892 892 901 900 901 892 891 891 903 901 902 878 877 877 899 902 904 898 897 897 900 904 
						905 906 907 907 908 905 909 910 911 911 912 909 913 914 915 915 916 913 917 918 919 919 920 917 921 920 919 919 922 921 923 918 917 917 924 923 910 925 926 926 911 910 911 927 928 928 912 911 912 929 930 930 909 912 909 931 932 932 910 909 
					</p>
				</polylist>
			</mesh>
		</geometry>
	</library_geometries>
	<library_visual_scenes>
		<visual_scene id="RootNode" name="RootNode">
			<node id="WindowPart26" name="WindowPart26">
				<matrix>1.000000 0.000000 0.000000 0.000000 0.000000 1.000000 0.000000 0.000000 0.000000 0.000000 1.000000 0.000000 0.000000 0.000000 0.000000 1.000000</matrix>
				<instance_geometry url="#meshId0">
					<bind_material>
						<technique_common>
							<instance_material symbol="defaultMaterial" target="#openPBR_shader1" />
						</technique_common>
					</bind_material>
				</instance_geometry>
			</node>
		</visual_scene>
	</library_visual_scenes>
	<scene>
		<instance_visual_scene url="#RootNode" />
	</scene>
</COLLADA>
