# MagicaVoxel @ Ephtracy

# group
o 

# material
mtllib motel3.mtl
usemtl palette

# normals
vn -1 0 0
vn 1 0 0
vn 0 0 1
vn 0 0 -1
vn 0 -1 0
vn 0 1 0

# texcoords
vt 0.0292969 0.5
vt 0.0644531 0.5
vt 0.248047 0.5
vt 0.251953 0.5
vt 0.275391 0.5
vt 0.310547 0.5
vt 0.318359 0.5
vt 0.322266 0.5
vt 0.353516 0.5
vt 0.763672 0.5
vt 0.943359 0.5
vt 0.978516 0.5
vt 0.986328 0.5
vt 0.990234 0.5

# verts
v -8.2 0 8
v -8.2 0 6.4
v -8.2 0 3.2
v -8.2 0 2
v -8.2 0 -6.8
v -8.2 0 -8
v -8.2 0.4 7.6
v -8.2 0.4 6.8
v -8.2 0.8 6.4
v -8.2 0.8 6
v -8.2 1.2 6
v -8.2 1.2 3.2
v -8.2 1.2 2
v -8.2 1.2 -6.8
v -8.2 1.2 -8
v -8.2 2 6.4
v -8.2 2 6
v -8.2 2 5.6
v -8.2 2 5.2
v -8.2 2 4.4
v -8.2 2 4
v -8.2 2 3.6
v -8.2 2 3.2
v -8.2 3.2 6.4
v -8.2 3.2 6
v -8.2 3.2 5.6
v -8.2 3.2 5.2
v -8.2 3.2 4.4
v -8.2 3.2 4
v -8.2 3.2 3.6
v -8.2 3.2 3.2
v -8.2 3.6 6.4
v -8.2 3.6 3.2
v -8.2 6.4 7.6
v -8.2 6.4 6.8
v -8.2 6.8 8
v -8.2 6.8 7.2
v -8.2 6.8 6.4
v -8.2 6.8 3.2
v -8.2 7.2 8
v -8.2 7.2 7.2
v -8.2 7.2 6
v -8.2 7.6 7.2
v -8.2 7.6 6
v -8.2 7.6 4.8
v -8.2 8 6
v -8.2 8 4.8
v -8.2 8 1.6
v -8.2 8.4 4.8
v -8.2 8.4 3.6
v -8.2 8.4 1.6
v -8.2 8.4 0.4
v -8.2 8.8 3.6
v -8.2 8.8 1.6
v -8.2 9.2 1.6
v -8.2 9.2 0.4
v -8.2 9.2 -8
v -8.2 9.6 0.4
v -8.2 9.6 -8
v -8.2 10.8 -3.2
v -8.2 10.8 -3.6
v -8.2 14.4 -3.2
v -8.2 14.4 -3.6
v -7.8 0 6.4
v -7.8 0 6
v -7.8 0.4 6
v -7.8 0.4 5.6
v -7.8 0.8 6.4
v -7.8 0.8 6
v -7.8 0.8 5.6
v -7.8 0.8 3.2
v -7.8 0.8 2
v -7.8 0.8 -6.8
v -7.8 1.2 6
v -7.8 1.2 3.2
v -7.8 1.2 2
v -7.8 1.2 -6.8
v -7.8 9.6 -3.6
v -7.8 9.6 -4
v -7.8 10.8 -3.6
v -7.8 14 -3.6
v -7.8 14 -4
v -7.4 2 6.4
v -7.4 2 6
v -7.4 3.2 6.4
v -7.4 3.2 6
v -7.4 11.2 -2.8
v -7.4 11.2 -3.2
v -7.4 13.6 -2.8
v -7.4 13.6 -3.2
v -7 13.6 -2.8
v -7 13.6 -3.2
v -7 14 -2.8
v -7 14 -3.2
v -6.6 2 6.4
v -6.6 2 6
v -6.6 3.2 6.4
v -6.6 3.2 6
v -6.2 11.2 -2.8
v -6.2 11.2 -3.2
v -6.2 13.6 -2.8
v -6.2 13.6 -3.2
v -5.8 0 7.6
v -5.8 0 6.4
v -5.8 0.4 8
v -5.8 0.4 7.6
v -5.8 0.8 7.6
v -5.8 0.8 7.2
v -5.8 1.2 7.2
v -5.8 1.2 6.8
v -5.8 1.6 8
v -5.8 1.6 7.6
v -5.8 1.6 6.8
v -5.8 1.6 6.4
v -5.8 2 8
v -5.8 2 7.6
v -5.8 2 7.2
v -5.8 2 6.4
v -5.8 2 6
v -5.8 2.4 7.6
v -5.8 2.4 7.2
v -5.8 2.4 6.8
v -5.8 2.8 7.2
v -5.8 2.8 6.8
v -5.8 2.8 6.4
v -5.8 3.2 6.8
v -5.8 3.2 6.4
v -5.8 3.2 6
v -5.8 13.6 -2.8
v -5.8 13.6 -3.2
v -5.8 14 -2.8
v -5.8 14 -3.2
v -5 11.2 -2.8
v -5 11.2 -3.2
v -5 13.6 -2.8
v -5 13.6 -3.2
v -4.2 11.6 -2.8
v -4.2 11.6 -3.2
v -4.2 13.6 -2.8
v -4.2 13.6 -3.2
v -3.8 11.2 -2.8
v -3.8 11.2 -3.2
v -3.8 11.6 -2.8
v -3.8 11.6 -3.2
v -3.8 13.6 -2.8
v -3.8 13.6 -3.2
v -3.8 14 -2.8
v -3.8 14 -3.2
v -2.6 0 8
v -2.6 0 7.6
v -2.6 0.4 8
v -2.6 0.4 7.6
v -2.6 0.4 7.2
v -2.6 0.8 7.6
v -2.6 0.8 7.2
v -2.6 0.8 6.8
v -2.6 1.2 7.2
v -2.6 1.2 6.8
v -2.6 1.2 6.4
v -2.6 1.6 8
v -2.6 1.6 7.6
v -2.6 1.6 6.8
v -2.6 1.6 6.4
v -2.6 1.6 6
v -2.6 1.6 3.2
v -2.6 1.6 2.8
v -2.6 1.6 2.4
v -2.6 2 8
v -2.6 2 7.6
v -2.6 2 7.2
v -2.6 2 6.4
v -2.6 2 6
v -2.6 2.4 7.6
v -2.6 2.4 7.2
v -2.6 2.4 6.8
v -2.6 2.8 7.2
v -2.6 2.8 6.8
v -2.6 2.8 6.4
v -2.6 3.2 6.8
v -2.6 3.2 6.4
v -2.6 3.2 6
v -2.6 3.6 6.4
v -2.6 3.6 6
v -2.6 6.4 3.2
v -2.6 6.4 2.8
v -2.6 6.4 2.4
v -1.8 2 6.4
v -1.8 2 6
v -1.8 3.2 6.4
v -1.8 3.2 6
v -1.8 11.6 -2.8
v -1.8 11.6 -3.2
v -1.8 13.6 -2.8
v -1.8 13.6 -3.2
v -1 2 6.4
v -1 2 6
v -1 3.2 6.4
v -1 3.2 6
v -1 13.6 -2.8
v -1 13.6 -3.2
v -1 14 -2.8
v -1 14 -3.2
v -0.2 0 3.2
v -0.2 0 2.4
v -0.2 0 -7.2
v -0.2 0 -8
v -0.2 0.8 2.4
v -0.2 0.8 -7.2
v -0.2 0.8 -7.6
v -0.2 1.2 3.2
v -0.2 1.2 2.4
v -0.2 1.2 -7.6
v -0.2 1.2 -8
v -0.2 1.6 6
v -0.2 1.6 3.2
v -0.2 1.6 2.4
v -0.2 1.6 1.6
v -0.2 1.6 0.8
v -0.2 1.6 0
v -0.2 1.6 -0.8
v -0.2 1.6 -1.6
v -0.2 1.6 -2.4
v -0.2 1.6 -3.2
v -0.2 1.6 -4
v -0.2 1.6 -4.8
v -0.2 1.6 -5.6
v -0.2 1.6 -6.4
v -0.2 1.6 -7.2
v -0.2 2 6.4
v -0.2 2 6
v -0.2 2 5.6
v -0.2 2 5.2
v -0.2 2 4.4
v -0.2 2 4
v -0.2 2 3.6
v -0.2 2 3.2
v -0.2 3.2 6.4
v -0.2 3.2 6
v -0.2 3.2 5.6
v -0.2 3.2 5.2
v -0.2 3.2 4.4
v -0.2 3.2 4
v -0.2 3.2 3.6
v -0.2 3.2 3.2
v -0.2 3.6 6
v -0.2 3.6 3.2
v -0.2 6.8 2.4
v -0.2 6.8 -7.2
v 0.2 11.2 -2.8
v 0.2 11.2 -3.2
v 0.2 13.6 -2.8
v 0.2 13.6 -3.2
v 0.6 2 6.4
v 0.6 2 6
v 0.6 3.2 6.4
v 0.6 3.2 6
v 1.4 2 6.4
v 1.4 2 6
v 1.4 3.2 6.4
v 1.4 3.2 6
v 2.2 0 7.6
v 2.2 0 6.4
v 2.2 0.4 8
v 2.2 0.4 7.6
v 2.2 0.8 7.6
v 2.2 0.8 7.2
v 2.2 1.2 7.2
v 2.2 1.2 6.8
v 2.2 1.6 8
v 2.2 1.6 7.6
v 2.2 1.6 6.8
v 2.2 1.6 6.4
v 2.2 2 8
v 2.2 2 7.6
v 2.2 2 7.2
v 2.2 2 6.4
v 2.2 2 6
v 2.2 2.4 7.6
v 2.2 2.4 7.2
v 2.2 2.4 6.8
v 2.2 2.8 7.2
v 2.2 2.8 6.8
v 2.2 2.8 6.4
v 2.2 3.2 6.8
v 2.2 3.2 6.4
v 2.2 3.2 6
v 2.2 11.6 -2.8
v 2.2 11.6 -3.2
v 2.2 13.6 -2.8
v 2.2 13.6 -3.2
v 2.6 11.2 -2.8
v 2.6 11.2 -3.2
v 2.6 11.6 -2.8
v 2.6 11.6 -3.2
v 2.6 13.6 -2.8
v 2.6 13.6 -3.2
v 2.6 14 -2.8
v 2.6 14 -3.2
v 5.4 0 8
v 5.4 0 7.6
v 5.4 0 6.8
v 5.4 0 6.4
v 5.4 0.4 8
v 5.4 0.4 7.6
v 5.4 0.4 7.2
v 5.4 0.4 6.8
v 5.4 0.4 6.4
v 5.4 0.8 7.6
v 5.4 0.8 7.2
v 5.4 0.8 6.8
v 5.4 1.2 7.2
v 5.4 1.2 6.8
v 5.4 1.2 6.4
v 5.4 1.6 8
v 5.4 1.6 7.6
v 5.4 1.6 6.8
v 5.4 1.6 6.4
v 5.4 1.6 6
v 5.4 1.6 3.2
v 5.4 1.6 2.8
v 5.4 1.6 2.4
v 5.4 2 8
v 5.4 2 7.6
v 5.4 2 7.2
v 5.4 2 6.4
v 5.4 2 6
v 5.4 2.4 7.6
v 5.4 2.4 7.2
v 5.4 2.4 6.8
v 5.4 2.8 7.2
v 5.4 2.8 6.8
v 5.4 2.8 6.4
v 5.4 3.2 6.8
v 5.4 3.2 6.4
v 5.4 3.2 6
v 5.4 3.6 6.4
v 5.4 3.6 6
v 5.4 6.4 3.2
v 5.4 6.4 2.8
v 5.4 6.4 2.4
v 5.4 11.2 -2.8
v 5.4 11.2 -3.2
v 5.4 14 -2.8
v 5.4 14 -3.2
v 5.8 0 6.4
v 5.8 0 6
v 5.8 0.8 6.4
v 5.8 0.8 6
v 6.2 2 6.4
v 6.2 2 6
v 6.2 3.2 6.4
v 6.2 3.2 6
v 6.6 0 3.2
v 6.6 0 2
v 6.6 0 -6.8
v 6.6 0 -8
v 6.6 0.8 2.4
v 6.6 0.8 2
v 6.6 0.8 -6.8
v 6.6 0.8 -7.6
v 6.6 1.2 3.2
v 6.6 1.2 2.4
v 6.6 1.2 -7.6
v 6.6 1.2 -8
v 7 0.8 6
v 7 0.8 3.2
v 7 1.2 6
v 7 1.2 3.2
v 7 2 6.4
v 7 2 6
v 7 3.2 6.4
v 7 3.2 6
v 7.4 1.6 2.4
v 7.4 1.6 1.6
v 7.4 1.6 0.8
v 7.4 1.6 0
v 7.4 1.6 -0.8
v 7.4 1.6 -1.6
v 7.4 1.6 -2.4
v 7.4 1.6 -3.2
v 7.4 1.6 -4
v 7.4 1.6 -4.8
v 7.4 1.6 -5.6
v 7.4 1.6 -6.4
v 7.4 1.6 -7.2
v 7.4 6.8 2.4
v 7.4 6.8 -7.2
v 7.4 7.2 5.6
v 7.4 7.2 3.2
v 7.4 7.2 2.8
v 7.4 7.2 -7.2
v 7.4 7.2 -7.6
v 7.4 7.6 5.6
v 7.4 7.6 4.8
v 7.4 7.6 4.4
v 7.4 8 4.4
v 7.4 8 3.2
v 7.4 8 1.6
v 7.4 8.4 3.2
v 7.4 8.4 1.6
v 7.4 8.4 1.2
v 7.4 8.4 0.4
v 7.4 8.8 1.2
v 7.4 8.8 0.4
v 7.4 8.8 0
v 7.4 9.2 0
v 7.4 9.2 -7.6
v 7.4 9.6 -3.6
v 7.4 9.6 -4
v 7.4 10.8 -3.6
v 7.4 11.2 -3.6
v 7.4 11.2 -4
v 7.4 11.6 -3.6
v 7.4 11.6 -4
v 7.4 13.6 -3.6
v 7.4 13.6 -4
v 7.8 0 7.6
v 7.8 0 6.4
v 7.8 0.4 8
v 7.8 0.4 7.6
v 7.8 0.4 6.8
v 7.8 1.6 6.4
v 7.8 1.6 6
v 7.8 1.6 3.2
v 7.8 2 6.4
v 7.8 2 6
v 7.8 2 5.6
v 7.8 2 5.2
v 7.8 2 4.4
v 7.8 2 4
v 7.8 2 3.6
v 7.8 2 3.2
v 7.8 3.2 6.4
v 7.8 3.2 6
v 7.8 3.2 5.6
v 7.8 3.2 5.2
v 7.8 3.2 4.4
v 7.8 3.2 4
v 7.8 3.2 3.6
v 7.8 3.2 3.2
v 7.8 3.6 6.4
v 7.8 3.6 6
v 7.8 3.6 3.2
v 7.8 6.4 7.6
v 7.8 6.4 6.8
v 7.8 6.8 8
v 7.8 6.8 7.2
v 7.8 6.8 6.4
v -7.8 0 7.6
v -7.8 0 6.4
v -7.8 0.4 8
v -7.8 0.4 7.6
v -7.8 0.4 6.8
v -7.8 1.6 6.4
v -7.8 1.6 6
v -7.8 1.6 3.2
v -7.8 2 6.4
v -7.8 2 6
v -7.8 2 5.6
v -7.8 2 5.2
v -7.8 2 4.4
v -7.8 2 4
v -7.8 2 3.6
v -7.8 2 3.2
v -7.8 3.2 6.4
v -7.8 3.2 6
v -7.8 3.2 5.6
v -7.8 3.2 5.2
v -7.8 3.2 4.4
v -7.8 3.2 4
v -7.8 3.2 3.6
v -7.8 3.2 3.2
v -7.8 3.6 6.4
v -7.8 3.6 6
v -7.8 3.6 3.2
v -7.8 6.4 7.6
v -7.8 6.4 6.8
v -7.8 6.8 8
v -7.8 6.8 7.2
v -7.8 6.8 6.4
v -7.8 7.2 5.6
v -7.8 7.2 3.2
v -7.8 7.2 2.8
v -7.8 7.2 -7.6
v -7.8 7.6 5.6
v -7.8 7.6 4.8
v -7.8 7.6 4.4
v -7.8 8 4.4
v -7.8 8 3.2
v -7.8 8 1.6
v -7.8 8.4 3.2
v -7.8 8.4 1.6
v -7.8 8.4 1.2
v -7.8 8.4 0.4
v -7.8 8.8 1.2
v -7.8 8.8 0.4
v -7.8 8.8 0
v -7.8 9.2 0
v -7.8 9.2 -7.6
v -7.4 0.4 6
v -7.4 0.4 5.6
v -7.4 0.8 5.6
v -7.4 0.8 3.2
v -7.4 1.2 6
v -7.4 1.2 3.2
v -7.4 1.6 2.4
v -7.4 1.6 1.6
v -7.4 1.6 0.8
v -7.4 1.6 0
v -7.4 1.6 -0.8
v -7.4 1.6 -1.6
v -7.4 1.6 -2.4
v -7.4 1.6 -3.2
v -7.4 1.6 -4
v -7.4 1.6 -4.8
v -7.4 1.6 -5.6
v -7.4 1.6 -6.4
v -7.4 1.6 -7.2
v -7.4 6.8 2.4
v -7.4 6.8 -7.2
v -7.4 9.6 -3.6
v -7.4 9.6 -4
v -7.4 10.8 -3.6
v -7.4 11.2 -3.6
v -7.4 11.2 -4
v -7.4 11.6 -3.6
v -7.4 11.6 -4
v -7.4 13.6 -3.6
v -7.4 13.6 -4
v -7 0 3.2
v -7 0 2
v -7 0 -6.8
v -7 0 -8
v -7 0.8 2.4
v -7 0.8 2
v -7 0.8 -6.8
v -7 0.8 -7.6
v -7 1.2 3.2
v -7 1.2 2.4
v -7 1.2 -7.6
v -7 1.2 -8
v -7 2 6.4
v -7 2 6
v -7 3.2 6.4
v -7 3.2 6
v -7 11.2 -2.8
v -7 11.2 -3.2
v -7 13.6 -2.8
v -7 13.6 -3.2
v -6.2 2 6.4
v -6.2 2 6
v -6.2 3.2 6.4
v -6.2 3.2 6
v -6.2 13.6 -2.8
v -6.2 13.6 -3.2
v -6.2 14 -2.8
v -6.2 14 -3.2
v -5.8 11.2 -2.8
v -5.8 11.2 -3.2
v -5.8 13.6 -2.8
v -5.8 13.6 -3.2
v -5.4 0 8
v -5.4 0 7.6
v -5.4 0.4 8
v -5.4 0.4 7.6
v -5.4 0.4 7.2
v -5.4 0.8 7.6
v -5.4 0.8 7.2
v -5.4 0.8 6.8
v -5.4 1.2 7.2
v -5.4 1.2 6.8
v -5.4 1.2 6.4
v -5.4 1.6 8
v -5.4 1.6 7.6
v -5.4 1.6 6.8
v -5.4 1.6 6.4
v -5.4 1.6 6
v -5.4 1.6 3.2
v -5.4 1.6 2.8
v -5.4 1.6 2.4
v -5.4 2 8
v -5.4 2 7.6
v -5.4 2 7.2
v -5.4 2 6.4
v -5.4 2 6
v -5.4 2.4 7.6
v -5.4 2.4 7.2
v -5.4 2.4 6.8
v -5.4 2.8 7.2
v -5.4 2.8 6.8
v -5.4 2.8 6.4
v -5.4 3.2 6.8
v -5.4 3.2 6.4
v -5.4 3.2 6
v -5.4 3.6 6.4
v -5.4 3.6 6
v -5.4 6.4 3.2
v -5.4 6.4 2.8
v -5.4 6.4 2.4
v -5 13.6 -2.8
v -5 13.6 -3.2
v -5 14 -2.8
v -5 14 -3.2
v -4.6 11.2 -2.8
v -4.6 11.2 -3.2
v -4.6 13.6 -2.8
v -4.6 13.6 -3.2
v -3.8 11.6 -2.8
v -3.8 11.6 -3.2
v -3.8 13.6 -2.8
v -3.8 13.6 -3.2
v -2.2 0 7.6
v -2.2 0 6.4
v -2.2 0.4 8
v -2.2 0.4 7.6
v -2.2 0.8 7.6
v -2.2 0.8 7.2
v -2.2 1.2 7.2
v -2.2 1.2 6.8
v -2.2 1.6 8
v -2.2 1.6 7.6
v -2.2 1.6 6.8
v -2.2 1.6 6.4
v -2.2 2 8
v -2.2 2 7.6
v -2.2 2 7.2
v -2.2 2 6.4
v -2.2 2 6
v -2.2 2.4 7.6
v -2.2 2.4 7.2
v -2.2 2.4 6.8
v -2.2 2.8 7.2
v -2.2 2.8 6.8
v -2.2 2.8 6.4
v -2.2 3.2 6.8
v -2.2 3.2 6.4
v -2.2 3.2 6
v -1.8 11.2 -2.8
v -1.8 11.2 -3.2
v -1.8 11.6 -2.8
v -1.8 11.6 -3.2
v -1.8 13.6 -2.8
v -1.8 13.6 -3.2
v -1.8 14 -2.8
v -1.8 14 -3.2
v -1.4 2 6.4
v -1.4 2 6
v -1.4 3.2 6.4
v -1.4 3.2 6
v -1.4 11.6 -2.8
v -1.4 11.6 -3.2
v -1.4 13.6 -2.8
v -1.4 13.6 -3.2
v -0.6 2 6.4
v -0.6 2 6
v -0.6 3.2 6.4
v -0.6 3.2 6
v 0.2 1.6 6
v 0.2 1.6 3.2
v 0.2 1.6 2.4
v 0.2 1.6 1.6
v 0.2 1.6 0.8
v 0.2 1.6 0
v 0.2 1.6 -0.8
v 0.2 1.6 -1.6
v 0.2 1.6 -2.4
v 0.2 1.6 -3.2
v 0.2 1.6 -4
v 0.2 1.6 -4.8
v 0.2 1.6 -5.6
v 0.2 1.6 -6.4
v 0.2 1.6 -7.2
v 0.2 2 6.4
v 0.2 2 6
v 0.2 2 5.6
v 0.2 2 5.2
v 0.2 2 4.4
v 0.2 2 4
v 0.2 2 3.6
v 0.2 2 3.2
v 0.2 3.2 6.4
v 0.2 3.2 6
v 0.2 3.2 5.6
v 0.2 3.2 5.2
v 0.2 3.2 4.4
v 0.2 3.2 4
v 0.2 3.2 3.6
v 0.2 3.2 3.2
v 0.2 3.6 6
v 0.2 3.6 3.2
v 0.2 6.8 2.4
v 0.2 6.8 -7.2
v 0.6 0 3.2
v 0.6 0 2.4
v 0.6 0 -7.2
v 0.6 0 -8
v 0.6 0.8 2.4
v 0.6 0.8 -7.2
v 0.6 0.8 -7.6
v 0.6 1.2 3.2
v 0.6 1.2 2.4
v 0.6 1.2 -7.6
v 0.6 1.2 -8
v 0.6 11.2 -2.8
v 0.6 11.2 -3.2
v 0.6 13.6 -2.8
v 0.6 13.6 -3.2
v 1 2 6.4
v 1 2 6
v 1 3.2 6.4
v 1 3.2 6
v 1.8 2 6.4
v 1.8 2 6
v 1.8 3.2 6.4
v 1.8 3.2 6
v 1.8 13.6 -2.8
v 1.8 13.6 -3.2
v 1.8 14 -2.8
v 1.8 14 -3.2
v 2.2 0 6.4
v 2.2 0 6
v 2.2 0.8 6.4
v 2.2 0.8 6
v 2.6 0 8
v 2.6 0 7.6
v 2.6 0 6.8
v 2.6 0 6.4
v 2.6 0.4 8
v 2.6 0.4 7.6
v 2.6 0.4 7.2
v 2.6 0.4 6.8
v 2.6 0.4 6.4
v 2.6 0.8 7.6
v 2.6 0.8 7.2
v 2.6 0.8 6.8
v 2.6 1.2 7.2
v 2.6 1.2 6.8
v 2.6 1.2 6.4
v 2.6 1.6 8
v 2.6 1.6 7.6
v 2.6 1.6 6.8
v 2.6 1.6 6.4
v 2.6 1.6 6
v 2.6 1.6 3.2
v 2.6 1.6 2.8
v 2.6 1.6 2.4
v 2.6 2 8
v 2.6 2 7.6
v 2.6 2 7.2
v 2.6 2 6.4
v 2.6 2 6
v 2.6 2.4 7.6
v 2.6 2.4 7.2
v 2.6 2.4 6.8
v 2.6 2.8 7.2
v 2.6 2.8 6.8
v 2.6 2.8 6.4
v 2.6 3.2 6.8
v 2.6 3.2 6.4
v 2.6 3.2 6
v 2.6 3.6 6.4
v 2.6 3.6 6
v 2.6 6.4 3.2
v 2.6 6.4 2.8
v 2.6 6.4 2.4
v 2.6 11.6 -2.8
v 2.6 11.6 -3.2
v 2.6 12.4 -2.8
v 2.6 12.4 -3.2
v 2.6 12.8 -2.8
v 2.6 12.8 -3.2
v 2.6 13.6 -2.8
v 2.6 13.6 -3.2
v 4.6 12.4 -2.8
v 4.6 12.4 -3.2
v 4.6 12.8 -2.8
v 4.6 12.8 -3.2
v 5 11.2 -2.8
v 5 11.2 -3.2
v 5 11.6 -2.8
v 5 11.6 -3.2
v 5 13.6 -2.8
v 5 13.6 -3.2
v 5 14 -2.8
v 5 14 -3.2
v 5.8 0 7.6
v 5.8 0 6.4
v 5.8 0.4 8
v 5.8 0.4 7.6
v 5.8 0.8 7.6
v 5.8 0.8 7.2
v 5.8 1.2 7.2
v 5.8 1.2 6.8
v 5.8 1.6 8
v 5.8 1.6 7.6
v 5.8 1.6 6.8
v 5.8 1.6 6.4
v 5.8 2 8
v 5.8 2 7.6
v 5.8 2 7.2
v 5.8 2 6.4
v 5.8 2 6
v 5.8 2.4 7.6
v 5.8 2.4 7.2
v 5.8 2.4 6.8
v 5.8 2.8 7.2
v 5.8 2.8 6.8
v 5.8 2.8 6.4
v 5.8 3.2 6.8
v 5.8 3.2 6.4
v 5.8 3.2 6
v 5.8 11.6 -2.8
v 5.8 11.6 -3.2
v 5.8 14 -2.8
v 5.8 14 -3.2
v 6.6 2 6.4
v 6.6 2 6
v 6.6 3.2 6.4
v 6.6 3.2 6
v 7.4 0.8 6
v 7.4 0.8 3.2
v 7.4 0.8 2
v 7.4 0.8 -6.8
v 7.4 1.2 6
v 7.4 1.2 3.2
v 7.4 1.2 2
v 7.4 1.2 -6.8
v 7.4 2 6.4
v 7.4 2 6
v 7.4 3.2 6.4
v 7.4 3.2 6
v 7.4 11.2 -2.8
v 7.4 11.2 -3.2
v 7.4 11.6 -2.8
v 7.4 11.6 -3.2
v 7.8 0 6.4
v 7.8 0 6
v 7.8 0.8 6.4
v 7.8 0.8 6
v 7.8 9.6 -3.6
v 7.8 9.6 -4
v 7.8 10.8 -3.6
v 7.8 14 -3.6
v 7.8 14 -4
v 8.2 0 8
v 8.2 0 6.4
v 8.2 0 3.2
v 8.2 0 2
v 8.2 0 -6.8
v 8.2 0 -8
v 8.2 0.4 7.6
v 8.2 0.4 6.8
v 8.2 0.8 6.4
v 8.2 0.8 6
v 8.2 1.2 6
v 8.2 1.2 3.2
v 8.2 1.2 2
v 8.2 1.2 -6.8
v 8.2 1.2 -8
v 8.2 2 6.4
v 8.2 2 6
v 8.2 2 5.6
v 8.2 2 5.2
v 8.2 2 4.4
v 8.2 2 4
v 8.2 2 3.6
v 8.2 2 3.2
v 8.2 3.2 6.4
v 8.2 3.2 6
v 8.2 3.2 5.6
v 8.2 3.2 5.2
v 8.2 3.2 4.4
v 8.2 3.2 4
v 8.2 3.2 3.6
v 8.2 3.2 3.2
v 8.2 3.6 6.4
v 8.2 3.6 3.2
v 8.2 6.4 7.6
v 8.2 6.4 6.8
v 8.2 6.8 8
v 8.2 6.8 7.2
v 8.2 6.8 6.4
v 8.2 6.8 3.2
v 8.2 7.2 8
v 8.2 7.2 7.2
v 8.2 7.2 6
v 8.2 7.6 7.2
v 8.2 7.6 6
v 8.2 7.6 4.8
v 8.2 8 6
v 8.2 8 4.8
v 8.2 8 1.6
v 8.2 8.4 4.8
v 8.2 8.4 3.6
v 8.2 8.4 1.6
v 8.2 8.4 0.4
v 8.2 8.8 3.6
v 8.2 8.8 1.6
v 8.2 9.2 1.6
v 8.2 9.2 0.4
v 8.2 9.2 -8
v 8.2 9.6 0.4
v 8.2 9.6 -8
v 8.2 10.8 -3.2
v 8.2 10.8 -3.6
v 8.2 14.4 -3.2
v 8.2 14.4 -3.6
v -8.2 0 8
v -8.2 6.8 8
v -8.2 7.2 8
v -7.8 0.4 8
v -7.8 6.8 8
v -5.8 0.4 8
v -5.8 1.6 8
v -5.8 2 8
v -5.4 0 8
v -5.4 0.4 8
v -5.4 1.6 8
v -5.4 2 8
v -2.6 0 8
v -2.6 0.4 8
v -2.6 1.6 8
v -2.6 2 8
v -2.2 0.4 8
v -2.2 1.6 8
v -2.2 2 8
v 2.2 0.4 8
v 2.2 1.6 8
v 2.2 2 8
v 2.6 0 8
v 2.6 0.4 8
v 2.6 1.6 8
v 2.6 2 8
v 5.4 0 8
v 5.4 0.4 8
v 5.4 1.6 8
v 5.4 2 8
v 5.8 0.4 8
v 5.8 1.6 8
v 5.8 2 8
v 7.8 0.4 8
v 7.8 6.8 8
v 8.2 0 8
v 8.2 6.8 8
v 8.2 7.2 8
v -5.8 2 7.6
v -5.8 2.4 7.6
v -5.4 0 7.6
v -5.4 0.4 7.6
v -5.4 2 7.6
v -5.4 2.4 7.6
v -2.6 0 7.6
v -2.6 0.4 7.6
v -2.6 2 7.6
v -2.6 2.4 7.6
v -2.2 2 7.6
v -2.2 2.4 7.6
v 2.2 2 7.6
v 2.2 2.4 7.6
v 2.6 0 7.6
v 2.6 0.4 7.6
v 2.6 2 7.6
v 2.6 2.4 7.6
v 5.4 0 7.6
v 5.4 0.4 7.6
v 5.4 2 7.6
v 5.4 2.4 7.6
v 5.8 2 7.6
v 5.8 2.4 7.6
v -8.2 7.2 7.2
v -8.2 7.6 7.2
v -5.8 0.8 7.2
v -5.8 1.2 7.2
v -5.8 2 7.2
v -5.8 2.4 7.2
v -5.8 2.8 7.2
v -5.4 0.4 7.2
v -5.4 0.8 7.2
v -5.4 1.2 7.2
v -5.4 2 7.2
v -5.4 2.4 7.2
v -5.4 2.8 7.2
v -2.6 0.4 7.2
v -2.6 0.8 7.2
v -2.6 1.2 7.2
v -2.6 2 7.2
v -2.6 2.4 7.2
v -2.6 2.8 7.2
v -2.2 0.8 7.2
v -2.2 1.2 7.2
v -2.2 2 7.2
v -2.2 2.4 7.2
v -2.2 2.8 7.2
v 2.2 0.8 7.2
v 2.2 1.2 7.2
v 2.2 2 7.2
v 2.2 2.4 7.2
v 2.2 2.8 7.2
v 2.6 0.4 7.2
v 2.6 0.8 7.2
v 2.6 1.2 7.2
v 2.6 2 7.2
v 2.6 2.4 7.2
v 2.6 2.8 7.2
v 5.4 0.4 7.2
v 5.4 0.8 7.2
v 5.4 1.2 7.2
v 5.4 2 7.2
v 5.4 2.4 7.2
v 5.4 2.8 7.2
v 5.8 0.8 7.2
v 5.8 1.2 7.2
v 5.8 2 7.2
v 5.8 2.4 7.2
v 5.8 2.8 7.2
v 8.2 7.2 7.2
v 8.2 7.6 7.2
v -8.2 0.4 6.8
v -8.2 6.4 6.8
v -7.8 0.4 6.8
v -7.8 6.4 6.8
v -5.8 2.8 6.8
v -5.8 3.2 6.8
v -5.4 0.8 6.8
v -5.4 1.2 6.8
v -5.4 2.8 6.8
v -5.4 3.2 6.8
v -2.6 0.8 6.8
v -2.6 1.2 6.8
v -2.6 2.8 6.8
v -2.6 3.2 6.8
v -2.2 2.8 6.8
v -2.2 3.2 6.8
v 2.2 2.8 6.8
v 2.2 3.2 6.8
v 2.6 0.8 6.8
v 2.6 1.2 6.8
v 2.6 2.8 6.8
v 2.6 3.2 6.8
v 5.4 0.8 6.8
v 5.4 1.2 6.8
v 5.4 2.8 6.8
v 5.4 3.2 6.8
v 5.8 2.8 6.8
v 5.8 3.2 6.8
v 7.8 0.4 6.8
v 7.8 6.4 6.8
v 8.2 0.4 6.8
v 8.2 6.4 6.8
v -7.8 0 6.4
v -7.8 1.6 6.4
v -7.8 2 6.4
v -7.8 3.2 6.4
v -7.8 3.6 6.4
v -7.4 2 6.4
v -7.4 3.2 6.4
v -7 2 6.4
v -7 3.2 6.4
v -6.6 2 6.4
v -6.6 3.2 6.4
v -6.2 2 6.4
v -6.2 3.2 6.4
v -5.8 0 6.4
v -5.8 1.6 6.4
v -5.8 2 6.4
v -5.8 2.8 6.4
v -5.8 3.2 6.4
v -5.4 1.2 6.4
v -5.4 1.6 6.4
v -5.4 2 6.4
v -5.4 2.8 6.4
v -5.4 3.2 6.4
v -5.4 3.6 6.4
v -2.6 1.2 6.4
v -2.6 1.6 6.4
v -2.6 2 6.4
v -2.6 2.8 6.4
v -2.6 3.2 6.4
v -2.6 3.6 6.4
v -2.2 0 6.4
v -2.2 1.6 6.4
v -2.2 2 6.4
v -2.2 2.8 6.4
v -2.2 3.2 6.4
v -1.8 2 6.4
v -1.8 3.2 6.4
v -1.4 2 6.4
v -1.4 3.2 6.4
v -1 2 6.4
v -1 3.2 6.4
v -0.6 2 6.4
v -0.6 3.2 6.4
v -0.2 2 6.4
v -0.2 3.2 6.4
v 0.2 2 6.4
v 0.2 3.2 6.4
v 0.6 2 6.4
v 0.6 3.2 6.4
v 1 2 6.4
v 1 3.2 6.4
v 1.4 2 6.4
v 1.4 3.2 6.4
v 1.8 2 6.4
v 1.8 3.2 6.4
v 2.2 0 6.4
v 2.2 1.6 6.4
v 2.2 2 6.4
v 2.2 2.8 6.4
v 2.2 3.2 6.4
v 2.6 1.2 6.4
v 2.6 1.6 6.4
v 2.6 2 6.4
v 2.6 2.8 6.4
v 2.6 3.2 6.4
v 2.6 3.6 6.4
v 5.4 1.2 6.4
v 5.4 1.6 6.4
v 5.4 2 6.4
v 5.4 2.8 6.4
v 5.4 3.2 6.4
v 5.4 3.6 6.4
v 5.8 0 6.4
v 5.8 1.6 6.4
v 5.8 2 6.4
v 5.8 2.8 6.4
v 5.8 3.2 6.4
v 6.2 2 6.4
v 6.2 3.2 6.4
v 6.6 2 6.4
v 6.6 3.2 6.4
v 7 2 6.4
v 7 3.2 6.4
v 7.4 2 6.4
v 7.4 3.2 6.4
v 7.8 0 6.4
v 7.8 1.6 6.4
v 7.8 2 6.4
v 7.8 3.2 6.4
v 7.8 3.6 6.4
v -8.2 7.6 6
v -8.2 8 6
v 8.2 7.6 6
v 8.2 8 6
v -8.2 2 5.6
v -8.2 3.2 5.6
v -7.8 2 5.6
v -7.8 3.2 5.6
v -0.2 2 5.6
v -0.2 3.2 5.6
v 0.2 2 5.6
v 0.2 3.2 5.6
v 7.8 2 5.6
v 7.8 3.2 5.6
v 8.2 2 5.6
v 8.2 3.2 5.6
v -8.2 8 4.8
v -8.2 8.4 4.8
v 8.2 8 4.8
v 8.2 8.4 4.8
v -8.2 2 4.4
v -8.2 3.2 4.4
v -7.8 2 4.4
v -7.8 3.2 4.4
v -0.2 2 4.4
v -0.2 3.2 4.4
v 0.2 2 4.4
v 0.2 3.2 4.4
v 7.8 2 4.4
v 7.8 3.2 4.4
v 8.2 2 4.4
v 8.2 3.2 4.4
v -8.2 2 3.6
v -8.2 3.2 3.6
v -8.2 8.4 3.6
v -8.2 8.8 3.6
v -7.8 2 3.6
v -7.8 3.2 3.6
v -0.2 2 3.6
v -0.2 3.2 3.6
v 0.2 2 3.6
v 0.2 3.2 3.6
v 7.8 2 3.6
v 7.8 3.2 3.6
v 8.2 2 3.6
v 8.2 3.2 3.6
v 8.2 8.4 3.6
v 8.2 8.8 3.6
v -8.2 0 3.2
v -8.2 1.2 3.2
v -8.2 3.6 3.2
v -8.2 6.8 3.2
v -7.8 0.8 3.2
v -7.8 1.2 3.2
v -7.8 1.6 3.2
v -7.8 2 3.2
v -7.8 3.2 3.2
v -7.8 3.6 3.2
v -7.8 6.8 3.2
v -7.4 0.8 3.2
v -7.4 1.2 3.2
v -7 0 3.2
v -7 1.2 3.2
v -5.4 1.6 3.2
v -5.4 6.4 3.2
v -2.6 1.6 3.2
v -2.6 6.4 3.2
v -0.2 0 3.2
v -0.2 1.2 3.2
v -0.2 1.6 3.2
v -0.2 2 3.2
v -0.2 3.2 3.2
v -0.2 3.6 3.2
v -0.2 6.8 3.2
v 0.2 1.6 3.2
v 0.2 2 3.2
v 0.2 3.2 3.2
v 0.2 3.6 3.2
v 0.2 6.8 3.2
v 0.6 0 3.2
v 0.6 1.2 3.2
v 2.6 1.6 3.2
v 2.6 6.4 3.2
v 5.4 1.6 3.2
v 5.4 6.4 3.2
v 6.6 0 3.2
v 6.6 1.2 3.2
v 7 0.8 3.2
v 7 1.2 3.2
v 7.4 0.8 3.2
v 7.4 1.2 3.2
v 7.8 1.6 3.2
v 7.8 2 3.2
v 7.8 3.2 3.2
v 7.8 3.6 3.2
v 7.8 6.8 3.2
v 8.2 0 3.2
v 8.2 1.2 3.2
v 8.2 3.6 3.2
v 8.2 6.8 3.2
v -7 0.8 2.4
v -7 1.2 2.4
v -0.2 0.8 2.4
v -0.2 1.2 2.4
v 0.6 0.8 2.4
v 0.6 1.2 2.4
v 6.6 0.8 2.4
v 6.6 1.2 2.4
v -8.2 8.8 1.6
v -8.2 9.2 1.6
v 8.2 8.8 1.6
v 8.2 9.2 1.6
v -8.2 9.2 0.4
v -8.2 9.6 0.4
v 8.2 9.2 0.4
v 8.2 9.6 0.4
v -7.4 11.2 -2.8
v -7.4 13.6 -2.8
v -7 11.2 -2.8
v -7 13.6 -2.8
v -7 14 -2.8
v -6.2 11.2 -2.8
v -6.2 13.6 -2.8
v -6.2 14 -2.8
v -5.8 11.2 -2.8
v -5.8 13.6 -2.8
v -5.8 14 -2.8
v -5 11.2 -2.8
v -5 13.6 -2.8
v -5 14 -2.8
v -4.6 11.2 -2.8
v -4.6 13.6 -2.8
v -4.2 11.6 -2.8
v -4.2 13.6 -2.8
v -3.8 11.2 -2.8
v -3.8 11.6 -2.8
v -3.8 13.6 -2.8
v -3.8 14 -2.8
v -1.8 11.2 -2.8
v -1.8 11.6 -2.8
v -1.8 13.6 -2.8
v -1.8 14 -2.8
v -1.4 11.6 -2.8
v -1.4 13.6 -2.8
v -1 13.6 -2.8
v -1 14 -2.8
v 0.2 11.2 -2.8
v 0.2 13.6 -2.8
v 0.6 11.2 -2.8
v 0.6 13.6 -2.8
v 1.8 13.6 -2.8
v 1.8 14 -2.8
v 2.2 11.6 -2.8
v 2.2 13.6 -2.8
v 2.6 11.2 -2.8
v 2.6 11.6 -2.8
v 2.6 12.4 -2.8
v 2.6 12.8 -2.8
v 2.6 13.6 -2.8
v 2.6 14 -2.8
v 4.6 12.4 -2.8
v 4.6 12.8 -2.8
v 5 11.2 -2.8
v 5 11.6 -2.8
v 5 13.6 -2.8
v 5 14 -2.8
v 5.4 11.2 -2.8
v 5.4 14 -2.8
v 5.8 11.6 -2.8
v 5.8 14 -2.8
v 7.4 11.2 -2.8
v 7.4 11.6 -2.8
v -8.2 10.8 -3.2
v -8.2 14.4 -3.2
v -7.4 11.2 -3.2
v -7.4 13.6 -3.2
v -7 11.2 -3.2
v -7 13.6 -3.2
v -7 14 -3.2
v -6.2 11.2 -3.2
v -6.2 13.6 -3.2
v -6.2 14 -3.2
v -5.8 11.2 -3.2
v -5.8 13.6 -3.2
v -5.8 14 -3.2
v -5 11.2 -3.2
v -5 13.6 -3.2
v -5 14 -3.2
v -4.6 11.2 -3.2
v -4.6 13.6 -3.2
v -4.2 11.6 -3.2
v -4.2 13.6 -3.2
v -3.8 11.2 -3.2
v -3.8 11.6 -3.2
v -3.8 13.6 -3.2
v -3.8 14 -3.2
v -1.8 11.2 -3.2
v -1.8 11.6 -3.2
v -1.8 13.6 -3.2
v -1.8 14 -3.2
v -1.4 11.6 -3.2
v -1.4 13.6 -3.2
v -1 13.6 -3.2
v -1 14 -3.2
v 0.2 11.2 -3.2
v 0.2 13.6 -3.2
v 0.6 11.2 -3.2
v 0.6 13.6 -3.2
v 1.8 13.6 -3.2
v 1.8 14 -3.2
v 2.2 11.6 -3.2
v 2.2 13.6 -3.2
v 2.6 11.2 -3.2
v 2.6 11.6 -3.2
v 2.6 12.4 -3.2
v 2.6 12.8 -3.2
v 2.6 13.6 -3.2
v 2.6 14 -3.2
v 4.6 12.4 -3.2
v 4.6 12.8 -3.2
v 5 11.2 -3.2
v 5 11.6 -3.2
v 5 13.6 -3.2
v 5 14 -3.2
v 5.4 11.2 -3.2
v 5.4 14 -3.2
v 5.8 11.6 -3.2
v 5.8 14 -3.2
v 7.4 11.2 -3.2
v 7.4 11.6 -3.2
v 8.2 10.8 -3.2
v 8.2 14.4 -3.2
v -7.8 9.6 -3.6
v -7.8 10.8 -3.6
v -7.4 9.6 -3.6
v -7.4 10.8 -3.6
v 7.4 9.6 -3.6
v 7.4 10.8 -3.6
v 7.8 9.6 -3.6
v 7.8 10.8 -3.6
v -8.2 0 -6.8
v -8.2 1.2 -6.8
v -7.8 0.8 -6.8
v -7.8 1.2 -6.8
v -7 0 -6.8
v -7 0.8 -6.8
v 6.6 0 -6.8
v 6.6 0.8 -6.8
v 7.4 0.8 -6.8
v 7.4 1.2 -6.8
v 7.8 1.2 -6.8
v 8.2 0 -6.8
v 8.2 1.2 -6.8
v -7.4 1.6 -7.2
v -7.4 6.8 -7.2
v -6.6 1.6 -7.2
v -5.8 1.6 -7.2
v -5 1.6 -7.2
v -4.2 1.6 -7.2
v -3.4 1.6 -7.2
v -2.6 1.6 -7.2
v -1.8 1.6 -7.2
v -1 1.6 -7.2
v -0.2 0 -7.2
v -0.2 0.8 -7.2
v -0.2 1.6 -7.2
v -0.2 6.8 -7.2
v 0.2 1.6 -7.2
v 0.2 6.8 -7.2
v 0.6 0 -7.2
v 0.6 0.8 -7.2
v 1 1.6 -7.2
v 1.8 1.6 -7.2
v 2.6 1.6 -7.2
v 3.4 1.6 -7.2
v 4.2 1.6 -7.2
v 5 1.6 -7.2
v 5.8 1.6 -7.2
v 6.6 1.6 -7.2
v 7.4 1.6 -7.2
v 7.4 6.8 -7.2
v -7.8 7.2 -7.6
v -7.8 9.2 -7.6
v -0.2 7.2 -7.6
v 0.6 7.2 -7.6
v 7.4 7.2 -7.6
v 7.4 9.2 -7.6
v -8.2 0.4 7.6
v -8.2 6.4 7.6
v -7.8 0 7.6
v -7.8 0.4 7.6
v -7.8 6.4 7.6
v -5.8 0 7.6
v -5.8 0.4 7.6
v -5.8 0.8 7.6
v -5.8 1.6 7.6
v -5.8 2 7.6
v -5.4 0.8 7.6
v -5.4 1.6 7.6
v -5.4 2 7.6
v -2.6 0.8 7.6
v -2.6 1.6 7.6
v -2.6 2 7.6
v -2.2 0 7.6
v -2.2 0.4 7.6
v -2.2 0.8 7.6
v -2.2 1.6 7.6
v -2.2 2 7.6
v 2.2 0 7.6
v 2.2 0.4 7.6
v 2.2 0.8 7.6
v 2.2 1.6 7.6
v 2.2 2 7.6
v 2.6 0.8 7.6
v 2.6 1.6 7.6
v 2.6 2 7.6
v 5.4 0.8 7.6
v 5.4 1.6 7.6
v 5.4 2 7.6
v 5.8 0 7.6
v 5.8 0.4 7.6
v 5.8 0.8 7.6
v 5.8 1.6 7.6
v 5.8 2 7.6
v 7.8 0 7.6
v 7.8 0.4 7.6
v 7.8 6.4 7.6
v 8.2 0.4 7.6
v 8.2 6.4 7.6
v -5.8 1.6 6.8
v -5.8 2.4 6.8
v -5.8 2.8 6.8
v -5.4 1.6 6.8
v -5.4 2.4 6.8
v -5.4 2.8 6.8
v -2.6 1.6 6.8
v -2.6 2.4 6.8
v -2.6 2.8 6.8
v -2.2 1.6 6.8
v -2.2 2.4 6.8
v -2.2 2.8 6.8
v 2.2 1.6 6.8
v 2.2 2.4 6.8
v 2.2 2.8 6.8
v 2.6 0 6.8
v 2.6 0.4 6.8
v 2.6 1.6 6.8
v 2.6 2.4 6.8
v 2.6 2.8 6.8
v 5.4 0 6.8
v 5.4 0.4 6.8
v 5.4 1.6 6.8
v 5.4 2.4 6.8
v 5.4 2.8 6.8
v 5.8 1.6 6.8
v 5.8 2.4 6.8
v 5.8 2.8 6.8
v -8.2 0 6.4
v -8.2 0.8 6.4
v -8.2 3.6 6.4
v -8.2 6.8 6.4
v -7.8 0 6.4
v -7.8 0.8 6.4
v -7.8 3.6 6.4
v -7.8 6.8 6.4
v 2.2 0 6.4
v 2.2 0.8 6.4
v 2.6 0 6.4
v 2.6 0.4 6.4
v 2.6 0.8 6.4
v 5.4 0 6.4
v 5.4 0.4 6.4
v 5.4 0.8 6.4
v 5.8 0 6.4
v 5.8 0.8 6.4
v 7.8 0 6.4
v 7.8 0.8 6.4
v 7.8 3.6 6.4
v 7.8 6.8 6.4
v 8.2 0 6.4
v 8.2 0.8 6.4
v 8.2 3.6 6.4
v 8.2 6.8 6.4
v -8.2 0.8 6
v -8.2 1.2 6
v -8.2 2 6
v -8.2 3.2 6
v -7.8 0 6
v -7.8 0.4 6
v -7.8 0.8 6
v -7.8 1.2 6
v -7.8 1.6 6
v -7.8 2 6
v -7.8 3.2 6
v -7.8 3.6 6
v -7.4 0.4 6
v -7.4 1.2 6
v -7.4 2 6
v -7.4 3.2 6
v -7 2 6
v -7 3.2 6
v -6.6 2 6
v -6.6 3.2 6
v -6.2 2 6
v -6.2 3.2 6
v -5.8 0 6
v -5.8 1.2 6
v -5.8 2 6
v -5.8 3.2 6
v -5.4 0 6
v -5.4 1.2 6
v -5.4 1.6 6
v -5.4 2 6
v -5.4 3.2 6
v -5.4 3.6 6
v -2.6 0 6
v -2.6 1.2 6
v -2.6 1.6 6
v -2.6 2 6
v -2.6 3.2 6
v -2.6 3.6 6
v -2.2 0 6
v -2.2 1.2 6
v -2.2 2 6
v -2.2 3.2 6
v -1.8 2 6
v -1.8 3.2 6
v -1.4 2 6
v -1.4 3.2 6
v -1 2 6
v -1 3.2 6
v -0.6 2 6
v -0.6 3.2 6
v -0.2 1.6 6
v -0.2 2 6
v -0.2 3.2 6
v -0.2 3.6 6
v 0.2 1.6 6
v 0.2 2 6
v 0.2 3.2 6
v 0.2 3.6 6
v 0.6 2 6
v 0.6 3.2 6
v 1 2 6
v 1 3.2 6
v 1.4 2 6
v 1.4 3.2 6
v 1.8 2 6
v 1.8 3.2 6
v 2.2 0 6
v 2.2 0.8 6
v 2.2 1.2 6
v 2.2 2 6
v 2.2 3.2 6
v 2.6 0.8 6
v 2.6 1.2 6
v 2.6 1.6 6
v 2.6 2 6
v 2.6 3.2 6
v 2.6 3.6 6
v 5.4 0.8 6
v 5.4 1.2 6
v 5.4 1.6 6
v 5.4 2 6
v 5.4 3.2 6
v 5.4 3.6 6
v 5.8 0 6
v 5.8 0.8 6
v 5.8 1.2 6
v 5.8 2 6
v 5.8 3.2 6
v 6.2 2 6
v 6.2 3.2 6
v 6.6 2 6
v 6.6 3.2 6
v 7 0.8 6
v 7 1.2 6
v 7 2 6
v 7 3.2 6
v 7.4 0.8 6
v 7.4 1.2 6
v 7.4 2 6
v 7.4 3.2 6
v 7.8 0 6
v 7.8 0.8 6
v 7.8 1.2 6
v 7.8 1.6 6
v 7.8 2 6
v 7.8 3.2 6
v 7.8 3.6 6
v 8.2 0.8 6
v 8.2 1.2 6
v 8.2 2 6
v 8.2 3.2 6
v -7.8 0.4 5.6
v -7.8 0.8 5.6
v -7.8 7.2 5.6
v -7.8 7.6 5.6
v -7.4 0.4 5.6
v -7.4 0.8 5.6
v 7.4 7.2 5.6
v 7.4 7.6 5.6
v -8.2 2 5.2
v -8.2 3.2 5.2
v -7.8 2 5.2
v -7.8 3.2 5.2
v -0.2 2 5.2
v -0.2 3.2 5.2
v 0.2 2 5.2
v 0.2 3.2 5.2
v 7.8 2 5.2
v 7.8 3.2 5.2
v 8.2 2 5.2
v 8.2 3.2 5.2
v -7.8 7.6 4.4
v -7.8 8 4.4
v 7.4 7.6 4.4
v 7.4 8 4.4
v -8.2 2 4
v -8.2 3.2 4
v -7.8 2 4
v -7.8 3.2 4
v -0.2 2 4
v -0.2 3.2 4
v 0.2 2 4
v 0.2 3.2 4
v 7.8 2 4
v 7.8 3.2 4
v 8.2 2 4
v 8.2 3.2 4
v -7.8 8 3.2
v -7.8 8.4 3.2
v 7.4 8 3.2
v 7.4 8.4 3.2
v -7.4 1.6 2.4
v -7.4 6.8 2.4
v -6.6 1.6 2.4
v -5.8 1.6 2.4
v -5.4 1.6 2.4
v -5.4 6.4 2.4
v -2.6 1.6 2.4
v -2.6 6.4 2.4
v -1.8 1.6 2.4
v -1 1.6 2.4
v -0.2 0 2.4
v -0.2 0.8 2.4
v -0.2 1.6 2.4
v -0.2 6.8 2.4
v 0.2 1.6 2.4
v 0.2 6.8 2.4
v 0.6 0 2.4
v 0.6 0.8 2.4
v 1 1.6 2.4
v 1.8 1.6 2.4
v 2.6 1.6 2.4
v 2.6 6.4 2.4
v 5.4 1.6 2.4
v 5.4 6.4 2.4
v 5.8 1.6 2.4
v 6.6 1.6 2.4
v 7.4 1.6 2.4
v 7.4 6.8 2.4
v -8.2 0 2
v -8.2 1.2 2
v -7.8 0.8 2
v -7.8 1.2 2
v -7 0 2
v -7 0.8 2
v 6.6 0 2
v 6.6 0.8 2
v 7.4 0.8 2
v 7.4 1.2 2
v 7.8 1.2 2
v 8.2 0 2
v 8.2 1.2 2
v -7.8 8.4 1.2
v -7.8 8.8 1.2
v 7.4 8.4 1.2
v 7.4 8.8 1.2
v -7.8 8.8 0
v -7.8 9.2 0
v -7.4 8.8 0
v -7.4 9.2 0
v 7.4 8.8 0
v 7.4 9.2 0
v -8.2 10.8 -3.6
v -8.2 14.4 -3.6
v -7.8 10.8 -3.6
v -7.8 14 -3.6
v -7.4 10.8 -3.6
v -7.4 11.2 -3.6
v -7.4 11.6 -3.6
v -7.4 13.6 -3.6
v 7.4 10.8 -3.6
v 7.4 11.2 -3.6
v 7.4 11.6 -3.6
v 7.4 13.6 -3.6
v 7.8 10.8 -3.6
v 7.8 14 -3.6
v 8.2 10.8 -3.6
v 8.2 14.4 -3.6
v -7.8 9.6 -4
v -7.8 14 -4
v -7.4 9.6 -4
v -7.4 11.2 -4
v -7.4 11.6 -4
v -7.4 13.6 -4
v 7.4 9.6 -4
v 7.4 11.2 -4
v 7.4 11.6 -4
v 7.4 13.6 -4
v 7.8 9.6 -4
v 7.8 14 -4
v -7 0.8 -7.6
v -7 1.2 -7.6
v -0.2 0.8 -7.6
v -0.2 1.2 -7.6
v 0.6 0.8 -7.6
v 0.6 1.2 -7.6
v 6.6 0.8 -7.6
v 6.6 1.2 -7.6
v -8.2 0 -8
v -8.2 1.2 -8
v -8.2 9.2 -8
v -8.2 9.6 -8
v -7 0 -8
v -7 1.2 -8
v -0.2 0 -8
v -0.2 1.2 -8
v 0.6 0 -8
v 0.6 1.2 -8
v 6.6 0 -8
v 6.6 1.2 -8
v 8.2 0 -8
v 8.2 1.2 -8
v 8.2 9.2 -8
v 8.2 9.6 -8
v -8.2 0 8
v -5.4 0 8
v -2.6 0 8
v 2.6 0 8
v 5.4 0 8
v 8.2 0 8
v -7.8 0 7.6
v -5.8 0 7.6
v -5.4 0 7.6
v -2.6 0 7.6
v -2.2 0 7.6
v 2.2 0 7.6
v 2.6 0 7.6
v 5.4 0 7.6
v 5.8 0 7.6
v 7.8 0 7.6
v 2.6 0 6.8
v 5.4 0 6.8
v -8.2 0 6.4
v -7.8 0 6.4
v -5.8 0 6.4
v -5.4 0 6.4
v -2.6 0 6.4
v -2.2 0 6.4
v 2.2 0 6.4
v 2.6 0 6.4
v 5.4 0 6.4
v 5.8 0 6.4
v 7.8 0 6.4
v 8.2 0 6.4
v -7.8 0 6
v -5.8 0 6
v -5.4 0 6
v -2.6 0 6
v -2.2 0 6
v 2.2 0 6
v 5.8 0 6
v 7.8 0 6
v -8.2 0 3.2
v -7 0 3.2
v -0.2 0 3.2
v 0.6 0 3.2
v 6.6 0 3.2
v 8.2 0 3.2
v -0.2 0 2.4
v 0.6 0 2.4
v -8.2 0 2
v -7 0 2
v 6.6 0 2
v 8.2 0 2
v -8.2 0 -6.8
v -7 0 -6.8
v 6.6 0 -6.8
v 8.2 0 -6.8
v -0.2 0 -7.2
v 0.6 0 -7.2
v -8.2 0 -8
v -7 0 -8
v -0.2 0 -8
v 0.6 0 -8
v 6.6 0 -8
v 8.2 0 -8
v 2.6 0.4 6.8
v 5.4 0.4 6.8
v 2.6 0.4 6.4
v 5.4 0.4 6.4
v -7.8 0.4 6
v -7.4 0.4 6
v -7.8 0.4 5.6
v -7.4 0.4 5.6
v -8.2 0.8 6.4
v -7.8 0.8 6.4
v 2.2 0.8 6.4
v 2.6 0.8 6.4
v 5.4 0.8 6.4
v 5.8 0.8 6.4
v 7.8 0.8 6.4
v 8.2 0.8 6.4
v -8.2 0.8 6
v -7.8 0.8 6
v 2.2 0.8 6
v 2.6 0.8 6
v 5.4 0.8 6
v 5.8 0.8 6
v 7 0.8 6
v 7.4 0.8 6
v 7.8 0.8 6
v 8.2 0.8 6
v -7.8 0.8 5.6
v -7.4 0.8 5.6
v -7.8 0.8 3.2
v -7.4 0.8 3.2
v 7 0.8 3.2
v 7.4 0.8 3.2
v -7 0.8 2.4
v -0.2 0.8 2.4
v 0.6 0.8 2.4
v 6.6 0.8 2.4
v -7.8 0.8 2
v -7 0.8 2
v 6.6 0.8 2
v 7.4 0.8 2
v -7.8 0.8 -6.8
v -7 0.8 -6.8
v 6.6 0.8 -6.8
v 7.4 0.8 -6.8
v -0.2 0.8 -7.2
v 0.6 0.8 -7.2
v -7 0.8 -7.6
v -0.2 0.8 -7.6
v 0.6 0.8 -7.6
v 6.6 0.8 -7.6
v -8.2 1.2 6
v -7.8 1.2 6
v -7.4 1.2 6
v -5.8 1.2 6
v -5.4 1.2 6
v -2.6 1.2 6
v -2.2 1.2 6
v 2.2 1.2 6
v 2.6 1.2 6
v 5.4 1.2 6
v 5.8 1.2 6
v 7 1.2 6
v 7.4 1.2 6
v 7.8 1.2 6
v 8.2 1.2 6
v -8.2 1.2 3.2
v -7.8 1.2 3.2
v -7.4 1.2 3.2
v -7 1.2 3.2
v -0.2 1.2 3.2
v 0.6 1.2 3.2
v 6.6 1.2 3.2
v 7 1.2 3.2
v 7.4 1.2 3.2
v 8.2 1.2 3.2
v -7 1.2 2.4
v -0.2 1.2 2.4
v 0.6 1.2 2.4
v 6.6 1.2 2.4
v -8.2 1.2 2
v -7.8 1.2 2
v 7.4 1.2 2
v 7.8 1.2 2
v 8.2 1.2 2
v -8.2 1.2 -6.8
v -7.8 1.2 -6.8
v 7.4 1.2 -6.8
v 7.8 1.2 -6.8
v 8.2 1.2 -6.8
v -7 1.2 -7.6
v -0.2 1.2 -7.6
v 0.6 1.2 -7.6
v 6.6 1.2 -7.6
v -7 1.2 -8
v -0.2 1.2 -8
v 0.6 1.2 -8
v 6.6 1.2 -8
v -5.8 2 7.6
v -5.4 2 7.6
v -2.6 2 7.6
v -2.2 2 7.6
v 2.2 2 7.6
v 2.6 2 7.6
v 5.4 2 7.6
v 5.8 2 7.6
v -5.8 2 7.2
v -5.4 2 7.2
v -2.6 2 7.2
v -2.2 2 7.2
v 2.2 2 7.2
v 2.6 2 7.2
v 5.4 2 7.2
v 5.8 2 7.2
v -5.8 2.8 6.8
v -5.4 2.8 6.8
v -2.6 2.8 6.8
v -2.2 2.8 6.8
v 2.2 2.8 6.8
v 2.6 2.8 6.8
v 5.4 2.8 6.8
v 5.8 2.8 6.8
v -5.8 2.8 6.4
v -5.4 2.8 6.4
v -2.6 2.8 6.4
v -2.2 2.8 6.4
v 2.2 2.8 6.4
v 2.6 2.8 6.4
v 5.4 2.8 6.4
v 5.8 2.8 6.4
v -7.8 3.2 6.4
v -7.4 3.2 6.4
v -7 3.2 6.4
v -6.6 3.2 6.4
v -6.2 3.2 6.4
v -5.8 3.2 6.4
v -2.2 3.2 6.4
v -1.8 3.2 6.4
v -1.4 3.2 6.4
v -1 3.2 6.4
v -0.6 3.2 6.4
v -0.2 3.2 6.4
v 0.2 3.2 6.4
v 0.6 3.2 6.4
v 1 3.2 6.4
v 1.4 3.2 6.4
v 1.8 3.2 6.4
v 2.2 3.2 6.4
v 5.8 3.2 6.4
v 6.2 3.2 6.4
v 6.6 3.2 6.4
v 7 3.2 6.4
v 7.4 3.2 6.4
v 7.8 3.2 6.4
v -8.2 3.2 6
v -7.8 3.2 6
v -7.4 3.2 6
v -7 3.2 6
v -6.6 3.2 6
v -6.2 3.2 6
v -5.8 3.2 6
v -2.2 3.2 6
v -1.8 3.2 6
v -1.4 3.2 6
v -1 3.2 6
v -0.6 3.2 6
v -0.2 3.2 6
v 0.2 3.2 6
v 0.6 3.2 6
v 1 3.2 6
v 1.4 3.2 6
v 1.8 3.2 6
v 2.2 3.2 6
v 5.8 3.2 6
v 6.2 3.2 6
v 6.6 3.2 6
v 7 3.2 6
v 7.4 3.2 6
v 7.8 3.2 6
v 8.2 3.2 6
v -8.2 3.2 5.6
v -7.8 3.2 5.6
v -0.2 3.2 5.6
v 0.2 3.2 5.6
v 7.8 3.2 5.6
v 8.2 3.2 5.6
v -8.2 3.2 5.2
v -7.8 3.2 5.2
v -0.2 3.2 5.2
v 0.2 3.2 5.2
v 7.8 3.2 5.2
v 8.2 3.2 5.2
v -8.2 3.2 4.4
v -7.8 3.2 4.4
v -0.2 3.2 4.4
v 0.2 3.2 4.4
v 7.8 3.2 4.4
v 8.2 3.2 4.4
v -8.2 3.2 4
v -7.8 3.2 4
v -0.2 3.2 4
v 0.2 3.2 4
v 7.8 3.2 4
v 8.2 3.2 4
v -8.2 3.2 3.6
v -7.8 3.2 3.6
v -0.2 3.2 3.6
v 0.2 3.2 3.6
v 7.8 3.2 3.6
v 8.2 3.2 3.6
v -8.2 6.4 7.6
v -7.8 6.4 7.6
v 7.8 6.4 7.6
v 8.2 6.4 7.6
v -8.2 6.4 6.8
v -7.8 6.4 6.8
v 7.8 6.4 6.8
v 8.2 6.4 6.8
v -5.4 6.4 3.2
v -2.6 6.4 3.2
v 2.6 6.4 3.2
v 5.4 6.4 3.2
v -5.4 6.4 2.8
v -2.6 6.4 2.8
v 2.6 6.4 2.8
v 5.4 6.4 2.8
v -5.4 6.4 2.4
v -2.6 6.4 2.4
v 2.6 6.4 2.4
v 5.4 6.4 2.4
v -7.8 6.8 8
v 7.8 6.8 8
v -7.8 6.8 7.2
v 7.8 6.8 7.2
v -8.2 6.8 6.4
v -7.8 6.8 6.4
v 7.8 6.8 6.4
v 8.2 6.8 6.4
v -8.2 6.8 3.2
v -7.8 6.8 3.2
v -0.2 6.8 3.2
v 0.2 6.8 3.2
v 7.8 6.8 3.2
v 8.2 6.8 3.2
v -7.4 6.8 2.4
v -0.2 6.8 2.4
v 0.2 6.8 2.4
v 7.4 6.8 2.4
v -7.4 6.8 -7.2
v -0.2 6.8 -7.2
v 0.2 6.8 -7.2
v 7.4 6.8 -7.2
v -7.8 7.6 5.6
v 7.4 7.6 5.6
v -7.8 7.6 4.8
v 7.4 7.6 4.8
v -7.8 7.6 4.4
v 7.4 7.6 4.4
v -7.8 8 4.4
v 7.4 8 4.4
v -7.8 8 3.2
v 7.4 8 3.2
v -7.8 8.4 3.2
v 7.4 8.4 3.2
v -7.8 8.4 1.6
v 7.4 8.4 1.6
v -7.8 8.4 1.2
v 7.4 8.4 1.2
v -7.8 8.8 1.2
v 7.4 8.8 1.2
v -7.8 8.8 0.4
v -7.4 8.8 0.4
v 7.4 8.8 0.4
v -7.8 8.8 0
v -7.4 8.8 0
v 7.4 8.8 0
v -7.8 9.2 0
v -7.4 9.2 0
v 7.4 9.2 0
v -7.8 9.2 -7.6
v 7.4 9.2 -7.6
v -8.2 10.8 -3.2
v 8.2 10.8 -3.2
v -8.2 10.8 -3.6
v -7.8 10.8 -3.6
v -7.4 10.8 -3.6
v 7.4 10.8 -3.6
v 7.8 10.8 -3.6
v 8.2 10.8 -3.6
v -7.4 11.2 -2.8
v -7 11.2 -2.8
v -6.2 11.2 -2.8
v -5.8 11.2 -2.8
v -5 11.2 -2.8
v -4.6 11.2 -2.8
v -3.8 11.2 -2.8
v -1.8 11.2 -2.8
v 0.2 11.2 -2.8
v 0.6 11.2 -2.8
v 2.6 11.2 -2.8
v 5 11.2 -2.8
v 5.4 11.2 -2.8
v 7.4 11.2 -2.8
v -7.4 11.2 -3.2
v -7 11.2 -3.2
v -6.2 11.2 -3.2
v -5.8 11.2 -3.2
v -5 11.2 -3.2
v -4.6 11.2 -3.2
v -3.8 11.2 -3.2
v -1.8 11.2 -3.2
v 0.2 11.2 -3.2
v 0.6 11.2 -3.2
v 2.6 11.2 -3.2
v 5 11.2 -3.2
v 5.4 11.2 -3.2
v 7.4 11.2 -3.2
v -7.4 11.2 -3.6
v 7.4 11.2 -3.6
v -7.4 11.2 -4
v 7.4 11.2 -4
v -4.2 11.6 -2.8
v -3.8 11.6 -2.8
v -1.8 11.6 -2.8
v -1.4 11.6 -2.8
v 2.2 11.6 -2.8
v 2.6 11.6 -2.8
v -4.2 11.6 -3.2
v -3.8 11.6 -3.2
v -1.8 11.6 -3.2
v -1.4 11.6 -3.2
v 2.2 11.6 -3.2
v 2.6 11.6 -3.2
v 2.6 12.4 -2.8
v 4.6 12.4 -2.8
v 2.6 12.4 -3.2
v 4.6 12.4 -3.2
v -7 13.6 -2.8
v -6.2 13.6 -2.8
v -5.8 13.6 -2.8
v -5 13.6 -2.8
v -3.8 13.6 -2.8
v -1.8 13.6 -2.8
v -1 13.6 -2.8
v 0.2 13.6 -2.8
v 0.6 13.6 -2.8
v 1.8 13.6 -2.8
v 2.6 13.6 -2.8
v 5 13.6 -2.8
v -7 13.6 -3.2
v -6.2 13.6 -3.2
v -5.8 13.6 -3.2
v -5 13.6 -3.2
v -3.8 13.6 -3.2
v -1.8 13.6 -3.2
v -1 13.6 -3.2
v 0.2 13.6 -3.2
v 0.6 13.6 -3.2
v 1.8 13.6 -3.2
v 2.6 13.6 -3.2
v 5 13.6 -3.2
v -7.4 13.6 -3.6
v 7.4 13.6 -3.6
v -7.4 13.6 -4
v 7.4 13.6 -4
v -7.8 0.4 8
v -5.8 0.4 8
v -2.2 0.4 8
v 2.2 0.4 8
v 5.8 0.4 8
v 7.8 0.4 8
v -8.2 0.4 7.6
v -7.8 0.4 7.6
v -5.8 0.4 7.6
v -5.4 0.4 7.6
v -2.6 0.4 7.6
v -2.2 0.4 7.6
v 2.2 0.4 7.6
v 2.6 0.4 7.6
v 5.4 0.4 7.6
v 5.8 0.4 7.6
v 7.8 0.4 7.6
v 8.2 0.4 7.6
v -5.4 0.4 7.2
v -2.6 0.4 7.2
v 2.6 0.4 7.2
v 5.4 0.4 7.2
v -8.2 0.4 6.8
v -7.8 0.4 6.8
v 7.8 0.4 6.8
v 8.2 0.4 6.8
v -5.8 0.8 7.6
v -5.4 0.8 7.6
v -2.6 0.8 7.6
v -2.2 0.8 7.6
v 2.2 0.8 7.6
v 2.6 0.8 7.6
v 5.4 0.8 7.6
v 5.8 0.8 7.6
v -5.8 0.8 7.2
v -5.4 0.8 7.2
v -2.6 0.8 7.2
v -2.2 0.8 7.2
v 2.2 0.8 7.2
v 2.6 0.8 7.2
v 5.4 0.8 7.2
v 5.8 0.8 7.2
v -5.4 0.8 6.8
v -2.6 0.8 6.8
v 2.6 0.8 6.8
v 5.4 0.8 6.8
v -5.4 1.2 6.8
v -2.6 1.2 6.8
v 2.6 1.2 6.8
v 5.4 1.2 6.8
v -5.4 1.2 6.4
v -2.6 1.2 6.4
v 2.6 1.2 6.4
v 5.4 1.2 6.4
v -5.8 1.6 6.8
v -5.4 1.6 6.8
v -2.6 1.6 6.8
v -2.2 1.6 6.8
v 2.2 1.6 6.8
v 2.6 1.6 6.8
v 5.4 1.6 6.8
v 5.8 1.6 6.8
v -5.8 1.6 6.4
v -5.4 1.6 6.4
v -2.6 1.6 6.4
v -2.2 1.6 6.4
v 2.2 1.6 6.4
v 2.6 1.6 6.4
v 5.4 1.6 6.4
v 5.8 1.6 6.4
v -7.8 1.6 6
v -5.4 1.6 6
v -2.6 1.6 6
v -0.2 1.6 6
v 0.2 1.6 6
v 2.6 1.6 6
v 5.4 1.6 6
v 7.8 1.6 6
v -7.8 1.6 3.2
v -5.4 1.6 3.2
v -2.6 1.6 3.2
v -0.2 1.6 3.2
v 0.2 1.6 3.2
v 2.6 1.6 3.2
v 5.4 1.6 3.2
v 7.8 1.6 3.2
v -5.4 1.6 2.8
v -2.6 1.6 2.8
v 2.6 1.6 2.8
v 5.4 1.6 2.8
v -7.4 1.6 2.4
v -6.6 1.6 2.4
v -5.8 1.6 2.4
v -5.4 1.6 2.4
v -5 1.6 2.4
v -4.2 1.6 2.4
v -3.4 1.6 2.4
v -2.6 1.6 2.4
v -1.8 1.6 2.4
v -1 1.6 2.4
v -0.2 1.6 2.4
v 0.2 1.6 2.4
v 1 1.6 2.4
v 1.8 1.6 2.4
v 2.6 1.6 2.4
v 3.4 1.6 2.4
v 4.2 1.6 2.4
v 5 1.6 2.4
v 5.4 1.6 2.4
v 5.8 1.6 2.4
v 6.6 1.6 2.4
v 7.4 1.6 2.4
v -7.4 1.6 1.6
v -6.6 1.6 1.6
v -5.8 1.6 1.6
v -5 1.6 1.6
v -4.2 1.6 1.6
v -3.4 1.6 1.6
v -2.6 1.6 1.6
v -1.8 1.6 1.6
v -1 1.6 1.6
v -0.2 1.6 1.6
v 0.2 1.6 1.6
v 1 1.6 1.6
v 1.8 1.6 1.6
v 2.6 1.6 1.6
v 3.4 1.6 1.6
v 4.2 1.6 1.6
v 5 1.6 1.6
v 5.8 1.6 1.6
v 6.6 1.6 1.6
v 7.4 1.6 1.6
v -7.4 1.6 0.8
v -6.6 1.6 0.8
v -5.8 1.6 0.8
v -5 1.6 0.8
v -4.2 1.6 0.8
v -3.4 1.6 0.8
v -2.6 1.6 0.8
v -1.8 1.6 0.8
v -1 1.6 0.8
v -0.2 1.6 0.8
v 0.2 1.6 0.8
v 1 1.6 0.8
v 1.8 1.6 0.8
v 2.6 1.6 0.8
v 3.4 1.6 0.8
v 4.2 1.6 0.8
v 5 1.6 0.8
v 5.8 1.6 0.8
v 6.6 1.6 0.8
v 7.4 1.6 0.8
v -7.4 1.6 0
v -6.6 1.6 0
v -5.8 1.6 0
v -5 1.6 0
v -4.2 1.6 0
v -3.4 1.6 0
v -2.6 1.6 0
v -1.8 1.6 0
v -1 1.6 0
v -0.2 1.6 0
v 0.2 1.6 0
v 1 1.6 0
v 1.8 1.6 0
v 2.6 1.6 0
v 3.4 1.6 0
v 4.2 1.6 0
v 5 1.6 0
v 5.8 1.6 0
v 6.6 1.6 0
v 7.4 1.6 0
v -7.4 1.6 -0.8
v -6.6 1.6 -0.8
v -5.8 1.6 -0.8
v -5 1.6 -0.8
v -4.2 1.6 -0.8
v -3.4 1.6 -0.8
v -2.6 1.6 -0.8
v -1.8 1.6 -0.8
v -1 1.6 -0.8
v -0.2 1.6 -0.8
v 0.2 1.6 -0.8
v 1 1.6 -0.8
v 1.8 1.6 -0.8
v 2.6 1.6 -0.8
v 3.4 1.6 -0.8
v 4.2 1.6 -0.8
v 5 1.6 -0.8
v 5.8 1.6 -0.8
v 6.6 1.6 -0.8
v 7.4 1.6 -0.8
v -7.4 1.6 -1.6
v -6.6 1.6 -1.6
v -5.8 1.6 -1.6
v -5 1.6 -1.6
v -4.2 1.6 -1.6
v -3.4 1.6 -1.6
v -2.6 1.6 -1.6
v -1.8 1.6 -1.6
v -1 1.6 -1.6
v -0.2 1.6 -1.6
v 0.2 1.6 -1.6
v 1 1.6 -1.6
v 1.8 1.6 -1.6
v 2.6 1.6 -1.6
v 3.4 1.6 -1.6
v 4.2 1.6 -1.6
v 5 1.6 -1.6
v 5.8 1.6 -1.6
v 6.6 1.6 -1.6
v 7.4 1.6 -1.6
v -7.4 1.6 -2.4
v -6.6 1.6 -2.4
v -5.8 1.6 -2.4
v -5 1.6 -2.4
v -4.2 1.6 -2.4
v -3.4 1.6 -2.4
v -2.6 1.6 -2.4
v -1.8 1.6 -2.4
v -1 1.6 -2.4
v -0.2 1.6 -2.4
v 0.2 1.6 -2.4
v 1 1.6 -2.4
v 1.8 1.6 -2.4
v 2.6 1.6 -2.4
v 3.4 1.6 -2.4
v 4.2 1.6 -2.4
v 5 1.6 -2.4
v 5.8 1.6 -2.4
v 6.6 1.6 -2.4
v 7.4 1.6 -2.4
v -7.4 1.6 -3.2
v -6.6 1.6 -3.2
v -5.8 1.6 -3.2
v -5 1.6 -3.2
v -4.2 1.6 -3.2
v -3.4 1.6 -3.2
v -2.6 1.6 -3.2
v -1.8 1.6 -3.2
v -1 1.6 -3.2
v -0.2 1.6 -3.2
v 0.2 1.6 -3.2
v 1 1.6 -3.2
v 1.8 1.6 -3.2
v 2.6 1.6 -3.2
v 3.4 1.6 -3.2
v 4.2 1.6 -3.2
v 5 1.6 -3.2
v 5.8 1.6 -3.2
v 6.6 1.6 -3.2
v 7.4 1.6 -3.2
v -7.4 1.6 -4
v -6.6 1.6 -4
v -5.8 1.6 -4
v -5 1.6 -4
v -4.2 1.6 -4
v -3.4 1.6 -4
v -2.6 1.6 -4
v -1.8 1.6 -4
v -1 1.6 -4
v -0.2 1.6 -4
v 0.2 1.6 -4
v 1 1.6 -4
v 1.8 1.6 -4
v 2.6 1.6 -4
v 3.4 1.6 -4
v 4.2 1.6 -4
v 5 1.6 -4
v 5.8 1.6 -4
v 6.6 1.6 -4
v 7.4 1.6 -4
v -7.4 1.6 -4.8
v -6.6 1.6 -4.8
v -5.8 1.6 -4.8
v -5 1.6 -4.8
v -4.2 1.6 -4.8
v -3.4 1.6 -4.8
v -2.6 1.6 -4.8
v -1.8 1.6 -4.8
v -1 1.6 -4.8
v -0.2 1.6 -4.8
v 0.2 1.6 -4.8
v 1 1.6 -4.8
v 1.8 1.6 -4.8
v 2.6 1.6 -4.8
v 3.4 1.6 -4.8
v 4.2 1.6 -4.8
v 5 1.6 -4.8
v 5.8 1.6 -4.8
v 6.6 1.6 -4.8
v 7.4 1.6 -4.8
v -7.4 1.6 -5.6
v -6.6 1.6 -5.6
v -5.8 1.6 -5.6
v -5 1.6 -5.6
v -4.2 1.6 -5.6
v -3.4 1.6 -5.6
v -2.6 1.6 -5.6
v -1.8 1.6 -5.6
v -1 1.6 -5.6
v -0.2 1.6 -5.6
v 0.2 1.6 -5.6
v 1 1.6 -5.6
v 1.8 1.6 -5.6
v 2.6 1.6 -5.6
v 3.4 1.6 -5.6
v 4.2 1.6 -5.6
v 5 1.6 -5.6
v 5.8 1.6 -5.6
v 6.6 1.6 -5.6
v 7.4 1.6 -5.6
v -7.4 1.6 -6.4
v -6.6 1.6 -6.4
v -5.8 1.6 -6.4
v -5 1.6 -6.4
v -4.2 1.6 -6.4
v -3.4 1.6 -6.4
v -2.6 1.6 -6.4
v -1.8 1.6 -6.4
v -1 1.6 -6.4
v -0.2 1.6 -6.4
v 0.2 1.6 -6.4
v 1 1.6 -6.4
v 1.8 1.6 -6.4
v 2.6 1.6 -6.4
v 3.4 1.6 -6.4
v 4.2 1.6 -6.4
v 5 1.6 -6.4
v 5.8 1.6 -6.4
v 6.6 1.6 -6.4
v 7.4 1.6 -6.4
v -7.4 1.6 -7.2
v -6.6 1.6 -7.2
v -5.8 1.6 -7.2
v -5 1.6 -7.2
v -4.2 1.6 -7.2
v -3.4 1.6 -7.2
v -2.6 1.6 -7.2
v -1.8 1.6 -7.2
v -1 1.6 -7.2
v -0.2 1.6 -7.2
v 0.2 1.6 -7.2
v 1 1.6 -7.2
v 1.8 1.6 -7.2
v 2.6 1.6 -7.2
v 3.4 1.6 -7.2
v 4.2 1.6 -7.2
v 5 1.6 -7.2
v 5.8 1.6 -7.2
v 6.6 1.6 -7.2
v 7.4 1.6 -7.2
v -5.8 2 8
v -5.4 2 8
v -2.6 2 8
v -2.2 2 8
v 2.2 2 8
v 2.6 2 8
v 5.4 2 8
v 5.8 2 8
v -5.8 2 7.6
v -5.4 2 7.6
v -2.6 2 7.6
v -2.2 2 7.6
v 2.2 2 7.6
v 2.6 2 7.6
v 5.4 2 7.6
v 5.8 2 7.6
v -7.8 2 6.4
v -7.4 2 6.4
v -7 2 6.4
v -6.6 2 6.4
v -6.2 2 6.4
v -5.8 2 6.4
v -2.2 2 6.4
v -1.8 2 6.4
v -1.4 2 6.4
v -1 2 6.4
v -0.6 2 6.4
v -0.2 2 6.4
v 0.2 2 6.4
v 0.6 2 6.4
v 1 2 6.4
v 1.4 2 6.4
v 1.8 2 6.4
v 2.2 2 6.4
v 5.8 2 6.4
v 6.2 2 6.4
v 6.6 2 6.4
v 7 2 6.4
v 7.4 2 6.4
v 7.8 2 6.4
v -8.2 2 6
v -7.8 2 6
v -7.4 2 6
v -7 2 6
v -6.6 2 6
v -6.2 2 6
v -5.8 2 6
v -2.2 2 6
v -1.8 2 6
v -1.4 2 6
v -1 2 6
v -0.6 2 6
v -0.2 2 6
v 0.2 2 6
v 0.6 2 6
v 1 2 6
v 1.4 2 6
v 1.8 2 6
v 2.2 2 6
v 5.8 2 6
v 6.2 2 6
v 6.6 2 6
v 7 2 6
v 7.4 2 6
v 7.8 2 6
v 8.2 2 6
v -8.2 2 5.6
v -7.8 2 5.6
v -0.2 2 5.6
v 0.2 2 5.6
v 7.8 2 5.6
v 8.2 2 5.6
v -8.2 2 5.2
v -7.8 2 5.2
v -0.2 2 5.2
v 0.2 2 5.2
v 7.8 2 5.2
v 8.2 2 5.2
v -8.2 2 4.4
v -7.8 2 4.4
v -0.2 2 4.4
v 0.2 2 4.4
v 7.8 2 4.4
v 8.2 2 4.4
v -8.2 2 4
v -7.8 2 4
v -0.2 2 4
v 0.2 2 4
v 7.8 2 4
v 8.2 2 4
v -8.2 2 3.6
v -7.8 2 3.6
v -0.2 2 3.6
v 0.2 2 3.6
v 7.8 2 3.6
v 8.2 2 3.6
v -5.8 2.4 7.6
v -5.4 2.4 7.6
v -2.6 2.4 7.6
v -2.2 2.4 7.6
v 2.2 2.4 7.6
v 2.6 2.4 7.6
v 5.4 2.4 7.6
v 5.8 2.4 7.6
v -5.8 2.4 7.2
v -5.4 2.4 7.2
v -2.6 2.4 7.2
v -2.2 2.4 7.2
v 2.2 2.4 7.2
v 2.6 2.4 7.2
v 5.4 2.4 7.2
v 5.8 2.4 7.2
v -5.8 2.8 7.2
v -5.4 2.8 7.2
v -2.6 2.8 7.2
v -2.2 2.8 7.2
v 2.2 2.8 7.2
v 2.6 2.8 7.2
v 5.4 2.8 7.2
v 5.8 2.8 7.2
v -5.8 2.8 6.8
v -5.4 2.8 6.8
v -2.6 2.8 6.8
v -2.2 2.8 6.8
v 2.2 2.8 6.8
v 2.6 2.8 6.8
v 5.4 2.8 6.8
v 5.8 2.8 6.8
v -5.8 3.2 6.8
v -5.4 3.2 6.8
v -2.6 3.2 6.8
v -2.2 3.2 6.8
v 2.2 3.2 6.8
v 2.6 3.2 6.8
v 5.4 3.2 6.8
v 5.8 3.2 6.8
v -5.8 3.2 6.4
v -5.4 3.2 6.4
v -2.6 3.2 6.4
v -2.2 3.2 6.4
v 2.2 3.2 6.4
v 2.6 3.2 6.4
v 5.4 3.2 6.4
v 5.8 3.2 6.4
v -8.2 3.6 6.4
v -7.8 3.6 6.4
v -5.4 3.6 6.4
v -2.6 3.6 6.4
v 2.6 3.6 6.4
v 5.4 3.6 6.4
v 7.8 3.6 6.4
v 8.2 3.6 6.4
v -7.8 3.6 6
v -5.4 3.6 6
v -2.6 3.6 6
v -0.2 3.6 6
v 0.2 3.6 6
v 2.6 3.6 6
v 5.4 3.6 6
v 7.8 3.6 6
v -8.2 3.6 3.2
v -7.8 3.6 3.2
v -0.2 3.6 3.2
v 0.2 3.6 3.2
v 7.8 3.6 3.2
v 8.2 3.6 3.2
v -8.2 7.2 8
v 8.2 7.2 8
v -8.2 7.2 7.2
v 8.2 7.2 7.2
v -7.8 7.2 5.6
v 7.4 7.2 5.6
v -7.8 7.2 3.2
v 7.4 7.2 3.2
v -7.8 7.2 2.8
v -7.4 7.2 2.8
v -0.2 7.2 2.8
v 0.6 7.2 2.8
v 7.4 7.2 2.8
v 0.2 7.2 2.4
v 0.6 7.2 2.4
v -7.4 7.2 -7.2
v -0.2 7.2 -7.2
v 0.2 7.2 -7.2
v 0.6 7.2 -7.2
v 7.4 7.2 -7.2
v -7.8 7.2 -7.6
v -0.2 7.2 -7.6
v 0.6 7.2 -7.6
v 7.4 7.2 -7.6
v -8.2 7.6 7.2
v 8.2 7.6 7.2
v -8.2 7.6 6
v 8.2 7.6 6
v -8.2 8 6
v 8.2 8 6
v -8.2 8 4.8
v 8.2 8 4.8
v -8.2 8.4 4.8
v 8.2 8.4 4.8
v -8.2 8.4 3.6
v 8.2 8.4 3.6
v -8.2 8.8 3.6
v 8.2 8.8 3.6
v -8.2 8.8 1.6
v 8.2 8.8 1.6
v -8.2 9.2 1.6
v 8.2 9.2 1.6
v -8.2 9.2 0.4
v 8.2 9.2 0.4
v -8.2 9.6 0.4
v 8.2 9.6 0.4
v -7.8 9.6 -3.6
v -7.4 9.6 -3.6
v 7.4 9.6 -3.6
v 7.8 9.6 -3.6
v -7.8 9.6 -4
v -7.4 9.6 -4
v 7.4 9.6 -4
v 7.8 9.6 -4
v -8.2 9.6 -8
v 8.2 9.6 -8
v -3.8 11.6 -2.8
v -1.8 11.6 -2.8
v 2.6 11.6 -2.8
v 5 11.6 -2.8
v 5.8 11.6 -2.8
v 7.4 11.6 -2.8
v -3.8 11.6 -3.2
v -1.8 11.6 -3.2
v 2.6 11.6 -3.2
v 5 11.6 -3.2
v 5.8 11.6 -3.2
v 7.4 11.6 -3.2
v -7.4 11.6 -3.6
v 7.4 11.6 -3.6
v -7.4 11.6 -4
v 7.4 11.6 -4
v 2.6 12.8 -2.8
v 4.6 12.8 -2.8
v 2.6 12.8 -3.2
v 4.6 12.8 -3.2
v -7.4 13.6 -2.8
v -7 13.6 -2.8
v -6.2 13.6 -2.8
v -5.8 13.6 -2.8
v -5 13.6 -2.8
v -4.6 13.6 -2.8
v -4.2 13.6 -2.8
v -3.8 13.6 -2.8
v -1.8 13.6 -2.8
v -1.4 13.6 -2.8
v 2.2 13.6 -2.8
v 2.6 13.6 -2.8
v -7.4 13.6 -3.2
v -7 13.6 -3.2
v -6.2 13.6 -3.2
v -5.8 13.6 -3.2
v -5 13.6 -3.2
v -4.6 13.6 -3.2
v -4.2 13.6 -3.2
v -3.8 13.6 -3.2
v -1.8 13.6 -3.2
v -1.4 13.6 -3.2
v 2.2 13.6 -3.2
v 2.6 13.6 -3.2
v -7 14 -2.8
v -6.2 14 -2.8
v -5.8 14 -2.8
v -5 14 -2.8
v -3.8 14 -2.8
v -1.8 14 -2.8
v -1 14 -2.8
v 1.8 14 -2.8
v 2.6 14 -2.8
v 5 14 -2.8
v 5.4 14 -2.8
v 5.8 14 -2.8
v -7 14 -3.2
v -6.2 14 -3.2
v -5.8 14 -3.2
v -5 14 -3.2
v -3.8 14 -3.2
v -1.8 14 -3.2
v -1 14 -3.2
v 1.8 14 -3.2
v 2.6 14 -3.2
v 5 14 -3.2
v 5.4 14 -3.2
v 5.8 14 -3.2
v -7.8 14 -3.6
v 7.8 14 -3.6
v -7.8 14 -4
v 7.8 14 -4
v -8.2 14.4 -3.2
v 8.2 14.4 -3.2
v -8.2 14.4 -3.6
v 8.2 14.4 -3.6

# faces
f 7/6/1 2/6/1 1/6/1
f 8/6/1 2/6/1 7/6/1
f 9/6/1 2/6/1 8/6/1
f 11/6/1 10/6/1 9/6/1
f 12/6/1 4/6/1 3/6/1
f 13/6/1 4/6/1 12/6/1
f 14/6/1 6/6/1 5/6/1
f 15/6/1 6/6/1 14/6/1
f 16/6/1 11/6/1 9/6/1
f 16/6/1 9/6/1 8/6/1
f 16/6/1 12/6/1 11/6/1
f 17/6/1 12/6/1 16/6/1
f 18/6/1 12/6/1 17/6/1
f 19/6/1 12/6/1 18/6/1
f 20/6/1 12/6/1 19/6/1
f 21/6/1 12/6/1 20/6/1
f 22/6/1 12/6/1 21/6/1
f 23/7/1 13/7/1 12/7/1
f 23/6/1 12/6/1 22/6/1
f 23/7/1 15/7/1 14/7/1
f 23/7/1 14/7/1 13/7/1
f 24/6/1 16/6/1 8/6/1
f 24/8/1 17/8/1 16/8/1
f 25/8/1 17/8/1 24/8/1
f 26/8/1 19/8/1 18/8/1
f 27/8/1 19/8/1 26/8/1
f 28/8/1 21/8/1 20/8/1
f 29/8/1 21/8/1 28/8/1
f 30/8/1 23/8/1 22/8/1
f 31/7/1 15/7/1 23/7/1
f 31/8/1 23/8/1 30/8/1
f 32/6/1 30/6/1 29/6/1
f 32/6/1 27/6/1 26/6/1
f 32/6/1 31/6/1 30/6/1
f 32/6/1 29/6/1 28/6/1
f 32/6/1 28/6/1 27/6/1
f 32/6/1 25/6/1 24/6/1
f 32/6/1 26/6/1 25/6/1
f 32/6/1 24/6/1 8/6/1
f 33/7/1 15/7/1 31/7/1
f 33/6/1 31/6/1 32/6/1
f 34/6/1 7/6/1 1/6/1
f 35/6/1 32/6/1 8/6/1
f 36/6/1 34/6/1 1/6/1
f 36/6/1 35/6/1 34/6/1
f 37/6/1 35/6/1 36/6/1
f 38/6/1 32/6/1 35/6/1
f 38/6/1 35/6/1 37/6/1
f 39/7/1 15/7/1 33/7/1
f 40/2/1 37/2/1 36/2/1
f 41/7/1 39/7/1 38/7/1
f 41/2/1 37/2/1 40/2/1
f 41/7/1 38/7/1 37/7/1
f 42/7/1 39/7/1 41/7/1
f 43/2/1 42/2/1 41/2/1
f 44/7/1 39/7/1 42/7/1
f 44/2/1 42/2/1 43/2/1
f 45/7/1 39/7/1 44/7/1
f 46/2/1 45/2/1 44/2/1
f 47/7/1 39/7/1 45/7/1
f 47/2/1 45/2/1 46/2/1
f 48/7/1 15/7/1 39/7/1
f 48/7/1 39/7/1 47/7/1
f 49/2/1 48/2/1 47/2/1
f 50/2/1 48/2/1 49/2/1
f 51/7/1 15/7/1 48/7/1
f 51/2/1 48/2/1 50/2/1
f 52/7/1 15/7/1 51/7/1
f 53/2/1 51/2/1 50/2/1
f 53/2/1 52/2/1 51/2/1
f 54/2/1 52/2/1 53/2/1
f 55/2/1 52/2/1 54/2/1
f 56/7/1 15/7/1 52/7/1
f 56/2/1 52/2/1 55/2/1
f 57/7/1 15/7/1 56/7/1
f 58/2/1 57/2/1 56/2/1
f 59/2/1 57/2/1 58/2/1
f 62/12/1 61/12/1 60/12/1
f 63/12/1 61/12/1 62/12/1
f 66/13/1 65/13/1 64/13/1
f 68/13/1 66/13/1 64/13/1
f 69/6/1 67/6/1 66/6/1
f 69/13/1 66/13/1 68/13/1
f 70/6/1 67/6/1 69/6/1
f 74/6/1 70/6/1 69/6/1
f 74/6/1 71/6/1 70/6/1
f 75/6/1 71/6/1 74/6/1
f 76/6/1 73/6/1 72/6/1
f 77/6/1 73/6/1 76/6/1
f 80/13/1 79/13/1 78/13/1
f 81/13/1 79/13/1 80/13/1
f 82/13/1 79/13/1 81/13/1
f 85/8/1 84/8/1 83/8/1
f 86/8/1 84/8/1 85/8/1
f 89/1/1 88/1/1 87/1/1
f 90/1/1 88/1/1 89/1/1
f 93/1/1 92/1/1 91/1/1
f 94/1/1 92/1/1 93/1/1
f 97/8/1 96/8/1 95/8/1
f 98/8/1 96/8/1 97/8/1
f 101/1/1 100/1/1 99/1/1
f 102/1/1 100/1/1 101/1/1
f 106/6/1 104/6/1 103/6/1
f 107/6/1 104/6/1 106/6/1
f 107/8/1 106/8/1 105/8/1
f 108/6/1 104/6/1 107/6/1
f 109/6/1 104/6/1 108/6/1
f 110/6/1 104/6/1 109/6/1
f 111/8/1 107/8/1 105/8/1
f 112/8/1 107/8/1 111/8/1
f 113/6/1 104/6/1 110/6/1
f 113/8/1 110/8/1 109/8/1
f 114/6/1 104/6/1 113/6/1
f 115/6/1 112/6/1 111/6/1
f 116/6/1 112/6/1 115/6/1
f 117/8/1 113/8/1 109/8/1
f 120/6/1 117/6/1 116/6/1
f 121/8/1 113/8/1 117/8/1
f 121/6/1 117/6/1 120/6/1
f 122/8/1 113/8/1 121/8/1
f 123/6/1 122/6/1 121/6/1
f 124/6/1 122/6/1 123/6/1
f 125/8/1 119/8/1 118/8/1
f 126/6/1 125/6/1 124/6/1
f 127/8/1 119/8/1 125/8/1
f 127/6/1 125/6/1 126/6/1
f 128/8/1 119/8/1 127/8/1
f 131/1/1 130/1/1 129/1/1
f 132/1/1 130/1/1 131/1/1
f 135/1/1 134/1/1 133/1/1
f 136/1/1 134/1/1 135/1/1
f 139/1/1 138/1/1 137/1/1
f 140/1/1 138/1/1 139/1/1
f 143/1/1 142/1/1 141/1/1
f 144/1/1 142/1/1 143/1/1
f 147/1/1 146/1/1 145/1/1
f 148/1/1 146/1/1 147/1/1
f 151/6/1 150/6/1 149/6/1
f 152/6/1 150/6/1 151/6/1
f 154/8/1 152/8/1 151/8/1
f 154/6/1 153/6/1 152/6/1
f 155/6/1 153/6/1 154/6/1
f 157/6/1 156/6/1 155/6/1
f 158/6/1 156/6/1 157/6/1
f 160/8/1 154/8/1 151/8/1
f 161/8/1 154/8/1 160/8/1
f 162/6/1 159/6/1 158/6/1
f 162/8/1 158/8/1 157/8/1
f 163/6/1 159/6/1 162/6/1
f 168/6/1 161/6/1 160/6/1
f 169/6/1 161/6/1 168/6/1
f 170/8/1 162/8/1 157/8/1
f 171/6/1 164/6/1 163/6/1
f 172/6/1 164/6/1 171/6/1
f 173/6/1 170/6/1 169/6/1
f 174/8/1 162/8/1 170/8/1
f 174/6/1 170/6/1 173/6/1
f 175/8/1 162/8/1 174/8/1
f 176/6/1 175/6/1 174/6/1
f 177/6/1 175/6/1 176/6/1
f 178/8/1 172/8/1 171/8/1
f 179/6/1 178/6/1 177/6/1
f 180/8/1 172/8/1 178/8/1
f 180/6/1 178/6/1 179/6/1
f 181/8/1 172/8/1 180/8/1
f 182/6/1 181/6/1 180/6/1
f 183/6/1 181/6/1 182/6/1
f 184/7/1 166/7/1 165/7/1
f 185/5/1 167/5/1 166/5/1
f 185/7/1 166/7/1 184/7/1
f 186/5/1 167/5/1 185/5/1
f 189/8/1 188/8/1 187/8/1
f 190/8/1 188/8/1 189/8/1
f 193/1/1 192/1/1 191/1/1
f 194/1/1 192/1/1 193/1/1
f 197/8/1 196/8/1 195/8/1
f 198/8/1 196/8/1 197/8/1
f 201/1/1 200/1/1 199/1/1
f 202/1/1 200/1/1 201/1/1
f 207/6/1 204/6/1 203/6/1
f 208/6/1 206/6/1 205/6/1
f 209/6/1 206/6/1 208/6/1
f 210/6/1 207/6/1 203/6/1
f 211/6/1 207/6/1 210/6/1
f 212/6/1 206/6/1 209/6/1
f 213/6/1 206/6/1 212/6/1
f 230/6/1 215/6/1 214/6/1
f 231/6/1 215/6/1 230/6/1
f 232/6/1 215/6/1 231/6/1
f 233/6/1 215/6/1 232/6/1
f 234/6/1 215/6/1 233/6/1
f 235/6/1 215/6/1 234/6/1
f 236/6/1 215/6/1 235/6/1
f 237/8/1 230/8/1 229/8/1
f 238/8/1 230/8/1 237/8/1
f 239/8/1 232/8/1 231/8/1
f 240/8/1 232/8/1 239/8/1
f 241/8/1 234/8/1 233/8/1
f 242/8/1 234/8/1 241/8/1
f 243/8/1 236/8/1 235/8/1
f 244/8/1 236/8/1 243/8/1
f 245/6/1 242/6/1 241/6/1
f 245/6/1 244/6/1 243/6/1
f 245/6/1 243/6/1 242/6/1
f 245/6/1 240/6/1 239/6/1
f 245/6/1 241/6/1 240/6/1
f 245/6/1 239/6/1 238/6/1
f 246/6/1 244/6/1 245/6/1
f 247/5/1 228/5/1 227/5/1
f 247/5/1 217/5/1 216/5/1
f 247/5/1 218/5/1 217/5/1
f 247/5/1 219/5/1 218/5/1
f 247/5/1 220/5/1 219/5/1
f 247/5/1 221/5/1 220/5/1
f 247/5/1 222/5/1 221/5/1
f 247/5/1 227/5/1 226/5/1
f 247/5/1 226/5/1 225/5/1
f 247/5/1 225/5/1 224/5/1
f 247/5/1 224/5/1 223/5/1
f 247/5/1 223/5/1 222/5/1
f 248/5/1 228/5/1 247/5/1
f 251/1/1 250/1/1 249/1/1
f 252/1/1 250/1/1 251/1/1
f 255/8/1 254/8/1 253/8/1
f 256/8/1 254/8/1 255/8/1
f 259/8/1 258/8/1 257/8/1
f 260/8/1 258/8/1 259/8/1
f 264/6/1 262/6/1 261/6/1
f 265/6/1 262/6/1 264/6/1
f 265/8/1 264/8/1 263/8/1
f 266/6/1 262/6/1 265/6/1
f 267/6/1 262/6/1 266/6/1
f 268/6/1 262/6/1 267/6/1
f 269/8/1 265/8/1 263/8/1
f 270/8/1 265/8/1 269/8/1
f 271/6/1 262/6/1 268/6/1
f 271/8/1 268/8/1 267/8/1
f 272/6/1 262/6/1 271/6/1
f 273/6/1 270/6/1 269/6/1
f 274/6/1 270/6/1 273/6/1
f 275/8/1 271/8/1 267/8/1
f 278/6/1 275/6/1 274/6/1
f 279/8/1 271/8/1 275/8/1
f 279/6/1 275/6/1 278/6/1
f 280/8/1 271/8/1 279/8/1
f 281/6/1 280/6/1 279/6/1
f 282/6/1 280/6/1 281/6/1
f 283/8/1 277/8/1 276/8/1
f 284/6/1 283/6/1 282/6/1
f 285/8/1 277/8/1 283/8/1
f 285/6/1 283/6/1 284/6/1
f 286/8/1 277/8/1 285/8/1
f 289/1/1 288/1/1 287/1/1
f 290/1/1 288/1/1 289/1/1
f 293/1/1 292/1/1 291/1/1
f 294/1/1 292/1/1 293/1/1
f 297/1/1 296/1/1 295/1/1
f 298/1/1 296/1/1 297/1/1
f 303/6/1 300/6/1 299/6/1
f 304/6/1 300/6/1 303/6/1
f 306/6/1 302/6/1 301/6/1
f 307/6/1 302/6/1 306/6/1
f 308/6/1 305/6/1 304/6/1
f 308/8/1 304/8/1 303/8/1
f 309/6/1 305/6/1 308/6/1
f 311/6/1 310/6/1 309/6/1
f 312/6/1 310/6/1 311/6/1
f 314/8/1 308/8/1 303/8/1
f 315/8/1 308/8/1 314/8/1
f 316/6/1 313/6/1 312/6/1
f 316/8/1 312/8/1 311/8/1
f 317/6/1 313/6/1 316/6/1
f 322/6/1 315/6/1 314/6/1
f 323/6/1 315/6/1 322/6/1
f 324/8/1 316/8/1 311/8/1
f 325/6/1 318/6/1 317/6/1
f 326/6/1 318/6/1 325/6/1
f 327/6/1 324/6/1 323/6/1
f 328/8/1 316/8/1 324/8/1
f 328/6/1 324/6/1 327/6/1
f 329/8/1 316/8/1 328/8/1
f 330/6/1 329/6/1 328/6/1
f 331/6/1 329/6/1 330/6/1
f 332/8/1 326/8/1 325/8/1
f 333/6/1 332/6/1 331/6/1
f 334/8/1 326/8/1 332/8/1
f 334/6/1 332/6/1 333/6/1
f 335/8/1 326/8/1 334/8/1
f 336/6/1 335/6/1 334/6/1
f 337/6/1 335/6/1 336/6/1
f 338/7/1 320/7/1 319/7/1
f 339/5/1 321/5/1 320/5/1
f 339/7/1 320/7/1 338/7/1
f 340/5/1 321/5/1 339/5/1
f 343/1/1 342/1/1 341/1/1
f 344/1/1 342/1/1 343/1/1
f 347/13/1 346/13/1 345/13/1
f 348/13/1 346/13/1 347/13/1
f 351/8/1 350/8/1 349/8/1
f 352/8/1 350/8/1 351/8/1
f 357/6/1 354/6/1 353/6/1
f 358/6/1 354/6/1 357/6/1
f 359/6/1 356/6/1 355/6/1
f 360/6/1 356/6/1 359/6/1
f 361/6/1 357/6/1 353/6/1
f 362/6/1 357/6/1 361/6/1
f 363/6/1 356/6/1 360/6/1
f 364/6/1 356/6/1 363/6/1
f 367/6/1 366/6/1 365/6/1
f 368/6/1 366/6/1 367/6/1
f 371/8/1 370/8/1 369/8/1
f 372/8/1 370/8/1 371/8/1
f 386/5/1 374/5/1 373/5/1
f 386/5/1 385/5/1 384/5/1
f 386/5/1 384/5/1 383/5/1
f 386/5/1 383/5/1 382/5/1
f 386/5/1 382/5/1 381/5/1
f 386/5/1 381/5/1 380/5/1
f 386/5/1 380/5/1 379/5/1
f 386/5/1 379/5/1 378/5/1
f 386/5/1 378/5/1 377/5/1
f 386/5/1 377/5/1 376/5/1
f 386/5/1 376/5/1 375/5/1
f 386/5/1 375/5/1 374/5/1
f 387/5/1 385/5/1 386/5/1
f 393/12/1 391/12/1 390/12/1
f 393/12/1 392/12/1 391/12/1
f 393/12/1 390/12/1 389/12/1
f 393/12/1 389/12/1 388/12/1
f 394/12/1 392/12/1 393/12/1
f 395/12/1 392/12/1 394/12/1
f 396/12/1 392/12/1 395/12/1
f 397/12/1 392/12/1 396/12/1
f 398/12/1 392/12/1 397/12/1
f 399/2/1 398/2/1 397/2/1
f 400/12/1 392/12/1 398/12/1
f 400/2/1 398/2/1 399/2/1
f 401/12/1 392/12/1 400/12/1
f 402/12/1 392/12/1 401/12/1
f 403/2/1 402/2/1 401/2/1
f 404/12/1 392/12/1 402/12/1
f 404/2/1 402/2/1 403/2/1
f 405/12/1 392/12/1 404/12/1
f 406/12/1 392/12/1 405/12/1
f 407/12/1 392/12/1 406/12/1
f 410/13/1 409/13/1 408/13/1
f 411/13/1 409/13/1 410/13/1
f 412/13/1 409/13/1 411/13/1
f 415/13/1 414/13/1 413/13/1
f 416/13/1 414/13/1 415/13/1
f 420/6/1 418/6/1 417/6/1
f 421/6/1 418/6/1 420/6/1
f 422/6/1 418/6/1 421/6/1
f 425/6/1 422/6/1 421/6/1
f 426/6/1 424/6/1 423/6/1
f 427/6/1 424/6/1 426/6/1
f 428/6/1 424/6/1 427/6/1
f 429/6/1 424/6/1 428/6/1
f 430/6/1 424/6/1 429/6/1
f 431/6/1 424/6/1 430/6/1
f 432/6/1 424/6/1 431/6/1
f 433/6/1 425/6/1 421/6/1
f 433/8/1 426/8/1 425/8/1
f 434/8/1 426/8/1 433/8/1
f 435/8/1 428/8/1 427/8/1
f 436/8/1 428/8/1 435/8/1
f 437/8/1 430/8/1 429/8/1
f 438/8/1 430/8/1 437/8/1
f 439/8/1 432/8/1 431/8/1
f 440/8/1 432/8/1 439/8/1
f 441/6/1 433/6/1 421/6/1
f 442/6/1 438/6/1 437/6/1
f 442/6/1 436/6/1 435/6/1
f 442/6/1 439/6/1 438/6/1
f 442/6/1 440/6/1 439/6/1
f 442/6/1 437/6/1 436/6/1
f 442/6/1 435/6/1 434/6/1
f 443/6/1 440/6/1 442/6/1
f 444/6/1 420/6/1 419/6/1
f 445/6/1 441/6/1 421/6/1
f 446/6/1 444/6/1 419/6/1
f 446/6/1 445/6/1 444/6/1
f 447/6/1 445/6/1 446/6/1
f 448/6/1 441/6/1 445/6/1
f 448/6/1 445/6/1 447/6/1
f 449/6/2 450/6/2 452/6/2
f 452/6/2 450/6/2 453/6/2
f 453/6/2 450/6/2 454/6/2
f 453/6/2 454/6/2 457/6/2
f 455/6/2 456/6/2 458/6/2
f 458/6/2 456/6/2 459/6/2
f 459/6/2 456/6/2 460/6/2
f 460/6/2 456/6/2 461/6/2
f 461/6/2 456/6/2 462/6/2
f 462/6/2 456/6/2 463/6/2
f 463/6/2 456/6/2 464/6/2
f 453/6/2 457/6/2 465/6/2
f 457/8/2 458/8/2 465/8/2
f 465/8/2 458/8/2 466/8/2
f 459/8/2 460/8/2 467/8/2
f 467/8/2 460/8/2 468/8/2
f 461/8/2 462/8/2 469/8/2
f 469/8/2 462/8/2 470/8/2
f 463/8/2 464/8/2 471/8/2
f 471/8/2 464/8/2 472/8/2
f 453/6/2 465/6/2 473/6/2
f 469/6/2 470/6/2 474/6/2
f 467/6/2 468/6/2 474/6/2
f 470/6/2 471/6/2 474/6/2
f 471/6/2 472/6/2 474/6/2
f 468/6/2 469/6/2 474/6/2
f 466/6/2 467/6/2 474/6/2
f 474/6/2 472/6/2 475/6/2
f 451/6/2 452/6/2 476/6/2
f 453/6/2 473/6/2 477/6/2
f 451/6/2 476/6/2 478/6/2
f 476/6/2 477/6/2 478/6/2
f 478/6/2 477/6/2 479/6/2
f 477/6/2 473/6/2 480/6/2
f 479/6/2 477/6/2 480/6/2
f 481/7/2 482/7/2 485/7/2
f 483/7/2 484/7/2 485/7/2
f 482/7/2 483/7/2 485/7/2
f 485/7/2 484/7/2 486/7/2
f 486/7/2 484/7/2 487/7/2
f 487/7/2 484/7/2 488/7/2
f 488/7/2 484/7/2 489/7/2
f 489/7/2 484/7/2 490/7/2
f 489/2/2 490/2/2 491/2/2
f 490/7/2 484/7/2 492/7/2
f 491/2/2 490/2/2 492/2/2
f 492/7/2 484/7/2 493/7/2
f 493/7/2 484/7/2 494/7/2
f 493/2/2 494/2/2 495/2/2
f 494/7/2 484/7/2 496/7/2
f 495/2/2 494/2/2 496/2/2
f 496/7/2 484/7/2 497/7/2
f 497/7/2 484/7/2 498/7/2
f 498/7/2 484/7/2 499/7/2
f 500/6/2 501/6/2 502/6/2
f 500/6/2 502/6/2 504/6/2
f 502/6/2 503/6/2 504/6/2
f 504/6/2 503/6/2 505/6/2
f 506/5/2 507/5/2 519/5/2
f 517/5/2 518/5/2 519/5/2
f 516/5/2 517/5/2 519/5/2
f 515/5/2 516/5/2 519/5/2
f 514/5/2 515/5/2 519/5/2
f 513/5/2 514/5/2 519/5/2
f 512/5/2 513/5/2 519/5/2
f 511/5/2 512/5/2 519/5/2
f 510/5/2 511/5/2 519/5/2
f 509/5/2 510/5/2 519/5/2
f 508/5/2 509/5/2 519/5/2
f 507/5/2 508/5/2 519/5/2
f 519/5/2 518/5/2 520/5/2
f 521/13/2 522/13/2 523/13/2
f 523/13/2 522/13/2 524/13/2
f 524/13/2 522/13/2 525/13/2
f 526/13/2 527/13/2 528/13/2
f 528/13/2 527/13/2 529/13/2
f 530/6/2 531/6/2 534/6/2
f 534/6/2 531/6/2 535/6/2
f 532/6/2 533/6/2 536/6/2
f 536/6/2 533/6/2 537/6/2
f 530/6/2 534/6/2 538/6/2
f 538/6/2 534/6/2 539/6/2
f 537/6/2 533/6/2 540/6/2
f 540/6/2 533/6/2 541/6/2
f 542/8/2 543/8/2 544/8/2
f 544/8/2 543/8/2 545/8/2
f 546/1/2 547/1/2 548/1/2
f 548/1/2 547/1/2 549/1/2
f 550/8/2 551/8/2 552/8/2
f 552/8/2 551/8/2 553/8/2
f 554/1/2 555/1/2 556/1/2
f 556/1/2 555/1/2 557/1/2
f 558/1/2 559/1/2 560/1/2
f 560/1/2 559/1/2 561/1/2
f 562/6/2 563/6/2 564/6/2
f 564/6/2 563/6/2 565/6/2
f 564/8/2 565/8/2 567/8/2
f 565/6/2 566/6/2 567/6/2
f 567/6/2 566/6/2 568/6/2
f 568/6/2 569/6/2 570/6/2
f 570/6/2 569/6/2 571/6/2
f 564/8/2 567/8/2 573/8/2
f 573/8/2 567/8/2 574/8/2
f 571/6/2 572/6/2 575/6/2
f 570/8/2 571/8/2 575/8/2
f 575/6/2 572/6/2 576/6/2
f 573/6/2 574/6/2 581/6/2
f 581/6/2 574/6/2 582/6/2
f 570/8/2 575/8/2 583/8/2
f 576/6/2 577/6/2 584/6/2
f 584/6/2 577/6/2 585/6/2
f 582/6/2 583/6/2 586/6/2
f 583/8/2 575/8/2 587/8/2
f 586/6/2 583/6/2 587/6/2
f 587/8/2 575/8/2 588/8/2
f 587/6/2 588/6/2 589/6/2
f 589/6/2 588/6/2 590/6/2
f 584/8/2 585/8/2 591/8/2
f 590/6/2 591/6/2 592/6/2
f 591/8/2 585/8/2 593/8/2
f 592/6/2 591/6/2 593/6/2
f 593/8/2 585/8/2 594/8/2
f 593/6/2 594/6/2 595/6/2
f 595/6/2 594/6/2 596/6/2
f 578/7/2 579/7/2 597/7/2
f 579/5/2 580/5/2 598/5/2
f 597/7/2 579/7/2 598/7/2
f 598/5/2 580/5/2 599/5/2
f 600/1/2 601/1/2 602/1/2
f 602/1/2 601/1/2 603/1/2
f 604/1/2 605/1/2 606/1/2
f 606/1/2 605/1/2 607/1/2
f 608/1/2 609/1/2 610/1/2
f 610/1/2 609/1/2 611/1/2
f 612/6/2 613/6/2 615/6/2
f 615/6/2 613/6/2 616/6/2
f 614/8/2 615/8/2 616/8/2
f 616/6/2 613/6/2 617/6/2
f 617/6/2 613/6/2 618/6/2
f 618/6/2 613/6/2 619/6/2
f 614/8/2 616/8/2 620/8/2
f 620/8/2 616/8/2 621/8/2
f 619/6/2 613/6/2 622/6/2
f 618/8/2 619/8/2 622/8/2
f 622/6/2 613/6/2 623/6/2
f 620/6/2 621/6/2 624/6/2
f 624/6/2 621/6/2 625/6/2
f 618/8/2 622/8/2 626/8/2
f 625/6/2 626/6/2 629/6/2
f 626/8/2 622/8/2 630/8/2
f 629/6/2 626/6/2 630/6/2
f 630/8/2 622/8/2 631/8/2
f 630/6/2 631/6/2 632/6/2
f 632/6/2 631/6/2 633/6/2
f 627/8/2 628/8/2 634/8/2
f 633/6/2 634/6/2 635/6/2
f 634/8/2 628/8/2 636/8/2
f 635/6/2 634/6/2 636/6/2
f 636/8/2 628/8/2 637/8/2
f 638/1/2 639/1/2 640/1/2
f 640/1/2 639/1/2 641/1/2
f 642/1/2 643/1/2 644/1/2
f 644/1/2 643/1/2 645/1/2
f 646/8/2 647/8/2 648/8/2
f 648/8/2 647/8/2 649/8/2
f 650/1/2 651/1/2 652/1/2
f 652/1/2 651/1/2 653/1/2
f 654/8/2 655/8/2 656/8/2
f 656/8/2 655/8/2 657/8/2
f 658/6/2 659/6/2 674/6/2
f 674/6/2 659/6/2 675/6/2
f 675/6/2 659/6/2 676/6/2
f 676/6/2 659/6/2 677/6/2
f 677/6/2 659/6/2 678/6/2
f 678/6/2 659/6/2 679/6/2
f 679/6/2 659/6/2 680/6/2
f 673/8/2 674/8/2 681/8/2
f 681/8/2 674/8/2 682/8/2
f 675/8/2 676/8/2 683/8/2
f 683/8/2 676/8/2 684/8/2
f 677/8/2 678/8/2 685/8/2
f 685/8/2 678/8/2 686/8/2
f 679/8/2 680/8/2 687/8/2
f 687/8/2 680/8/2 688/8/2
f 685/6/2 686/6/2 689/6/2
f 687/6/2 688/6/2 689/6/2
f 686/6/2 687/6/2 689/6/2
f 683/6/2 684/6/2 689/6/2
f 684/6/2 685/6/2 689/6/2
f 682/6/2 683/6/2 689/6/2
f 689/6/2 688/6/2 690/6/2
f 671/5/2 672/5/2 691/5/2
f 660/5/2 661/5/2 691/5/2
f 661/5/2 662/5/2 691/5/2
f 662/5/2 663/5/2 691/5/2
f 663/5/2 664/5/2 691/5/2
f 664/5/2 665/5/2 691/5/2
f 665/5/2 666/5/2 691/5/2
f 670/5/2 671/5/2 691/5/2
f 669/5/2 670/5/2 691/5/2
f 668/5/2 669/5/2 691/5/2
f 667/5/2 668/5/2 691/5/2
f 666/5/2 667/5/2 691/5/2
f 691/5/2 672/5/2 692/5/2
f 693/6/2 694/6/2 697/6/2
f 695/6/2 696/6/2 698/6/2
f 698/6/2 696/6/2 699/6/2
f 693/6/2 697/6/2 700/6/2
f 700/6/2 697/6/2 701/6/2
f 699/6/2 696/6/2 702/6/2
f 702/6/2 696/6/2 703/6/2
f 704/1/2 705/1/2 706/1/2
f 706/1/2 705/1/2 707/1/2
f 708/8/2 709/8/2 710/8/2
f 710/8/2 709/8/2 711/8/2
f 712/8/2 713/8/2 714/8/2
f 714/8/2 713/8/2 715/8/2
f 716/1/2 717/1/2 718/1/2
f 718/1/2 717/1/2 719/1/2
f 720/13/2 721/13/2 722/13/2
f 722/13/2 721/13/2 723/13/2
f 724/6/2 725/6/2 728/6/2
f 728/6/2 725/6/2 729/6/2
f 726/6/2 727/6/2 731/6/2
f 731/6/2 727/6/2 732/6/2
f 729/6/2 730/6/2 733/6/2
f 728/8/2 729/8/2 733/8/2
f 733/6/2 730/6/2 734/6/2
f 734/6/2 735/6/2 736/6/2
f 736/6/2 735/6/2 737/6/2
f 728/8/2 733/8/2 739/8/2
f 739/8/2 733/8/2 740/8/2
f 737/6/2 738/6/2 741/6/2
f 736/8/2 737/8/2 741/8/2
f 741/6/2 738/6/2 742/6/2
f 739/6/2 740/6/2 747/6/2
f 747/6/2 740/6/2 748/6/2
f 736/8/2 741/8/2 749/8/2
f 742/6/2 743/6/2 750/6/2
f 750/6/2 743/6/2 751/6/2
f 748/6/2 749/6/2 752/6/2
f 749/8/2 741/8/2 753/8/2
f 752/6/2 749/6/2 753/6/2
f 753/8/2 741/8/2 754/8/2
f 753/6/2 754/6/2 755/6/2
f 755/6/2 754/6/2 756/6/2
f 750/8/2 751/8/2 757/8/2
f 756/6/2 757/6/2 758/6/2
f 757/8/2 751/8/2 759/8/2
f 758/6/2 757/6/2 759/6/2
f 759/8/2 751/8/2 760/8/2
f 759/6/2 760/6/2 761/6/2
f 761/6/2 760/6/2 762/6/2
f 744/7/2 745/7/2 763/7/2
f 745/5/2 746/5/2 764/5/2
f 763/7/2 745/7/2 764/7/2
f 764/5/2 746/5/2 765/5/2
f 766/1/2 767/1/2 768/1/2
f 768/1/2 767/1/2 769/1/2
f 770/1/2 771/1/2 772/1/2
f 772/1/2 771/1/2 773/1/2
f 774/1/2 775/1/2 776/1/2
f 776/1/2 775/1/2 777/1/2
f 778/1/2 779/1/2 780/1/2
f 780/1/2 779/1/2 781/1/2
f 782/1/2 783/1/2 784/1/2
f 784/1/2 783/1/2 785/1/2
f 786/6/2 787/6/2 789/6/2
f 789/6/2 787/6/2 790/6/2
f 788/8/2 789/8/2 790/8/2
f 790/6/2 787/6/2 791/6/2
f 791/6/2 787/6/2 792/6/2
f 792/6/2 787/6/2 793/6/2
f 788/8/2 790/8/2 794/8/2
f 794/8/2 790/8/2 795/8/2
f 793/6/2 787/6/2 796/6/2
f 792/8/2 793/8/2 796/8/2
f 796/6/2 787/6/2 797/6/2
f 794/6/2 795/6/2 798/6/2
f 798/6/2 795/6/2 799/6/2
f 792/8/2 796/8/2 800/8/2
f 799/6/2 800/6/2 803/6/2
f 800/8/2 796/8/2 804/8/2
f 803/6/2 800/6/2 804/6/2
f 804/8/2 796/8/2 805/8/2
f 804/6/2 805/6/2 806/6/2
f 806/6/2 805/6/2 807/6/2
f 801/8/2 802/8/2 808/8/2
f 807/6/2 808/6/2 809/6/2
f 808/8/2 802/8/2 810/8/2
f 809/6/2 808/6/2 810/6/2
f 810/8/2 802/8/2 811/8/2
f 812/1/2 813/1/2 814/1/2
f 814/1/2 813/1/2 815/1/2
f 816/8/2 817/8/2 818/8/2
f 818/8/2 817/8/2 819/8/2
f 820/6/2 821/6/2 824/6/2
f 824/6/2 821/6/2 825/6/2
f 822/6/2 823/6/2 826/6/2
f 826/6/2 823/6/2 827/6/2
f 828/8/2 829/8/2 830/8/2
f 830/8/2 829/8/2 831/8/2
f 832/1/2 833/1/2 834/1/2
f 834/1/2 833/1/2 835/1/2
f 836/13/2 837/13/2 838/13/2
f 838/13/2 837/13/2 839/13/2
f 840/13/2 841/13/2 842/13/2
f 842/13/2 841/13/2 843/13/2
f 843/13/2 841/13/2 844/13/2
f 845/6/2 846/6/2 851/6/2
f 851/6/2 846/6/2 852/6/2
f 852/6/2 846/6/2 853/6/2
f 853/6/2 854/6/2 855/6/2
f 847/6/2 848/6/2 856/6/2
f 856/6/2 848/6/2 857/6/2
f 849/6/2 850/6/2 858/6/2
f 858/6/2 850/6/2 859/6/2
f 853/6/2 855/6/2 860/6/2
f 852/6/2 853/6/2 860/6/2
f 855/6/2 856/6/2 860/6/2
f 860/6/2 856/6/2 861/6/2
f 861/6/2 856/6/2 862/6/2
f 862/6/2 856/6/2 863/6/2
f 863/6/2 856/6/2 864/6/2
f 864/6/2 856/6/2 865/6/2
f 865/6/2 856/6/2 866/6/2
f 856/7/2 857/7/2 867/7/2
f 866/6/2 856/6/2 867/6/2
f 858/7/2 859/7/2 867/7/2
f 857/7/2 858/7/2 867/7/2
f 852/6/2 860/6/2 868/6/2
f 860/8/2 861/8/2 868/8/2
f 868/8/2 861/8/2 869/8/2
f 862/8/2 863/8/2 870/8/2
f 870/8/2 863/8/2 871/8/2
f 864/8/2 865/8/2 872/8/2
f 872/8/2 865/8/2 873/8/2
f 866/8/2 867/8/2 874/8/2
f 867/7/2 859/7/2 875/7/2
f 874/8/2 867/8/2 875/8/2
f 873/6/2 874/6/2 876/6/2
f 870/6/2 871/6/2 876/6/2
f 874/6/2 875/6/2 876/6/2
f 872/6/2 873/6/2 876/6/2
f 871/6/2 872/6/2 876/6/2
f 868/6/2 869/6/2 876/6/2
f 869/6/2 870/6/2 876/6/2
f 852/6/2 868/6/2 876/6/2
f 875/7/2 859/7/2 877/7/2
f 876/6/2 875/6/2 877/6/2
f 845/6/2 851/6/2 878/6/2
f 852/6/2 876/6/2 879/6/2
f 845/6/2 878/6/2 880/6/2
f 878/6/2 879/6/2 880/6/2
f 880/6/2 879/6/2 881/6/2
f 879/6/2 876/6/2 882/6/2
f 881/6/2 879/6/2 882/6/2
f 877/7/2 859/7/2 883/7/2
f 880/2/2 881/2/2 884/2/2
f 882/7/2 883/7/2 885/7/2
f 884/2/2 881/2/2 885/2/2
f 881/7/2 882/7/2 885/7/2
f 885/7/2 883/7/2 886/7/2
f 885/2/2 886/2/2 887/2/2
f 886/7/2 883/7/2 888/7/2
f 887/2/2 886/2/2 888/2/2
f 888/7/2 883/7/2 889/7/2
f 888/2/2 889/2/2 890/2/2
f 889/7/2 883/7/2 891/7/2
f 890/2/2 889/2/2 891/2/2
f 883/7/2 859/7/2 892/7/2
f 891/7/2 883/7/2 892/7/2
f 891/2/2 892/2/2 893/2/2
f 893/2/2 892/2/2 894/2/2
f 892/7/2 859/7/2 895/7/2
f 894/2/2 892/2/2 895/2/2
f 895/7/2 859/7/2 896/7/2
f 894/2/2 895/2/2 897/2/2
f 895/2/2 896/2/2 897/2/2
f 897/2/2 896/2/2 898/2/2
f 898/2/2 896/2/2 899/2/2
f 896/7/2 859/7/2 900/7/2
f 899/2/2 896/2/2 900/2/2
f 900/7/2 859/7/2 901/7/2
f 900/2/2 901/2/2 902/2/2
f 902/2/2 901/2/2 903/2/2
f 904/12/2 905/12/2 906/12/2
f 906/12/2 905/12/2 907/12/2
f 911/6/3 909/6/3 908/6/3
f 912/2/3 910/2/3 909/2/3
f 912/6/3 909/6/3 911/6/3
f 913/6/3 911/6/3 908/6/3
f 916/6/3 913/6/3 908/6/3
f 917/8/3 914/8/3 913/8/3
f 917/6/3 913/6/3 916/6/3
f 918/6/3 915/6/3 914/6/3
f 918/8/3 914/8/3 917/8/3
f 919/6/3 915/6/3 918/6/3
f 924/6/3 921/6/3 920/6/3
f 924/8/3 922/8/3 921/8/3
f 925/6/3 923/6/3 922/6/3
f 925/8/3 922/8/3 924/8/3
f 926/6/3 923/6/3 925/6/3
f 927/6/3 924/6/3 920/6/3
f 930/6/3 927/6/3 920/6/3
f 931/8/3 928/8/3 927/8/3
f 931/6/3 927/6/3 930/6/3
f 932/6/3 929/6/3 928/6/3
f 932/8/3 928/8/3 931/8/3
f 933/6/3 929/6/3 932/6/3
f 938/6/3 935/6/3 934/6/3
f 938/8/3 936/8/3 935/8/3
f 939/6/3 937/6/3 936/6/3
f 939/8/3 936/8/3 938/8/3
f 940/6/3 937/6/3 939/6/3
f 941/6/3 938/6/3 934/6/3
f 942/2/3 910/2/3 912/2/3
f 943/6/3 941/6/3 934/6/3
f 943/6/3 942/6/3 941/6/3
f 944/2/3 910/2/3 942/2/3
f 944/6/3 942/6/3 943/6/3
f 945/2/3 910/2/3 944/2/3
f 950/6/3 947/6/3 946/6/3
f 951/6/3 947/6/3 950/6/3
f 952/11/3 949/11/3 948/11/3
f 953/11/3 949/11/3 952/11/3
f 956/6/3 955/6/3 954/6/3
f 957/6/3 955/6/3 956/6/3
f 962/6/3 959/6/3 958/6/3
f 963/6/3 959/6/3 962/6/3
f 964/11/3 961/11/3 960/11/3
f 965/11/3 961/11/3 964/11/3
f 968/6/3 967/6/3 966/6/3
f 969/6/3 967/6/3 968/6/3
f 978/6/3 973/6/3 972/6/3
f 979/8/3 974/8/3 973/8/3
f 979/6/3 973/6/3 978/6/3
f 980/8/3 974/8/3 979/8/3
f 981/6/3 976/6/3 975/6/3
f 982/6/3 976/6/3 981/6/3
f 983/11/3 978/11/3 977/11/3
f 984/11/3 978/11/3 983/11/3
f 989/6/3 985/6/3 984/6/3
f 990/8/3 986/8/3 985/8/3
f 990/6/3 985/6/3 989/6/3
f 991/8/3 986/8/3 990/8/3
f 992/6/3 988/6/3 987/6/3
f 993/6/3 988/6/3 992/6/3
f 1000/6/3 995/6/3 994/6/3
f 1001/8/3 996/8/3 995/8/3
f 1001/6/3 995/6/3 1000/6/3
f 1002/8/3 996/8/3 1001/8/3
f 1003/6/3 998/6/3 997/6/3
f 1004/6/3 998/6/3 1003/6/3
f 1005/11/3 1000/11/3 999/11/3
f 1006/11/3 1000/11/3 1005/11/3
f 1011/6/3 1007/6/3 1006/6/3
f 1012/8/3 1008/8/3 1007/8/3
f 1012/6/3 1007/6/3 1011/6/3
f 1013/8/3 1008/8/3 1012/8/3
f 1014/6/3 1010/6/3 1009/6/3
f 1015/6/3 1010/6/3 1014/6/3
f 1016/2/3 971/2/3 970/2/3
f 1017/2/3 971/2/3 1016/2/3
f 1020/6/3 1019/6/3 1018/6/3
f 1021/6/3 1019/6/3 1020/6/3
f 1026/6/3 1023/6/3 1022/6/3
f 1027/6/3 1023/6/3 1026/6/3
f 1028/11/3 1025/11/3 1024/11/3
f 1029/11/3 1025/11/3 1028/11/3
f 1032/6/3 1031/6/3 1030/6/3
f 1033/6/3 1031/6/3 1032/6/3
f 1038/6/3 1035/6/3 1034/6/3
f 1039/6/3 1035/6/3 1038/6/3
f 1040/11/3 1037/11/3 1036/11/3
f 1041/11/3 1037/11/3 1040/11/3
f 1044/6/3 1043/6/3 1042/6/3
f 1045/6/3 1043/6/3 1044/6/3
f 1048/6/3 1047/6/3 1046/6/3
f 1049/6/3 1047/6/3 1048/6/3
f 1055/6/3 1052/6/3 1051/6/3
f 1056/6/3 1054/6/3 1053/6/3
f 1057/6/3 1055/6/3 1051/6/3
f 1057/8/3 1056/8/3 1055/8/3
f 1058/6/3 1054/6/3 1056/6/3
f 1058/8/3 1056/8/3 1057/8/3
f 1059/6/3 1057/6/3 1051/6/3
f 1060/6/3 1054/6/3 1058/6/3
f 1061/6/3 1059/6/3 1051/6/3
f 1061/8/3 1060/8/3 1059/8/3
f 1062/6/3 1054/6/3 1060/6/3
f 1062/8/3 1060/8/3 1061/8/3
f 1063/13/3 1051/13/3 1050/13/3
f 1064/6/3 1061/6/3 1051/6/3
f 1064/13/3 1051/13/3 1063/13/3
f 1065/6/3 1061/6/3 1064/6/3
f 1067/6/3 1054/6/3 1062/6/3
f 1069/6/3 1065/6/3 1064/6/3
f 1070/8/3 1066/8/3 1065/8/3
f 1070/6/3 1065/6/3 1069/6/3
f 1071/8/3 1066/8/3 1070/8/3
f 1072/6/3 1054/6/3 1067/6/3
f 1073/6/3 1054/6/3 1072/6/3
f 1074/11/3 1069/11/3 1068/11/3
f 1075/11/3 1069/11/3 1074/11/3
f 1081/6/3 1076/6/3 1075/6/3
f 1082/8/3 1077/8/3 1076/8/3
f 1082/6/3 1076/6/3 1081/6/3
f 1083/8/3 1077/8/3 1082/8/3
f 1084/6/3 1079/6/3 1078/6/3
f 1085/6/3 1082/6/3 1081/6/3
f 1086/6/3 1079/6/3 1084/6/3
f 1087/6/3 1085/6/3 1081/6/3
f 1087/8/3 1086/8/3 1085/8/3
f 1088/6/3 1079/6/3 1086/6/3
f 1088/8/3 1086/8/3 1087/8/3
f 1089/6/3 1087/6/3 1081/6/3
f 1090/6/3 1079/6/3 1088/6/3
f 1091/6/3 1089/6/3 1081/6/3
f 1091/8/3 1090/8/3 1089/8/3
f 1092/6/3 1079/6/3 1090/6/3
f 1092/8/3 1090/8/3 1091/8/3
f 1093/6/3 1091/6/3 1081/6/3
f 1094/6/3 1079/6/3 1092/6/3
f 1095/6/3 1093/6/3 1081/6/3
f 1095/8/3 1094/8/3 1093/8/3
f 1096/6/3 1079/6/3 1094/6/3
f 1096/8/3 1094/8/3 1095/8/3
f 1097/6/3 1095/6/3 1081/6/3
f 1098/6/3 1079/6/3 1096/6/3
f 1099/6/3 1097/6/3 1081/6/3
f 1099/8/3 1098/8/3 1097/8/3
f 1100/6/3 1079/6/3 1098/6/3
f 1100/8/3 1098/8/3 1099/8/3
f 1101/6/3 1099/6/3 1081/6/3
f 1102/6/3 1079/6/3 1100/6/3
f 1103/6/3 1101/6/3 1081/6/3
f 1103/8/3 1102/8/3 1101/8/3
f 1104/6/3 1079/6/3 1102/6/3
f 1104/8/3 1102/8/3 1103/8/3
f 1105/13/3 1081/13/3 1080/13/3
f 1106/6/3 1103/6/3 1081/6/3
f 1106/13/3 1081/13/3 1105/13/3
f 1107/6/3 1103/6/3 1106/6/3
f 1109/6/3 1079/6/3 1104/6/3
f 1111/6/3 1107/6/3 1106/6/3
f 1112/8/3 1108/8/3 1107/8/3
f 1112/6/3 1107/6/3 1111/6/3
f 1113/8/3 1108/8/3 1112/8/3
f 1114/6/3 1079/6/3 1109/6/3
f 1115/6/3 1079/6/3 1114/6/3
f 1116/11/3 1111/11/3 1110/11/3
f 1117/11/3 1111/11/3 1116/11/3
f 1123/6/3 1118/6/3 1117/6/3
f 1124/8/3 1119/8/3 1118/8/3
f 1124/6/3 1118/6/3 1123/6/3
f 1125/8/3 1119/8/3 1124/8/3
f 1126/6/3 1121/6/3 1120/6/3
f 1127/6/3 1124/6/3 1123/6/3
f 1128/6/3 1121/6/3 1126/6/3
f 1129/6/3 1127/6/3 1123/6/3
f 1129/8/3 1128/8/3 1127/8/3
f 1130/6/3 1121/6/3 1128/6/3
f 1130/8/3 1128/8/3 1129/8/3
f 1131/6/3 1129/6/3 1123/6/3
f 1132/6/3 1121/6/3 1130/6/3
f 1133/6/3 1131/6/3 1123/6/3
f 1133/8/3 1132/8/3 1131/8/3
f 1134/6/3 1121/6/3 1132/6/3
f 1134/8/3 1132/8/3 1133/8/3
f 1135/13/3 1123/13/3 1122/13/3
f 1136/6/3 1133/6/3 1123/6/3
f 1136/13/3 1123/13/3 1135/13/3
f 1137/6/3 1133/6/3 1136/6/3
f 1138/6/3 1121/6/3 1134/6/3
f 1139/6/3 1121/6/3 1138/6/3
f 1142/2/3 1141/2/3 1140/2/3
f 1143/2/3 1141/2/3 1142/2/3
f 1146/8/3 1145/8/3 1144/8/3
f 1147/8/3 1145/8/3 1146/8/3
f 1150/8/3 1149/8/3 1148/8/3
f 1151/8/3 1149/8/3 1150/8/3
f 1154/8/3 1153/8/3 1152/8/3
f 1155/8/3 1153/8/3 1154/8/3
f 1158/2/3 1157/2/3 1156/2/3
f 1159/2/3 1157/2/3 1158/2/3
f 1162/8/3 1161/8/3 1160/8/3
f 1163/8/3 1161/8/3 1162/8/3
f 1166/8/3 1165/8/3 1164/8/3
f 1167/8/3 1165/8/3 1166/8/3
f 1170/8/3 1169/8/3 1168/8/3
f 1171/8/3 1169/8/3 1170/8/3
f 1176/8/3 1173/8/3 1172/8/3
f 1177/8/3 1173/8/3 1176/8/3
f 1180/8/3 1179/8/3 1178/8/3
f 1181/8/3 1179/8/3 1180/8/3
f 1184/8/3 1183/8/3 1182/8/3
f 1185/8/3 1183/8/3 1184/8/3
f 1186/2/3 1175/2/3 1174/2/3
f 1187/2/3 1175/2/3 1186/2/3
f 1192/6/3 1189/6/3 1188/6/3
f 1193/6/3 1189/6/3 1192/6/3
f 1197/7/3 1191/7/3 1190/7/3
f 1198/7/3 1191/7/3 1197/7/3
f 1199/6/3 1192/6/3 1188/6/3
f 1201/6/3 1199/6/3 1188/6/3
f 1201/6/3 1200/6/3 1199/6/3
f 1202/6/3 1200/6/3 1201/6/3
f 1203/7/3 1196/7/3 1195/7/3
f 1203/7/3 1198/7/3 1197/7/3
f 1203/7/3 1197/7/3 1196/7/3
f 1203/7/3 1195/7/3 1194/7/3
f 1204/7/3 1198/7/3 1203/7/3
f 1206/7/3 1198/7/3 1204/7/3
f 1209/7/3 1206/7/3 1205/7/3
f 1210/7/3 1206/7/3 1209/7/3
f 1211/7/3 1206/7/3 1210/7/3
f 1212/7/3 1206/7/3 1211/7/3
f 1213/7/3 1198/7/3 1206/7/3
f 1213/7/3 1206/7/3 1212/7/3
f 1217/6/3 1213/6/3 1212/6/3
f 1218/6/3 1213/6/3 1217/6/3
f 1219/6/3 1208/6/3 1207/6/3
f 1220/6/3 1208/6/3 1219/6/3
f 1221/7/3 1216/7/3 1215/7/3
f 1221/7/3 1215/7/3 1214/7/3
f 1221/7/3 1218/7/3 1217/7/3
f 1221/7/3 1217/7/3 1216/7/3
f 1222/7/3 1218/7/3 1221/7/3
f 1224/7/3 1218/7/3 1222/7/3
f 1227/6/3 1226/6/3 1225/6/3
f 1228/6/3 1226/6/3 1227/6/3
f 1229/6/3 1227/6/3 1225/6/3
f 1231/7/3 1224/7/3 1223/7/3
f 1232/7/3 1224/7/3 1231/7/3
f 1233/7/3 1224/7/3 1232/7/3
f 1234/7/3 1224/7/3 1233/7/3
f 1235/7/3 1218/7/3 1224/7/3
f 1235/7/3 1224/7/3 1234/7/3
f 1236/6/3 1230/6/3 1229/6/3
f 1236/6/3 1229/6/3 1225/6/3
f 1237/6/3 1230/6/3 1236/6/3
f 1238/7/3 1235/7/3 1234/7/3
f 1239/7/3 1235/7/3 1238/7/3
f 1242/6/3 1241/6/3 1240/6/3
f 1243/6/3 1241/6/3 1242/6/3
f 1246/6/3 1245/6/3 1244/6/3
f 1247/6/3 1245/6/3 1246/6/3
f 1250/2/3 1249/2/3 1248/2/3
f 1251/2/3 1249/2/3 1250/2/3
f 1254/2/3 1253/2/3 1252/2/3
f 1255/2/3 1253/2/3 1254/2/3
f 1258/1/3 1257/1/3 1256/1/3
f 1259/1/3 1257/1/3 1258/1/3
f 1262/1/3 1260/1/3 1259/1/3
f 1263/1/3 1260/1/3 1262/1/3
f 1264/1/3 1262/1/3 1261/1/3
f 1265/1/3 1262/1/3 1264/1/3
f 1268/1/3 1266/1/3 1265/1/3
f 1269/1/3 1266/1/3 1268/1/3
f 1270/1/3 1268/1/3 1267/1/3
f 1271/1/3 1268/1/3 1270/1/3
f 1275/1/3 1273/1/3 1272/1/3
f 1276/1/3 1273/1/3 1275/1/3
f 1278/1/3 1275/1/3 1274/1/3
f 1279/1/3 1275/1/3 1278/1/3
f 1280/1/3 1277/1/3 1276/1/3
f 1281/1/3 1277/1/3 1280/1/3
f 1282/1/3 1280/1/3 1279/1/3
f 1283/1/3 1280/1/3 1282/1/3
f 1287/1/3 1285/1/3 1284/1/3
f 1288/1/3 1287/1/3 1286/1/3
f 1289/1/3 1285/1/3 1287/1/3
f 1289/1/3 1287/1/3 1288/1/3
f 1290/1/3 1285/1/3 1289/1/3
f 1291/1/3 1285/1/3 1290/1/3
f 1295/1/3 1293/1/3 1292/1/3
f 1296/1/3 1293/1/3 1295/1/3
f 1297/1/3 1293/1/3 1296/1/3
f 1298/1/3 1293/1/3 1297/1/3
f 1300/1/3 1297/1/3 1296/1/3
f 1301/1/3 1297/1/3 1300/1/3
f 1302/1/3 1295/1/3 1294/1/3
f 1303/1/3 1295/1/3 1302/1/3
f 1304/1/3 1299/1/3 1298/1/3
f 1305/1/3 1299/1/3 1304/1/3
f 1308/1/3 1307/1/3 1306/1/3
f 1309/1/3 1307/1/3 1308/1/3
f 1310/1/3 1308/1/3 1306/1/3
f 1311/1/3 1308/1/3 1310/1/3
f 1314/12/3 1313/12/3 1312/12/3
f 1315/12/3 1313/12/3 1314/12/3
f 1316/12/3 1314/12/3 1312/12/3
f 1317/12/3 1313/12/3 1315/12/3
f 1318/12/3 1313/12/3 1317/12/3
f 1319/12/3 1316/12/3 1312/12/3
f 1319/12/3 1317/12/3 1316/12/3
f 1320/12/3 1317/12/3 1319/12/3
f 1321/12/3 1313/12/3 1318/12/3
f 1322/12/3 1319/12/3 1312/12/3
f 1323/12/3 1321/12/3 1320/12/3
f 1324/12/3 1313/12/3 1321/12/3
f 1324/12/3 1321/12/3 1323/12/3
f 1325/12/3 1322/12/3 1312/12/3
f 1325/12/3 1323/12/3 1322/12/3
f 1326/12/3 1323/12/3 1325/12/3
f 1327/12/3 1313/12/3 1324/12/3
f 1328/12/3 1325/12/3 1312/12/3
f 1329/12/3 1327/12/3 1326/12/3
f 1330/12/3 1329/12/3 1328/12/3
f 1331/12/3 1327/12/3 1329/12/3
f 1331/12/3 1329/12/3 1330/12/3
f 1332/12/3 1328/12/3 1312/12/3
f 1332/12/3 1330/12/3 1328/12/3
f 1333/12/3 1330/12/3 1332/12/3
f 1334/12/3 1327/12/3 1331/12/3
f 1335/12/3 1313/12/3 1327/12/3
f 1335/12/3 1327/12/3 1334/12/3
f 1336/12/3 1332/12/3 1312/12/3
f 1337/12/3 1334/12/3 1333/12/3
f 1338/12/3 1334/12/3 1337/12/3
f 1339/12/3 1313/12/3 1335/12/3
f 1340/12/3 1337/12/3 1336/12/3
f 1341/12/3 1339/12/3 1338/12/3
f 1342/12/3 1339/12/3 1341/12/3
f 1342/12/3 1341/12/3 1340/12/3
f 1343/12/3 1313/12/3 1339/12/3
f 1343/12/3 1339/12/3 1342/12/3
f 1344/12/3 1340/12/3 1336/12/3
f 1344/12/3 1336/12/3 1312/12/3
f 1344/12/3 1342/12/3 1340/12/3
f 1345/12/3 1342/12/3 1344/12/3
f 1346/12/3 1344/12/3 1312/12/3
f 1348/12/3 1347/12/3 1346/12/3
f 1349/12/3 1313/12/3 1343/12/3
f 1350/12/3 1348/12/3 1346/12/3
f 1350/12/3 1349/12/3 1348/12/3
f 1351/12/3 1349/12/3 1350/12/3
f 1352/12/3 1346/12/3 1312/12/3
f 1352/12/3 1350/12/3 1346/12/3
f 1353/12/3 1350/12/3 1352/12/3
f 1356/12/3 1349/12/3 1351/12/3
f 1357/12/3 1313/12/3 1349/12/3
f 1357/12/3 1349/12/3 1356/12/3
f 1358/12/3 1354/12/3 1353/12/3
f 1359/12/3 1356/12/3 1355/12/3
f 1360/12/3 1352/12/3 1312/12/3
f 1361/12/3 1358/12/3 1353/12/3
f 1361/12/3 1359/12/3 1358/12/3
f 1362/12/3 1356/12/3 1359/12/3
f 1362/12/3 1359/12/3 1361/12/3
f 1363/12/3 1313/12/3 1357/12/3
f 1364/12/3 1360/12/3 1312/12/3
f 1364/12/3 1363/12/3 1362/12/3
f 1364/12/3 1362/12/3 1361/12/3
f 1364/12/3 1361/12/3 1360/12/3
f 1365/12/3 1313/12/3 1363/12/3
f 1365/12/3 1363/12/3 1364/12/3
f 1367/12/3 1313/12/3 1365/12/3
f 1368/12/3 1364/12/3 1312/12/3
f 1369/12/3 1367/12/3 1366/12/3
f 1370/12/3 1368/12/3 1312/12/3
f 1370/12/3 1369/12/3 1368/12/3
f 1371/12/3 1367/12/3 1369/12/3
f 1371/12/3 1369/12/3 1370/12/3
f 1371/12/3 1313/12/3 1367/12/3
f 1374/13/3 1373/13/3 1372/13/3
f 1375/13/3 1373/13/3 1374/13/3
f 1378/13/3 1377/13/3 1376/13/3
f 1379/13/3 1377/13/3 1378/13/3
f 1382/6/3 1381/6/3 1380/6/3
f 1383/6/3 1381/6/3 1382/6/3
f 1384/6/3 1382/6/3 1380/6/3
f 1385/6/3 1382/6/3 1384/6/3
f 1388/6/3 1387/6/3 1386/6/3
f 1390/6/3 1389/6/3 1388/6/3
f 1391/6/3 1388/6/3 1386/6/3
f 1391/6/3 1390/6/3 1388/6/3
f 1392/6/3 1390/6/3 1391/6/3
f 1395/5/3 1394/5/3 1393/5/3
f 1396/5/3 1394/5/3 1395/5/3
f 1397/5/3 1394/5/3 1396/5/3
f 1398/5/3 1394/5/3 1397/5/3
f 1399/5/3 1394/5/3 1398/5/3
f 1400/5/3 1394/5/3 1399/5/3
f 1401/5/3 1394/5/3 1400/5/3
f 1402/5/3 1394/5/3 1401/5/3
f 1405/5/3 1394/5/3 1402/5/3
f 1406/5/3 1394/5/3 1405/5/3
f 1409/6/3 1404/6/3 1403/6/3
f 1410/6/3 1404/6/3 1409/6/3
f 1411/5/3 1408/5/3 1407/5/3
f 1412/5/3 1408/5/3 1411/5/3
f 1413/5/3 1408/5/3 1412/5/3
f 1414/5/3 1408/5/3 1413/5/3
f 1415/5/3 1408/5/3 1414/5/3
f 1416/5/3 1408/5/3 1415/5/3
f 1417/5/3 1408/5/3 1416/5/3
f 1418/5/3 1408/5/3 1417/5/3
f 1419/5/3 1408/5/3 1418/5/3
f 1420/5/3 1408/5/3 1419/5/3
f 1423/7/3 1422/7/3 1421/7/3
f 1424/7/3 1422/7/3 1423/7/3
f 1425/7/3 1422/7/3 1424/7/3
f 1426/7/3 1422/7/3 1425/7/3
f 1427/6/4 1428/6/4 1430/6/4
f 1430/6/4 1428/6/4 1431/6/4
f 1429/6/4 1430/6/4 1432/6/4
f 1432/6/4 1430/6/4 1433/6/4
f 1434/8/4 1435/8/4 1437/8/4
f 1435/6/4 1436/6/4 1438/6/4
f 1437/8/4 1435/8/4 1438/8/4
f 1438/6/4 1436/6/4 1439/6/4
f 1440/8/4 1441/8/4 1445/8/4
f 1441/6/4 1442/6/4 1446/6/4
f 1445/8/4 1441/8/4 1446/8/4
f 1446/6/4 1442/6/4 1447/6/4
f 1443/6/4 1444/6/4 1448/6/4
f 1448/6/4 1444/6/4 1449/6/4
f 1450/8/4 1451/8/4 1453/8/4
f 1451/6/4 1452/6/4 1454/6/4
f 1453/8/4 1451/8/4 1454/8/4
f 1454/6/4 1452/6/4 1455/6/4
f 1456/8/4 1457/8/4 1461/8/4
f 1457/6/4 1458/6/4 1462/6/4
f 1461/8/4 1457/8/4 1462/8/4
f 1462/6/4 1458/6/4 1463/6/4
f 1459/6/4 1460/6/4 1464/6/4
f 1464/6/4 1460/6/4 1465/6/4
f 1465/6/4 1466/6/4 1467/6/4
f 1467/6/4 1466/6/4 1468/6/4
f 1469/8/4 1470/8/4 1472/8/4
f 1470/6/4 1471/6/4 1473/6/4
f 1472/8/4 1470/8/4 1473/8/4
f 1473/6/4 1471/6/4 1474/6/4
f 1475/8/4 1476/8/4 1478/8/4
f 1476/6/4 1477/6/4 1479/6/4
f 1478/8/4 1476/8/4 1479/8/4
f 1479/6/4 1477/6/4 1480/6/4
f 1481/8/4 1482/8/4 1486/8/4
f 1482/6/4 1483/6/4 1487/6/4
f 1486/8/4 1482/8/4 1487/8/4
f 1487/6/4 1483/6/4 1488/6/4
f 1484/11/4 1485/11/4 1489/11/4
f 1489/11/4 1485/11/4 1490/11/4
f 1491/8/4 1492/8/4 1494/8/4
f 1492/6/4 1493/6/4 1495/6/4
f 1494/8/4 1492/8/4 1495/8/4
f 1495/6/4 1493/6/4 1496/6/4
f 1497/6/4 1498/6/4 1501/6/4
f 1501/6/4 1498/6/4 1502/6/4
f 1499/6/4 1500/6/4 1503/6/4
f 1503/6/4 1500/6/4 1504/6/4
f 1505/6/4 1506/6/4 1507/6/4
f 1507/6/4 1506/6/4 1508/6/4
f 1508/6/4 1506/6/4 1509/6/4
f 1508/11/4 1509/11/4 1511/11/4
f 1511/11/4 1509/11/4 1512/11/4
f 1510/6/4 1511/6/4 1513/6/4
f 1511/6/4 1512/6/4 1513/6/4
f 1513/6/4 1512/6/4 1514/6/4
f 1515/6/4 1516/6/4 1519/6/4
f 1519/6/4 1516/6/4 1520/6/4
f 1517/6/4 1518/6/4 1521/6/4
f 1521/6/4 1518/6/4 1522/6/4
f 1523/6/4 1524/6/4 1529/6/4
f 1529/6/4 1524/6/4 1530/6/4
f 1525/8/4 1526/8/4 1532/8/4
f 1532/8/4 1526/8/4 1533/8/4
f 1527/13/4 1528/13/4 1535/13/4
f 1531/6/4 1532/6/4 1537/6/4
f 1533/6/4 1534/6/4 1538/6/4
f 1531/6/4 1537/6/4 1539/6/4
f 1537/8/4 1538/8/4 1539/8/4
f 1538/6/4 1534/6/4 1540/6/4
f 1539/8/4 1538/8/4 1540/8/4
f 1531/6/4 1539/6/4 1541/6/4
f 1540/6/4 1534/6/4 1542/6/4
f 1531/6/4 1541/6/4 1543/6/4
f 1541/8/4 1542/8/4 1543/8/4
f 1542/6/4 1534/6/4 1544/6/4
f 1543/8/4 1542/8/4 1544/8/4
f 1535/13/4 1536/13/4 1545/13/4
f 1527/13/4 1535/13/4 1545/13/4
f 1545/13/4 1536/13/4 1546/13/4
f 1531/6/4 1543/6/4 1547/6/4
f 1544/6/4 1534/6/4 1548/6/4
f 1545/12/4 1546/12/4 1549/12/4
f 1549/12/4 1546/12/4 1550/12/4
f 1531/6/4 1547/6/4 1551/6/4
f 1547/8/4 1548/8/4 1552/8/4
f 1551/6/4 1547/6/4 1552/6/4
f 1548/6/4 1534/6/4 1553/6/4
f 1552/8/4 1548/8/4 1553/8/4
f 1553/6/4 1534/6/4 1554/6/4
f 1549/11/4 1550/11/4 1555/11/4
f 1555/11/4 1550/11/4 1556/11/4
f 1555/12/4 1556/12/4 1561/12/4
f 1561/12/4 1556/12/4 1562/12/4
f 1557/6/4 1558/6/4 1563/6/4
f 1558/8/4 1559/8/4 1563/8/4
f 1559/6/4 1560/6/4 1564/6/4
f 1563/8/4 1559/8/4 1564/8/4
f 1557/6/4 1563/6/4 1565/6/4
f 1564/6/4 1560/6/4 1566/6/4
f 1557/6/4 1565/6/4 1567/6/4
f 1565/8/4 1566/8/4 1567/8/4
f 1566/6/4 1560/6/4 1568/6/4
f 1567/8/4 1566/8/4 1568/8/4
f 1557/6/4 1567/6/4 1569/6/4
f 1568/6/4 1560/6/4 1570/6/4
f 1557/6/4 1569/6/4 1571/6/4
f 1569/8/4 1570/8/4 1571/8/4
f 1570/6/4 1560/6/4 1572/6/4
f 1571/8/4 1570/8/4 1572/8/4
f 1557/6/4 1571/6/4 1573/6/4
f 1573/6/4 1571/6/4 1574/6/4
f 1572/6/4 1560/6/4 1575/6/4
f 1575/6/4 1560/6/4 1576/6/4
f 1574/8/4 1575/8/4 1578/8/4
f 1578/8/4 1575/8/4 1579/8/4
f 1577/6/4 1578/6/4 1581/6/4
f 1579/6/4 1580/6/4 1582/6/4
f 1577/6/4 1581/6/4 1583/6/4
f 1581/8/4 1582/8/4 1583/8/4
f 1582/6/4 1580/6/4 1584/6/4
f 1583/8/4 1582/8/4 1584/8/4
f 1577/6/4 1583/6/4 1585/6/4
f 1584/6/4 1580/6/4 1586/6/4
f 1577/6/4 1585/6/4 1587/6/4
f 1585/8/4 1586/8/4 1587/8/4
f 1586/6/4 1580/6/4 1588/6/4
f 1587/8/4 1586/8/4 1588/8/4
f 1561/13/4 1562/13/4 1589/13/4
f 1589/13/4 1562/13/4 1590/13/4
f 1590/13/4 1562/13/4 1591/13/4
f 1577/6/4 1587/6/4 1592/6/4
f 1588/6/4 1580/6/4 1593/6/4
f 1590/12/4 1591/12/4 1594/12/4
f 1594/12/4 1591/12/4 1595/12/4
f 1577/6/4 1592/6/4 1596/6/4
f 1592/8/4 1593/8/4 1597/8/4
f 1596/6/4 1592/6/4 1597/6/4
f 1593/6/4 1580/6/4 1598/6/4
f 1597/8/4 1593/8/4 1598/8/4
f 1598/6/4 1580/6/4 1599/6/4
f 1594/11/4 1595/11/4 1600/11/4
f 1600/11/4 1595/11/4 1601/11/4
f 1600/12/4 1601/12/4 1607/12/4
f 1607/12/4 1601/12/4 1608/12/4
f 1602/6/4 1603/6/4 1609/6/4
f 1603/8/4 1604/8/4 1609/8/4
f 1604/6/4 1605/6/4 1610/6/4
f 1609/8/4 1604/8/4 1610/8/4
f 1602/6/4 1609/6/4 1611/6/4
f 1610/6/4 1605/6/4 1612/6/4
f 1602/6/4 1611/6/4 1613/6/4
f 1611/8/4 1612/8/4 1613/8/4
f 1612/6/4 1605/6/4 1614/6/4
f 1613/8/4 1612/8/4 1614/8/4
f 1607/13/4 1608/13/4 1615/13/4
f 1606/13/4 1607/13/4 1615/13/4
f 1615/13/4 1608/13/4 1616/13/4
f 1602/6/4 1613/6/4 1617/6/4
f 1614/6/4 1605/6/4 1618/6/4
f 1606/13/4 1615/13/4 1619/13/4
f 1617/8/4 1618/8/4 1621/8/4
f 1602/6/4 1617/6/4 1621/6/4
f 1618/6/4 1605/6/4 1622/6/4
f 1621/8/4 1618/8/4 1622/8/4
f 1619/13/4 1620/13/4 1623/13/4
f 1606/13/4 1619/13/4 1623/13/4
f 1623/13/4 1620/13/4 1624/13/4
f 1624/13/4 1620/13/4 1625/13/4
f 1602/6/4 1621/6/4 1626/6/4
f 1626/6/4 1621/6/4 1627/6/4
f 1622/6/4 1605/6/4 1628/6/4
f 1628/6/4 1605/6/4 1629/6/4
f 1624/6/4 1625/6/4 1630/6/4
f 1630/6/4 1625/6/4 1631/6/4
f 1627/8/4 1628/8/4 1632/8/4
f 1632/8/4 1628/8/4 1633/8/4
f 1634/6/4 1635/6/4 1638/6/4
f 1638/6/4 1635/6/4 1639/6/4
f 1636/12/4 1637/12/4 1640/12/4
f 1640/12/4 1637/12/4 1641/12/4
f 1642/8/4 1643/8/4 1644/8/4
f 1644/8/4 1643/8/4 1645/8/4
f 1646/8/4 1647/8/4 1648/8/4
f 1648/8/4 1647/8/4 1649/8/4
f 1650/8/4 1651/8/4 1652/8/4
f 1652/8/4 1651/8/4 1653/8/4
f 1654/12/4 1655/12/4 1656/12/4
f 1656/12/4 1655/12/4 1657/12/4
f 1658/8/4 1659/8/4 1660/8/4
f 1660/8/4 1659/8/4 1661/8/4
f 1662/8/4 1663/8/4 1664/8/4
f 1664/8/4 1663/8/4 1665/8/4
f 1666/8/4 1667/8/4 1668/8/4
f 1668/8/4 1667/8/4 1669/8/4
f 1670/2/4 1671/2/4 1672/2/4
f 1672/2/4 1671/2/4 1673/2/4
f 1674/5/4 1675/5/4 1676/5/4
f 1676/5/4 1675/5/4 1677/5/4
f 1677/5/4 1675/5/4 1678/5/4
f 1678/5/4 1675/5/4 1679/5/4
f 1679/5/4 1675/5/4 1681/5/4
f 1680/5/4 1681/5/4 1682/5/4
f 1682/5/4 1681/5/4 1683/5/4
f 1683/5/4 1681/5/4 1686/5/4
f 1681/5/4 1675/5/4 1687/5/4
f 1686/5/4 1681/5/4 1687/5/4
f 1684/6/4 1685/6/4 1690/6/4
f 1690/6/4 1685/6/4 1691/6/4
f 1688/5/4 1689/5/4 1692/5/4
f 1692/5/4 1689/5/4 1693/5/4
f 1693/5/4 1689/5/4 1694/5/4
f 1694/5/4 1689/5/4 1695/5/4
f 1695/5/4 1689/5/4 1697/5/4
f 1696/5/4 1697/5/4 1698/5/4
f 1698/5/4 1697/5/4 1699/5/4
f 1699/5/4 1697/5/4 1700/5/4
f 1697/5/4 1689/5/4 1701/5/4
f 1700/5/4 1697/5/4 1701/5/4
f 1702/6/4 1703/6/4 1704/6/4
f 1704/6/4 1703/6/4 1705/6/4
f 1702/6/4 1704/6/4 1706/6/4
f 1706/6/4 1704/6/4 1707/6/4
f 1708/6/4 1709/6/4 1710/6/4
f 1710/6/4 1711/6/4 1712/6/4
f 1708/6/4 1710/6/4 1713/6/4
f 1710/6/4 1712/6/4 1713/6/4
f 1713/6/4 1712/6/4 1714/6/4
f 1715/2/4 1716/2/4 1717/2/4
f 1717/2/4 1716/2/4 1718/2/4
f 1719/7/4 1720/7/4 1721/7/4
f 1721/7/4 1720/7/4 1722/7/4
f 1721/12/4 1722/12/4 1723/12/4
f 1723/12/4 1722/12/4 1724/12/4
f 1725/12/4 1726/12/4 1727/12/4
f 1727/12/4 1726/12/4 1728/12/4
f 1729/12/4 1730/12/4 1733/12/4
f 1733/12/4 1730/12/4 1734/12/4
f 1731/12/4 1732/12/4 1735/12/4
f 1735/12/4 1732/12/4 1736/12/4
f 1728/12/4 1726/12/4 1738/12/4
f 1737/12/4 1738/12/4 1739/12/4
f 1738/12/4 1726/12/4 1740/12/4
f 1739/12/4 1738/12/4 1740/12/4
f 1741/13/4 1742/13/4 1743/13/4
f 1743/13/4 1742/13/4 1744/13/4
f 1744/13/4 1742/13/4 1745/13/4
f 1745/13/4 1742/13/4 1746/13/4
f 1744/13/4 1745/13/4 1748/13/4
f 1748/13/4 1745/13/4 1749/13/4
f 1746/13/4 1742/13/4 1750/13/4
f 1748/13/4 1749/13/4 1751/13/4
f 1749/13/4 1750/13/4 1751/13/4
f 1747/13/4 1748/13/4 1751/13/4
f 1750/13/4 1742/13/4 1752/13/4
f 1751/13/4 1750/13/4 1752/13/4
f 1753/6/4 1754/6/4 1755/6/4
f 1755/6/4 1754/6/4 1756/6/4
f 1757/6/4 1758/6/4 1759/6/4
f 1759/6/4 1758/6/4 1760/6/4
f 1761/6/4 1762/6/4 1765/6/4
f 1762/7/4 1763/7/4 1766/7/4
f 1765/6/4 1762/6/4 1766/6/4
f 1766/7/4 1763/7/4 1768/7/4
f 1767/6/4 1768/6/4 1769/6/4
f 1768/7/4 1763/7/4 1770/7/4
f 1769/6/4 1768/6/4 1770/6/4
f 1770/7/4 1763/7/4 1772/7/4
f 1771/6/4 1772/6/4 1773/6/4
f 1772/7/4 1763/7/4 1774/7/4
f 1773/6/4 1772/6/4 1774/6/4
f 1763/2/4 1764/2/4 1775/2/4
f 1774/7/4 1763/7/4 1775/7/4
f 1775/2/4 1764/2/4 1776/2/4
f 1783/6/5 1778/6/5 1777/6/5
f 1784/6/5 1778/6/5 1783/6/5
f 1785/6/5 1778/6/5 1784/6/5
f 1786/6/5 1780/6/5 1779/6/5
f 1787/6/5 1780/6/5 1786/6/5
f 1788/6/5 1780/6/5 1787/6/5
f 1789/6/5 1780/6/5 1788/6/5
f 1790/6/5 1782/6/5 1781/6/5
f 1791/6/5 1782/6/5 1790/6/5
f 1792/6/5 1782/6/5 1791/6/5
f 1793/6/5 1789/6/5 1788/6/5
f 1793/11/5 1790/11/5 1789/11/5
f 1794/6/5 1791/6/5 1790/6/5
f 1794/11/5 1790/11/5 1793/11/5
f 1795/6/5 1783/6/5 1777/6/5
f 1796/6/5 1783/6/5 1795/6/5
f 1797/6/5 1785/6/5 1784/6/5
f 1798/11/5 1786/11/5 1785/11/5
f 1798/6/5 1785/6/5 1797/6/5
f 1799/6/5 1787/6/5 1786/6/5
f 1799/11/5 1786/11/5 1798/11/5
f 1800/6/5 1787/6/5 1799/6/5
f 1801/6/5 1793/6/5 1788/6/5
f 1802/6/5 1793/6/5 1801/6/5
f 1803/6/5 1791/6/5 1794/6/5
f 1804/6/5 1791/6/5 1803/6/5
f 1805/6/5 1782/6/5 1792/6/5
f 1806/6/5 1782/6/5 1805/6/5
f 1807/13/5 1797/13/5 1796/13/5
f 1808/12/5 1798/12/5 1797/12/5
f 1808/13/5 1797/13/5 1807/13/5
f 1809/11/5 1799/11/5 1798/11/5
f 1809/12/5 1798/12/5 1808/12/5
f 1810/12/5 1800/12/5 1799/12/5
f 1810/11/5 1799/11/5 1809/11/5
f 1811/13/5 1801/13/5 1800/13/5
f 1811/12/5 1800/12/5 1810/12/5
f 1812/13/5 1801/13/5 1811/13/5
f 1813/13/5 1805/13/5 1804/13/5
f 1814/13/5 1805/13/5 1813/13/5
f 1821/6/5 1818/6/5 1817/6/5
f 1822/6/5 1818/6/5 1821/6/5
f 1823/6/5 1816/6/5 1815/6/5
f 1824/6/5 1816/6/5 1823/6/5
f 1825/6/5 1820/6/5 1819/6/5
f 1826/6/5 1820/6/5 1825/6/5
f 1833/6/5 1828/6/5 1827/6/5
f 1834/6/5 1828/6/5 1833/6/5
f 1835/6/5 1832/6/5 1831/6/5
f 1836/6/5 1832/6/5 1835/6/5
f 1837/6/5 1830/6/5 1829/6/5
f 1838/6/5 1830/6/5 1837/6/5
f 1841/11/5 1840/11/5 1839/11/5
f 1842/11/5 1840/11/5 1841/11/5
f 1845/6/5 1844/6/5 1843/6/5
f 1846/6/5 1844/6/5 1845/6/5
f 1855/6/5 1848/6/5 1847/6/5
f 1856/6/5 1848/6/5 1855/6/5
f 1857/12/5 1850/12/5 1849/12/5
f 1858/11/5 1851/11/5 1850/11/5
f 1858/12/5 1850/12/5 1857/12/5
f 1859/12/5 1852/12/5 1851/12/5
f 1859/11/5 1851/11/5 1858/11/5
f 1860/12/5 1852/12/5 1859/12/5
f 1863/6/5 1854/6/5 1853/6/5
f 1864/6/5 1854/6/5 1863/6/5
f 1867/6/5 1866/6/5 1865/6/5
f 1868/6/5 1866/6/5 1867/6/5
f 1869/6/5 1862/6/5 1861/6/5
f 1870/6/5 1862/6/5 1869/6/5
f 1876/6/5 1872/6/5 1871/6/5
f 1876/6/5 1874/6/5 1873/6/5
f 1876/6/5 1873/6/5 1872/6/5
f 1877/6/5 1874/6/5 1876/6/5
f 1879/6/5 1876/6/5 1875/6/5
f 1879/6/5 1878/6/5 1877/6/5
f 1879/6/5 1877/6/5 1876/6/5
f 1880/6/5 1878/6/5 1879/6/5
f 1881/6/5 1878/6/5 1880/6/5
f 1882/6/5 1878/6/5 1881/6/5
f 1883/6/5 1881/6/5 1880/6/5
f 1884/6/5 1881/6/5 1883/6/5
f 1885/6/5 1883/6/5 1880/6/5
f 1886/6/5 1883/6/5 1885/6/5
f 1887/6/5 1881/6/5 1884/6/5
f 1888/6/5 1881/6/5 1887/6/5
f 1904/6/5 1890/6/5 1889/6/5
f 1905/6/5 1890/6/5 1904/6/5
f 1906/6/5 1892/6/5 1891/6/5
f 1906/6/5 1893/6/5 1892/6/5
f 1906/6/5 1894/6/5 1893/6/5
f 1906/6/5 1895/6/5 1894/6/5
f 1906/6/5 1900/6/5 1899/6/5
f 1906/6/5 1899/6/5 1898/6/5
f 1906/6/5 1898/6/5 1897/6/5
f 1906/6/5 1897/6/5 1896/6/5
f 1906/6/5 1896/6/5 1895/6/5
f 1907/6/5 1900/6/5 1906/6/5
f 1908/6/5 1900/6/5 1907/6/5
f 1909/6/5 1900/6/5 1908/6/5
f 1910/6/5 1900/6/5 1909/6/5
f 1911/6/5 1900/6/5 1910/6/5
f 1912/6/5 1903/6/5 1902/6/5
f 1912/6/5 1902/6/5 1901/6/5
f 1913/6/5 1903/6/5 1912/6/5
f 1914/6/5 1908/6/5 1907/6/5
f 1915/6/5 1908/6/5 1914/6/5
f 1916/6/5 1910/6/5 1909/6/5
f 1917/6/5 1910/6/5 1916/6/5
f 1923/7/5 1919/7/5 1918/7/5
f 1924/7/5 1919/7/5 1923/7/5
f 1925/12/5 1921/12/5 1920/12/5
f 1926/7/5 1922/7/5 1921/7/5
f 1926/12/5 1921/12/5 1925/12/5
f 1927/7/5 1922/7/5 1926/7/5
f 1932/7/5 1929/7/5 1928/7/5
f 1933/7/5 1929/7/5 1932/7/5
f 1934/7/5 1931/7/5 1930/7/5
f 1935/7/5 1931/7/5 1934/7/5
f 1944/6/5 1937/6/5 1936/6/5
f 1945/6/5 1937/6/5 1944/6/5
f 1946/6/5 1939/6/5 1938/6/5
f 1947/6/5 1939/6/5 1946/6/5
f 1948/6/5 1941/6/5 1940/6/5
f 1949/6/5 1941/6/5 1948/6/5
f 1950/6/5 1943/6/5 1942/6/5
f 1951/6/5 1943/6/5 1950/6/5
f 1960/6/5 1953/6/5 1952/6/5
f 1961/6/5 1953/6/5 1960/6/5
f 1962/6/5 1955/6/5 1954/6/5
f 1963/6/5 1955/6/5 1962/6/5
f 1964/6/5 1957/6/5 1956/6/5
f 1965/6/5 1957/6/5 1964/6/5
f 1966/6/5 1959/6/5 1958/6/5
f 1967/6/5 1959/6/5 1966/6/5
f 1993/6/5 1969/6/5 1968/6/5
f 1994/6/5 1969/6/5 1993/6/5
f 1995/6/5 1971/6/5 1970/6/5
f 1996/6/5 1971/6/5 1995/6/5
f 1997/6/5 1973/6/5 1972/6/5
f 1998/6/5 1973/6/5 1997/6/5
f 1999/6/5 1975/6/5 1974/6/5
f 2000/6/5 1975/6/5 1999/6/5
f 2001/6/5 1977/6/5 1976/6/5
f 2002/6/5 1977/6/5 2001/6/5
f 2003/6/5 1979/6/5 1978/6/5
f 2004/6/5 1979/6/5 2003/6/5
f 2005/6/5 1981/6/5 1980/6/5
f 2006/6/5 1981/6/5 2005/6/5
f 2007/6/5 1983/6/5 1982/6/5
f 2008/6/5 1983/6/5 2007/6/5
f 2009/6/5 1985/6/5 1984/6/5
f 2010/6/5 1985/6/5 2009/6/5
f 2011/6/5 1987/6/5 1986/6/5
f 2012/6/5 1987/6/5 2011/6/5
f 2013/6/5 1989/6/5 1988/6/5
f 2014/6/5 1989/6/5 2013/6/5
f 2015/6/5 1991/6/5 1990/6/5
f 2016/6/5 1991/6/5 2015/6/5
f 2018/6/5 1993/6/5 1992/6/5
f 2019/6/5 1993/6/5 2018/6/5
f 2020/6/5 2005/6/5 2004/6/5
f 2021/6/5 2005/6/5 2020/6/5
f 2022/6/5 2017/6/5 2016/6/5
f 2023/6/5 2017/6/5 2022/6/5
f 2030/6/5 2025/6/5 2024/6/5
f 2031/6/5 2025/6/5 2030/6/5
f 2032/6/5 2027/6/5 2026/6/5
f 2033/6/5 2027/6/5 2032/6/5
f 2034/6/5 2029/6/5 2028/6/5
f 2035/6/5 2029/6/5 2034/6/5
f 2042/6/5 2037/6/5 2036/6/5
f 2043/6/5 2037/6/5 2042/6/5
f 2044/6/5 2039/6/5 2038/6/5
f 2045/6/5 2039/6/5 2044/6/5
f 2046/6/5 2041/6/5 2040/6/5
f 2047/6/5 2041/6/5 2046/6/5
f 2052/6/5 2049/6/5 2048/6/5
f 2053/6/5 2049/6/5 2052/6/5
f 2054/6/5 2051/6/5 2050/6/5
f 2055/6/5 2051/6/5 2054/6/5
f 2060/7/5 2057/7/5 2056/7/5
f 2061/7/5 2057/7/5 2060/7/5
f 2062/7/5 2059/7/5 2058/7/5
f 2063/7/5 2059/7/5 2062/7/5
f 2064/5/5 2061/5/5 2060/5/5
f 2065/5/5 2061/5/5 2064/5/5
f 2066/5/5 2063/5/5 2062/5/5
f 2067/5/5 2063/5/5 2066/5/5
f 2070/2/5 2069/2/5 2068/2/5
f 2071/2/5 2069/2/5 2070/2/5
f 2073/4/5 2071/4/5 2070/4/5
f 2074/4/5 2071/4/5 2073/4/5
f 2076/7/5 2073/7/5 2072/7/5
f 2077/4/5 2074/4/5 2073/4/5
f 2077/7/5 2073/7/5 2076/7/5
f 2078/4/5 2074/4/5 2077/4/5
f 2079/4/5 2074/4/5 2078/4/5
f 2080/7/5 2075/7/5 2074/7/5
f 2080/4/5 2074/4/5 2079/4/5
f 2081/7/5 2075/7/5 2080/7/5
f 2086/4/5 2083/4/5 2082/4/5
f 2087/4/5 2083/4/5 2086/4/5
f 2088/4/5 2085/4/5 2084/4/5
f 2089/4/5 2085/4/5 2088/4/5
f 2092/2/5 2091/2/5 2090/2/5
f 2093/2/5 2091/2/5 2092/2/5
f 2094/12/5 2093/12/5 2092/12/5
f 2095/12/5 2093/12/5 2094/12/5
f 2098/2/5 2097/2/5 2096/2/5
f 2099/2/5 2097/2/5 2098/2/5
f 2102/2/5 2101/2/5 2100/2/5
f 2103/2/5 2101/2/5 2102/2/5
f 2104/2/5 2103/2/5 2102/2/5
f 2105/2/5 2103/2/5 2104/2/5
f 2108/2/5 2107/2/5 2106/2/5
f 2109/2/5 2107/2/5 2108/2/5
f 2110/2/5 2107/2/5 2109/2/5
f 2111/7/5 2109/7/5 2108/7/5
f 2112/12/5 2110/12/5 2109/12/5
f 2112/7/5 2109/7/5 2111/7/5
f 2113/12/5 2110/12/5 2112/12/5
f 2117/2/5 2115/2/5 2114/2/5
f 2117/2/5 2116/2/5 2115/2/5
f 2118/2/5 2116/2/5 2117/2/5
f 2121/12/5 2120/12/5 2119/12/5
f 2122/12/5 2120/12/5 2121/12/5
f 2123/12/5 2120/12/5 2122/12/5
f 2124/12/5 2120/12/5 2123/12/5
f 2125/12/5 2120/12/5 2124/12/5
f 2126/12/5 2120/12/5 2125/12/5
f 2141/1/5 2128/1/5 2127/1/5
f 2142/1/5 2128/1/5 2141/1/5
f 2143/1/5 2130/1/5 2129/1/5
f 2144/1/5 2130/1/5 2143/1/5
f 2145/1/5 2132/1/5 2131/1/5
f 2146/1/5 2132/1/5 2145/1/5
f 2147/1/5 2134/1/5 2133/1/5
f 2148/1/5 2134/1/5 2147/1/5
f 2149/1/5 2136/1/5 2135/1/5
f 2150/1/5 2136/1/5 2149/1/5
f 2151/1/5 2138/1/5 2137/1/5
f 2152/1/5 2138/1/5 2151/1/5
f 2153/1/5 2140/1/5 2139/1/5
f 2154/1/5 2140/1/5 2153/1/5
f 2157/13/5 2156/13/5 2155/13/5
f 2158/13/5 2156/13/5 2157/13/5
f 2165/1/5 2160/1/5 2159/1/5
f 2166/1/5 2160/1/5 2165/1/5
f 2167/1/5 2162/1/5 2161/1/5
f 2168/1/5 2162/1/5 2167/1/5
f 2169/1/5 2164/1/5 2163/1/5
f 2170/1/5 2164/1/5 2169/1/5
f 2173/1/5 2172/1/5 2171/1/5
f 2174/1/5 2172/1/5 2173/1/5
f 2187/1/5 2176/1/5 2175/1/5
f 2188/1/5 2176/1/5 2187/1/5
f 2189/1/5 2178/1/5 2177/1/5
f 2190/1/5 2178/1/5 2189/1/5
f 2191/1/5 2180/1/5 2179/1/5
f 2192/1/5 2180/1/5 2191/1/5
f 2193/1/5 2182/1/5 2181/1/5
f 2194/1/5 2182/1/5 2193/1/5
f 2195/1/5 2184/1/5 2183/1/5
f 2196/1/5 2184/1/5 2195/1/5
f 2197/1/5 2186/1/5 2185/1/5
f 2198/1/5 2186/1/5 2197/1/5
f 2201/13/5 2200/13/5 2199/13/5
f 2202/13/5 2200/13/5 2201/13/5
f 2203/6/6 2204/6/6 2210/6/6
f 2210/6/6 2204/6/6 2211/6/6
f 2205/6/6 2206/6/6 2214/6/6
f 2214/6/6 2206/6/6 2215/6/6
f 2207/6/6 2208/6/6 2218/6/6
f 2218/6/6 2208/6/6 2219/6/6
f 2212/11/6 2213/11/6 2221/11/6
f 2221/11/6 2213/11/6 2222/11/6
f 2216/11/6 2217/11/6 2223/11/6
f 2223/11/6 2217/11/6 2224/11/6
f 2209/6/6 2210/6/6 2225/6/6
f 2225/6/6 2210/6/6 2226/6/6
f 2219/6/6 2220/6/6 2227/6/6
f 2227/6/6 2220/6/6 2228/6/6
f 2229/6/6 2230/6/6 2237/6/6
f 2237/6/6 2230/6/6 2238/6/6
f 2231/6/6 2232/6/6 2239/6/6
f 2239/6/6 2232/6/6 2240/6/6
f 2233/6/6 2234/6/6 2241/6/6
f 2241/6/6 2234/6/6 2242/6/6
f 2235/6/6 2236/6/6 2243/6/6
f 2243/6/6 2236/6/6 2244/6/6
f 2238/11/6 2239/11/6 2245/11/6
f 2245/11/6 2239/11/6 2246/11/6
f 2242/11/6 2243/11/6 2247/11/6
f 2247/11/6 2243/11/6 2248/11/6
f 2249/11/6 2250/11/6 2253/11/6
f 2253/11/6 2250/11/6 2254/11/6
f 2251/11/6 2252/11/6 2255/11/6
f 2255/11/6 2252/11/6 2256/11/6
f 2257/6/6 2258/6/6 2265/6/6
f 2265/6/6 2258/6/6 2266/6/6
f 2259/6/6 2260/6/6 2267/6/6
f 2267/6/6 2260/6/6 2268/6/6
f 2261/6/6 2262/6/6 2269/6/6
f 2269/6/6 2262/6/6 2270/6/6
f 2263/6/6 2264/6/6 2271/6/6
f 2271/6/6 2264/6/6 2272/6/6
f 2266/11/6 2267/11/6 2274/11/6
f 2274/11/6 2267/11/6 2275/11/6
f 2270/11/6 2271/11/6 2278/11/6
f 2278/11/6 2271/11/6 2279/11/6
f 2275/6/6 2276/6/6 2281/6/6
f 2273/6/6 2274/6/6 2281/6/6
f 2274/6/6 2275/6/6 2281/6/6
f 2281/6/6 2276/6/6 2282/6/6
f 2282/6/6 2276/6/6 2283/6/6
f 2283/6/6 2276/6/6 2284/6/6
f 2278/6/6 2279/6/6 2285/6/6
f 2279/6/6 2280/6/6 2285/6/6
f 2277/6/6 2278/6/6 2285/6/6
f 2285/6/6 2280/6/6 2286/6/6
f 2286/6/6 2280/6/6 2287/6/6
f 2287/6/6 2280/6/6 2288/6/6
f 2282/6/6 2283/6/6 2289/6/6
f 2289/6/6 2283/6/6 2290/6/6
f 2286/6/6 2287/6/6 2291/6/6
f 2291/6/6 2287/6/6 2292/6/6
f 2289/6/6 2290/6/6 2296/6/6
f 2296/6/6 2290/6/6 2297/6/6
f 2297/6/6 2290/6/6 2298/6/6
f 2298/6/6 2290/6/6 2299/6/6
f 2299/6/6 2290/6/6 2300/6/6
f 2291/6/6 2292/6/6 2307/6/6
f 2307/6/6 2292/6/6 2308/6/6
f 2308/6/6 2292/6/6 2309/6/6
f 2309/6/6 2292/6/6 2310/6/6
f 2310/6/6 2292/6/6 2311/6/6
f 2293/14/6 2294/14/6 2315/14/6
f 2294/10/6 2295/10/6 2316/10/6
f 2315/14/6 2294/14/6 2316/14/6
f 2295/14/6 2296/14/6 2317/14/6
f 2316/10/6 2295/10/6 2317/10/6
f 2296/14/6 2297/14/6 2317/14/6
f 2297/10/6 2298/10/6 2318/10/6
f 2317/14/6 2297/14/6 2318/14/6
f 2298/14/6 2299/14/6 2319/14/6
f 2318/10/6 2298/10/6 2319/10/6
f 2299/10/6 2300/10/6 2320/10/6
f 2319/14/6 2299/14/6 2320/14/6
f 2300/14/6 2301/14/6 2321/14/6
f 2320/10/6 2300/10/6 2321/10/6
f 2301/10/6 2302/10/6 2322/10/6
f 2321/14/6 2301/14/6 2322/14/6
f 2302/14/6 2303/14/6 2323/14/6
f 2322/10/6 2302/10/6 2323/10/6
f 2323/14/6 2303/14/6 2324/14/6
f 2304/10/6 2305/10/6 2325/10/6
f 2305/14/6 2306/14/6 2326/14/6
f 2325/10/6 2305/10/6 2326/10/6
f 2306/10/6 2307/10/6 2327/10/6
f 2326/14/6 2306/14/6 2327/14/6
f 2307/14/6 2308/14/6 2328/14/6
f 2327/10/6 2307/10/6 2328/10/6
f 2308/10/6 2309/10/6 2329/10/6
f 2328/14/6 2308/14/6 2329/14/6
f 2309/14/6 2310/14/6 2330/14/6
f 2329/10/6 2309/10/6 2330/10/6
f 2310/10/6 2311/10/6 2331/10/6
f 2330/14/6 2310/14/6 2331/14/6
f 2311/10/6 2312/10/6 2331/10/6
f 2312/14/6 2313/14/6 2332/14/6
f 2331/10/6 2312/10/6 2332/10/6
f 2313/10/6 2314/10/6 2333/10/6
f 2332/14/6 2313/14/6 2333/14/6
f 2333/10/6 2314/10/6 2334/10/6
f 2315/10/6 2316/10/6 2335/10/6
f 2316/14/6 2317/14/6 2336/14/6
f 2335/10/6 2316/10/6 2336/10/6
f 2317/10/6 2318/10/6 2337/10/6
f 2336/14/6 2317/14/6 2337/14/6
f 2318/14/6 2319/14/6 2338/14/6
f 2337/10/6 2318/10/6 2338/10/6
f 2319/10/6 2320/10/6 2339/10/6
f 2338/14/6 2319/14/6 2339/14/6
f 2320/14/6 2321/14/6 2340/14/6
f 2339/10/6 2320/10/6 2340/10/6
f 2321/10/6 2322/10/6 2341/10/6
f 2340/14/6 2321/14/6 2341/14/6
f 2322/14/6 2323/14/6 2342/14/6
f 2341/10/6 2322/10/6 2342/10/6
f 2323/10/6 2324/10/6 2343/10/6
f 2342/14/6 2323/14/6 2343/14/6
f 2343/10/6 2324/10/6 2344/10/6
f 2325/14/6 2326/14/6 2345/14/6
f 2326/10/6 2327/10/6 2346/10/6
f 2345/14/6 2326/14/6 2346/14/6
f 2327/14/6 2328/14/6 2347/14/6
f 2346/10/6 2327/10/6 2347/10/6
f 2328/10/6 2329/10/6 2348/10/6
f 2347/14/6 2328/14/6 2348/14/6
f 2329/14/6 2330/14/6 2349/14/6
f 2348/10/6 2329/10/6 2349/10/6
f 2330/10/6 2331/10/6 2350/10/6
f 2349/14/6 2330/14/6 2350/14/6
f 2331/14/6 2332/14/6 2351/14/6
f 2350/10/6 2331/10/6 2351/10/6
f 2332/10/6 2333/10/6 2352/10/6
f 2351/14/6 2332/14/6 2352/14/6
f 2333/14/6 2334/14/6 2353/14/6
f 2352/10/6 2333/10/6 2353/10/6
f 2353/14/6 2334/14/6 2354/14/6
f 2335/14/6 2336/14/6 2355/14/6
f 2336/10/6 2337/10/6 2356/10/6
f 2355/14/6 2336/14/6 2356/14/6
f 2337/14/6 2338/14/6 2357/14/6
f 2356/10/6 2337/10/6 2357/10/6
f 2338/10/6 2339/10/6 2358/10/6
f 2357/14/6 2338/14/6 2358/14/6
f 2339/14/6 2340/14/6 2359/14/6
f 2358/10/6 2339/10/6 2359/10/6
f 2340/10/6 2341/10/6 2360/10/6
f 2359/14/6 2340/14/6 2360/14/6
f 2341/14/6 2342/14/6 2361/14/6
f 2360/10/6 2341/10/6 2361/10/6
f 2342/10/6 2343/10/6 2362/10/6
f 2361/14/6 2342/14/6 2362/14/6
f 2343/14/6 2344/14/6 2363/14/6
f 2362/10/6 2343/10/6 2363/10/6
f 2363/14/6 2344/14/6 2364/14/6
f 2345/10/6 2346/10/6 2365/10/6
f 2346/14/6 2347/14/6 2366/14/6
f 2365/10/6 2346/10/6 2366/10/6
f 2347/10/6 2348/10/6 2367/10/6
f 2366/14/6 2347/14/6 2367/14/6
f 2348/14/6 2349/14/6 2368/14/6
f 2367/10/6 2348/10/6 2368/10/6
f 2349/10/6 2350/10/6 2369/10/6
f 2368/14/6 2349/14/6 2369/14/6
f 2350/14/6 2351/14/6 2370/14/6
f 2369/10/6 2350/10/6 2370/10/6
f 2351/10/6 2352/10/6 2371/10/6
f 2370/14/6 2351/14/6 2371/14/6
f 2352/14/6 2353/14/6 2372/14/6
f 2371/10/6 2352/10/6 2372/10/6
f 2353/10/6 2354/10/6 2373/10/6
f 2372/14/6 2353/14/6 2373/14/6
f 2373/10/6 2354/10/6 2374/10/6
f 2355/10/6 2356/10/6 2375/10/6
f 2356/14/6 2357/14/6 2376/14/6
f 2375/10/6 2356/10/6 2376/10/6
f 2357/10/6 2358/10/6 2377/10/6
f 2376/14/6 2357/14/6 2377/14/6
f 2358/14/6 2359/14/6 2378/14/6
f 2377/10/6 2358/10/6 2378/10/6
f 2359/10/6 2360/10/6 2379/10/6
f 2378/14/6 2359/14/6 2379/14/6
f 2360/14/6 2361/14/6 2380/14/6
f 2379/10/6 2360/10/6 2380/10/6
f 2361/10/6 2362/10/6 2381/10/6
f 2380/14/6 2361/14/6 2381/14/6
f 2362/14/6 2363/14/6 2382/14/6
f 2381/10/6 2362/10/6 2382/10/6
f 2363/10/6 2364/10/6 2383/10/6
f 2382/14/6 2363/14/6 2383/14/6
f 2383/10/6 2364/10/6 2384/10/6
f 2365/14/6 2366/14/6 2385/14/6
f 2366/10/6 2367/10/6 2386/10/6
f 2385/14/6 2366/14/6 2386/14/6
f 2367/14/6 2368/14/6 2387/14/6
f 2386/10/6 2367/10/6 2387/10/6
f 2368/10/6 2369/10/6 2388/10/6
f 2387/14/6 2368/14/6 2388/14/6
f 2369/14/6 2370/14/6 2389/14/6
f 2388/10/6 2369/10/6 2389/10/6
f 2370/10/6 2371/10/6 2390/10/6
f 2389/14/6 2370/14/6 2390/14/6
f 2371/14/6 2372/14/6 2391/14/6
f 2390/10/6 2371/10/6 2391/10/6
f 2372/10/6 2373/10/6 2392/10/6
f 2391/14/6 2372/14/6 2392/14/6
f 2373/14/6 2374/14/6 2393/14/6
f 2392/10/6 2373/10/6 2393/10/6
f 2393/14/6 2374/14/6 2394/14/6
f 2375/14/6 2376/14/6 2395/14/6
f 2376/10/6 2377/10/6 2396/10/6
f 2395/14/6 2376/14/6 2396/14/6
f 2377/14/6 2378/14/6 2397/14/6
f 2396/10/6 2377/10/6 2397/10/6
f 2378/10/6 2379/10/6 2398/10/6
f 2397/14/6 2378/14/6 2398/14/6
f 2379/14/6 2380/14/6 2399/14/6
f 2398/10/6 2379/10/6 2399/10/6
f 2380/10/6 2381/10/6 2400/10/6
f 2399/14/6 2380/14/6 2400/14/6
f 2381/14/6 2382/14/6 2401/14/6
f 2400/10/6 2381/10/6 2401/10/6
f 2382/10/6 2383/10/6 2402/10/6
f 2401/14/6 2382/14/6 2402/14/6
f 2383/14/6 2384/14/6 2403/14/6
f 2402/10/6 2383/10/6 2403/10/6
f 2403/14/6 2384/14/6 2404/14/6
f 2385/10/6 2386/10/6 2405/10/6
f 2386/14/6 2387/14/6 2406/14/6
f 2405/10/6 2386/10/6 2406/10/6
f 2387/10/6 2388/10/6 2407/10/6
f 2406/14/6 2387/14/6 2407/14/6
f 2388/14/6 2389/14/6 2408/14/6
f 2407/10/6 2388/10/6 2408/10/6
f 2389/10/6 2390/10/6 2409/10/6
f 2408/14/6 2389/14/6 2409/14/6
f 2390/14/6 2391/14/6 2410/14/6
f 2409/10/6 2390/10/6 2410/10/6
f 2391/10/6 2392/10/6 2411/10/6
f 2410/14/6 2391/14/6 2411/14/6
f 2392/14/6 2393/14/6 2412/14/6
f 2411/10/6 2392/10/6 2412/10/6
f 2393/10/6 2394/10/6 2413/10/6
f 2412/14/6 2393/14/6 2413/14/6
f 2413/10/6 2394/10/6 2414/10/6
f 2395/10/6 2396/10/6 2415/10/6
f 2396/14/6 2397/14/6 2416/14/6
f 2415/10/6 2396/10/6 2416/10/6
f 2397/10/6 2398/10/6 2417/10/6
f 2416/14/6 2397/14/6 2417/14/6
f 2398/14/6 2399/14/6 2418/14/6
f 2417/10/6 2398/10/6 2418/10/6
f 2399/10/6 2400/10/6 2419/10/6
f 2418/14/6 2399/14/6 2419/14/6
f 2400/14/6 2401/14/6 2420/14/6
f 2419/10/6 2400/10/6 2420/10/6
f 2401/10/6 2402/10/6 2421/10/6
f 2420/14/6 2401/14/6 2421/14/6
f 2402/14/6 2403/14/6 2422/14/6
f 2421/10/6 2402/10/6 2422/10/6
f 2403/10/6 2404/10/6 2423/10/6
f 2422/14/6 2403/14/6 2423/14/6
f 2423/10/6 2404/10/6 2424/10/6
f 2405/14/6 2406/14/6 2425/14/6
f 2406/10/6 2407/10/6 2426/10/6
f 2425/14/6 2406/14/6 2426/14/6
f 2407/14/6 2408/14/6 2427/14/6
f 2426/10/6 2407/10/6 2427/10/6
f 2408/10/6 2409/10/6 2428/10/6
f 2427/14/6 2408/14/6 2428/14/6
f 2409/14/6 2410/14/6 2429/14/6
f 2428/10/6 2409/10/6 2429/10/6
f 2410/10/6 2411/10/6 2430/10/6
f 2429/14/6 2410/14/6 2430/14/6
f 2411/14/6 2412/14/6 2431/14/6
f 2430/10/6 2411/10/6 2431/10/6
f 2412/10/6 2413/10/6 2432/10/6
f 2431/14/6 2412/14/6 2432/14/6
f 2413/14/6 2414/14/6 2433/14/6
f 2432/10/6 2413/10/6 2433/10/6
f 2433/14/6 2414/14/6 2434/14/6
f 2415/14/6 2416/14/6 2435/14/6
f 2416/10/6 2417/10/6 2436/10/6
f 2435/14/6 2416/14/6 2436/14/6
f 2417/14/6 2418/14/6 2437/14/6
f 2436/10/6 2417/10/6 2437/10/6
f 2418/10/6 2419/10/6 2438/10/6
f 2437/14/6 2418/14/6 2438/14/6
f 2419/14/6 2420/14/6 2439/14/6
f 2438/10/6 2419/10/6 2439/10/6
f 2420/10/6 2421/10/6 2440/10/6
f 2439/14/6 2420/14/6 2440/14/6
f 2421/14/6 2422/14/6 2441/14/6
f 2440/10/6 2421/10/6 2441/10/6
f 2422/10/6 2423/10/6 2442/10/6
f 2441/14/6 2422/14/6 2442/14/6
f 2423/14/6 2424/14/6 2443/14/6
f 2442/10/6 2423/10/6 2443/10/6
f 2443/14/6 2424/14/6 2444/14/6
f 2425/10/6 2426/10/6 2445/10/6
f 2426/14/6 2427/14/6 2446/14/6
f 2445/10/6 2426/10/6 2446/10/6
f 2427/10/6 2428/10/6 2447/10/6
f 2446/14/6 2427/14/6 2447/14/6
f 2428/14/6 2429/14/6 2448/14/6
f 2447/10/6 2428/10/6 2448/10/6
f 2429/10/6 2430/10/6 2449/10/6
f 2448/14/6 2429/14/6 2449/14/6
f 2430/14/6 2431/14/6 2450/14/6
f 2449/10/6 2430/10/6 2450/10/6
f 2431/10/6 2432/10/6 2451/10/6
f 2450/14/6 2431/14/6 2451/14/6
f 2432/14/6 2433/14/6 2452/14/6
f 2451/10/6 2432/10/6 2452/10/6
f 2433/10/6 2434/10/6 2453/10/6
f 2452/14/6 2433/14/6 2453/14/6
f 2453/10/6 2434/10/6 2454/10/6
f 2435/10/6 2436/10/6 2455/10/6
f 2436/14/6 2437/14/6 2456/14/6
f 2455/10/6 2436/10/6 2456/10/6
f 2437/10/6 2438/10/6 2457/10/6
f 2456/14/6 2437/14/6 2457/14/6
f 2438/14/6 2439/14/6 2458/14/6
f 2457/10/6 2438/10/6 2458/10/6
f 2439/10/6 2440/10/6 2459/10/6
f 2458/14/6 2439/14/6 2459/14/6
f 2440/14/6 2441/14/6 2460/14/6
f 2459/10/6 2440/10/6 2460/10/6
f 2441/10/6 2442/10/6 2461/10/6
f 2460/14/6 2441/14/6 2461/14/6
f 2442/14/6 2443/14/6 2462/14/6
f 2461/10/6 2442/10/6 2462/10/6
f 2443/10/6 2444/10/6 2463/10/6
f 2462/14/6 2443/14/6 2463/14/6
f 2463/10/6 2444/10/6 2464/10/6
f 2445/14/6 2446/14/6 2465/14/6
f 2446/10/6 2447/10/6 2466/10/6
f 2465/14/6 2446/14/6 2466/14/6
f 2447/14/6 2448/14/6 2467/14/6
f 2466/10/6 2447/10/6 2467/10/6
f 2448/10/6 2449/10/6 2468/10/6
f 2467/14/6 2448/14/6 2468/14/6
f 2449/14/6 2450/14/6 2469/14/6
f 2468/10/6 2449/10/6 2469/10/6
f 2450/10/6 2451/10/6 2470/10/6
f 2469/14/6 2450/14/6 2470/14/6
f 2451/14/6 2452/14/6 2471/14/6
f 2470/10/6 2451/10/6 2471/10/6
f 2452/10/6 2453/10/6 2472/10/6
f 2471/14/6 2452/14/6 2472/14/6
f 2453/14/6 2454/14/6 2473/14/6
f 2472/10/6 2453/10/6 2473/10/6
f 2473/14/6 2454/14/6 2474/14/6
f 2455/14/6 2456/14/6 2475/14/6
f 2456/10/6 2457/10/6 2476/10/6
f 2475/14/6 2456/14/6 2476/14/6
f 2457/14/6 2458/14/6 2477/14/6
f 2476/10/6 2457/10/6 2477/10/6
f 2458/10/6 2459/10/6 2478/10/6
f 2477/14/6 2458/14/6 2478/14/6
f 2459/14/6 2460/14/6 2479/14/6
f 2478/10/6 2459/10/6 2479/10/6
f 2460/10/6 2461/10/6 2480/10/6
f 2479/14/6 2460/14/6 2480/14/6
f 2461/14/6 2462/14/6 2481/14/6
f 2480/10/6 2461/10/6 2481/10/6
f 2462/10/6 2463/10/6 2482/10/6
f 2481/14/6 2462/14/6 2482/14/6
f 2463/14/6 2464/14/6 2483/14/6
f 2482/10/6 2463/10/6 2483/10/6
f 2483/14/6 2464/14/6 2484/14/6
f 2465/10/6 2466/10/6 2485/10/6
f 2466/14/6 2467/14/6 2486/14/6
f 2485/10/6 2466/10/6 2486/10/6
f 2467/10/6 2468/10/6 2487/10/6
f 2486/14/6 2467/14/6 2487/14/6
f 2468/14/6 2469/14/6 2488/14/6
f 2487/10/6 2468/10/6 2488/10/6
f 2469/10/6 2470/10/6 2489/10/6
f 2488/14/6 2469/14/6 2489/14/6
f 2470/14/6 2471/14/6 2490/14/6
f 2489/10/6 2470/10/6 2490/10/6
f 2471/10/6 2472/10/6 2491/10/6
f 2490/14/6 2471/14/6 2491/14/6
f 2472/14/6 2473/14/6 2492/14/6
f 2491/10/6 2472/10/6 2492/10/6
f 2473/10/6 2474/10/6 2493/10/6
f 2492/14/6 2473/14/6 2493/14/6
f 2493/10/6 2474/10/6 2494/10/6
f 2475/10/6 2476/10/6 2495/10/6
f 2476/14/6 2477/14/6 2496/14/6
f 2495/10/6 2476/10/6 2496/10/6
f 2477/10/6 2478/10/6 2497/10/6
f 2496/14/6 2477/14/6 2497/14/6
f 2478/14/6 2479/14/6 2498/14/6
f 2497/10/6 2478/10/6 2498/10/6
f 2479/10/6 2480/10/6 2499/10/6
f 2498/14/6 2479/14/6 2499/14/6
f 2480/14/6 2481/14/6 2500/14/6
f 2499/10/6 2480/10/6 2500/10/6
f 2481/10/6 2482/10/6 2501/10/6
f 2500/14/6 2481/14/6 2501/14/6
f 2482/14/6 2483/14/6 2502/14/6
f 2501/10/6 2482/10/6 2502/10/6
f 2483/10/6 2484/10/6 2503/10/6
f 2502/14/6 2483/14/6 2503/14/6
f 2503/10/6 2484/10/6 2504/10/6
f 2485/14/6 2486/14/6 2505/14/6
f 2486/10/6 2487/10/6 2506/10/6
f 2505/14/6 2486/14/6 2506/14/6
f 2487/14/6 2488/14/6 2507/14/6
f 2506/10/6 2487/10/6 2507/10/6
f 2488/10/6 2489/10/6 2508/10/6
f 2507/14/6 2488/14/6 2508/14/6
f 2489/14/6 2490/14/6 2509/14/6
f 2508/10/6 2489/10/6 2509/10/6
f 2490/10/6 2491/10/6 2510/10/6
f 2509/14/6 2490/14/6 2510/14/6
f 2491/14/6 2492/14/6 2511/14/6
f 2510/10/6 2491/10/6 2511/10/6
f 2492/10/6 2493/10/6 2512/10/6
f 2511/14/6 2492/14/6 2512/14/6
f 2493/14/6 2494/14/6 2513/14/6
f 2512/10/6 2493/10/6 2513/10/6
f 2513/14/6 2494/14/6 2514/14/6
f 2495/14/6 2496/14/6 2515/14/6
f 2496/10/6 2497/10/6 2516/10/6
f 2515/14/6 2496/14/6 2516/14/6
f 2497/14/6 2498/14/6 2517/14/6
f 2516/10/6 2497/10/6 2517/10/6
f 2498/10/6 2499/10/6 2518/10/6
f 2517/14/6 2498/14/6 2518/14/6
f 2499/14/6 2500/14/6 2519/14/6
f 2518/10/6 2499/10/6 2519/10/6
f 2500/10/6 2501/10/6 2520/10/6
f 2519/14/6 2500/14/6 2520/14/6
f 2501/14/6 2502/14/6 2521/14/6
f 2520/10/6 2501/10/6 2521/10/6
f 2502/10/6 2503/10/6 2522/10/6
f 2521/14/6 2502/14/6 2522/14/6
f 2503/14/6 2504/14/6 2523/14/6
f 2522/10/6 2503/10/6 2523/10/6
f 2523/14/6 2504/14/6 2524/14/6
f 2505/10/6 2506/10/6 2525/10/6
f 2506/14/6 2507/14/6 2526/14/6
f 2525/10/6 2506/10/6 2526/10/6
f 2507/10/6 2508/10/6 2527/10/6
f 2526/14/6 2507/14/6 2527/14/6
f 2508/14/6 2509/14/6 2528/14/6
f 2527/10/6 2508/10/6 2528/10/6
f 2509/10/6 2510/10/6 2529/10/6
f 2528/14/6 2509/14/6 2529/14/6
f 2510/14/6 2511/14/6 2530/14/6
f 2529/10/6 2510/10/6 2530/10/6
f 2511/10/6 2512/10/6 2531/10/6
f 2530/14/6 2511/14/6 2531/14/6
f 2512/14/6 2513/14/6 2532/14/6
f 2531/10/6 2512/10/6 2532/10/6
f 2513/10/6 2514/10/6 2533/10/6
f 2532/14/6 2513/14/6 2533/14/6
f 2533/10/6 2514/10/6 2534/10/6
f 2515/10/6 2516/10/6 2535/10/6
f 2516/14/6 2517/14/6 2536/14/6
f 2535/10/6 2516/10/6 2536/10/6
f 2517/10/6 2518/10/6 2537/10/6
f 2536/14/6 2517/14/6 2537/14/6
f 2518/14/6 2519/14/6 2538/14/6
f 2537/10/6 2518/10/6 2538/10/6
f 2519/10/6 2520/10/6 2539/10/6
f 2538/14/6 2519/14/6 2539/14/6
f 2520/14/6 2521/14/6 2540/14/6
f 2539/10/6 2520/10/6 2540/10/6
f 2521/10/6 2522/10/6 2541/10/6
f 2540/14/6 2521/14/6 2541/14/6
f 2522/14/6 2523/14/6 2542/14/6
f 2541/10/6 2522/10/6 2542/10/6
f 2523/10/6 2524/10/6 2543/10/6
f 2542/14/6 2523/14/6 2543/14/6
f 2543/10/6 2524/10/6 2544/10/6
f 2525/14/6 2526/14/6 2545/14/6
f 2526/10/6 2527/10/6 2546/10/6
f 2545/14/6 2526/14/6 2546/14/6
f 2527/14/6 2528/14/6 2547/14/6
f 2546/10/6 2527/10/6 2547/10/6
f 2528/10/6 2529/10/6 2548/10/6
f 2547/14/6 2528/14/6 2548/14/6
f 2529/14/6 2530/14/6 2549/14/6
f 2548/10/6 2529/10/6 2549/10/6
f 2530/10/6 2531/10/6 2550/10/6
f 2549/14/6 2530/14/6 2550/14/6
f 2531/14/6 2532/14/6 2551/14/6
f 2550/10/6 2531/10/6 2551/10/6
f 2532/10/6 2533/10/6 2552/10/6
f 2551/14/6 2532/14/6 2552/14/6
f 2533/14/6 2534/14/6 2553/14/6
f 2552/10/6 2533/10/6 2553/10/6
f 2553/14/6 2534/14/6 2554/14/6
f 2555/6/6 2556/6/6 2563/6/6
f 2563/6/6 2556/6/6 2564/6/6
f 2557/6/6 2558/6/6 2565/6/6
f 2565/6/6 2558/6/6 2566/6/6
f 2559/6/6 2560/6/6 2567/6/6
f 2567/6/6 2560/6/6 2568/6/6
f 2561/6/6 2562/6/6 2569/6/6
f 2569/6/6 2562/6/6 2570/6/6
f 2571/6/6 2572/6/6 2596/6/6
f 2596/6/6 2572/6/6 2597/6/6
f 2573/6/6 2574/6/6 2598/6/6
f 2598/6/6 2574/6/6 2599/6/6
f 2575/6/6 2576/6/6 2600/6/6
f 2600/6/6 2576/6/6 2601/6/6
f 2577/6/6 2578/6/6 2602/6/6
f 2602/6/6 2578/6/6 2603/6/6
f 2579/6/6 2580/6/6 2604/6/6
f 2604/6/6 2580/6/6 2605/6/6
f 2581/6/6 2582/6/6 2606/6/6
f 2606/6/6 2582/6/6 2607/6/6
f 2583/6/6 2584/6/6 2608/6/6
f 2608/6/6 2584/6/6 2609/6/6
f 2585/6/6 2586/6/6 2610/6/6
f 2610/6/6 2586/6/6 2611/6/6
f 2587/6/6 2588/6/6 2612/6/6
f 2612/6/6 2588/6/6 2613/6/6
f 2589/6/6 2590/6/6 2614/6/6
f 2614/6/6 2590/6/6 2615/6/6
f 2591/6/6 2592/6/6 2616/6/6
f 2616/6/6 2592/6/6 2617/6/6
f 2593/6/6 2594/6/6 2618/6/6
f 2618/6/6 2594/6/6 2619/6/6
f 2595/6/6 2596/6/6 2621/6/6
f 2621/6/6 2596/6/6 2622/6/6
f 2607/6/6 2608/6/6 2623/6/6
f 2623/6/6 2608/6/6 2624/6/6
f 2619/6/6 2620/6/6 2625/6/6
f 2625/6/6 2620/6/6 2626/6/6
f 2627/6/6 2628/6/6 2633/6/6
f 2633/6/6 2628/6/6 2634/6/6
f 2629/6/6 2630/6/6 2635/6/6
f 2635/6/6 2630/6/6 2636/6/6
f 2631/6/6 2632/6/6 2637/6/6
f 2637/6/6 2632/6/6 2638/6/6
f 2639/6/6 2640/6/6 2645/6/6
f 2645/6/6 2640/6/6 2646/6/6
f 2641/6/6 2642/6/6 2647/6/6
f 2647/6/6 2642/6/6 2648/6/6
f 2643/6/6 2644/6/6 2649/6/6
f 2649/6/6 2644/6/6 2650/6/6
f 2651/6/6 2652/6/6 2659/6/6
f 2659/6/6 2652/6/6 2660/6/6
f 2653/6/6 2654/6/6 2661/6/6
f 2661/6/6 2654/6/6 2662/6/6
f 2655/6/6 2656/6/6 2663/6/6
f 2663/6/6 2656/6/6 2664/6/6
f 2657/6/6 2658/6/6 2665/6/6
f 2665/6/6 2658/6/6 2666/6/6
f 2667/6/6 2668/6/6 2675/6/6
f 2675/6/6 2668/6/6 2676/6/6
f 2669/6/6 2670/6/6 2677/6/6
f 2677/6/6 2670/6/6 2678/6/6
f 2671/6/6 2672/6/6 2679/6/6
f 2679/6/6 2672/6/6 2680/6/6
f 2673/6/6 2674/6/6 2681/6/6
f 2681/6/6 2674/6/6 2682/6/6
f 2683/6/6 2684/6/6 2691/6/6
f 2691/6/6 2684/6/6 2692/6/6
f 2685/6/6 2686/6/6 2693/6/6
f 2693/6/6 2686/6/6 2694/6/6
f 2687/6/6 2688/6/6 2695/6/6
f 2695/6/6 2688/6/6 2696/6/6
f 2689/6/6 2690/6/6 2697/6/6
f 2697/6/6 2690/6/6 2698/6/6
f 2699/6/6 2700/6/6 2707/6/6
f 2700/6/6 2701/6/6 2707/6/6
f 2707/6/6 2701/6/6 2708/6/6
f 2702/6/6 2703/6/6 2709/6/6
f 2709/6/6 2703/6/6 2710/6/6
f 2710/6/6 2703/6/6 2711/6/6
f 2711/6/6 2703/6/6 2712/6/6
f 2705/6/6 2706/6/6 2713/6/6
f 2704/6/6 2705/6/6 2713/6/6
f 2713/6/6 2706/6/6 2714/6/6
f 2699/6/6 2707/6/6 2715/6/6
f 2715/6/6 2707/6/6 2716/6/6
f 2710/6/6 2711/6/6 2717/6/6
f 2717/6/6 2711/6/6 2718/6/6
f 2714/6/6 2706/6/6 2719/6/6
f 2719/6/6 2706/6/6 2720/6/6
f 2721/2/6 2722/2/6 2723/2/6
f 2723/2/6 2722/2/6 2724/2/6
f 2725/4/6 2726/4/6 2727/4/6
f 2727/4/6 2726/4/6 2728/4/6
f 2727/12/6 2728/12/6 2729/12/6
f 2729/12/6 2728/12/6 2730/12/6
f 2730/12/6 2728/12/6 2731/12/6
f 2731/12/6 2728/12/6 2732/12/6
f 2732/12/6 2728/12/6 2733/12/6
f 2731/12/6 2732/12/6 2734/12/6
f 2732/4/6 2733/4/6 2735/4/6
f 2734/12/6 2732/12/6 2735/12/6
f 2729/3/6 2730/3/6 2736/3/6
f 2730/4/6 2731/4/6 2736/4/6
f 2731/12/6 2734/12/6 2737/12/6
f 2736/4/6 2731/4/6 2737/4/6
f 2734/4/6 2735/4/6 2738/4/6
f 2737/12/6 2734/12/6 2738/12/6
f 2735/4/6 2733/4/6 2739/4/6
f 2738/4/6 2735/4/6 2739/4/6
f 2739/4/6 2733/4/6 2740/4/6
f 2736/3/6 2737/3/6 2741/3/6
f 2729/3/6 2736/3/6 2741/3/6
f 2737/12/6 2738/12/6 2742/12/6
f 2741/3/6 2737/3/6 2742/3/6
f 2738/12/6 2739/12/6 2742/12/6
f 2739/3/6 2740/3/6 2743/3/6
f 2742/12/6 2739/12/6 2743/12/6
f 2743/3/6 2740/3/6 2744/3/6
f 2745/2/6 2746/2/6 2747/2/6
f 2747/2/6 2746/2/6 2748/2/6
f 2749/2/6 2750/2/6 2751/2/6
f 2751/2/6 2750/2/6 2752/2/6
f 2753/2/6 2754/2/6 2755/2/6
f 2755/2/6 2754/2/6 2756/2/6
f 2757/2/6 2758/2/6 2759/2/6
f 2759/2/6 2758/2/6 2760/2/6
f 2761/2/6 2762/2/6 2763/2/6
f 2763/2/6 2762/2/6 2764/2/6
f 2765/2/6 2766/2/6 2767/2/6
f 2767/2/6 2766/2/6 2768/2/6
f 2768/2/6 2766/2/6 2769/2/6
f 2769/2/6 2766/2/6 2770/2/6
f 2765/2/6 2767/2/6 2771/2/6
f 2768/2/6 2769/2/6 2772/2/6
f 2772/2/6 2769/2/6 2773/2/6
f 2770/2/6 2766/2/6 2774/2/6
f 2772/2/6 2773/2/6 2775/2/6
f 2773/2/6 2774/2/6 2775/2/6
f 2765/2/6 2771/2/6 2775/2/6
f 2771/2/6 2772/2/6 2775/2/6
f 2774/2/6 2766/2/6 2776/2/6
f 2775/2/6 2774/2/6 2776/2/6
f 2777/1/6 2778/1/6 2783/1/6
f 2783/1/6 2778/1/6 2784/1/6
f 2779/1/6 2780/1/6 2785/1/6
f 2785/1/6 2780/1/6 2786/1/6
f 2781/1/6 2782/1/6 2787/1/6
f 2787/1/6 2782/1/6 2788/1/6
f 2789/13/6 2790/13/6 2791/13/6
f 2791/13/6 2790/13/6 2792/13/6
f 2793/1/6 2794/1/6 2795/1/6
f 2795/1/6 2794/1/6 2796/1/6
f 2797/1/6 2798/1/6 2809/1/6
f 2809/1/6 2798/1/6 2810/1/6
f 2799/1/6 2800/1/6 2811/1/6
f 2811/1/6 2800/1/6 2812/1/6
f 2801/1/6 2802/1/6 2813/1/6
f 2813/1/6 2802/1/6 2814/1/6
f 2803/1/6 2804/1/6 2815/1/6
f 2815/1/6 2804/1/6 2816/1/6
f 2805/1/6 2806/1/6 2817/1/6
f 2817/1/6 2806/1/6 2818/1/6
f 2807/1/6 2808/1/6 2819/1/6
f 2819/1/6 2808/1/6 2820/1/6
f 2821/1/6 2822/1/6 2833/1/6
f 2833/1/6 2822/1/6 2834/1/6
f 2823/1/6 2824/1/6 2835/1/6
f 2835/1/6 2824/1/6 2836/1/6
f 2825/1/6 2826/1/6 2837/1/6
f 2837/1/6 2826/1/6 2838/1/6
f 2827/1/6 2828/1/6 2839/1/6
f 2839/1/6 2828/1/6 2840/1/6
f 2829/1/6 2830/1/6 2841/1/6
f 2841/1/6 2830/1/6 2842/1/6
f 2831/1/6 2832/1/6 2843/1/6
f 2843/1/6 2832/1/6 2844/1/6
f 2845/13/6 2846/13/6 2847/13/6
f 2847/13/6 2846/13/6 2848/13/6
f 2849/12/6 2850/12/6 2851/12/6
f 2851/12/6 2850/12/6 2852/12/6
